A3413,A3407,A3400,M0562,D5915,M0082,D5927,A1235,D5795,M2901,M3342,A1405,D1531,E0652,H1770,M0085,A0141,M0081,A0142,M0280,A1389,M0326,M0591,A0144,D4129,M0083,GluMA,GalAM,DP,total_rot_bonds,total_chi0v,total_num_rings,total_mw,total_kappa3,total_kappa1,total_n_carbon,total_arom_rings,total_num_valence_electrons,total_hbd,total_chi1v,total_tpsa,total_molar_ref,charge,total_heavy_atom_count,total_kappa2,total_n_oxygen,total_num_aromatic_heterocycles,total_num_sat_rings,total_num_aliphatic_rings,total_logp,total_balabanj,total_num_heteroatoms,total_hba,total_n_nitrogen,total_bertzct,total_hallkieralpha,predicted_docking_score,Consensus_Class,score,fluorescence
6.0,0.0,0.0,0.0,0.0,0.0,8.0,0.0,0.0,6.0,0.0,0.0,0.0,0.0,0.0,0.0,0.0,0.0,0.0,0.0,0.0,0.0,0.0,0.0,2.0,0.0,0.0,0.0,22.0,114.0,179.45827,6.0,4060.074,122.45302,262.01404,198.0,0.0,1600.0,20.0,95.58546,861.9799999999999,1088.1324,20.0,274.0,155.506294,50.0,0.0,6.0,6.0,-0.8634000000000004,45.655812,76.0,50.0,20.0,3512.406622,-16.68,-8.759823,0,5.0,Low
5.0,0.0,0.0,0.0,0.0,0.0,5.0,0.0,0.0,0.0,0.0,0.0,0.0,0.0,0.0,8.0,4.0,0.0,0.0,0.0,0.0,0.0,0.0,0.0,0.0,0.0,0.0,0.0,22.0,73.0,127.479314,0.0,3019.744,95.162125,198.880895,135.0,0.0,1178.0,18.0,61.200318,956.16,767.9054000000001,6.0,202.0,105.96197200000002,52.0,0.0,0.0,0.0,-6.478300000000001,56.984782,67.0,52.0,10.0,2495.3255820000004,-16.65,-8.730393,0,5.0,Low
5.0,0.0,0.0,0.0,0.0,4.0,5.0,0.0,0.0,0.0,0.0,0.0,0.0,0.0,0.0,0.0,8.0,0.0,0.0,0.0,0.0,0.0,0.0,0.0,0.0,0.0,0.0,0.0,22.0,69.0,124.55415,0.0,2895.704,100.603905,191.040895,131.0,0.0,1130.0,14.0,59.30348599999999,867.3999999999999,739.6538,6.0,194.0,98.957024,44.0,0.0,0.0,0.0,-14.572300000000002,56.240482,63.0,44.0,14.0,2387.892346,-16.49,-8.697916,0,5.0,Low
5.0,0.0,0.0,0.0,0.0,0.0,5.0,0.0,0.0,4.0,0.0,0.0,0.0,0.0,0.0,0.0,8.0,0.0,0.0,0.0,0.0,0.0,0.0,0.0,0.0,0.0,0.0,0.0,22.0,69.0,129.50085,4.0,3063.852,93.748033,195.185539,139.0,0.0,1194.0,14.0,64.441314,904.32,774.4738,6.0,206.0,102.435564,48.0,0.0,4.0,4.0,-15.4899,50.963346,67.0,48.0,14.0,2616.8587540000003,-16.65,-8.716025,0,5.0,Low
2.0,0.0,0.0,0.0,0.0,0.0,2.0,0.0,0.0,2.0,0.0,0.0,0.0,0.0,0.0,0.0,0.0,0.0,16.0,0.0,0.0,0.0,0.0,0.0,0.0,0.0,0.0,0.0,22.0,90.0,138.503468,2.0,3129.004,109.982508,200.44468,162.0,0.0,1252.0,6.0,73.830634,670.1,859.023,6.0,216.0,123.99464,46.0,0.0,2.0,2.0,21.1122,60.009184000000005,54.0,46.0,6.0,2505.01404,-17.12,-8.530603,1,1.0,Medium
3.0,0.0,0.0,0.0,0.0,0.0,3.0,0.0,0.0,0.0,0.0,0.0,0.0,0.0,0.0,6.0,0.0,0.0,0.0,0.0,10.0,0.0,0.0,0.0,0.0,0.0,0.0,0.0,22.0,55.0,137.716876,0.0,3079.196,104.615731,201.128537,151.0,0.0,1222.0,12.0,65.300784,796.22,824.1042,6.0,210.0,91.50534,50.0,0.0,0.0,0.0,13.9581,67.936136,59.0,50.0,6.0,2697.649498,-16.990000000000002,-8.576056,1,4.0,Medium
2.0,0.0,0.0,0.0,0.0,0.0,2.0,0.0,0.0,2.0,0.0,0.0,0.0,0.0,0.0,16.0,0.0,0.0,0.0,0.0,0.0,0.0,0.0,0.0,0.0,0.0,0.0,0.0,22.0,74.0,133.10757999999998,2.0,3160.556,88.430188,199.80468,146.0,0.0,1252.0,22.0,66.08265,993.78,807.7398000000001,6.0,216.0,103.84376,62.0,0.0,2.0,2.0,-1.5710000000000002,65.26592,70.0,62.0,6.0,2831.127752,-17.759999999999998,-8.770896,0,6.0,Low
5.0,0.0,0.0,0.0,4.0,0.0,5.0,0.0,0.0,0.0,0.0,0.0,0.0,0.0,0.0,0.0,8.0,0.0,0.0,0.0,0.0,0.0,0.0,0.0,0.0,0.0,0.0,0.0,22.0,77.0,137.17295,0.0,3120.136,100.474293,207.040895,147.0,0.0,1226.0,14.0,66.850494,867.3999999999999,813.3498,6.0,210.0,105.799828,44.0,0.0,0.0,0.0,-8.3435,58.31907,63.0,44.0,14.0,2633.8561900000004,-16.49,-8.745624,0,5.0,Low
4.0,0.0,0.0,0.0,0.0,0.0,4.0,0.0,0.0,6.0,0.0,0.0,0.0,0.0,0.0,0.0,8.0,0.0,0.0,0.0,0.0,0.0,0.0,0.0,0.0,0.0,0.0,0.0,22.0,68.0,132.05078400000002,6.0,3125.492,91.03269,194.261682,144.0,0.0,1224.0,14.0,67.14909,899.5799999999999,789.9414000000002,6.0,212.0,100.554024,50.0,0.0,6.0,6.0,-16.858,51.71657999999999,68.0,50.0,14.0,2769.303868,-17.02,-8.736844,0,5.0,Low
2.0,0.0,0.0,0.0,0.0,0.0,2.0,0.0,0.0,2.0,0.0,16.0,0.0,0.0,0.0,0.0,0.0,0.0,0.0,0.0,0.0,0.0,0.0,0.0,0.0,0.0,0.0,0.0,22.0,90.0,133.721724,2.0,3160.556,109.331212,199.80468,146.0,0.0,1252.0,6.0,65.66769,817.78,810.511,6.0,216.0,123.367024,62.0,0.0,2.0,2.0,2.653,60.009184000000005,70.0,62.0,6.0,2527.203192,-17.759999999999998,-8.633901,1,3.0,Medium
4.0,0.0,0.0,0.0,0.0,0.0,4.0,0.0,0.0,0.0,0.0,0.0,0.0,0.0,0.0,0.0,2.0,11.0,0.0,0.0,0.0,0.0,0.0,0.0,0.0,0.0,0.0,0.0,21.0,82.0,137.492272,0.0,3061.7920000000004,93.795126,203.074716,154.0,0.0,1214.0,8.0,69.47056,708.28,833.2742000000001,6.0,208.0,112.118559,42.0,0.0,0.0,0.0,16.4472,56.457305000000005,54.0,42.0,8.0,2576.759641,-15.750000000000002,-8.611522,1,4.0,Medium
5.0,0.0,0.0,0.0,0.0,0.0,6.0,0.0,0.0,0.0,0.0,0.0,0.0,0.0,0.0,6.0,5.0,0.0,0.0,0.0,0.0,0.0,0.0,0.0,0.0,0.0,0.0,0.0,22.0,74.0,127.239587,0.0,3002.761,95.822134,197.920895,135.0,0.0,1172.0,17.0,61.440801,933.97,765.4594999999999,6.0,201.0,106.159111,50.0,0.0,0.0,0.0,-8.1117,56.804123,66.0,50.0,11.0,2457.7601870000003,-16.61,-8.72916,0,5.0,Low
5.0,0.0,0.0,0.0,0.0,0.0,5.0,0.0,0.0,0.0,0.0,0.0,0.0,0.0,0.0,0.0,4.0,0.0,0.0,0.0,0.0,0.0,0.0,0.0,0.0,8.0,0.0,0.0,22.0,145.0,182.81329,0.0,4013.912,158.845485,271.200895,215.0,0.0,1610.0,10.0,100.32735,794.3199999999999,1125.971,6.0,274.0,174.53857200000002,44.0,0.0,0.0,0.0,32.9505,54.430966,59.0,44.0,10.0,3324.6493420000006,-16.33,-8.5799885,1,1.0,Medium
2.0,0.0,0.0,0.0,0.0,0.0,2.0,0.0,0.0,2.0,16.0,0.0,0.0,0.0,0.0,0.0,0.0,0.0,0.0,0.0,0.0,0.0,0.0,0.0,0.0,0.0,0.0,0.0,22.0,106.0,145.035436,2.0,3384.988,113.735628,215.80468,162.0,0.0,1348.0,6.0,73.66769,817.78,884.383,6.0,232.0,139.093888,62.0,0.0,2.0,2.0,8.8946,59.50310399999999,70.0,62.0,6.0,2702.287224,-17.759999999999998,-8.61633,2,0.0,High
2.0,2.0,0.0,0.0,0.0,0.0,2.0,0.0,0.0,0.0,15.0,0.0,0.0,0.0,0.0,0.0,0.0,0.0,0.0,0.0,0.0,0.0,0.0,0.0,0.0,0.0,0.0,0.0,21.0,99.0,135.47877,0.0,3171.59,111.82978,208.554716,147.0,0.0,1250.0,8.0,66.522408,815.7900000000001,828.0762,6.0,214.0,134.407087,55.0,0.0,0.0,0.0,8.785699999999999,52.313363,67.0,55.0,8.0,2423.8755250000004,-16.27,-8.630948,1,1.0,Medium
5.0,0.0,0.0,4.0,0.0,0.0,5.0,0.0,0.0,0.0,0.0,0.0,0.0,0.0,0.0,0.0,8.0,0.0,0.0,0.0,0.0,0.0,0.0,0.0,0.0,0.0,0.0,0.0,22.0,77.0,130.211002,0.0,3007.92,99.840173,199.040895,139.0,0.0,1178.0,14.0,63.78877,867.3999999999999,776.5898,6.0,202.0,105.976972,44.0,0.0,0.0,0.0,-11.4515,56.830358,63.0,44.0,14.0,2474.2623900000003,-16.49,-8.722577,0,5.0,Low
1.0,0.0,0.0,0.0,0.0,0.0,1.0,0.0,0.0,4.0,16.0,0.0,0.0,0.0,0.0,0.0,0.0,0.0,0.0,0.0,0.0,0.0,0.0,0.0,0.0,0.0,0.0,0.0,22.0,105.0,147.58537,4.0,3446.628,111.020285,214.880823,167.0,0.0,1378.0,6.0,76.375466,813.04,899.8506,6.0,238.0,137.212348,64.0,0.0,4.0,4.0,7.5265,60.256338,71.0,64.0,6.0,2854.732338,-18.13,-8.635634,2,0.0,High
5.0,0.0,0.0,0.0,0.0,0.0,5.0,0.0,0.0,0.0,0.0,0.0,0.0,0.0,0.0,0.0,4.0,0.0,0.0,0.0,0.0,0.0,0.0,0.0,0.0,0.0,0.0,8.0,22.0,97.0,166.84809,8.0,4196.784,99.211173,261.726079,175.0,0.0,1642.0,50.0,86.92899,1611.7599999999998,1008.4422,6.0,282.0,133.510132,84.0,0.0,8.0,8.0,-30.4215,48.982518,107.0,84.0,18.0,4030.905150000001,-18.25,-8.655943,0,6.0,Low
3.0,0.0,0.0,0.0,0.0,0.0,2.0,0.0,0.0,2.0,15.0,0.0,0.0,0.0,0.0,0.0,0.0,0.0,0.0,0.0,0.0,0.0,0.0,0.0,0.0,0.0,0.0,0.0,22.0,104.0,145.774583,2.0,3407.446,114.020206,218.800859,161.0,0.0,1350.0,7.0,73.377397,836.19,887.5101,7.0,232.0,139.37969199999998,61.0,0.0,2.0,2.0,7.911899999999999,56.46923099999999,71.0,61.0,7.0,2717.7846010000003,-17.47,-8.630117,2,0.0,High
2.0,0.0,2.0,0.0,0.0,0.0,2.0,0.0,0.0,0.0,16.0,0.0,0.0,0.0,0.0,0.0,0.0,0.0,0.0,0.0,0.0,0.0,0.0,0.0,0.0,0.0,0.0,0.0,22.0,106.0,143.023506,0.0,3343.814,120.662692,219.55028,156.0,0.0,1320.0,8.0,70.613178,851.32,874.9592,6.0,226.0,142.67449599999998,58.0,0.0,0.0,0.0,10.318,55.347236,70.0,58.0,8.0,2556.26645,-17.1,-8.6032715,2,0.0,High
2.0,0.0,0.0,0.0,0.0,0.0,2.0,2.0,0.0,0.0,0.0,0.0,0.0,0.0,0.0,16.0,0.0,0.0,0.0,0.0,0.0,0.0,0.0,0.0,0.0,0.0,0.0,0.0,22.0,74.0,128.78893,0.0,3048.428,91.264654,195.732358,140.0,0.0,1208.0,22.0,62.700476,975.32,781.0958,6.0,208.0,102.282634,60.0,0.0,0.0,0.0,-1.8924,67.499782,68.0,60.0,6.0,2653.85148,-17.68,-8.744519,0,5.0,Low
2.0,0.0,0.0,0.0,0.0,0.0,2.0,0.0,0.0,2.0,15.0,0.0,0.0,0.0,0.0,0.0,0.0,0.0,0.0,0.0,0.0,0.0,0.0,0.0,0.0,0.0,0.0,0.0,21.0,101.0,138.90491400000002,2.0,3240.818,108.426158,206.63468,155.0,0.0,1290.0,6.0,70.57692,782.25,846.734,6.0,222.0,132.801489,59.0,0.0,2.0,2.0,8.142499999999998,56.46923099999999,67.0,59.0,6.0,2592.868377,-16.93,-8.635229,1,2.0,Medium
2.0,0.0,0.0,0.0,0.0,0.0,2.0,0.0,0.0,2.0,0.0,0.0,0.0,0.0,0.0,0.0,0.0,0.0,0.0,0.0,0.0,16.0,0.0,0.0,0.0,0.0,0.0,0.0,22.0,42.0,159.32473199999998,2.0,3353.436,94.785356,216.44468,178.0,0.0,1348.0,6.0,75.670186,670.1,932.543,6.0,232.0,84.219392,46.0,0.0,2.0,2.0,27.3282,73.879792,54.0,46.0,6.0,3369.677688,-17.12,-8.53255,0,6.0,Low
3.0,0.0,0.0,0.0,0.0,0.0,1.0,0.0,0.0,2.0,16.0,0.0,0.0,0.0,0.0,0.0,0.0,0.0,0.0,0.0,0.0,0.0,0.0,0.0,0.0,0.0,0.0,0.0,22.0,103.0,143.975724,2.0,3379.3679999999995,114.423907,216.800859,159.0,0.0,1338.0,6.0,72.099446,840.98,877.0914,6.0,230.0,138.817946,62.0,0.0,2.0,2.0,9.0237,56.10047,71.0,62.0,6.0,2685.739486,-17.47,-8.611371,2,0.0,High
2.0,0.0,0.0,0.0,0.0,0.0,2.0,0.0,0.0,2.0,0.0,0.0,0.0,0.0,0.0,0.0,0.0,0.0,0.0,0.0,0.0,0.0,0.0,16.0,0.0,0.0,0.0,0.0,22.0,138.0,186.368492,2.0,4026.732,130.834236,264.44468,226.0,0.0,1636.0,6.0,104.74025,670.1,1153.391,6.0,280.0,163.82942400000002,46.0,0.0,2.0,2.0,43.773,68.224032,54.0,46.0,6.0,3386.293976,-17.12,-8.487712,1,3.0,Medium
2.0,0.0,0.0,0.0,0.0,0.0,2.0,0.0,0.0,2.0,0.0,0.0,0.0,0.0,0.0,0.0,0.0,0.0,0.0,0.0,0.0,0.0,0.0,0.0,0.0,0.0,15.0,0.0,21.0,116.0,214.002474,17.0,5462.528,92.302238,324.425405,230.0,0.0,2160.0,66.0,116.145345,2134.5,1264.382,6.0,372.0,153.511209,134.0,0.0,17.0,17.0,-34.306,46.76847600000001,142.0,134.0,6.0,6086.821032,-19.93,-8.758055,0,5.0,Low
2.0,0.0,0.0,0.0,0.0,0.0,3.0,0.0,0.0,1.0,16.0,0.0,0.0,0.0,0.0,0.0,0.0,0.0,0.0,0.0,0.0,0.0,0.0,0.0,0.0,0.0,0.0,0.0,22.0,108.0,144.290325,1.0,3356.978,114.74916,215.768519,161.0,0.0,1338.0,6.0,73.097924,808.55,880.2950000000001,6.0,230.0,140.172629,61.0,0.0,1.0,1.0,9.5141,60.827804,69.0,61.0,6.0,2634.338536,-17.72,-8.595228,2,0.0,High
2.0,0.0,0.0,0.0,0.0,0.0,2.0,0.0,0.0,2.0,0.0,0.0,0.0,16.0,0.0,0.0,0.0,0.0,0.0,0.0,0.0,0.0,0.0,0.0,0.0,0.0,0.0,0.0,22.0,154.0,174.194828,2.0,4089.836,173.44055600000002,263.16468000000003,194.0,0.0,1636.0,6.0,92.305834,965.46,1057.487,6.0,280.0,185.933056,78.0,0.0,2.0,2.0,9.1602,58.815328,86.0,78.0,6.0,3264.38772,-18.4,-8.568266,2,0.0,High
2.0,0.0,0.0,0.0,0.0,0.0,3.0,0.0,0.0,2.0,15.0,0.0,0.0,0.0,0.0,0.0,0.0,0.0,0.0,0.0,0.0,0.0,0.0,0.0,0.0,0.0,0.0,0.0,22.0,107.0,146.834295,2.0,3413.066,113.331927,217.80468,164.0,0.0,1360.0,7.0,74.945641,812.99,894.8017,7.0,234.0,139.655634,61.0,0.0,2.0,2.0,7.7828,59.871865,70.0,61.0,7.0,2734.332339,-17.759999999999998,-8.64026,1,1.0,Medium
2.0,0.0,0.0,0.0,0.0,0.0,2.0,0.0,2.0,0.0,16.0,0.0,0.0,0.0,0.0,0.0,0.0,0.0,0.0,0.0,0.0,0.0,0.0,0.0,0.0,0.0,0.0,0.0,22.0,110.0,143.72871600000002,0.0,3327.0,115.762692,215.732358,160.0,0.0,1328.0,8.0,72.74966599999999,804.9200000000001,880.3084,6.0,228.0,141.25137,58.0,0.0,0.0,0.0,9.2796,62.15250399999999,68.0,58.0,8.0,2566.389848,-17.68,-8.597623,2,0.0,High
2.0,0.0,0.0,0.0,0.0,0.0,4.0,0.0,0.0,0.0,8.0,0.0,8.0,0.0,0.0,0.0,0.0,0.0,0.0,0.0,0.0,0.0,0.0,0.0,0.0,0.0,0.0,0.0,22.0,126.0,159.84925399999997,0.0,3681.392,133.202044,239.41235800000004,176.0,0.0,1472.0,6.0,80.40000599999999,873.1599999999999,962.759,6.0,252.0,153.010866,68.0,0.0,0.0,0.0,10.2664,63.18372,76.0,68.0,6.0,3011.020168,-18.0,-8.588735,2,0.0,High
2.0,0.0,0.0,0.0,0.0,0.0,2.0,0.0,0.0,2.0,0.0,0.0,16.0,0.0,0.0,0.0,0.0,0.0,0.0,0.0,0.0,0.0,0.0,0.0,0.0,0.0,0.0,0.0,22.0,138.0,177.64351599999998,2.0,4089.836,148.614332,263.16468000000003,194.0,0.0,1636.0,6.0,89.411386,965.46,1057.487,6.0,280.0,162.61288000000002,78.0,0.0,2.0,2.0,9.1602,61.565536,86.0,78.0,6.0,3591.547864,-18.4,-8.580252,2,0.0,High
2.0,0.0,0.0,0.0,0.0,0.0,2.0,0.0,0.0,2.0,0.0,0.0,0.0,0.0,16.0,0.0,0.0,0.0,0.0,0.0,0.0,0.0,0.0,0.0,0.0,0.0,0.0,0.0,22.0,74.0,148.4995,2.0,3369.244,94.212364,215.80468,162.0,0.0,1348.0,38.0,74.695818,1038.58,914.071,6.0,232.0,103.389328,46.0,0.0,2.0,2.0,-2.1870000000000003,67.008928,70.0,46.0,22.0,3200.2501999999995,-17.759999999999998,-8.819893,1,4.0,Medium
2.0,2.0,0.0,0.0,0.0,0.0,2.0,0.0,0.0,0.0,16.0,0.0,0.0,0.0,0.0,0.0,0.0,0.0,0.0,0.0,0.0,0.0,0.0,0.0,0.0,0.0,0.0,0.0,22.0,104.0,141.609292,0.0,3315.76,117.13925,217.724716,154.0,0.0,1308.0,8.0,69.613178,851.32,865.7252000000001,6.0,224.0,140.69948599999998,58.0,0.0,0.0,0.0,9.5378,55.347236,70.0,58.0,8.0,2533.2943720000003,-17.1,-8.606428,2,0.0,High
2.0,0.0,2.0,0.0,0.0,0.0,2.0,0.0,0.0,0.0,0.0,0.0,0.0,0.0,0.0,0.0,0.0,0.0,0.0,0.0,0.0,0.0,16.0,0.0,0.0,0.0,0.0,0.0,22.0,138.0,199.118962,0.0,4209.99,128.306468,284.19028000000003,236.0,0.0,1704.0,8.0,108.19181799999998,703.6400000000001,1217.8392,6.0,290.0,163.575152,42.0,0.0,0.0,0.0,51.438,66.239812,54.0,42.0,8.0,3761.736914,-16.46,-8.474863,1,2.0,Medium
2.0,0.0,0.0,0.0,0.0,0.0,4.0,0.0,0.0,0.0,0.0,0.0,8.0,0.0,0.0,0.0,0.0,0.0,0.0,8.0,0.0,0.0,0.0,0.0,0.0,0.0,0.0,0.0,22.0,102.0,159.61271,0.0,3553.4,120.844564,231.73235800000003,176.0,0.0,1424.0,6.0,78.89147799999999,799.3199999999999,949.903,6.0,244.0,128.895082,60.0,0.0,0.0,0.0,16.3624,68.092136,68.0,60.0,6.0,3134.69212,-17.68,-8.576852,1,2.0,Medium
2.0,2.0,0.0,0.0,0.0,0.0,2.0,0.0,0.0,0.0,0.0,0.0,0.0,0.0,0.0,16.0,0.0,0.0,0.0,0.0,0.0,0.0,0.0,0.0,0.0,0.0,0.0,0.0,22.0,72.0,129.681436,0.0,3091.328,91.83381,201.724716,138.0,0.0,1212.0,24.0,62.028138,1027.3200000000002,789.0820000000001,6.0,208.0,105.449358,58.0,0.0,0.0,0.0,-0.9278,61.110052,70.0,58.0,8.0,2662.1349,-17.1,-8.742419,1,4.0,Medium
2.0,0.0,0.0,0.0,0.0,0.0,2.0,0.0,0.0,2.0,0.0,0.0,0.0,0.0,0.0,0.0,0.0,0.0,0.0,16.0,0.0,0.0,0.0,0.0,0.0,0.0,0.0,0.0,22.0,58.0,144.562348,2.0,3129.004,89.020668,200.44468,162.0,0.0,1252.0,6.0,70.650634,670.1,858.671,6.0,216.0,90.86232,46.0,0.0,2.0,2.0,21.0866,69.319936,54.0,46.0,6.0,2949.631128,-17.12,-8.450941,1,4.0,Medium
4.0,0.0,0.0,0.0,0.0,0.0,5.0,0.0,0.0,5.0,0.0,0.0,0.0,0.0,0.0,0.0,8.0,0.0,0.0,0.0,0.0,0.0,0.0,0.0,0.0,0.0,0.0,0.0,22.0,70.0,131.305673,5.0,3097.482,92.046222,194.225521,143.0,0.0,1214.0,14.0,66.579324,890.3499999999999,785.8534,6.0,210.0,101.632765,49.0,0.0,5.0,5.0,-16.238500000000002,53.04128,67.0,49.0,14.0,2701.3551800000005,-16.98,-8.733773,0,5.0,Low
2.0,0.0,0.0,0.0,0.0,0.0,4.0,0.0,0.0,0.0,8.0,0.0,0.0,0.0,0.0,0.0,0.0,0.0,0.0,8.0,0.0,0.0,0.0,0.0,0.0,0.0,0.0,0.0,22.0,86.0,143.30867,0.0,3200.976,103.405212,208.05235800000003,160.0,0.0,1280.0,6.0,71.01962999999999,725.4799999999999,863.351,6.0,220.0,117.135586,52.0,0.0,0.0,0.0,16.229599999999998,67.06092,60.0,52.0,6.0,2690.0618,-17.36,-8.505103,1,3.0,Medium
1.0,2.0,0.0,0.0,0.0,0.0,3.0,0.0,0.0,0.0,0.0,0.0,0.0,0.0,0.0,16.0,0.0,0.0,0.0,0.0,0.0,0.0,0.0,0.0,0.0,0.0,0.0,0.0,22.0,75.0,130.741148,0.0,3096.948,91.145531,200.728537,141.0,0.0,1222.0,24.0,63.596382,1004.12,796.3736,6.0,210.0,105.7253,58.0,0.0,0.0,0.0,-1.0568999999999995,64.512686,69.0,58.0,8.0,2678.682638,-17.39,-8.758729,0,5.0,Low
1.0,0.0,0.0,0.0,0.0,0.0,1.0,0.0,0.0,4.0,18.0,0.0,0.0,0.0,0.0,0.0,0.0,0.0,0.0,0.0,0.0,0.0,0.0,0.0,0.0,0.0,0.0,0.0,24.0,115.0,159.846414,4.0,3734.968,121.639225,233.220823,181.0,0.0,1494.0,6.0,82.557006,884.0999999999999,975.1486,6.0,258.0,149.797146,70.0,0.0,4.0,4.0,9.0307,66.324084,77.0,70.0,6.0,3073.570032,-19.79,-8.603494,2,0.0,High
2.0,0.0,0.0,0.0,0.0,0.0,1.0,0.0,0.0,3.0,16.0,0.0,0.0,0.0,0.0,0.0,0.0,0.0,0.0,0.0,0.0,0.0,0.0,0.0,0.0,0.0,0.0,0.0,22.0,104.0,145.780547,3.0,3412.998,112.722096,215.840841,163.0,0.0,1358.0,6.0,74.23745600000001,827.01,888.471,6.0,234.0,138.01514699999998,63.0,0.0,3.0,3.0,8.2751,58.178404,71.0,63.0,6.0,2770.235912,-17.799999999999997,-8.626745,2,0.0,High
2.0,0.0,2.0,0.0,0.0,0.0,2.0,0.0,0.0,0.0,0.0,0.0,0.0,0.0,0.0,0.0,0.0,0.0,0.0,16.0,0.0,0.0,0.0,0.0,0.0,0.0,0.0,0.0,22.0,58.0,142.55041799999998,0.0,3087.83,95.947732,204.19028000000003,156.0,0.0,1224.0,8.0,67.596122,703.6400000000001,849.2472,6.0,210.0,94.442928,42.0,0.0,0.0,0.0,22.51,65.164068,54.0,42.0,8.0,2803.6103540000004,-16.46,-8.467416,1,4.0,Medium
2.0,2.0,0.0,0.0,0.0,0.0,2.0,0.0,0.0,0.0,17.0,0.0,0.0,0.0,0.0,0.0,0.0,0.0,0.0,0.0,0.0,0.0,0.0,0.0,0.0,0.0,0.0,0.0,23.0,109.0,147.739814,0.0,3459.93,122.44872,226.894716,161.0,0.0,1366.0,8.0,72.703948,886.85,903.3742,6.0,234.0,146.991885,61.0,0.0,0.0,0.0,10.2899,58.381109,73.0,61.0,8.0,2642.713219,-17.93,-8.58157,2,0.0,High
0.0,1.0,0.0,0.0,0.0,0.0,1.0,0.0,0.0,4.0,16.0,0.0,0.0,0.0,0.0,0.0,0.0,0.0,0.0,0.0,0.0,0.0,0.0,0.0,0.0,0.0,0.0,0.0,22.0,105.0,147.677121,4.0,3445.644,111.020285,214.880823,167.0,0.0,1378.0,7.0,76.48622,815.84,901.9013,6.0,238.0,137.212348,63.0,0.0,4.0,4.0,7.0995,60.256338,71.0,63.0,7.0,2854.732338,-18.13,-8.633878,2,0.0,High
2.0,0.0,0.0,0.0,0.0,0.0,0.0,0.0,2.0,2.0,16.0,0.0,0.0,0.0,0.0,0.0,0.0,0.0,0.0,0.0,0.0,0.0,0.0,0.0,0.0,0.0,0.0,0.0,22.0,106.0,145.218938,2.0,3383.0199999999995,113.735628,215.80468,162.0,0.0,1348.0,8.0,73.889198,823.38,888.4844,6.0,232.0,139.093888,60.0,0.0,2.0,2.0,8.040600000000001,59.50310399999999,70.0,60.0,8.0,2702.287224,-17.759999999999998,-8.630865,1,1.0,Medium
2.0,0.0,0.0,0.0,0.0,0.0,3.0,0.0,0.0,1.0,0.0,0.0,0.0,0.0,0.0,16.0,0.0,0.0,0.0,0.0,0.0,0.0,0.0,0.0,0.0,0.0,0.0,0.0,22.0,76.0,132.362469,1.0,3132.546,89.44372,199.768519,145.0,0.0,1242.0,22.0,65.512884,984.55,803.6518000000001,6.0,214.0,104.922501,61.0,0.0,1.0,1.0,-0.9514999999999998,66.59062,69.0,61.0,6.0,2763.179064,-17.72,-8.763866,0,5.0,Low
1.0,0.0,2.0,0.0,0.0,0.0,3.0,0.0,0.0,0.0,0.0,0.0,0.0,0.0,0.0,0.0,0.0,0.0,0.0,16.0,0.0,0.0,0.0,0.0,0.0,0.0,0.0,0.0,22.0,61.0,143.61013,0.0,3093.45,95.259453,203.194101,159.0,0.0,1234.0,8.0,69.164366,680.44,856.5388,6.0,212.0,94.71887,42.0,0.0,0.0,0.0,22.3809,68.566702,53.0,42.0,8.0,2820.158092,-16.75,-8.475164,1,4.0,Medium
0.0,2.0,0.0,0.0,0.0,0.0,4.0,0.0,0.0,0.0,10.0,0.0,0.0,0.0,0.0,6.0,0.0,0.0,0.0,0.0,0.0,0.0,0.0,0.0,0.0,0.0,0.0,0.0,22.0,98.0,139.25576999999998,0.0,3242.838,106.273152,209.732358,154.0,0.0,1292.0,14.0,69.905276,870.9200000000001,851.5672,6.0,222.0,128.032572,58.0,0.0,0.0,0.0,5.355,64.31356,68.0,58.0,8.0,2614.705046,-17.68,-8.684395,1,3.0,Medium
1.0,0.0,0.0,0.0,0.0,0.0,1.0,0.0,0.0,4.0,17.0,0.0,0.0,0.0,0.0,0.0,0.0,0.0,0.0,0.0,0.0,0.0,0.0,0.0,0.0,0.0,0.0,0.0,23.0,110.0,153.715892,4.0,3590.798,116.329755,224.050823,174.0,0.0,1436.0,6.0,79.46623600000001,848.5699999999999,937.4996,6.0,248.0,143.504747,67.0,0.0,4.0,4.0,8.2786,63.290211,74.0,67.0,6.0,2964.151185,-18.96,-8.618825,2,0.0,High
0.0,2.0,0.0,0.0,0.0,0.0,2.0,0.0,0.0,2.0,16.0,0.0,0.0,0.0,0.0,0.0,0.0,0.0,0.0,0.0,0.0,0.0,0.0,0.0,0.0,0.0,0.0,0.0,22.0,106.0,145.218938,2.0,3383.0199999999995,113.735628,215.80468,162.0,0.0,1348.0,8.0,73.889198,823.38,888.4844,6.0,232.0,139.093888,60.0,0.0,2.0,2.0,8.0406,59.50310399999999,70.0,60.0,8.0,2702.287224,-17.759999999999998,-8.630865,1,1.0,Medium
0.0,0.0,2.0,0.0,0.0,0.0,2.0,0.0,0.0,2.0,16.0,0.0,0.0,0.0,0.0,0.0,0.0,0.0,0.0,0.0,0.0,0.0,0.0,0.0,0.0,0.0,0.0,0.0,22.0,108.0,146.633152,2.0,3411.074,117.25907,217.630244,164.0,0.0,1360.0,8.0,74.889198,823.38,897.7184,6.0,234.0,141.068898,60.0,0.0,2.0,2.0,8.8208,59.50310399999999,70.0,60.0,8.0,2725.259302,-17.759999999999998,-8.623583,2,0.0,High
1.0,1.0,0.0,0.0,0.0,0.0,4.0,0.0,0.0,0.0,16.0,0.0,0.0,0.0,0.0,0.0,0.0,0.0,0.0,0.0,0.0,0.0,0.0,0.0,0.0,0.0,0.0,0.0,22.0,110.0,143.636965,0.0,3327.9839999999995,115.762692,215.732358,160.0,0.0,1328.0,7.0,72.638912,802.12,878.2577,6.0,228.0,141.25137,59.0,0.0,0.0,0.0,9.7066,62.15250399999999,68.0,59.0,7.0,2566.389848,-17.68,-8.5856695,2,0.0,High
0.0,2.0,0.0,2.0,0.0,0.0,2.0,0.0,0.0,0.0,16.0,0.0,0.0,0.0,0.0,0.0,0.0,0.0,0.0,0.0,0.0,0.0,0.0,0.0,0.0,0.0,0.0,0.0,22.0,110.0,145.574014,0.0,3355.054,116.781698,217.732358,162.0,0.0,1340.0,8.0,73.562926,804.9200000000001,889.5424,6.0,230.0,140.864592,58.0,0.0,0.0,0.0,10.0598,62.43661,68.0,58.0,8.0,2630.989042,-17.68,-8.597001,2,0.0,High
0.0,1.0,0.0,0.0,0.0,0.0,1.0,0.0,0.0,4.0,0.0,0.0,0.0,0.0,0.0,0.0,0.0,0.0,0.0,18.0,0.0,0.0,0.0,0.0,0.0,0.0,0.0,0.0,24.0,61.0,159.40594099999998,4.0,3446.002,93.834895,215.940823,181.0,0.0,1386.0,7.0,79.273572,720.76,948.2733,6.0,240.0,95.536632,51.0,0.0,4.0,4.0,22.3197,77.36802,59.0,51.0,7.0,3351.831924,-19.07,-8.538819,1,4.0,Medium
2.0,0.0,0.0,0.0,0.0,0.0,2.0,0.0,0.0,2.0,0.0,0.0,0.0,0.0,0.0,0.0,0.0,0.0,0.0,0.0,0.0,0.0,0.0,0.0,0.0,0.0,16.0,0.0,22.0,122.0,225.1395,18.0,5754.812,96.53678,341.44812,242.0,0.0,2276.0,70.0,122.27401,2260.1800000000003,1329.8742,6.0,392.0,161.184256,142.0,0.0,18.0,18.0,-36.3838,49.155632,150.0,142.0,6.0,6429.170056,-20.96,-8.777258,0,5.0,Low
2.0,0.0,0.0,0.0,0.0,0.0,2.0,0.0,0.0,2.0,0.0,0.0,0.0,0.0,0.0,15.0,0.0,0.0,0.0,0.0,0.0,0.0,0.0,0.0,0.0,0.0,0.0,0.0,21.0,71.0,127.722549,2.0,3030.413,84.702308,191.63468,140.0,0.0,1200.0,21.0,63.465945,947.25,774.8810000000001,6.0,207.0,99.754494,59.0,0.0,2.0,2.0,-1.6690000000000005,61.871871,67.0,59.0,6.0,2713.656372,-16.93,-8.763822,1,4.0,Medium
2.0,0.0,2.0,0.0,0.0,0.0,2.0,0.0,0.0,0.0,0.0,0.0,0.0,0.0,0.0,16.0,0.0,0.0,0.0,0.0,0.0,0.0,0.0,0.0,0.0,0.0,0.0,0.0,22.0,74.0,131.09564999999998,0.0,3119.382,95.357252,203.55028,140.0,0.0,1224.0,24.0,63.028138,1027.3200000000002,798.316,6.0,210.0,107.424368,58.0,0.0,0.0,0.0,-0.1475999999999999,61.110052,70.0,58.0,8.0,2685.106978,-17.1,-8.755484,0,5.0,Low
1.0,2.0,0.0,0.0,0.0,0.0,3.0,0.0,0.0,0.0,0.0,0.0,16.0,0.0,0.0,0.0,0.0,0.0,0.0,0.0,0.0,0.0,0.0,0.0,0.0,0.0,0.0,0.0,22.0,139.0,175.277084,0.0,4026.228,151.329675,264.088537,189.0,0.0,1606.0,8.0,86.925118,975.8,1046.1208,6.0,274.0,164.49442,74.0,0.0,0.0,0.0,9.6743,60.812302,85.0,74.0,8.0,3439.10275,-18.03,-8.586783,2,0.0,High
1.0,0.0,0.0,0.0,0.0,0.0,2.0,0.0,0.0,3.0,0.0,0.0,0.0,0.0,0.0,16.0,0.0,0.0,0.0,0.0,0.0,0.0,0.0,0.0,0.0,0.0,0.0,0.0,22.0,75.0,134.91240299999998,3.0,3194.186,86.728377,198.844662,150.0,0.0,1272.0,22.0,68.22066000000001,979.81,819.1194,6.0,220.0,103.040961,63.0,0.0,3.0,3.0,-2.3196,67.343854,70.0,63.0,6.0,2915.624178,-18.09,-8.779122,0,5.0,Low
2.0,2.0,0.0,0.0,0.0,0.0,0.0,0.0,0.0,2.0,16.0,0.0,0.0,0.0,0.0,0.0,0.0,0.0,0.0,0.0,0.0,0.0,0.0,0.0,0.0,0.0,0.0,0.0,22.0,100.0,143.099514,2.0,3371.78,115.112186,217.797038,156.0,0.0,1328.0,8.0,70.75271000000001,869.78,873.9012,6.0,228.0,138.542004,60.0,0.0,2.0,2.0,8.2988,52.697836,72.0,60.0,8.0,2669.191748,-17.18,-8.602269,2,0.0,High
4.0,0.0,5.0,0.0,0.0,0.0,5.0,0.0,0.0,0.0,0.0,0.0,0.0,0.0,0.0,0.0,8.0,0.0,0.0,0.0,0.0,0.0,0.0,0.0,0.0,0.0,0.0,0.0,22.0,70.0,126.275848,0.0,2994.547,109.363882,203.589521,128.0,0.0,1144.0,19.0,58.943044,974.2,762.2939000000001,6.0,195.0,110.584285,39.0,0.0,0.0,0.0,-12.68,42.65161,67.0,39.0,19.0,2336.303245,-15.33,-8.694821,0,5.0,Low
0.0,1.0,0.0,0.0,0.0,0.0,5.0,0.0,0.0,0.0,8.0,0.0,8.0,0.0,0.0,0.0,0.0,0.0,0.0,0.0,0.0,0.0,0.0,0.0,0.0,0.0,0.0,0.0,22.0,129.0,161.000717,0.0,3686.028,132.513765,238.416179,179.0,0.0,1482.0,7.0,82.079004,852.76,972.1013,6.0,254.0,153.286808,67.0,0.0,0.0,0.0,9.7103,66.586354,75.0,67.0,7.0,3027.567906,-18.29,-8.597459,2,0.0,High
1.0,0.0,0.0,0.0,0.0,0.0,2.0,0.0,0.0,3.0,16.0,0.0,0.0,0.0,0.0,0.0,0.0,0.0,0.0,0.0,0.0,0.0,0.0,0.0,0.0,0.0,0.0,0.0,22.0,107.0,146.840259,3.0,3418.6179999999995,112.033817,214.844662,166.0,0.0,1368.0,6.0,75.8057,803.81,895.7626,6.0,236.0,138.291089,63.0,0.0,3.0,3.0,8.146,61.58103799999999,70.0,63.0,6.0,2786.7836500000003,-18.09,-8.633,2,0.0,High
0.0,0.0,2.0,0.0,0.0,0.0,2.0,0.0,0.0,2.0,0.0,0.0,0.0,16.0,0.0,0.0,0.0,0.0,0.0,0.0,0.0,0.0,0.0,0.0,0.0,0.0,0.0,0.0,22.0,156.0,175.792544,2.0,4115.9220000000005,176.963998,264.990244,196.0,0.0,1648.0,8.0,93.527342,971.06,1070.8224,6.0,282.0,187.908066,76.0,0.0,2.0,2.0,9.0864,58.815328,86.0,76.0,8.0,3287.359798,-18.4,-8.559471,2,0.0,High
1.0,0.0,0.0,0.0,0.0,0.0,3.0,0.0,0.0,2.0,16.0,0.0,0.0,0.0,0.0,0.0,0.0,0.0,0.0,0.0,0.0,0.0,0.0,0.0,0.0,0.0,0.0,0.0,22.0,109.0,146.095148,2.0,3390.608,113.047349,214.808501,165.0,0.0,1358.0,6.0,75.235934,794.58,891.6746,6.0,234.0,139.36982999999998,62.0,0.0,2.0,2.0,8.7655,62.905738,69.0,62.0,6.0,2718.834962,-18.05,-8.615465,2,0.0,High
2.0,0.0,0.0,2.0,0.0,0.0,2.0,0.0,0.0,0.0,16.0,0.0,0.0,0.0,0.0,0.0,0.0,0.0,0.0,0.0,0.0,0.0,0.0,0.0,0.0,0.0,0.0,0.0,22.0,110.0,145.390512,0.0,3357.022,116.781698,217.732358,162.0,0.0,1340.0,6.0,73.341418,799.3199999999999,885.441,6.0,230.0,140.864592,60.0,0.0,0.0,0.0,10.9138,62.43661,68.0,60.0,6.0,2630.989042,-17.68,-8.573275,2,0.0,High
1.0,0.0,0.0,2.0,0.0,0.0,3.0,0.0,0.0,0.0,0.0,0.0,16.0,0.0,0.0,0.0,0.0,0.0,0.0,0.0,0.0,0.0,0.0,0.0,0.0,0.0,0.0,0.0,22.0,145.0,179.058304,0.0,4067.49,150.972123,264.096179,197.0,0.0,1638.0,6.0,90.653358,923.8,1065.8366,6.0,280.0,164.659526,76.0,0.0,0.0,0.0,11.0503,67.901676,83.0,76.0,6.0,3536.79742,-18.61,-8.581242,2,0.0,High
1.0,0.0,0.0,0.0,0.0,0.0,1.0,0.0,0.0,4.0,0.0,16.0,0.0,0.0,0.0,0.0,0.0,0.0,0.0,0.0,0.0,0.0,0.0,0.0,0.0,0.0,0.0,0.0,22.0,89.0,136.271658,4.0,3222.196,106.615869,198.880823,151.0,0.0,1282.0,6.0,68.375466,813.04,825.9785999999999,6.0,222.0,121.485484,64.0,0.0,4.0,4.0,1.2849000000000004,60.762418,71.0,64.0,6.0,2679.648306,-18.13,-8.653,1,4.0,Medium
2.0,0.0,0.0,2.0,0.0,0.0,0.0,0.0,0.0,2.0,0.0,0.0,0.0,16.0,0.0,0.0,0.0,0.0,0.0,0.0,0.0,0.0,0.0,0.0,0.0,0.0,0.0,0.0,22.0,154.0,176.040126,2.0,4117.89,174.459562,265.16468000000003,196.0,0.0,1648.0,6.0,93.119094,965.46,1066.721,6.0,282.0,185.546278,78.0,0.0,2.0,2.0,9.9404,59.099434,86.0,78.0,6.0,3328.986914,-18.4,-8.564766,2,0.0,High
2.0,0.0,0.0,0.0,2.0,0.0,2.0,0.0,0.0,0.0,16.0,0.0,0.0,0.0,0.0,0.0,0.0,0.0,0.0,0.0,0.0,0.0,0.0,0.0,0.0,0.0,0.0,0.0,22.0,110.0,148.871486,0.0,3413.13,117.098758,221.732358,166.0,0.0,1364.0,6.0,74.87228,799.3199999999999,903.821,6.0,234.0,140.77602,60.0,0.0,0.0,0.0,12.4678,63.180966,68.0,60.0,6.0,2710.785942,-17.68,-8.570328,2,0.0,High
0.0,0.0,2.0,0.0,2.0,0.0,2.0,0.0,0.0,0.0,0.0,0.0,0.0,0.0,0.0,16.0,0.0,0.0,0.0,0.0,0.0,0.0,0.0,0.0,0.0,0.0,0.0,0.0,22.0,80.0,138.541346,0.0,3214.784,95.31676,207.557922,152.0,0.0,1280.0,24.0,68.508748,980.92,840.5132000000001,6.0,220.0,107.500902,58.0,0.0,0.0,0.0,1.9284,68.943782,68.0,58.0,8.0,2862.598548,-17.68,-8.783603,0,6.0,Low
3.0,0.0,0.0,0.0,0.0,0.0,3.0,0.0,0.0,0.0,8.0,8.0,0.0,0.0,0.0,0.0,0.0,0.0,0.0,0.0,0.0,0.0,0.0,0.0,0.0,0.0,0.0,0.0,22.0,99.0,136.828646,0.0,3211.132,114.248763,208.728537,149.0,0.0,1270.0,6.0,66.959914,822.52,831.9794,6.0,218.0,133.111996,60.0,0.0,0.0,0.0,7.1419,59.00291,69.0,60.0,6.0,2462.300094,-17.39,-8.588194,1,1.0,Medium
2.0,0.0,0.0,0.0,0.0,0.0,2.0,0.0,0.0,2.0,0.0,0.0,0.0,0.0,15.0,0.0,0.0,0.0,0.0,0.0,0.0,0.0,0.0,0.0,0.0,0.0,0.0,0.0,21.0,71.0,142.15247399999998,2.0,3226.058,90.123098,206.63468,155.0,0.0,1290.0,36.0,71.54079,989.25,874.5665,6.0,222.0,99.328464,44.0,0.0,2.0,2.0,-2.2465,63.50594100000001,67.0,44.0,21.0,3059.708667,-16.93,-8.847339,1,4.0,Medium
2.0,0.0,0.0,0.0,2.0,0.0,2.0,0.0,0.0,0.0,0.0,0.0,0.0,0.0,0.0,16.0,0.0,0.0,0.0,0.0,0.0,0.0,0.0,0.0,0.0,0.0,0.0,0.0,22.0,78.0,136.94362999999998,0.0,3188.698,91.793318,205.732358,150.0,0.0,1268.0,22.0,67.28724,975.32,827.1778,6.0,218.0,105.525892,60.0,0.0,0.0,0.0,2.0022,68.943782,68.0,60.0,6.0,2839.62647,-17.68,-8.761126,0,5.0,Low
1.0,0.0,0.0,0.0,2.0,0.0,3.0,0.0,0.0,0.0,16.0,0.0,0.0,0.0,0.0,0.0,0.0,0.0,0.0,0.0,0.0,0.0,0.0,0.0,0.0,0.0,0.0,0.0,22.0,113.0,149.931198,0.0,3418.75,116.410479,220.736179,169.0,0.0,1374.0,6.0,76.440524,776.12,911.1126,6.0,236.0,141.051962,60.0,0.0,0.0,0.0,12.3387,66.58359999999999,67.0,60.0,6.0,2727.33368,-17.97,-8.569435,2,0.0,High
2.0,0.0,0.0,0.0,16.0,0.0,2.0,0.0,0.0,2.0,0.0,0.0,0.0,0.0,0.0,0.0,0.0,0.0,0.0,0.0,0.0,0.0,0.0,0.0,0.0,0.0,0.0,0.0,22.0,122.0,216.42735600000003,2.0,4507.531999999999,117.96494,295.80468,242.0,0.0,1828.0,22.0,112.867882,741.1400000000001,1271.9942,22.0,312.0,144.279024,46.0,0.0,2.0,2.0,9.7794,73.630976,70.0,46.0,22.0,4370.177816,-17.759999999999998,-8.759442,1,1.0,Medium
1.0,0.0,1.0,0.0,0.0,0.0,4.0,0.0,0.0,0.0,16.0,0.0,0.0,0.0,0.0,0.0,0.0,0.0,0.0,0.0,0.0,0.0,0.0,0.0,0.0,0.0,0.0,0.0,22.0,111.0,144.34407199999998,0.0,3342.0109999999995,117.524413,216.64514,161.0,0.0,1334.0,7.0,73.138912,802.12,882.8747000000001,6.0,229.0,142.238875,59.0,0.0,0.0,0.0,10.0967,62.15250399999999,68.0,59.0,7.0,2577.875887,-17.68,-8.583239,2,0.0,High
2.0,0.0,0.0,0.0,0.0,0.0,2.0,2.0,0.0,0.0,16.0,0.0,0.0,0.0,0.0,0.0,0.0,0.0,0.0,0.0,0.0,0.0,0.0,0.0,0.0,0.0,0.0,0.0,22.0,106.0,140.716786,0.0,3272.86,116.570094,211.732358,156.0,0.0,1304.0,6.0,70.285516,799.3199999999999,857.739,6.0,224.0,137.532762,60.0,0.0,0.0,0.0,8.5732,61.736966,68.0,60.0,6.0,2525.010952,-17.68,-8.579521,2,0.0,High
0.0,1.0,0.0,0.0,0.0,0.0,2.0,0.0,0.0,3.0,16.0,0.0,0.0,0.0,0.0,0.0,0.0,0.0,0.0,0.0,0.0,0.0,0.0,0.0,0.0,0.0,0.0,0.0,22.0,107.0,146.93201,3.0,3417.634,112.033817,214.844662,166.0,0.0,1368.0,7.0,75.916454,806.61,897.8133,6.0,236.0,138.291089,62.0,0.0,3.0,3.0,7.719,61.58103799999999,70.0,62.0,7.0,2786.7836500000003,-18.09,-8.638446,2,0.0,High
2.0,0.0,0.0,0.0,0.0,0.0,2.0,0.0,0.0,2.0,0.0,0.0,0.0,0.0,0.0,0.0,0.0,16.0,0.0,0.0,0.0,0.0,0.0,0.0,0.0,0.0,0.0,0.0,22.0,90.0,153.265868,2.0,3353.436,94.785356,216.44468,178.0,0.0,1348.0,6.0,80.336714,670.1,932.895,6.0,232.0,118.918944,46.0,0.0,2.0,2.0,27.3538,63.96064,54.0,46.0,6.0,2987.094168,-17.12,-8.441286,1,1.0,Medium
0.0,1.0,0.0,0.0,0.0,0.0,2.0,3.0,0.0,0.0,16.0,0.0,0.0,0.0,0.0,0.0,0.0,0.0,0.0,0.0,0.0,0.0,0.0,0.0,0.0,0.0,0.0,0.0,22.0,107.0,140.454035,0.0,3249.442,116.285516,208.736179,157.0,0.0,1302.0,7.0,70.843193,778.9200000000001,857.8473,6.0,224.0,135.9494,59.0,0.0,0.0,0.0,7.2369,64.93183099999999,67.0,59.0,7.0,2520.869242,-17.97,-8.5919695,1,1.0,Medium
2.0,0.0,0.0,0.0,0.0,0.0,2.0,0.0,2.0,0.0,0.0,0.0,0.0,0.0,0.0,16.0,0.0,0.0,0.0,0.0,0.0,0.0,0.0,0.0,0.0,0.0,0.0,0.0,22.0,78.0,131.80086,0.0,3102.568,90.457252,199.732358,144.0,0.0,1232.0,24.0,65.164626,980.92,803.6652,6.0,212.0,106.001242,58.0,0.0,0.0,0.0,-1.186,67.91532,68.0,58.0,8.0,2695.230376,-17.68,-8.770225,0,5.0,Low
0.0,2.0,0.0,0.0,0.0,0.0,0.0,0.0,4.0,0.0,0.0,0.0,8.0,0.0,0.0,8.0,0.0,0.0,0.0,0.0,0.0,0.0,0.0,0.0,0.0,0.0,0.0,0.0,22.0,110.0,154.435832,0.0,3563.272,120.54932399999998,231.41235800000004,168.0,0.0,1424.0,20.0,77.27201,977.96,936.7416,6.0,244.0,135.385802,62.0,0.0,0.0,0.0,2.4716000000000005,66.06512799999999,76.0,62.0,12.0,3075.440432,-18.0,-8.687547,1,4.0,Medium
1.0,0.0,0.0,0.0,4.0,0.0,1.0,0.0,0.0,0.0,0.0,0.0,0.0,0.0,0.0,16.0,0.0,0.0,0.0,0.0,0.0,0.0,0.0,0.0,0.0,0.0,0.0,0.0,22.0,81.0,143.329614,0.0,3278.48,92.441105,210.736179,159.0,0.0,1314.0,22.0,71.199606,952.12,862.0834,6.0,226.0,105.326484,60.0,0.0,0.0,0.0,4.2073,73.374878,67.0,60.0,6.0,3000.570302,-17.97,-8.7528305,0,6.0,Low
0.0,2.0,0.0,0.0,0.0,0.0,2.0,0.0,0.0,2.0,0.0,0.0,0.0,16.0,0.0,0.0,0.0,0.0,0.0,0.0,0.0,0.0,0.0,0.0,0.0,0.0,0.0,0.0,22.0,154.0,174.37833,2.0,4087.868,173.44055600000002,263.16468000000003,194.0,0.0,1636.0,8.0,92.527342,971.06,1061.5884,6.0,280.0,185.933056,76.0,0.0,2.0,2.0,8.3062,58.815328,86.0,76.0,8.0,3264.38772,-18.4,-8.563227,2,0.0,High
3.0,0.0,0.0,0.0,0.0,0.0,2.0,0.0,0.0,1.0,16.0,0.0,0.0,0.0,0.0,0.0,0.0,0.0,0.0,0.0,0.0,0.0,0.0,0.0,0.0,0.0,0.0,0.0,22.0,105.0,143.230613,1.0,3351.358,115.437439,216.764698,158.0,0.0,1328.0,6.0,71.52968,831.75,873.0034,6.0,228.0,139.896687,61.0,0.0,1.0,1.0,9.6432,57.42517,70.0,61.0,6.0,2617.790798,-17.43,-8.596201,2,0.0,High
2.0,1.0,0.0,0.0,0.0,0.0,3.0,0.0,0.0,0.0,16.0,0.0,0.0,0.0,0.0,0.0,0.0,0.0,0.0,0.0,0.0,0.0,0.0,0.0,0.0,0.0,0.0,0.0,22.0,107.0,142.57725299999998,0.0,3322.364,116.450971,216.728537,157.0,0.0,1318.0,7.0,71.070668,825.32,870.9661,6.0,226.0,140.975428,59.0,0.0,0.0,0.0,9.8357,58.74987,69.0,59.0,7.0,2549.84211,-17.39,-8.5880995,2,0.0,High
2.0,0.0,0.0,16.0,1.0,0.0,3.0,0.0,0.0,0.0,0.0,0.0,0.0,0.0,0.0,0.0,0.0,0.0,0.0,0.0,0.0,0.0,0.0,0.0,0.0,0.0,0.0,0.0,22.0,126.0,189.752478,0.0,4044.729,118.123557,266.732358,211.0,0.0,1634.0,22.0,100.65351499999998,722.6800000000001,1130.5852,22.0,279.0,146.907407,44.0,0.0,0.0,0.0,-0.2464999999999999,70.839759,68.0,44.0,22.0,3668.103287,-17.68,-8.7395315,0,5.0,Low
1.0,0.0,0.0,0.0,3.0,0.0,2.0,0.0,0.0,0.0,16.0,0.0,0.0,0.0,0.0,0.0,0.0,0.0,0.0,0.0,0.0,0.0,0.0,0.0,0.0,0.0,0.0,0.0,22.0,113.0,152.594334,0.0,3460.831,117.078512,223.736179,172.0,0.0,1392.0,6.0,77.612585,776.12,924.9196,6.0,239.0,140.81428699999998,60.0,0.0,0.0,0.0,13.5058,67.097831,67.0,60.0,6.0,2799.531727,-17.97,-8.568072,2,0.0,High
2.0,0.0,0.0,0.0,10.0,0.0,2.0,0.0,0.0,0.0,0.0,0.0,0.0,0.0,0.0,0.0,8.0,0.0,0.0,0.0,0.0,0.0,0.0,0.0,0.0,0.0,0.0,0.0,22.0,86.0,156.33090200000004,0.0,3389.482,102.417654,222.052358,174.0,0.0,1364.0,14.0,78.587592,797.8,918.0666,6.0,234.0,105.201604,44.0,0.0,0.0,0.0,-1.728200000000001,71.612358,60.0,44.0,14.0,3116.6876860000007,-17.36,-8.7844095,0,5.0,Low
0.0,2.0,0.0,0.0,0.0,0.0,2.0,0.0,0.0,2.0,17.0,0.0,0.0,0.0,0.0,0.0,0.0,0.0,0.0,0.0,0.0,0.0,0.0,0.0,0.0,0.0,0.0,0.0,23.0,111.0,151.34946,2.0,3527.19,119.045098,224.97468,169.0,0.0,1406.0,8.0,76.979968,858.91,926.1334,6.0,242.0,145.38628699999998,63.0,0.0,2.0,2.0,8.7927,62.53697699999999,73.0,63.0,8.0,2811.706071,-18.59,-8.610043,2,0.0,High
1.0,0.0,4.0,0.0,0.0,0.0,1.0,0.0,0.0,0.0,16.0,0.0,0.0,0.0,0.0,0.0,0.0,0.0,0.0,0.0,0.0,0.0,0.0,0.0,0.0,0.0,0.0,0.0,22.0,105.0,143.56151,0.0,3364.28,124.874413,222.372023,155.0,0.0,1322.0,10.0,70.266442,880.12,881.003,6.0,226.0,144.373564,56.0,0.0,0.0,0.0,10.3733,51.944602,71.0,56.0,10.0,2562.69079,-16.81,-8.607902,1,1.0,Medium
2.0,0.0,0.0,0.0,5.0,0.0,0.0,0.0,0.0,0.0,14.0,0.0,0.0,0.0,0.0,0.0,1.0,0.0,0.0,0.0,0.0,0.0,0.0,0.0,0.0,0.0,0.0,0.0,22.0,107.0,155.130185,0.0,3494.336,116.599686,227.772358,173.0,0.0,1400.0,7.0,77.68081600000001,799.13,933.2157,6.0,240.0,135.85386799999998,58.0,0.0,0.0,0.0,13.0275,65.263352,67.0,58.0,7.0,2905.919754,-17.639999999999997,-8.599432,2,0.0,High
2.0,0.0,0.0,0.0,0.0,0.0,2.0,0.0,0.0,2.0,17.0,0.0,0.0,0.0,0.0,0.0,0.0,0.0,0.0,0.0,0.0,0.0,0.0,0.0,0.0,0.0,0.0,0.0,23.0,111.0,151.165958,2.0,3529.158,119.045098,224.97468,169.0,0.0,1406.0,6.0,76.75846,853.31,922.032,6.0,242.0,145.38628699999998,65.0,0.0,2.0,2.0,9.6467,62.53697699999999,73.0,65.0,6.0,2811.706071,-18.59,-8.5992985,2,0.0,High
2.0,2.0,0.0,0.0,0.0,0.0,2.0,0.0,0.0,0.0,0.0,0.0,16.0,0.0,0.0,0.0,0.0,0.0,0.0,0.0,0.0,0.0,0.0,0.0,0.0,0.0,0.0,0.0,22.0,136.0,174.21737199999998,0.0,4020.608,152.017954,265.084716,186.0,0.0,1596.0,8.0,85.356874,999.0,1038.8292,6.0,272.0,164.218478,74.0,0.0,0.0,0.0,9.8034,57.409668,86.0,74.0,8.0,3422.555012,-17.740000000000002,-8.589318,2,0.0,High
2.0,0.0,1.0,0.0,0.0,0.0,3.0,0.0,0.0,0.0,0.0,0.0,0.0,0.0,0.0,16.0,0.0,0.0,0.0,0.0,0.0,0.0,0.0,0.0,0.0,0.0,0.0,0.0,22.0,76.0,131.356504,0.0,3111.959,92.907252,201.641319,142.0,0.0,1228.0,23.0,63.985628,1001.32,798.9399000000001,6.0,211.0,106.712805,59.0,0.0,0.0,0.0,-0.2397999999999998,64.512686,69.0,59.0,7.0,2690.168677,-17.39,-8.756401,0,5.0,Low
2.0,0.0,0.0,8.0,0.0,0.0,4.0,0.0,0.0,0.0,0.0,0.0,0.0,0.0,0.0,8.0,0.0,0.0,0.0,0.0,0.0,0.0,0.0,0.0,0.0,0.0,0.0,0.0,22.0,102.0,159.35334999999998,0.0,3553.592000000001,103.956388,231.732358,176.0,0.0,1424.0,22.0,82.21228599999999,849.0,958.171,14.0,244.0,126.573162,52.0,0.0,0.0,0.0,-0.8728,69.120424,68.0,52.0,14.0,3145.567808,-17.68,-8.776252,1,4.0,Medium
0.0,3.0,0.0,0.0,3.0,0.0,0.0,0.0,0.0,0.0,2.0,0.0,0.0,0.0,0.0,14.0,0.0,0.0,0.0,0.0,0.0,0.0,0.0,0.0,0.0,0.0,0.0,0.0,22.0,79.0,140.313289,0.0,3250.261,96.31281,211.728537,152.0,0.0,1288.0,23.0,68.171449,984.92,849.4257,6.0,221.0,109.418541,57.0,0.0,0.0,0.0,3.325600000000001,65.335027,69.0,57.0,9.0,2879.171713,-17.39,-8.784111,0,6.0,Low
2.0,0.0,0.0,0.0,3.0,0.0,1.0,0.0,0.0,0.0,16.0,0.0,0.0,0.0,0.0,0.0,0.0,0.0,0.0,0.0,0.0,0.0,0.0,0.0,0.0,0.0,0.0,0.0,22.0,110.0,151.534622,0.0,3455.211,117.766791,224.732358,169.0,0.0,1382.0,6.0,76.044341,799.32,917.628,6.0,237.0,140.538345,60.0,0.0,0.0,0.0,13.6349,63.69519699999999,68.0,60.0,6.0,2782.9839890000003,-17.68,-8.568875,2,0.0,High
3.0,0.0,0.0,0.0,0.0,0.0,4.0,0.0,0.0,0.0,0.0,0.0,0.0,0.0,0.0,14.0,1.0,0.0,0.0,0.0,0.0,0.0,0.0,0.0,0.0,0.0,0.0,0.0,22.0,76.0,130.317919,0.0,3081.9329999999995,91.80554,199.768537,141.0,0.0,1216.0,21.0,63.615357,976.33,789.8263,6.0,209.0,105.922439,58.0,0.0,0.0,0.0,-1.8363000000000005,64.332027,68.0,58.0,7.0,2641.117243,-17.349999999999998,-8.754803,0,5.0,Low
2.0,2.0,0.0,0.0,0.0,0.0,2.0,0.0,0.0,0.0,0.0,0.0,0.0,16.0,0.0,0.0,0.0,0.0,0.0,0.0,0.0,0.0,0.0,0.0,0.0,0.0,0.0,0.0,22.0,152.0,170.768684,0.0,4020.608,176.844178,265.084716,186.0,0.0,1596.0,8.0,88.25132199999999,999.0,1038.8292,6.0,272.0,187.538654,74.0,0.0,0.0,0.0,9.8034,54.65946,86.0,74.0,8.0,3095.3948680000003,-17.740000000000002,-8.591664,2,0.0,High
0.0,0.0,2.0,0.0,0.0,0.0,5.0,0.0,0.0,0.0,14.0,0.0,0.0,0.0,0.0,0.0,1.0,0.0,0.0,0.0,0.0,0.0,0.0,0.0,0.0,0.0,0.0,0.0,22.0,109.0,143.41222100000002,0.0,3310.017,116.782963,214.597922,160.0,0.0,1322.0,9.0,73.042019,804.73,877.5161,6.0,227.0,139.01725299999998,56.0,0.0,0.0,0.0,7.118199999999998,62.692197,67.0,56.0,9.0,2567.901597,-17.639999999999997,-8.634293,1,1.0,Medium
0.0,2.0,0.0,0.0,0.0,0.0,5.0,0.0,0.0,0.0,0.0,0.0,0.0,0.0,0.0,14.0,1.0,0.0,0.0,0.0,0.0,0.0,0.0,0.0,0.0,0.0,0.0,0.0,22.0,79.0,131.561133,0.0,3085.585,91.117261,198.772358,144.0,0.0,1226.0,23.0,65.405109,958.73,801.2193,6.0,211.0,106.198381,56.0,0.0,0.0,0.0,-2.8194,67.73466099999999,67.0,56.0,9.0,2657.6649810000004,-17.639999999999997,-8.776161,0,5.0,Low
1.0,0.0,0.0,0.0,0.0,0.0,5.0,0.0,0.0,9.0,0.0,0.0,0.0,0.0,0.0,9.0,0.0,0.0,0.0,0.0,0.0,0.0,0.0,0.0,0.0,0.0,0.0,0.0,24.0,96.0,173.052281,9.0,4001.477,98.703946,242.401628,195.0,0.0,1598.0,24.0,92.64081000000002,986.14,1046.2451,15.0,277.0,129.630958,66.0,0.0,9.0,9.0,-9.9599,66.261017,82.0,66.0,15.0,3774.192304,-19.99,-8.766615,1,4.0,Medium
2.0,2.0,0.0,0.0,0.0,0.0,2.0,0.0,0.0,0.0,0.0,0.0,0.0,0.0,0.0,15.0,0.0,0.0,0.0,0.0,0.0,0.0,0.0,0.0,0.0,0.0,0.0,0.0,21.0,69.0,124.296405,0.0,2961.185,88.10593,193.554716,132.0,0.0,1160.0,23.0,59.411433,980.79,756.2232000000001,6.0,199.0,101.360092,55.0,0.0,0.0,0.0,-1.0258,57.71600299999999,67.0,55.0,8.0,2544.66352,-16.27,-8.741344,1,4.0,Medium
0.0,0.0,4.0,0.0,3.0,0.0,0.0,0.0,0.0,0.0,0.0,0.0,0.0,0.0,0.0,13.0,1.0,0.0,0.0,0.0,0.0,0.0,0.0,0.0,0.0,0.0,0.0,0.0,21.0,74.0,135.058016,0.0,3124.585,97.816922,205.245844,145.0,0.0,1232.0,24.0,65.389607,964.2,817.7677,6.0,211.0,104.794226,51.0,0.0,0.0,0.0,1.5484999999999998,59.078037,66.0,51.0,11.0,2769.636422,-16.23,-8.813438,0,5.0,Low
1.0,2.0,0.0,0.0,3.0,0.0,0.0,0.0,0.0,0.0,16.0,0.0,0.0,0.0,0.0,0.0,0.0,0.0,0.0,0.0,0.0,0.0,0.0,0.0,0.0,0.0,0.0,0.0,22.0,107.0,150.658412,0.0,3447.623,118.45507,225.728537,166.0,0.0,1372.0,8.0,74.697605,828.12,914.4378,6.0,235.0,140.262403,58.0,0.0,0.0,0.0,12.91,60.292563,69.0,58.0,8.0,2766.436251,-17.39,-8.59377,2,0.0,High
0.0,2.0,0.0,0.0,2.0,0.0,0.0,0.0,0.0,2.0,16.0,0.0,0.0,0.0,0.0,0.0,0.0,0.0,0.0,0.0,0.0,0.0,0.0,0.0,0.0,0.0,0.0,0.0,22.0,106.0,150.54521,2.0,3467.182,115.071694,221.80468,168.0,0.0,1384.0,8.0,76.23332,823.38,916.0984,6.0,238.0,138.618538,60.0,0.0,2.0,2.0,10.3748,60.531566,70.0,60.0,8.0,2846.6833180000003,-17.759999999999998,-8.631697,2,0.0,High
0.0,0.0,3.0,0.0,0.0,0.0,4.0,0.0,0.0,0.0,14.0,0.0,0.0,0.0,0.0,0.0,1.0,0.0,0.0,0.0,0.0,0.0,0.0,0.0,0.0,0.0,0.0,0.0,22.0,107.0,143.151367,0.0,3317.44,119.232963,216.506883,158.0,0.0,1318.0,10.0,72.08452899999999,830.73,876.8922,6.0,226.0,139.728816,55.0,0.0,0.0,0.0,7.2104,59.289563,68.0,55.0,10.0,2562.839898,-17.349999999999998,-8.632975,2,0.0,High
2.0,0.0,0.0,6.0,0.0,0.0,4.0,0.0,0.0,0.0,10.0,0.0,0.0,0.0,0.0,0.0,0.0,0.0,0.0,0.0,0.0,0.0,0.0,0.0,0.0,0.0,0.0,0.0,22.0,116.0,159.874262,0.0,3581.598,116.397504,233.732358,178.0,0.0,1436.0,12.0,82.63564399999998,770.5799999999999,966.4212,12.0,246.0,143.461512,54.0,0.0,0.0,0.0,5.8034,65.217388,68.0,54.0,12.0,2952.45812,-17.68,-8.678142,1,2.0,Medium
2.0,0.0,0.0,0.0,0.0,2.0,2.0,0.0,0.0,0.0,16.0,0.0,0.0,0.0,0.0,0.0,0.0,0.0,0.0,0.0,0.0,0.0,0.0,0.0,0.0,0.0,0.0,0.0,22.0,106.0,142.562086,0.0,3300.914,117.163564,213.732358,158.0,0.0,1316.0,6.0,71.098776,799.3199999999999,866.973,6.0,226.0,137.354618,60.0,0.0,0.0,0.0,9.3534,62.141672,68.0,60.0,6.0,2587.80402,-17.68,-8.578643,2,0.0,High
2.0,0.0,0.0,0.0,0.0,1.0,3.0,0.0,0.0,0.0,0.0,0.0,0.0,0.0,0.0,15.0,0.0,0.0,0.0,0.0,0.0,0.0,0.0,0.0,0.0,0.0,0.0,0.0,21.0,73.0,125.740763,0.0,2960.366,87.42980800000001,190.562358,137.0,0.0,1174.0,21.0,61.611722,928.79,762.0880000000001,6.0,202.0,99.9636,57.0,0.0,0.0,0.0,-0.8200999999999998,64.515855,65.0,57.0,6.0,2588.466082,-16.85,-8.753189,1,4.0,Medium
2.0,0.0,0.0,0.0,0.0,2.0,2.0,0.0,0.0,0.0,0.0,0.0,0.0,0.0,0.0,16.0,0.0,0.0,0.0,0.0,0.0,0.0,0.0,0.0,0.0,0.0,0.0,0.0,22.0,74.0,130.63423,0.0,3076.482,91.858124,197.732358,142.0,0.0,1220.0,22.0,63.513736,975.32,790.3298,6.0,210.0,102.10449,60.0,0.0,0.0,0.0,-1.1122,67.904488,68.0,60.0,6.0,2716.644548,-17.68,-8.75216,0,5.0,Low
0.0,0.0,4.0,0.0,3.0,0.0,0.0,0.0,0.0,0.0,0.0,0.0,0.0,0.0,0.0,14.0,1.0,0.0,0.0,0.0,0.0,0.0,0.0,0.0,0.0,0.0,0.0,0.0,22.0,77.0,140.443047,0.0,3254.728,101.544802,213.415844,151.0,0.0,1284.0,25.0,68.006312,1010.73,850.6265000000001,6.0,220.0,108.883492,54.0,0.0,0.0,0.0,1.6465,62.472086,69.0,54.0,11.0,2887.107802,-17.06,-8.811585,0,5.0,Low
2.0,0.0,0.0,0.0,2.0,0.0,2.0,0.0,0.0,0.0,0.0,0.0,0.0,0.0,0.0,15.0,0.0,0.0,0.0,0.0,0.0,0.0,0.0,0.0,0.0,0.0,0.0,0.0,21.0,75.0,131.55859900000002,0.0,3058.555,88.065438,197.562358,144.0,0.0,1216.0,21.0,64.670535,928.79,794.3190000000001,6.0,209.0,101.436626,57.0,0.0,0.0,0.0,1.9042,65.549733,65.0,57.0,6.0,2722.15509,-16.85,-8.76059,0,5.0,Low
2.0,0.0,0.0,0.0,0.0,0.0,4.0,0.0,0.0,0.0,8.0,0.0,0.0,0.0,0.0,0.0,0.0,0.0,0.0,0.0,0.0,0.0,0.0,0.0,0.0,0.0,8.0,0.0,22.0,118.0,183.597246,8.0,4513.879999999999,107.16326800000002,278.554078,200.0,0.0,1792.0,38.0,96.831318,1520.52,1098.9526,6.0,308.0,152.296554,100.0,0.0,8.0,8.0,-12.5056,56.978768,108.0,100.0,6.0,4429.831264,-19.28,-8.628365,0,5.0,Low
0.0,0.0,4.0,0.0,5.0,5.0,0.0,0.0,0.0,0.0,0.0,0.0,0.0,0.0,0.0,0.0,8.0,0.0,0.0,0.0,0.0,0.0,0.0,0.0,0.0,0.0,0.0,0.0,22.0,74.0,141.63341000000003,0.0,3149.8740000000003,111.003111,207.695844,152.0,0.0,1248.0,18.0,68.46036,855.3999999999999,838.0342,6.0,214.0,100.046235,40.0,0.0,0.0,0.0,-9.4036,62.208855,62.0,40.0,18.0,2822.0815610000004,-16.78,-8.77128,0,5.0,Low
4.0,0.0,0.0,0.0,0.0,0.0,4.0,0.0,0.0,0.0,0.0,0.0,0.0,0.0,0.0,12.0,2.0,0.0,0.0,0.0,0.0,0.0,0.0,0.0,0.0,0.0,0.0,0.0,22.0,74.0,129.01848,0.0,3059.33,93.153828,199.804716,138.0,0.0,1200.0,20.0,62.287596,977.34,780.0888000000001,6.0,206.0,105.84363600000002,56.0,0.0,0.0,0.0,-3.3406,60.748734,68.0,56.0,8.0,2587.00411,-17.02,-8.744754,0,5.0,Low
3.0,0.0,0.0,0.0,0.0,0.0,3.0,0.0,0.0,0.0,0.0,0.0,0.0,0.0,0.0,10.0,0.0,5.0,0.0,0.0,0.0,0.0,0.0,0.0,0.0,0.0,0.0,0.0,21.0,77.0,131.47208,0.0,3029.048,89.403641,197.758537,145.0,0.0,1200.0,16.0,65.212564,850.84,798.5244,6.0,206.0,106.347029,52.0,0.0,0.0,0.0,8.7381,60.710737,61.0,52.0,6.0,2609.950763,-16.36,-8.71851,0,5.0,Low
2.0,0.0,0.0,0.0,2.0,0.0,2.0,0.0,0.0,0.0,0.0,0.0,16.0,0.0,0.0,0.0,0.0,0.0,0.0,0.0,0.0,0.0,0.0,0.0,0.0,0.0,0.0,0.0,22.0,142.0,181.479566,0.0,4117.978,151.977462,269.092358,198.0,0.0,1652.0,6.0,90.615976,947.0,1076.9250000000002,6.0,282.0,164.295012,76.0,0.0,0.0,0.0,12.7334,65.243398,84.0,76.0,6.0,3600.046582,-18.32,-8.581459,2,0.0,High
4.0,0.0,0.0,0.0,0.0,0.0,1.0,0.0,0.0,1.0,16.0,0.0,0.0,0.0,0.0,0.0,0.0,0.0,0.0,0.0,0.0,0.0,0.0,0.0,0.0,0.0,0.0,0.0,22.0,102.0,142.170901,1.0,3345.738,116.125718,217.760877,155.0,0.0,1318.0,6.0,69.96143599999999,854.95,865.7118,6.0,226.0,139.620745,61.0,0.0,1.0,1.0,9.7723,54.022536,71.0,61.0,6.0,2601.24306,-17.14,-8.589741,2,0.0,High
0.0,0.0,2.0,0.0,2.0,0.0,2.0,0.0,0.0,0.0,16.0,0.0,0.0,0.0,0.0,0.0,0.0,0.0,0.0,0.0,0.0,0.0,0.0,0.0,0.0,0.0,0.0,0.0,22.0,112.0,150.469202,0.0,3439.216,120.6222,223.557922,168.0,0.0,1376.0,8.0,76.093788,804.9200000000001,917.1564,6.0,236.0,142.75103,58.0,0.0,0.0,0.0,12.394,63.180966,68.0,58.0,8.0,2733.75802,-17.68,-8.588159,2,0.0,High
2.0,0.0,0.0,0.0,0.0,0.0,0.0,4.0,0.0,0.0,8.0,0.0,0.0,0.0,0.0,8.0,0.0,0.0,0.0,0.0,0.0,0.0,0.0,0.0,0.0,0.0,0.0,0.0,22.0,86.0,131.92442999999997,0.0,3104.536,104.724776,199.732358,144.0,0.0,1232.0,14.0,64.250354,887.3199999999999,800.9494,6.0,212.0,116.18909,60.0,0.0,0.0,0.0,1.7800000000000005,64.20283599999999,68.0,60.0,6.0,2548.05232,-17.68,-8.693818,1,4.0,Medium
0.0,2.0,0.0,0.0,2.0,0.0,2.0,0.0,0.0,0.0,16.0,0.0,0.0,0.0,0.0,0.0,0.0,0.0,0.0,0.0,0.0,0.0,0.0,0.0,0.0,0.0,0.0,0.0,22.0,110.0,149.054988,0.0,3411.162,117.098758,221.732358,166.0,0.0,1364.0,8.0,75.093788,804.9200000000001,907.9224,6.0,234.0,140.77602,58.0,0.0,0.0,0.0,11.6138,63.180966,68.0,58.0,8.0,2710.785942,-17.68,-8.593113,2,0.0,High
0.0,0.0,2.0,0.0,0.0,0.0,4.0,0.0,0.0,0.0,8.0,0.0,8.0,0.0,0.0,0.0,0.0,0.0,0.0,0.0,0.0,0.0,0.0,0.0,0.0,0.0,0.0,0.0,22.0,128.0,161.44697,0.0,3707.478,136.725486,241.23792200000003,178.0,0.0,1484.0,8.0,81.62151399999999,878.76,976.0944,6.0,254.0,154.985876,66.0,0.0,0.0,0.0,10.1926,63.18372,76.0,66.0,8.0,3033.992246,-18.0,-8.591276,2,0.0,High
2.0,0.0,0.0,0.0,0.0,0.0,4.0,0.0,0.0,0.0,8.0,0.0,0.0,0.0,0.0,8.0,0.0,0.0,0.0,0.0,0.0,0.0,0.0,0.0,0.0,0.0,0.0,0.0,22.0,94.0,137.58128599999998,0.0,3216.7519999999995,103.109972,207.73235800000003,152.0,0.0,1280.0,14.0,68.735638,887.3199999999999,837.8854,6.0,220.0,123.626306,60.0,0.0,0.0,0.0,4.900799999999999,65.03391199999999,68.0,60.0,6.0,2630.810112,-17.68,-8.68161,1,4.0,Medium
0.0,0.0,1.0,0.0,0.0,0.0,2.0,0.0,0.0,3.0,15.0,0.0,0.0,0.0,0.0,0.0,0.0,0.0,0.0,0.0,0.0,0.0,0.0,0.0,0.0,0.0,0.0,0.0,21.0,103.0,141.508595,3.0,3287.4909999999995,108.486068,206.587444,160.0,0.0,1316.0,7.0,73.325684,771.08,864.7813000000001,6.0,227.0,132.98619499999998,59.0,0.0,3.0,3.0,7.356999999999999,58.54716499999999,67.0,59.0,7.0,2688.8508420000003,-17.259999999999998,-8.65465,1,2.0,Medium
0.0,0.0,2.0,0.0,4.0,0.0,0.0,0.0,0.0,0.0,0.0,0.0,8.0,0.0,0.0,8.0,0.0,0.0,0.0,0.0,0.0,0.0,0.0,0.0,0.0,0.0,0.0,0.0,22.0,112.0,166.135586,0.0,3763.586,126.744898,245.23792200000003,182.0,0.0,1508.0,16.0,82.517238,966.76,993.0008,6.0,258.0,136.41011200000003,66.0,0.0,0.0,0.0,9.6282,68.122052,76.0,66.0,8.0,3387.204698,-18.0,-8.675185,1,4.0,Medium
2.0,0.0,0.0,0.0,0.0,0.0,2.0,0.0,0.0,2.0,18.0,0.0,0.0,0.0,0.0,0.0,0.0,0.0,0.0,0.0,0.0,0.0,0.0,0.0,0.0,0.0,0.0,0.0,24.0,116.0,157.29648,2.0,3673.328,124.354568,234.14468,176.0,0.0,1464.0,6.0,79.84923,888.8399999999999,959.681,6.0,252.0,151.678686,68.0,0.0,2.0,2.0,10.3988,65.57085,76.0,68.0,6.0,2921.124918,-19.42,-8.584283,2,0.0,High
2.0,0.0,0.0,0.0,2.0,0.0,2.0,0.0,0.0,0.0,0.0,0.0,0.0,0.0,16.0,0.0,0.0,0.0,0.0,0.0,0.0,0.0,0.0,0.0,0.0,0.0,0.0,0.0,22.0,78.0,152.33555,0.0,3397.386,97.575494,221.732358,166.0,0.0,1364.0,38.0,75.900408,1020.12,933.509,6.0,234.0,105.07146,44.0,0.0,0.0,0.0,1.3862,70.68679,68.0,44.0,22.0,3208.748918,-17.68,-8.801181,0,5.0,Low
0.0,0.0,2.0,0.0,2.0,0.0,2.0,0.0,0.0,0.0,17.0,0.0,0.0,0.0,0.0,0.0,0.0,0.0,0.0,0.0,0.0,0.0,0.0,0.0,0.0,0.0,0.0,0.0,23.0,117.0,156.599724,0.0,3583.386,125.93167,232.727922,175.0,0.0,1434.0,8.0,79.18455800000001,840.45,954.8054,6.0,246.0,149.043429,61.0,0.0,0.0,0.0,13.1461,66.214839,71.0,61.0,8.0,2843.176867,-18.51,-8.571708,2,0.0,High
0.0,0.0,2.0,0.0,0.0,0.0,4.0,0.0,0.0,0.0,10.0,0.0,0.0,0.0,0.0,6.0,0.0,0.0,0.0,0.0,0.0,0.0,0.0,0.0,0.0,0.0,0.0,0.0,22.0,100.0,140.669984,0.0,3270.892,109.796594,211.557922,156.0,0.0,1304.0,14.0,70.905276,870.9200000000001,860.8012000000001,6.0,224.0,130.007582,58.0,0.0,0.0,0.0,6.1352,64.31356,68.0,58.0,8.0,2637.677124,-17.68,-8.6824,1,3.0,Medium
0.0,0.0,2.0,0.0,0.0,0.0,4.0,0.0,0.0,0.0,12.0,0.0,0.0,0.0,0.0,6.0,0.0,0.0,0.0,0.0,0.0,0.0,0.0,0.0,0.0,0.0,0.0,0.0,24.0,110.0,152.93102800000003,0.0,3559.232,120.415534,229.897922,170.0,0.0,1420.0,14.0,77.086816,941.98,936.0992,6.0,244.0,142.59238,64.0,0.0,0.0,0.0,7.639399999999999,70.381306,74.0,64.0,8.0,2856.514818,-19.34,-8.639962,1,3.0,Medium
0.0,0.0,2.0,0.0,2.0,0.0,2.0,0.0,0.0,16.0,0.0,0.0,0.0,0.0,0.0,0.0,0.0,0.0,0.0,0.0,0.0,0.0,0.0,0.0,0.0,0.0,0.0,0.0,22.0,96.0,191.172722,16.0,4336.624,97.946472,256.136498,216.0,0.0,1728.0,24.0,105.65726,875.96,1149.2636,22.0,300.0,134.47911,58.0,0.0,16.0,16.0,-15.3068,47.885942,84.0,58.0,24.0,4333.658868,-18.32,-8.911365,1,4.0,Medium
2.0,0.0,0.0,0.0,0.0,0.0,2.0,0.0,0.0,2.0,0.0,0.0,0.0,0.0,0.0,0.0,0.0,15.0,0.0,0.0,0.0,0.0,0.0,0.0,0.0,0.0,0.0,0.0,21.0,86.0,146.620944,2.0,3211.2380000000003,90.660278,207.23468000000005,170.0,0.0,1290.0,6.0,76.82912999999999,643.8,892.2139999999999,6.0,222.0,113.887479,44.0,0.0,2.0,2.0,25.448,60.648171000000005,52.0,44.0,6.0,2859.874887,-16.330000000000002,-8.464439,1,2.0,Medium
2.0,0.0,0.0,2.0,2.0,0.0,0.0,0.0,0.0,0.0,16.0,0.0,0.0,0.0,0.0,0.0,0.0,0.0,0.0,0.0,0.0,0.0,0.0,0.0,0.0,0.0,0.0,0.0,22.0,110.0,150.71678400000002,0.0,3441.184,118.117764,223.732358,168.0,0.0,1376.0,6.0,75.68554,799.3199999999999,913.055,6.0,236.0,140.389242,60.0,0.0,0.0,0.0,13.248,63.465072,68.0,60.0,6.0,2775.385136,-17.68,-8.569919,2,0.0,High
0.0,0.0,4.0,0.0,4.0,0.0,0.0,0.0,0.0,0.0,12.0,0.0,0.0,0.0,0.0,0.0,2.0,0.0,0.0,0.0,0.0,0.0,0.0,0.0,0.0,0.0,0.0,0.0,22.0,102.0,151.812348,0.0,3448.15,121.851924,227.455844,166.0,0.0,1368.0,12.0,75.10763600000001,856.54,919.47,6.0,234.0,135.280552,52.0,0.0,0.0,0.0,9.0294,58.483546,68.0,52.0,12.0,2825.110058,-17.02,-8.650841,2,0.0,High
3.0,0.0,0.0,0.0,0.0,0.0,3.0,0.0,0.0,0.0,14.0,0.0,0.0,0.0,0.0,2.0,0.0,0.0,0.0,0.0,0.0,0.0,0.0,0.0,0.0,0.0,0.0,0.0,22.0,103.0,140.99452,0.0,3295.294,113.287791,214.728537,155.0,0.0,1306.0,8.0,70.011784,844.52,859.335,6.0,224.0,136.56916199999998,60.0,0.0,0.0,0.0,8.9545,59.470222,69.0,60.0,6.0,2565.947176,-17.389999999999997,-8.603121,1,2.0,Medium
0.0,0.0,2.0,0.0,0.0,0.0,6.0,0.0,0.0,0.0,12.0,0.0,0.0,0.0,0.0,0.0,2.0,0.0,0.0,0.0,0.0,0.0,0.0,0.0,0.0,0.0,0.0,0.0,22.0,106.0,141.681512,0.0,3264.98,114.279792,211.637922,158.0,0.0,1304.0,10.0,72.33437200000002,804.54,865.4898000000001,6.0,224.0,134.808126,54.0,0.0,0.0,0.0,4.1766,63.23189,66.0,54.0,10.0,2546.441268,-17.6,-8.659346,1,2.0,Medium
4.0,0.0,0.0,3.0,0.0,0.0,0.0,0.0,0.0,0.0,0.0,0.0,0.0,0.0,0.0,14.0,1.0,0.0,0.0,0.0,0.0,0.0,0.0,0.0,0.0,0.0,0.0,0.0,22.0,73.0,132.026154,0.0,3118.394,94.022328,203.764716,141.0,0.0,1224.0,21.0,63.267003,999.53,796.3857,6.0,210.0,105.06633,58.0,0.0,0.0,0.0,-0.5368999999999999,61.355552,69.0,58.0,7.0,2721.468296,-17.06,-8.751313,1,4.0,Medium
0.0,0.0,2.0,0.0,2.0,0.0,0.0,0.0,0.0,2.0,16.0,0.0,0.0,0.0,0.0,0.0,0.0,0.0,0.0,0.0,0.0,0.0,0.0,0.0,0.0,0.0,0.0,0.0,22.0,108.0,151.959424,2.0,3495.236,118.595136,223.630244,170.0,0.0,1396.0,8.0,77.23332,823.38,925.3324,6.0,240.0,140.593548,60.0,0.0,2.0,2.0,11.155,60.531566,70.0,60.0,8.0,2869.655396,-17.759999999999998,-8.623761,2,0.0,High
2.0,0.0,2.0,0.0,0.0,0.0,2.0,0.0,0.0,0.0,0.0,0.0,16.0,0.0,0.0,0.0,0.0,0.0,0.0,0.0,0.0,0.0,0.0,0.0,0.0,0.0,0.0,0.0,22.0,138.0,175.63158599999997,0.0,4048.662,155.541396,266.91028,188.0,0.0,1608.0,8.0,86.356874,999.0,1048.0632,6.0,274.0,166.193488,74.0,0.0,0.0,0.0,10.5836,57.409668,86.0,74.0,8.0,3445.52709,-17.740000000000002,-8.585407,2,0.0,High
0.0,0.0,1.0,0.0,0.0,0.0,2.0,0.0,0.0,3.0,16.0,0.0,0.0,0.0,0.0,0.0,0.0,0.0,0.0,0.0,0.0,0.0,0.0,0.0,0.0,0.0,0.0,0.0,22.0,108.0,147.639117,3.0,3431.661,113.795538,215.757444,167.0,0.0,1374.0,7.0,76.416454,806.61,902.4303,6.0,237.0,139.278594,62.0,0.0,3.0,3.0,8.1091,61.58103799999999,70.0,62.0,7.0,2798.269689,-18.09,-8.633998,2,0.0,High
0.0,0.0,4.0,0.0,0.0,0.0,4.0,0.0,0.0,0.0,12.0,0.0,0.0,0.0,0.0,0.0,2.0,0.0,0.0,0.0,0.0,0.0,0.0,0.0,0.0,0.0,0.0,0.0,22.0,102.0,141.159804,0.0,3279.826,119.179792,215.455844,154.0,0.0,1296.0,12.0,70.419392,856.54,864.2420000000001,6.0,222.0,136.23125199999998,52.0,0.0,0.0,0.0,4.361,56.426622,68.0,52.0,12.0,2536.31787,-17.02,-8.650048,1,2.0,Medium
0.0,0.0,2.0,2.0,2.0,0.0,0.0,0.0,0.0,0.0,0.0,0.0,0.0,0.0,0.0,16.0,0.0,0.0,0.0,0.0,0.0,0.0,0.0,0.0,0.0,0.0,0.0,0.0,22.0,80.0,140.386644,0.0,3242.838,96.335766,209.557922,154.0,0.0,1292.0,24.0,69.322008,980.92,849.7472,6.0,222.0,107.114124,58.0,0.0,0.0,0.0,2.7086,69.227888,68.0,58.0,8.0,2927.1977420000003,-17.68,-8.783976,0,6.0,Low
0.0,0.0,2.0,2.0,2.0,0.0,0.0,0.0,0.0,0.0,16.0,0.0,0.0,0.0,0.0,0.0,0.0,0.0,0.0,0.0,0.0,0.0,0.0,0.0,0.0,0.0,0.0,0.0,22.0,112.0,152.3145,0.0,3467.27,121.641206,225.557922,170.0,0.0,1388.0,8.0,76.907048,804.9200000000001,926.3904,6.0,238.0,142.364252,58.0,0.0,0.0,0.0,13.1742,63.465072,68.0,58.0,8.0,2798.357214,-17.68,-8.587536,2,0.0,High
2.0,0.0,0.0,2.0,0.0,0.0,2.0,0.0,0.0,0.0,0.0,0.0,0.0,0.0,0.0,16.0,0.0,0.0,0.0,0.0,0.0,0.0,0.0,0.0,0.0,0.0,0.0,0.0,22.0,78.0,133.46265599999998,0.0,3132.59,91.476258,201.732358,146.0,0.0,1244.0,22.0,65.756378,975.32,808.7978,6.0,214.0,105.614464,60.0,0.0,0.0,0.0,0.4481999999999999,68.199426,68.0,60.0,6.0,2759.82957,-17.68,-8.757569,0,5.0,Low
0.0,0.0,1.0,1.0,4.0,0.0,0.0,0.0,0.0,0.0,16.0,0.0,0.0,0.0,0.0,0.0,0.0,0.0,0.0,0.0,0.0,0.0,0.0,0.0,0.0,0.0,0.0,0.0,22.0,114.0,156.978977,0.0,3529.982,120.017769,228.648961,177.0,0.0,1422.0,7.0,79.80203,778.9200000000001,950.0113,6.0,244.0,141.370728,59.0,0.0,0.0,0.0,15.0261,67.754115,67.0,59.0,7.0,2915.51541,-17.97,-8.574028,1,1.0,Medium
5.0,0.0,0.0,0.0,0.0,0.0,5.0,0.0,0.0,5.0,0.0,0.0,0.0,0.0,0.0,0.0,9.0,0.0,0.0,0.0,0.0,0.0,0.0,0.0,0.0,0.0,0.0,0.0,24.0,74.0,140.776296,5.0,3335.165,100.85027,210.6017,152.0,0.0,1302.0,15.0,70.484973,984.42,841.8335,6.0,225.0,109.732494,53.0,0.0,5.0,5.0,-17.5468,56.246085,73.0,53.0,15.0,2882.1848070000005,-18.31,-8.71924,0,6.0,Low
2.0,0.0,0.0,2.0,0.0,0.0,2.0,0.0,0.0,0.0,15.0,0.0,0.0,0.0,0.0,0.0,0.0,0.0,0.0,0.0,0.0,0.0,0.0,0.0,0.0,0.0,0.0,0.0,21.0,105.0,139.25999000000002,0.0,3212.852,111.472228,208.562358,155.0,0.0,1282.0,6.0,70.250648,763.79,847.792,6.0,220.0,134.572193,57.0,0.0,0.0,0.0,10.1617,59.402737,65.0,57.0,6.0,2521.570195,-16.85,-8.588663,1,1.0,Medium
0.0,2.0,0.0,0.0,2.0,0.0,2.0,0.0,0.0,0.0,17.0,0.0,0.0,0.0,0.0,0.0,0.0,0.0,0.0,0.0,0.0,0.0,0.0,0.0,0.0,0.0,0.0,0.0,23.0,115.0,155.18551,0.0,3555.332,122.408228,230.902358,173.0,0.0,1422.0,8.0,78.18455800000001,840.45,945.5714,6.0,244.0,147.068419,61.0,0.0,0.0,0.0,12.3659,66.214839,71.0,61.0,8.0,2820.204789,-18.51,-8.580123,2,0.0,High
2.0,0.0,0.0,0.0,0.0,0.0,2.0,0.0,0.0,2.0,0.0,0.0,0.0,0.0,0.0,0.0,16.0,0.0,0.0,0.0,0.0,0.0,0.0,0.0,0.0,0.0,0.0,0.0,22.0,42.0,88.56234800000001,2.0,2215.148,80.144108,136.44468,98.0,0.0,868.0,6.0,41.898122,891.38,525.263,-10.0,152.0,62.75992,46.0,0.0,2.0,2.0,-20.3822,62.238016,54.0,46.0,6.0,1846.20012,-17.12,-8.616917,0,8.0,Low
2.0,0.0,0.0,0.0,2.0,0.0,0.0,0.0,0.0,2.0,16.0,0.0,0.0,0.0,0.0,0.0,0.0,0.0,0.0,0.0,0.0,0.0,0.0,0.0,0.0,0.0,0.0,0.0,22.0,106.0,150.36170800000002,2.0,3469.15,115.071694,221.80468,168.0,0.0,1384.0,6.0,76.011812,817.78,911.997,6.0,238.0,138.618538,62.0,0.0,2.0,2.0,11.2288,60.531566,70.0,62.0,6.0,2846.6833180000003,-17.759999999999998,-8.614549,2,0.0,High
3.0,0.0,0.0,0.0,0.0,0.0,3.0,0.0,0.0,0.0,8.0,0.0,7.0,0.0,0.0,0.0,0.0,0.0,0.0,0.0,0.0,0.0,0.0,0.0,0.0,0.0,0.0,0.0,21.0,116.0,150.621015,0.0,3487.549,126.400934,228.27853700000003,164.0,0.0,1386.0,6.0,74.757011,851.5999999999999,906.9994000000002,6.0,237.0,144.972588,64.0,0.0,0.0,0.0,9.6268,56.618311000000006,73.0,64.0,6.0,2829.4747930000003,-16.84,-8.607209,2,0.0,High
2.0,0.0,1.0,0.0,0.0,0.0,3.0,0.0,0.0,0.0,0.0,0.0,16.0,0.0,0.0,0.0,0.0,0.0,0.0,0.0,0.0,0.0,0.0,0.0,0.0,0.0,0.0,0.0,22.0,140.0,175.89244,0.0,4041.239,153.091396,265.001319,190.0,0.0,1612.0,7.0,87.314364,973.0,1048.6871,6.0,275.0,165.481925,75.0,0.0,0.0,0.0,10.4914,60.812302,85.0,75.0,7.0,3450.588789,-18.03,-8.585331,2,0.0,High
0.0,3.0,0.0,0.0,0.0,0.0,3.0,0.0,0.0,0.0,12.0,0.0,0.0,0.0,0.0,3.0,0.0,0.0,0.0,0.0,0.0,0.0,0.0,0.0,0.0,0.0,0.0,0.0,21.0,96.0,134.39376,0.0,3134.145,106.396731,204.558537,147.0,0.0,1242.0,12.0,66.779211,828.39,823.0479,6.0,213.0,128.07363,54.0,0.0,0.0,0.0,6.2673000000000005,56.796525,66.0,54.0,9.0,2464.580862,-16.56,-8.6873865,1,3.0,Medium
2.0,0.0,0.0,2.0,0.0,0.0,2.0,0.0,0.0,0.0,0.0,0.0,16.0,0.0,0.0,0.0,0.0,0.0,0.0,0.0,0.0,0.0,0.0,0.0,0.0,0.0,0.0,0.0,22.0,142.0,177.99859199999997,0.0,4061.87,151.660402,265.092358,194.0,0.0,1628.0,6.0,89.085114,947.0,1058.545,6.0,278.0,164.383584,76.0,0.0,0.0,0.0,11.1794,64.499042,84.0,76.0,6.0,3520.249682,-18.32,-8.584519,2,0.0,High
2.0,0.0,0.0,4.0,0.0,0.0,0.0,0.0,0.0,0.0,7.0,0.0,8.0,0.0,0.0,0.0,0.0,0.0,0.0,0.0,0.0,0.0,0.0,0.0,0.0,0.0,0.0,0.0,21.0,121.0,157.40932800000002,0.0,3593.33,129.930586,234.242358,173.0,0.0,1438.0,6.0,78.935756,837.6299999999999,943.578,6.0,246.0,145.944911,65.0,0.0,0.0,0.0,11.0747,60.718059,73.0,65.0,6.0,3030.799709,-17.17,-8.617318,2,0.0,High
0.0,2.0,0.0,0.0,2.0,0.0,0.0,2.0,0.0,0.0,0.0,0.0,0.0,0.0,0.0,16.0,0.0,0.0,0.0,0.0,0.0,0.0,0.0,0.0,0.0,0.0,0.0,0.0,22.0,74.0,134.298704,0.0,3130.6220000000003,92.60072,201.732358,146.0,0.0,1244.0,24.0,65.26610600000001,980.92,812.8112000000001,6.0,214.0,101.807284,58.0,0.0,0.0,0.0,-0.4121999999999997,68.528244,68.0,58.0,8.0,2798.247574,-17.68,-8.7776165,0,5.0,Low
1.0,0.0,3.0,0.0,0.0,0.0,2.0,0.0,0.0,0.0,16.0,0.0,0.0,0.0,0.0,0.0,0.0,0.0,0.0,0.0,0.0,0.0,0.0,0.0,0.0,0.0,0.0,0.0,22.0,107.0,143.822364,0.0,3356.8569999999995,122.424413,220.463062,157.0,0.0,1326.0,9.0,71.22393199999999,854.12,881.6269,6.0,227.0,143.66200099999998,57.0,0.0,0.0,0.0,10.2811,55.347236,70.0,57.0,9.0,2567.752489,-17.1,-8.607007,2,0.0,High
2.0,0.0,0.0,0.0,0.0,0.0,4.0,0.0,0.0,0.0,3.0,0.0,0.0,0.0,0.0,0.0,0.0,12.0,0.0,0.0,0.0,0.0,0.0,0.0,0.0,0.0,0.0,0.0,21.0,93.0,143.587516,0.0,3161.134,96.240518,207.042358,165.0,0.0,1270.0,6.0,74.439156,653.03,874.942,6.0,218.0,119.827763,45.0,0.0,0.0,0.0,23.2259,62.461783,53.0,45.0,6.0,2670.576209,-16.37,-8.438126,1,2.0,Medium
1.0,0.0,0.0,0.0,0.0,0.0,1.0,0.0,0.0,4.0,0.0,0.0,0.0,0.0,0.0,16.0,0.0,0.0,0.0,0.0,0.0,0.0,0.0,0.0,0.0,0.0,0.0,0.0,22.0,73.0,135.657514,4.0,3222.196,85.714845,198.880823,151.0,0.0,1282.0,22.0,68.790426,989.04,823.2074,6.0,222.0,101.96222,64.0,0.0,4.0,4.0,-2.9390999999999994,66.019154,71.0,64.0,6.0,2983.572866,-18.13,-8.77782,0,5.0,Low
2.0,0.0,0.0,0.0,0.0,0.0,2.0,2.0,0.0,0.0,15.0,0.0,0.0,0.0,0.0,0.0,0.0,0.0,0.0,0.0,0.0,0.0,0.0,0.0,0.0,0.0,0.0,0.0,21.0,101.0,134.586264,0.0,3128.69,111.260624,202.562358,149.0,0.0,1246.0,6.0,67.19474600000001,763.79,820.09,6.0,214.0,131.240363,57.0,0.0,0.0,0.0,7.821099999999999,58.703093,65.0,57.0,6.0,2415.592105,-16.85,-8.59496,1,2.0,Medium
2.0,1.0,0.0,0.0,0.0,0.0,3.0,0.0,0.0,0.0,0.0,0.0,0.0,0.0,0.0,0.0,0.0,16.0,0.0,0.0,0.0,0.0,0.0,0.0,0.0,0.0,0.0,0.0,22.0,91.0,150.807685,0.0,3290.812,97.500699,217.368537,173.0,0.0,1318.0,7.0,77.73969199999999,677.6400000000001,919.4781,6.0,226.0,120.800484,43.0,0.0,0.0,0.0,28.2949,63.207406000000006,53.0,43.0,7.0,2834.649054,-16.75,-8.415551,1,3.0,Medium
0.0,2.0,0.0,0.0,2.0,0.0,2.0,0.0,0.0,16.0,0.0,0.0,0.0,0.0,0.0,0.0,0.0,0.0,0.0,0.0,0.0,0.0,0.0,0.0,0.0,0.0,0.0,0.0,22.0,94.0,189.758508,16.0,4308.57,94.42303,254.310934,214.0,0.0,1716.0,24.0,104.65726,875.96,1140.0296,22.0,298.0,132.5041,58.0,0.0,16.0,16.0,-16.087,47.885942,84.0,58.0,24.0,4310.68679,-18.32,-8.919249,1,4.0,Medium
0.0,0.0,0.0,2.0,0.0,0.0,4.0,0.0,0.0,0.0,10.0,0.0,6.0,0.0,0.0,0.0,0.0,0.0,0.0,0.0,0.0,0.0,0.0,0.0,0.0,0.0,0.0,0.0,22.0,128.0,159.73796599999997,0.0,3632.58,128.484654,233.5,180.0,0.0,1468.0,6.0,82.38179199999999,808.3,964.9382,6.0,252.0,150.236098,66.0,0.0,0.0,0.0,10.7552,70.01529,72.0,66.0,6.0,2997.5572580000003,-18.5,-8.584456,2,0.0,High
0.0,1.0,0.0,0.0,1.0,0.0,4.0,0.0,0.0,0.0,16.0,0.0,0.0,0.0,0.0,0.0,0.0,0.0,0.0,0.0,0.0,0.0,0.0,0.0,0.0,0.0,0.0,0.0,22.0,113.0,147.359813,0.0,3375.6849999999995,115.742446,217.736179,166.0,0.0,1356.0,7.0,75.379217,778.9200000000001,899.3563,6.0,233.0,141.289637,59.0,0.0,0.0,0.0,10.7446,66.069369,67.0,59.0,7.0,2655.135633,-17.97,-8.581918,2,0.0,High
0.0,0.0,0.0,5.0,0.0,0.0,0.0,1.0,0.0,0.0,10.0,0.0,0.0,0.0,0.0,6.0,0.0,0.0,0.0,0.0,0.0,0.0,0.0,0.0,0.0,0.0,0.0,0.0,22.0,102.0,144.39072299999998,0.0,3298.1269999999995,107.84781,210.74,163.0,0.0,1330.0,12.0,73.732085,818.9200000000001,875.9000000000001,6.0,229.0,125.758207,60.0,0.0,0.0,0.0,7.1211,71.621324,66.0,60.0,6.0,2788.6090589999994,-18.26,-8.649785,1,3.0,Medium
4.0,0.0,0.0,0.0,0.0,4.0,6.0,0.0,0.0,0.0,0.0,0.0,0.0,0.0,0.0,0.0,8.0,0.0,0.0,0.0,0.0,0.0,0.0,0.0,0.0,0.0,0.0,0.0,22.0,72.0,125.613862,0.0,2901.324,99.915626,190.044716,134.0,0.0,1140.0,14.0,60.87173,844.2,746.9454000000001,6.0,196.0,99.232966,44.0,0.0,0.0,0.0,-14.7014,59.643116000000006,62.0,44.0,14.0,2404.440084,-16.78,-8.708834,0,5.0,Low
0.0,2.0,0.0,0.0,2.0,0.0,0.0,0.0,0.0,2.0,15.0,0.0,0.0,0.0,0.0,0.0,0.0,0.0,0.0,0.0,0.0,0.0,0.0,0.0,0.0,0.0,0.0,0.0,21.0,101.0,144.414688,2.0,3323.012,109.762224,212.63468,161.0,0.0,1326.0,8.0,73.14255,787.85,878.4494,6.0,228.0,132.32613899999998,57.0,0.0,2.0,2.0,9.6227,57.497693,67.0,57.0,8.0,2737.2644710000004,-16.93,-8.654278,1,2.0,Medium
2.0,0.0,0.0,2.0,0.0,0.0,2.0,0.0,0.0,0.0,0.0,0.0,0.0,0.0,0.0,15.0,0.0,0.0,0.0,0.0,0.0,0.0,0.0,0.0,0.0,0.0,0.0,0.0,21.0,75.0,128.077625,0.0,3002.447,87.748378,193.562358,140.0,0.0,1192.0,21.0,63.139673,928.79,775.9390000000001,6.0,205.0,101.525198,57.0,0.0,0.0,0.0,0.3501999999999998,64.805377,65.0,57.0,6.0,2642.35819,-16.85,-8.75726,0,5.0,Low
0.0,0.0,0.0,2.0,0.0,0.0,4.0,0.0,0.0,0.0,10.0,5.0,0.0,0.0,0.0,0.0,0.0,0.0,0.0,0.0,0.0,0.0,0.0,0.0,0.0,0.0,0.0,0.0,21.0,106.0,137.843879,0.0,3153.957,108.71929,201.57,156.0,0.0,1272.0,6.0,70.887136,717.39,839.2902,6.0,219.0,130.209432,57.0,0.0,0.0,0.0,7.952999999999999,66.366155,63.0,57.0,6.0,2499.951911,-17.429999999999996,-8.591325,1,2.0,Medium
3.0,0.0,0.0,4.0,0.0,0.0,0.0,0.0,0.0,0.0,0.0,0.0,0.0,0.0,0.0,0.0,1.0,14.0,0.0,0.0,0.0,0.0,0.0,0.0,0.0,0.0,0.0,0.0,22.0,90.0,151.64701699999998,0.0,3306.811,99.404324,218.328537,173.0,0.0,1324.0,7.0,77.71418299999999,693.1099999999999,917.8051,6.0,227.0,118.339669,44.0,0.0,0.0,0.0,25.0333,63.758119,54.0,44.0,7.0,2906.786245,-16.79,-8.468788,1,3.0,Medium
2.0,0.0,0.0,2.0,0.0,0.0,2.0,0.0,0.0,0.0,0.0,0.0,0.0,0.0,0.0,0.0,0.0,16.0,0.0,0.0,0.0,0.0,0.0,0.0,0.0,0.0,0.0,0.0,22.0,94.0,153.620944,0.0,3325.4700000000003,97.831426,218.372358,178.0,0.0,1340.0,6.0,80.010442,651.64,933.953,6.0,230.0,120.689648,44.0,0.0,0.0,0.0,29.373,66.894146,52.0,44.0,6.0,2915.795986,-17.04,-8.367699,1,4.0,Medium
2.0,0.0,0.0,0.0,0.0,0.0,4.0,0.0,0.0,0.0,0.0,0.0,8.0,0.0,0.0,8.0,0.0,0.0,0.0,0.0,0.0,0.0,0.0,0.0,0.0,0.0,0.0,0.0,22.0,110.0,153.885326,0.0,3569.1760000000004,120.54932399999998,231.41235800000004,168.0,0.0,1424.0,14.0,76.607486,961.16,924.4374,6.0,244.0,135.385802,68.0,0.0,0.0,0.0,5.0336,66.06512799999999,76.0,68.0,6.0,3075.440432,-18.0,-8.677241,1,4.0,Medium
0.0,0.0,3.0,0.0,0.0,0.0,2.0,0.0,0.0,1.0,16.0,0.0,0.0,0.0,0.0,0.0,0.0,0.0,0.0,0.0,0.0,0.0,0.0,0.0,0.0,0.0,0.0,0.0,22.0,108.0,145.627187,1.0,3390.487,120.722602,219.503044,161.0,0.0,1346.0,9.0,73.361942,840.15,893.0065,6.0,231.0,142.85920199999998,58.0,0.0,1.0,1.0,9.5325,57.42517,70.0,58.0,9.0,2652.248915,-17.43,-8.614205,2,0.0,High
0.0,3.0,0.0,0.0,0.0,0.0,3.0,0.0,0.0,0.0,13.0,0.0,0.0,0.0,0.0,2.0,0.0,0.0,0.0,0.0,0.0,0.0,0.0,0.0,0.0,0.0,0.0,0.0,21.0,98.0,135.139251,0.0,3148.172,107.978321,205.558537,148.0,0.0,1248.0,11.0,67.253276,817.3899999999999,827.8380999999999,6.0,214.0,130.276763,54.0,0.0,0.0,0.0,6.9214,56.436349,66.0,54.0,9.0,2456.528329,-16.56,-8.674859,1,3.0,Medium
2.0,0.0,0.0,2.0,0.0,0.0,0.0,0.0,0.0,2.0,16.0,0.0,0.0,0.0,0.0,0.0,0.0,0.0,0.0,0.0,0.0,0.0,0.0,0.0,0.0,0.0,0.0,0.0,22.0,106.0,146.88073400000002,2.0,3413.042,114.754634,217.80468,164.0,0.0,1360.0,6.0,74.48095,817.78,893.617,6.0,234.0,138.70711,62.0,0.0,2.0,2.0,9.6748,59.78721,70.0,62.0,6.0,2766.886418,-17.759999999999998,-8.616778,2,0.0,High
2.0,0.0,2.0,0.0,0.0,0.0,2.0,0.0,0.0,0.0,0.0,0.0,0.0,0.0,0.0,0.0,0.0,0.0,0.0,0.0,15.0,0.0,0.0,0.0,0.0,0.0,0.0,0.0,21.0,41.0,136.44946399999998,0.0,2959.659,111.834672,195.98028,149.0,0.0,1172.0,8.0,63.30029799999999,677.34,813.2052,6.0,201.0,82.00516199999998,40.0,0.0,0.0,0.0,20.9959,62.851178,52.0,40.0,8.0,2596.085888,-15.670000000000002,-8.619776,1,2.0,Medium
4.0,0.0,0.0,0.0,0.0,0.0,3.0,0.0,0.0,0.0,14.0,0.0,0.0,0.0,0.0,0.0,1.0,0.0,0.0,0.0,0.0,0.0,0.0,0.0,0.0,0.0,0.0,0.0,22.0,101.0,139.69508100000002,0.0,3272.691,114.636079,214.764716,152.0,0.0,1290.0,7.0,68.684023,845.5300000000001,849.5975,6.0,221.0,136.49035899999998,58.0,0.0,0.0,0.0,7.450199999999999,55.886929,69.0,58.0,7.0,2511.834043,-17.06,-8.618318,2,0.0,High
2.0,0.0,0.0,0.0,0.0,5.0,0.0,0.0,0.0,0.0,0.0,0.0,0.0,0.0,0.0,13.0,1.0,0.0,0.0,0.0,0.0,0.0,0.0,0.0,0.0,0.0,0.0,0.0,21.0,66.0,123.53478,0.0,2887.275,90.891561,185.602358,133.0,0.0,1144.0,20.0,58.993441,906.6,741.1741,6.0,197.0,92.367235,55.0,0.0,0.0,0.0,-4.0139000000000005,64.313532,64.0,55.0,7.0,2593.729031,-16.81,-8.754825,1,4.0,Medium
0.0,0.0,2.0,0.0,0.0,0.0,5.0,0.0,0.0,0.0,13.0,0.0,0.0,0.0,0.0,0.0,1.0,0.0,0.0,0.0,0.0,0.0,0.0,0.0,0.0,0.0,0.0,0.0,21.0,104.0,137.281699,0.0,3165.847,111.473493,205.427922,153.0,0.0,1264.0,9.0,69.951249,769.1999999999999,839.8670999999999,6.0,217.0,132.724854,53.0,0.0,0.0,0.0,6.366099999999999,59.658324,64.0,53.0,9.0,2458.48275,-16.81,-8.66004,1,2.0,Medium
0.0,0.0,0.0,2.0,0.0,0.0,5.0,0.0,0.0,0.0,14.0,0.0,0.0,0.0,0.0,0.0,1.0,0.0,0.0,0.0,0.0,0.0,0.0,0.0,0.0,0.0,0.0,0.0,22.0,113.0,145.779227,0.0,3323.225,112.901969,212.78,166.0,0.0,1342.0,7.0,75.770259,752.73,887.9979,6.0,231.0,137.20734899999997,58.0,0.0,0.0,0.0,7.713999999999999,69.78157099999999,65.0,58.0,7.0,2642.624189,-18.22,-8.602435,1,2.0,Medium
2.0,0.0,0.0,16.0,0.0,0.0,2.0,0.0,0.0,2.0,0.0,0.0,0.0,0.0,0.0,0.0,0.0,0.0,0.0,0.0,0.0,0.0,0.0,0.0,0.0,0.0,0.0,0.0,22.0,122.0,188.579564,2.0,4058.668,115.42846,263.80468,210.0,0.0,1636.0,22.0,100.620986,741.1400000000001,1124.9542,22.0,280.0,144.9876,46.0,0.0,2.0,2.0,-2.6526,67.676128,70.0,46.0,22.0,3731.802616,-17.759999999999998,-8.760463,0,5.0,Low
5.0,0.0,0.0,0.0,0.0,0.0,5.0,0.0,0.0,0.0,0.0,0.0,8.0,0.0,0.0,0.0,4.0,0.0,0.0,0.0,0.0,0.0,0.0,0.0,0.0,0.0,0.0,0.0,22.0,105.0,149.74728199999998,0.0,3484.384,125.254197,230.560895,159.0,0.0,1370.0,10.0,72.86468599999999,942.0,892.779,6.0,234.0,135.34653200000002,60.0,0.0,0.0,0.0,-1.1127000000000002,55.13459,75.0,60.0,10.0,2875.5356380000003,-16.97,-8.629327,1,2.0,Medium
0.0,0.0,3.0,0.0,0.0,0.0,3.0,0.0,0.0,0.0,14.0,0.0,0.0,0.0,0.0,2.0,0.0,0.0,0.0,0.0,0.0,0.0,0.0,0.0,0.0,0.0,0.0,0.0,22.0,106.0,143.391094,0.0,3334.423,118.572954,217.466883,158.0,0.0,1324.0,11.0,71.844046,852.9200000000001,879.3380999999999,6.0,227.0,139.53167699999997,57.0,0.0,0.0,0.0,8.843799999999998,59.470222,69.0,57.0,9.0,2600.405293,-17.389999999999997,-8.642695,1,2.0,Medium
2.0,0.0,0.0,0.0,0.0,0.0,2.0,0.0,0.0,2.0,0.0,0.0,15.0,0.0,0.0,0.0,0.0,0.0,0.0,0.0,0.0,0.0,0.0,0.0,0.0,0.0,0.0,0.0,21.0,131.0,169.474989,2.0,3901.613,141.124943,251.03468000000004,185.0,0.0,1560.0,6.0,85.336635,920.7,1009.019,6.0,267.0,154.850544,74.0,0.0,2.0,2.0,8.3915,58.402761,82.0,74.0,6.0,3426.550227,-17.53,-8.594873,2,0.0,High
2.0,0.0,0.0,0.0,0.0,0.0,4.0,0.0,0.0,0.0,0.0,0.0,9.0,0.0,0.0,6.0,0.0,0.0,0.0,0.0,0.0,0.0,0.0,0.0,0.0,0.0,0.0,0.0,21.0,111.0,151.283791,0.0,3497.1130000000003,120.582953,227.202358,165.0,0.0,1396.0,12.0,75.448827,912.86,907.1878000000002,6.0,239.0,134.969606,66.0,0.0,0.0,0.0,5.6063,62.439805,74.0,66.0,6.0,3005.495309,-17.21,-8.677784,1,3.0,Medium
0.0,2.0,2.0,0.0,0.0,0.0,2.0,0.0,0.0,0.0,16.0,0.0,0.0,0.0,0.0,0.0,0.0,0.0,0.0,0.0,0.0,0.0,0.0,0.0,0.0,0.0,0.0,0.0,22.0,106.0,143.207008,0.0,3341.8459999999995,120.662692,219.55028,156.0,0.0,1320.0,10.0,70.834686,856.9200000000001,879.0606,6.0,226.0,142.67449599999998,56.0,0.0,0.0,0.0,9.464,55.347236,70.0,56.0,10.0,2556.26645,-17.1,-8.613041,1,1.0,Medium
1.0,0.0,0.0,0.0,0.0,0.0,2.0,0.0,0.0,3.0,15.0,0.0,0.0,0.0,0.0,0.0,0.0,0.0,0.0,0.0,0.0,0.0,0.0,0.0,0.0,0.0,0.0,0.0,21.0,102.0,140.70973700000002,3.0,3274.4479999999994,106.724347,205.674662,159.0,0.0,1310.0,6.0,72.71493000000001,768.28,858.1136,6.0,226.0,131.99868999999998,60.0,0.0,3.0,3.0,7.393899999999999,58.54716499999999,67.0,60.0,6.0,2677.3648030000004,-17.259999999999998,-8.65198,1,2.0,Medium
0.0,0.0,3.0,0.0,3.0,0.0,0.0,0.0,0.0,0.0,7.0,0.0,8.0,0.0,0.0,0.0,0.0,0.0,0.0,0.0,0.0,0.0,0.0,0.0,0.0,0.0,0.0,0.0,21.0,121.0,163.045002,0.0,3696.974,135.870115,242.976883,178.0,0.0,1476.0,9.0,81.089437,869.23,979.2425,6.0,252.0,148.692015,62.0,0.0,0.0,0.0,13.034,58.289906,74.0,62.0,9.0,3136.105841,-16.88,-8.605968,2,0.0,High
0.0,0.0,3.0,0.0,0.0,0.0,3.0,0.0,0.0,2.0,14.0,0.0,0.0,0.0,0.0,0.0,0.0,0.0,0.0,0.0,0.0,0.0,0.0,0.0,0.0,0.0,0.0,0.0,22.0,108.0,149.970016,2.0,3474.653,118.90166800000002,223.539205,166.0,0.0,1380.0,11.0,76.48761,839.8,917.9319,8.0,237.0,142.903953,57.0,0.0,2.0,2.0,6.689399999999999,56.837992,71.0,57.0,11.0,2784.287833,-17.47,-8.63712,1,1.0,Medium
2.0,0.0,0.0,2.0,0.0,0.0,2.0,0.0,0.0,16.0,0.0,0.0,0.0,0.0,0.0,0.0,0.0,0.0,0.0,0.0,0.0,0.0,0.0,0.0,0.0,0.0,0.0,0.0,22.0,94.0,186.09403200000003,16.0,4254.43,94.10597,250.310934,210.0,0.0,1692.0,22.0,102.90489,870.3599999999999,1117.5482000000002,22.0,294.0,132.592672,60.0,0.0,16.0,16.0,-16.787,47.141586,84.0,60.0,22.0,4230.88989,-18.32,-8.909797,1,4.0,Medium
0.0,0.0,4.0,0.0,0.0,0.0,3.0,0.0,0.0,0.0,14.0,0.0,0.0,0.0,0.0,0.0,1.0,0.0,0.0,0.0,0.0,0.0,0.0,0.0,0.0,0.0,0.0,0.0,22.0,105.0,142.890513,0.0,3324.863,121.682963,218.415844,156.0,0.0,1314.0,11.0,71.127039,856.73,876.2683,6.0,225.0,140.44037899999998,54.0,0.0,0.0,0.0,7.302599999999998,55.886929,69.0,54.0,11.0,2557.778199,-17.06,-8.623205,1,1.0,Medium
3.0,0.0,0.0,0.0,0.0,0.0,4.0,0.0,0.0,0.0,0.0,0.0,14.0,0.0,0.0,0.0,1.0,0.0,0.0,0.0,0.0,0.0,0.0,0.0,0.0,0.0,0.0,0.0,22.0,132.0,169.28686299999998,0.0,3895.053,144.466666,255.20853700000004,183.0,0.0,1552.0,7.0,84.028001,951.55,1008.3551,6.0,265.0,157.345419,72.0,0.0,0.0,0.0,7.5535,61.094191,82.0,72.0,7.0,3306.484841,-17.909999999999997,-8.596372,2,0.0,High
3.0,0.0,0.0,0.0,0.0,0.0,3.0,0.0,0.0,2.0,14.0,0.0,0.0,0.0,0.0,0.0,0.0,0.0,0.0,0.0,0.0,0.0,0.0,0.0,0.0,0.0,0.0,0.0,22.0,105.0,147.573442,2.0,3435.524,113.61650500000002,220.800859,163.0,0.0,1362.0,8.0,74.655348,831.4000000000001,897.9288,8.0,234.0,139.941438,60.0,0.0,2.0,2.0,6.800099999999999,56.837992,71.0,60.0,8.0,2749.829716,-17.47,-8.6398325,1,1.0,Medium
2.0,0.0,0.0,16.0,0.0,0.0,2.0,2.0,0.0,0.0,0.0,0.0,0.0,0.0,0.0,0.0,0.0,0.0,0.0,0.0,0.0,0.0,0.0,0.0,0.0,0.0,0.0,0.0,22.0,122.0,184.260914,0.0,3946.54,118.262926,259.732358,204.0,0.0,1592.0,22.0,97.238812,722.6800000000001,1098.3102,22.0,272.0,143.42647399999998,44.0,0.0,0.0,0.0,-2.974,69.90999,68.0,44.0,22.0,3554.526344,-17.68,-8.745569,0,5.0,Low
1.0,0.0,0.0,0.0,0.0,0.0,3.0,0.0,0.0,2.0,15.0,0.0,0.0,0.0,0.0,0.0,0.0,0.0,0.0,0.0,0.0,0.0,0.0,0.0,0.0,0.0,0.0,0.0,21.0,104.0,139.964626,2.0,3246.438,107.737879,205.638501,158.0,0.0,1300.0,6.0,72.145164,759.0500000000001,854.0255999999999,6.0,224.0,133.077431,59.0,0.0,2.0,2.0,8.0134,59.871865,66.0,59.0,6.0,2609.416115,-17.22,-8.629452,1,2.0,Medium
4.0,0.0,0.0,0.0,0.0,0.0,2.0,0.0,0.0,0.0,14.0,2.0,0.0,0.0,0.0,0.0,0.0,0.0,0.0,0.0,0.0,0.0,0.0,0.0,0.0,0.0,0.0,0.0,22.0,102.0,140.01157600000002,0.0,3289.674,116.588698,215.724716,152.0,0.0,1296.0,6.0,68.39167,845.72,852.3898,6.0,222.0,138.733628,60.0,0.0,0.0,0.0,9.6116,55.410496,70.0,60.0,6.0,2511.408868,-17.099999999999998,-8.580338,2,0.0,High
2.0,0.0,0.0,0.0,1.0,0.0,3.0,0.0,0.0,0.0,0.0,0.0,16.0,0.0,0.0,0.0,0.0,0.0,0.0,0.0,0.0,0.0,0.0,0.0,0.0,0.0,0.0,0.0,22.0,142.0,178.81643,0.0,4075.897,151.309429,266.092358,195.0,0.0,1634.0,6.0,89.443915,947.0,1063.118,6.0,279.0,164.532687,76.0,0.0,0.0,0.0,11.566300000000002,64.729167,84.0,76.0,6.0,3527.848535,-18.32,-8.584091,2,0.0,High
0.0,0.0,3.0,0.0,3.0,0.0,0.0,0.0,0.0,4.0,12.0,0.0,0.0,0.0,0.0,0.0,0.0,0.0,0.0,0.0,0.0,0.0,0.0,0.0,0.0,0.0,0.0,0.0,22.0,106.0,163.04736400000002,4.0,3713.072,118.071301,236.611527,181.0,0.0,1478.0,13.0,83.69922700000001,848.6800000000001,988.3663,10.0,254.0,141.15693799999997,57.0,0.0,4.0,4.0,6.7281,56.468807,73.0,57.0,13.0,3200.86958,-17.549999999999997,-8.679413,1,2.0,Medium
2.0,0.0,0.0,0.0,2.0,0.0,2.0,0.0,0.0,0.0,0.0,0.0,0.0,0.0,0.0,0.0,0.0,0.0,0.0,0.0,0.0,0.0,15.0,0.0,0.0,0.0,0.0,0.0,21.0,135.0,195.33045400000003,0.0,4081.0,118.955328,273.16235800000004,234.0,0.0,1666.0,6.0,107.011485,625.3399999999999,1187.622,6.0,284.0,154.077986,42.0,0.0,0.0,0.0,50.2657,70.358883,50.0,42.0,6.0,3731.495655,-16.25,-8.446249,1,2.0,Medium
2.0,0.0,0.0,0.0,0.0,0.0,2.0,0.0,0.0,2.0,0.0,0.0,0.0,0.0,0.0,17.0,0.0,0.0,0.0,0.0,0.0,0.0,0.0,0.0,0.0,0.0,0.0,0.0,23.0,77.0,138.492611,2.0,3290.699,92.158068,207.97468,152.0,0.0,1304.0,23.0,68.699355,1040.31,840.5986,6.0,225.0,107.933026,65.0,0.0,2.0,2.0,-1.473,68.659969,73.0,65.0,6.0,2948.599132,-18.59,-8.773544,0,5.0,Low
2.0,0.0,0.0,0.0,0.0,0.0,4.0,0.0,0.0,0.0,14.0,0.0,2.0,0.0,0.0,0.0,0.0,0.0,0.0,0.0,0.0,0.0,0.0,0.0,0.0,0.0,0.0,0.0,22.0,114.0,147.621224,0.0,3417.074,120.12253,221.652358,164.0,0.0,1364.0,6.0,74.49612,817.78,897.845,6.0,234.0,144.19124399999998,62.0,0.0,0.0,0.0,10.1668,62.41030799999999,70.0,62.0,6.0,2677.547428,-17.759999999999998,-8.580365,2,0.0,High
0.0,0.0,0.0,2.0,0.0,0.0,5.0,0.0,0.0,0.0,0.0,0.0,0.0,0.0,0.0,14.0,1.0,0.0,0.0,0.0,0.0,0.0,0.0,0.0,0.0,0.0,0.0,0.0,22.0,85.0,135.342353,0.0,3126.847,90.759709,198.78,152.0,0.0,1258.0,21.0,69.133349,906.73,820.9350999999999,6.0,217.0,106.363487,58.0,0.0,0.0,0.0,-1.4434000000000002,74.824035,65.0,58.0,7.0,2755.359651,-18.22,-8.75234,0,6.0,Low
1.0,0.0,4.0,0.0,0.0,0.0,1.0,0.0,0.0,0.0,0.0,0.0,0.0,0.0,0.0,16.0,0.0,0.0,0.0,0.0,0.0,0.0,0.0,0.0,0.0,0.0,0.0,0.0,22.0,73.0,131.63365399999998,0.0,3139.848,99.568973,206.372023,139.0,0.0,1226.0,26.0,62.681402000000006,1056.12,804.3598000000001,6.0,210.0,109.123436,56.0,0.0,0.0,0.0,-0.0922999999999998,57.707418,71.0,56.0,10.0,2691.5313180000003,-16.81,-8.763525,1,4.0,Medium
0.0,0.0,2.0,2.0,2.0,0.0,0.0,0.0,0.0,0.0,0.0,0.0,0.0,0.0,0.0,0.0,0.0,0.0,0.0,0.0,0.0,0.0,16.0,0.0,0.0,0.0,0.0,0.0,22.0,144.0,208.409956,0.0,4333.446,129.284982,290.197922,250.0,0.0,1772.0,8.0,114.485688,657.24,1269.2704,6.0,302.0,163.264908,42.0,0.0,0.0,0.0,54.2942,74.357648,52.0,42.0,8.0,4003.827678,-17.04,-8.512104,1,2.0,Medium
2.0,0.0,0.0,0.0,0.0,0.0,5.0,0.0,0.0,0.0,0.0,0.0,0.0,0.0,0.0,0.0,1.0,0.0,0.0,0.0,0.0,0.0,13.0,0.0,0.0,0.0,0.0,0.0,21.0,128.0,181.261541,0.0,3843.529000000001,114.160619,256.122358,216.0,0.0,1564.0,7.0,99.262386,643.61,1105.1217,6.0,267.0,147.731627,42.0,0.0,0.0,0.0,39.8499,68.508542,51.0,42.0,7.0,3414.955424,-16.29,-8.493703,1,3.0,Medium
2.0,0.0,0.0,10.0,0.0,0.0,2.0,0.0,0.0,0.0,0.0,0.0,0.0,0.0,0.0,0.0,8.0,0.0,0.0,0.0,0.0,0.0,0.0,0.0,0.0,0.0,0.0,0.0,22.0,86.0,138.926032,0.0,3108.942,100.832354,202.052358,154.0,0.0,1244.0,14.0,70.933282,797.8,826.1666,6.0,214.0,105.644464,44.0,0.0,0.0,0.0,-9.4982,67.890578,60.0,44.0,14.0,2717.703186,-17.36,-8.758198,0,5.0,Low
0.0,0.0,2.0,0.0,2.0,0.0,2.0,0.0,0.0,0.0,0.0,0.0,0.0,0.0,0.0,0.0,0.0,0.0,0.0,0.0,0.0,0.0,16.0,0.0,0.0,0.0,0.0,0.0,22.0,144.0,206.564658,0.0,4305.392,128.265976,288.197922,248.0,0.0,1760.0,8.0,113.672428,657.24,1260.0364,6.0,300.0,163.651686,42.0,0.0,0.0,0.0,53.514,74.073542,52.0,42.0,8.0,3939.228484,-17.04,-8.5054035,1,2.0,Medium
0.0,1.0,0.0,0.0,0.0,0.0,6.0,0.0,0.0,0.0,0.0,0.0,0.0,0.0,0.0,0.0,1.0,0.0,0.0,0.0,0.0,0.0,14.0,0.0,0.0,0.0,0.0,0.0,22.0,138.0,192.049492,0.0,4046.471,119.259546,268.336179,231.0,0.0,1656.0,8.0,106.380819,649.51,1173.543,6.0,283.0,155.60625900000002,43.0,0.0,0.0,0.0,42.6159,75.625835,52.0,43.0,8.0,3616.263913,-17.37,-8.502286,1,1.0,Medium
2.0,0.0,0.0,0.0,0.0,0.0,2.0,0.0,0.0,2.0,0.0,0.0,0.0,0.0,0.0,0.0,0.0,0.0,0.0,0.0,0.0,0.0,16.0,0.0,0.0,0.0,0.0,0.0,22.0,138.0,201.130892,2.0,4251.164000000001,121.379404,280.44468,242.0,0.0,1732.0,6.0,111.24633,670.1,1227.263,6.0,296.0,159.99454400000002,46.0,0.0,2.0,2.0,50.0146,70.39568,54.0,46.0,6.0,3907.757688,-17.12,-8.483942,1,3.0,Medium
2.0,0.0,0.0,0.0,0.0,2.0,2.0,0.0,0.0,0.0,0.0,0.0,0.0,0.0,0.0,0.0,0.0,0.0,0.0,0.0,0.0,0.0,16.0,0.0,0.0,0.0,0.0,0.0,22.0,138.0,198.657542,0.0,4167.09,124.80734,278.372358,238.0,0.0,1700.0,6.0,108.677416,651.64,1209.853,6.0,290.0,158.255274,44.0,0.0,0.0,0.0,50.4734,73.034248,52.0,44.0,6.0,3793.274484,-17.04,-8.442171,1,3.0,Medium
2.0,2.0,0.0,0.0,0.0,0.0,2.0,0.0,0.0,0.0,0.0,0.0,0.0,0.0,0.0,0.0,0.0,0.0,0.0,0.0,0.0,0.0,16.0,0.0,0.0,0.0,0.0,0.0,22.0,136.0,197.704748,0.0,4181.936,124.783026,282.36471600000004,234.0,0.0,1692.0,8.0,107.19181799999998,703.6400000000001,1208.6052,6.0,288.0,161.600142,42.0,0.0,0.0,0.0,50.6578,66.239812,54.0,42.0,8.0,3738.764836,-16.46,-8.471874,1,2.0,Medium
1.0,0.0,2.0,0.0,0.0,0.0,3.0,0.0,0.0,0.0,16.0,0.0,0.0,0.0,0.0,0.0,0.0,0.0,0.0,0.0,0.0,0.0,0.0,0.0,0.0,0.0,0.0,0.0,22.0,109.0,144.083218,0.0,3349.434,119.974413,218.554101,159.0,0.0,1330.0,8.0,72.181422,828.12,882.2508,6.0,228.0,142.950438,58.0,0.0,0.0,0.0,10.1889,58.74987,69.0,58.0,8.0,2572.8141880000003,-17.39,-8.59593,2,0.0,High
2.0,0.0,0.0,0.0,2.0,0.0,2.0,0.0,0.0,0.0,0.0,0.0,0.0,0.0,0.0,0.0,0.0,0.0,0.0,0.0,0.0,0.0,16.0,0.0,0.0,0.0,0.0,0.0,22.0,142.0,204.966942,0.0,4279.3060000000005,124.742534,286.372358,246.0,0.0,1748.0,6.0,112.45092,651.64,1246.701,6.0,298.0,161.676676,44.0,0.0,0.0,0.0,53.5878,74.073542,52.0,44.0,6.0,3916.256406,-17.04,-8.434449,1,3.0,Medium
2.0,0.0,1.0,0.0,0.0,0.0,3.0,0.0,0.0,0.0,16.0,0.0,0.0,0.0,0.0,0.0,0.0,0.0,0.0,0.0,0.0,0.0,0.0,0.0,0.0,0.0,0.0,0.0,22.0,108.0,143.28436,0.0,3336.391,118.212692,217.641319,158.0,0.0,1324.0,7.0,71.570668,825.32,875.5831000000001,6.0,227.0,141.962933,59.0,0.0,0.0,0.0,10.2258,58.74987,69.0,59.0,7.0,2561.328149,-17.39,-8.585561,2,0.0,High
1.0,4.0,0.0,0.0,0.0,0.0,1.0,0.0,0.0,0.0,16.0,0.0,0.0,0.0,0.0,0.0,0.0,0.0,0.0,0.0,0.0,0.0,0.0,0.0,0.0,0.0,0.0,0.0,22.0,101.0,140.733082,0.0,3308.172,117.827529,218.720895,151.0,0.0,1298.0,10.0,68.266442,880.12,862.5350000000001,6.0,222.0,140.423544,56.0,0.0,0.0,0.0,8.812899999999999,51.944602,71.0,56.0,10.0,2516.746634,-16.81,-8.609249,2,0.0,High
2.0,0.0,0.0,0.0,0.0,0.0,4.0,0.0,0.0,0.0,0.0,0.0,0.0,0.0,0.0,3.0,0.0,0.0,0.0,0.0,0.0,0.0,14.0,0.0,0.0,0.0,0.0,0.0,23.0,137.0,196.522787,0.0,4188.961,123.015696,278.462358,234.0,0.0,1704.0,9.0,107.07804299999998,738.6299999999999,1199.5054,6.0,291.0,159.222444,49.0,0.0,0.0,0.0,44.9034,75.797909,57.0,49.0,6.0,3754.75295,-17.950000000000003,-8.452862,1,3.0,Medium
3.0,0.0,0.0,0.0,0.0,0.0,4.0,0.0,0.0,0.0,14.0,0.0,0.0,0.0,0.0,0.0,1.0,0.0,0.0,0.0,0.0,0.0,0.0,0.0,0.0,0.0,0.0,0.0,22.0,104.0,140.754793,0.0,3278.311,113.9478,213.768537,155.0,0.0,1300.0,7.0,70.252267,822.33,856.8891,6.0,223.0,136.766301,58.0,0.0,0.0,0.0,7.321099999999998,59.289563,68.0,58.0,7.0,2528.381781,-17.349999999999998,-8.611883,1,1.0,Medium
2.0,1.0,0.0,0.0,0.0,0.0,3.0,0.0,0.0,0.0,0.0,0.0,16.0,0.0,0.0,0.0,0.0,0.0,0.0,0.0,0.0,0.0,0.0,0.0,0.0,0.0,0.0,0.0,22.0,139.0,175.185333,0.0,4027.212,151.329675,264.088537,189.0,0.0,1606.0,7.0,86.814364,973.0,1044.0701,6.0,274.0,164.49442,75.0,0.0,0.0,0.0,10.101300000000002,60.812302,85.0,75.0,7.0,3439.10275,-18.03,-8.58716,2,0.0,High
2.0,2.0,0.0,0.0,0.0,0.0,2.0,0.0,0.0,0.0,0.0,0.0,0.0,0.0,16.0,0.0,0.0,0.0,0.0,0.0,0.0,0.0,0.0,0.0,0.0,0.0,0.0,0.0,22.0,72.0,145.073356,0.0,3300.016,97.615986,217.724716,154.0,0.0,1308.0,40.0,70.641306,1072.12,895.4132,6.0,224.0,104.994926,42.0,0.0,0.0,0.0,-1.5438,62.85306,70.0,42.0,24.0,3031.257348,-17.1,-8.783628,0,5.0,Low
2.0,1.0,0.0,15.0,0.0,0.0,3.0,0.0,0.0,0.0,0.0,0.0,0.0,0.0,0.0,0.0,0.0,0.0,0.0,0.0,0.0,0.0,0.0,0.0,0.0,0.0,0.0,0.0,21.0,117.0,177.26935099999997,0.0,3809.769,112.728531,252.558537,195.0,0.0,1530.0,22.0,93.248613,717.94,1058.8526,21.0,261.0,140.208384,41.0,0.0,0.0,0.0,-1.7419,63.378207,66.0,41.0,22.0,3405.593943,-16.56,-8.767268,1,4.0,Medium
2.0,0.0,0.0,0.0,0.0,0.0,4.0,0.0,0.0,0.0,8.0,0.0,0.0,0.0,0.0,0.0,0.0,0.0,0.0,0.0,0.0,0.0,8.0,0.0,0.0,0.0,0.0,0.0,22.0,126.0,171.592942,0.0,3762.056,119.58458000000002,248.05235800000003,200.0,0.0,1520.0,6.0,91.317478,725.4799999999999,1047.647,6.0,260.0,151.701698,52.0,0.0,0.0,0.0,30.6936,67.598792,60.0,52.0,6.0,3169.12508,-17.36,-8.476936,1,3.0,Medium
2.0,0.0,0.0,0.0,0.0,0.0,4.0,0.0,0.0,0.0,10.0,0.0,0.0,0.0,6.0,0.0,0.0,0.0,0.0,0.0,0.0,0.0,0.0,0.0,0.0,0.0,0.0,0.0,22.0,98.0,144.844238,0.0,3323.064,108.441468,215.732358,160.0,0.0,1328.0,18.0,72.91370599999999,882.12,887.3399999999999,6.0,228.0,127.86216,54.0,0.0,0.0,0.0,5.978,64.967188,68.0,54.0,12.0,2753.125964,-17.68,-8.727956,1,4.0,Medium
2.0,0.0,0.0,0.0,0.0,0.0,2.0,0.0,0.0,4.0,14.0,0.0,0.0,0.0,0.0,0.0,0.0,0.0,0.0,0.0,0.0,0.0,0.0,0.0,0.0,0.0,0.0,0.0,22.0,104.0,150.123376,4.0,3497.164,110.901162,219.877002,168.0,0.0,1392.0,8.0,77.363124,826.6600000000001,913.3964,8.0,240.0,138.05989799999998,62.0,0.0,4.0,4.0,5.431999999999999,57.591226,72.0,62.0,8.0,2902.2748300000003,-17.84,-8.644248,1,2.0,Medium
0.0,2.0,2.0,16.0,0.0,0.0,2.0,0.0,0.0,0.0,0.0,0.0,0.0,0.0,0.0,0.0,0.0,0.0,0.0,0.0,0.0,0.0,0.0,0.0,0.0,0.0,0.0,0.0,22.0,122.0,186.751136,0.0,4015.526,122.355524,267.55028,204.0,0.0,1608.0,26.0,97.787982,780.28,1119.6318,22.0,274.0,148.568208,40.0,0.0,0.0,0.0,-2.0832,63.52026,70.0,40.0,26.0,3585.781842,-17.099999999999998,-8.742221,0,5.0,Low
2.0,0.0,0.0,0.0,0.0,0.0,4.0,0.0,0.0,0.0,12.0,0.0,0.0,0.0,0.0,0.0,0.0,4.0,0.0,0.0,0.0,0.0,0.0,0.0,0.0,0.0,0.0,0.0,22.0,106.0,145.602822,0.0,3321.08,111.025124,215.892358,164.0,0.0,1328.0,6.0,74.195414,762.4000000000001,888.335,6.0,228.0,136.20763399999998,56.0,0.0,0.0,0.0,14.7484,63.266888,64.0,56.0,6.0,2637.591584,-17.52,-8.555449,2,0.0,High
0.0,0.0,2.0,0.0,0.0,0.0,4.0,0.0,0.0,0.0,12.0,0.0,0.0,0.0,0.0,4.0,0.0,0.0,0.0,0.0,0.0,0.0,0.0,0.0,0.0,0.0,0.0,0.0,22.0,104.0,142.160966,0.0,3298.946,112.959774,213.557922,158.0,0.0,1316.0,12.0,71.853406,848.92,870.3816,6.0,226.0,134.413848,58.0,0.0,0.0,0.0,7.4434,63.59320799999999,68.0,58.0,8.0,2621.572058,-17.68,-8.659548,1,2.0,Medium
2.0,0.0,0.0,8.0,0.0,0.0,4.0,0.0,0.0,0.0,8.0,0.0,0.0,0.0,0.0,0.0,0.0,0.0,0.0,0.0,0.0,0.0,0.0,0.0,0.0,0.0,0.0,0.0,22.0,118.0,165.317278,0.0,3665.808,116.609108,239.732358,184.0,0.0,1472.0,14.0,86.004806,761.0,996.4926,14.0,252.0,144.19822599999998,52.0,0.0,0.0,0.0,4.359999999999999,66.23901599999999,68.0,52.0,14.0,3081.1475440000004,-17.68,-8.696136,1,2.0,Medium
1.0,3.0,0.0,0.0,0.0,0.0,2.0,0.0,0.0,0.0,16.0,0.0,0.0,0.0,0.0,0.0,0.0,0.0,0.0,0.0,0.0,0.0,0.0,0.0,0.0,0.0,0.0,0.0,22.0,104.0,141.701043,0.0,3314.776,117.13925,217.724716,154.0,0.0,1308.0,9.0,69.72393199999999,854.12,867.7759000000001,6.0,224.0,140.69948599999998,57.0,0.0,0.0,0.0,9.1108,55.347236,70.0,57.0,9.0,2533.2943720000003,-17.1,-8.611532,2,0.0,High
4.0,0.0,0.0,5.0,0.0,0.0,5.0,0.0,0.0,0.0,0.0,0.0,0.0,0.0,0.0,0.0,8.0,0.0,0.0,0.0,0.0,0.0,0.0,0.0,0.0,0.0,0.0,0.0,22.0,80.0,132.193363,0.0,3027.567,99.661397,199.044716,143.0,0.0,1194.0,14.0,65.763644,844.2,788.4984,6.0,205.0,106.059525,44.0,0.0,0.0,0.0,-11.1905,60.375045,62.0,44.0,14.0,2523.1097250000003,-16.78,-8.734808,0,5.0,Low
2.0,0.0,2.0,0.0,0.0,0.0,2.0,0.0,0.0,0.0,0.0,0.0,15.0,0.0,0.0,0.0,0.0,0.0,0.0,0.0,0.0,0.0,0.0,0.0,0.0,0.0,0.0,0.0,21.0,131.0,167.463059,0.0,3860.439,148.052007,254.78028,179.0,0.0,1532.0,8.0,82.282123,954.24,999.5952,6.0,261.0,158.431152,70.0,0.0,0.0,0.0,9.8149,54.246893,82.0,70.0,8.0,3280.529453,-16.87,-8.604502,2,0.0,High
2.0,0.0,0.0,0.0,0.0,0.0,4.0,0.0,0.0,0.0,0.0,0.0,0.0,0.0,0.0,6.0,0.0,0.0,0.0,0.0,0.0,0.0,10.0,0.0,0.0,0.0,0.0,0.0,22.0,118.0,174.13192800000002,0.0,3786.166,111.050512,250.132358,204.0,0.0,1532.0,12.0,93.17041799999998,773.02,1061.7658,6.0,262.0,141.095482,50.0,0.0,0.0,0.0,31.908999999999995,71.12142,58.0,50.0,6.0,3368.124086,-17.28,-8.540385,1,3.0,Medium
1.0,2.0,0.0,0.0,0.0,0.0,3.0,0.0,0.0,0.0,16.0,0.0,0.0,0.0,0.0,0.0,0.0,0.0,0.0,0.0,0.0,0.0,0.0,0.0,0.0,0.0,0.0,0.0,22.0,107.0,142.669004,0.0,3321.38,116.450971,216.728537,157.0,0.0,1318.0,8.0,71.181422,828.12,873.0168,6.0,226.0,140.975428,58.0,0.0,0.0,0.0,9.4087,58.74987,69.0,58.0,8.0,2549.84211,-17.39,-8.601755,2,0.0,High
2.0,0.0,0.0,0.0,0.0,0.0,4.0,0.0,0.0,0.0,0.0,0.0,10.0,0.0,0.0,6.0,0.0,0.0,0.0,0.0,0.0,0.0,0.0,0.0,0.0,0.0,0.0,0.0,22.0,118.0,159.452318,0.0,3685.336,128.072342,239.332358,174.0,0.0,1472.0,12.0,79.523578,957.62,955.6558,6.0,252.0,142.731942,70.0,0.0,0.0,0.0,6.375,65.60258,78.0,70.0,6.0,3170.4929459999994,-18.08,-8.639698,1,2.0,Medium
2.0,0.0,0.0,0.0,0.0,0.0,4.0,0.0,0.0,0.0,12.0,0.0,4.0,0.0,0.0,0.0,0.0,0.0,0.0,0.0,0.0,0.0,0.0,0.0,0.0,0.0,0.0,0.0,22.0,118.0,151.697234,0.0,3505.1800000000003,124.482368,227.572358,168.0,0.0,1400.0,6.0,76.464082,836.24,919.483,6.0,240.0,147.131118,64.0,0.0,0.0,0.0,10.2,62.668112,72.0,64.0,6.0,2788.705008,-17.84,-8.583454,2,0.0,High
2.0,0.0,0.0,0.0,0.0,0.0,4.0,0.0,0.0,0.0,0.0,0.0,0.0,0.0,0.0,8.0,0.0,0.0,0.0,0.0,0.0,8.0,0.0,0.0,0.0,0.0,0.0,0.0,22.0,62.0,144.725934,0.0,3200.976,93.634836,208.05235800000003,160.0,0.0,1280.0,14.0,69.736886,813.4799999999999,861.9654,6.0,220.0,96.189058,52.0,0.0,0.0,0.0,14.1176,72.222256,60.0,52.0,6.0,2964.505344,-17.36,-8.589808,1,4.0,Medium
0.0,3.0,0.0,0.0,0.0,0.0,3.0,0.0,0.0,0.0,8.0,0.0,0.0,0.0,0.0,8.0,0.0,0.0,0.0,0.0,0.0,0.0,0.0,0.0,0.0,0.0,0.0,0.0,22.0,91.0,136.796827,0.0,3208.1800000000003,103.798251,208.728537,149.0,0.0,1270.0,17.0,67.499656,918.92,836.7459,6.0,218.0,123.350364,57.0,0.0,0.0,0.0,3.7489,61.631278,69.0,57.0,9.0,2614.262374,-17.39,-8.725736,0,5.0,Low
3.0,0.0,0.0,0.0,0.0,0.0,3.0,0.0,0.0,6.0,10.0,0.0,0.0,0.0,0.0,0.0,0.0,0.0,0.0,0.0,0.0,0.0,0.0,0.0,0.0,0.0,0.0,0.0,22.0,101.0,157.749322,6.0,3659.876,107.947573,228.945503,175.0,0.0,1450.0,12.0,82.04621599999999,849.1600000000001,955.9556,12.0,250.0,137.873458,60.0,0.0,6.0,6.0,-0.1250999999999997,53.014236,75.0,60.0,12.0,3149.8049280000005,-17.629999999999995,-8.693475,1,4.0,Medium
2.0,0.0,0.0,0.0,0.0,6.0,4.0,0.0,0.0,0.0,10.0,0.0,0.0,0.0,0.0,0.0,0.0,0.0,0.0,0.0,0.0,0.0,0.0,0.0,0.0,0.0,0.0,0.0,22.0,104.0,151.388984,0.0,3413.2739999999994,117.543102,221.732358,166.0,0.0,1364.0,12.0,75.90771799999999,770.5799999999999,911.0172,12.0,234.0,132.93159,54.0,0.0,0.0,0.0,1.1222000000000003,64.332574,68.0,54.0,12.0,2822.9030540000003,-17.68,-8.679861,1,2.0,Medium
2.0,0.0,0.0,0.0,0.0,0.0,4.0,0.0,0.0,0.0,16.0,0.0,2.0,0.0,0.0,0.0,0.0,0.0,0.0,0.0,0.0,0.0,0.0,0.0,0.0,0.0,0.0,0.0,24.0,124.0,159.88226799999998,0.0,3705.414,130.74147,239.992358,178.0,0.0,1480.0,6.0,80.67765999999999,888.8399999999999,973.143,6.0,254.0,156.77604200000002,68.0,0.0,0.0,0.0,11.671,68.47805399999999,76.0,68.0,6.0,2896.385122,-19.42,-8.5507555,2,0.0,High
2.0,0.0,0.0,0.0,0.0,4.0,4.0,0.0,0.0,0.0,12.0,0.0,0.0,0.0,0.0,0.0,0.0,0.0,0.0,0.0,0.0,0.0,0.0,0.0,0.0,0.0,0.0,0.0,22.0,106.0,148.774394,0.0,3385.172,116.949632,219.732358,164.0,0.0,1352.0,10.0,74.781198,780.16,899.4138,10.0,232.0,135.70485,56.0,0.0,0.0,0.0,4.126,63.605884,68.0,56.0,10.0,2737.398652,-17.68,-8.65669,1,2.0,Medium
2.0,0.0,2.0,0.0,0.0,0.0,2.0,0.0,0.0,0.0,0.0,0.0,0.0,0.0,0.0,18.0,0.0,0.0,0.0,0.0,0.0,0.0,0.0,0.0,0.0,0.0,0.0,0.0,24.0,80.0,141.86571199999997,0.0,3379.668,102.813012,219.89028,152.0,0.0,1328.0,26.0,68.261548,1120.38,864.0336,6.0,228.0,115.6029,64.0,0.0,0.0,0.0,0.0484,67.89815,76.0,64.0,8.0,2920.049738,-18.76,-8.743894,1,4.0,Medium
2.0,0.0,0.0,0.0,0.0,0.0,4.0,0.0,0.0,0.0,12.0,0.0,0.0,0.0,0.0,0.0,0.0,0.0,0.0,0.0,0.0,0.0,4.0,0.0,0.0,0.0,0.0,0.0,22.0,118.0,157.569078,0.0,3545.512,117.673636,231.892358,180.0,0.0,1424.0,6.0,81.922818,762.4000000000001,961.927,6.0,244.0,146.476534,56.0,0.0,0.0,0.0,20.4136,64.875648,64.0,56.0,6.0,2867.7574640000003,-17.52,-8.549685,1,1.0,Medium
2.0,0.0,0.0,0.0,0.0,0.0,4.0,0.0,0.0,8.0,0.0,0.0,0.0,0.0,0.0,0.0,8.0,0.0,0.0,0.0,0.0,0.0,0.0,0.0,0.0,0.0,0.0,0.0,22.0,70.0,135.66043000000002,8.0,3192.752,87.62906799999999,192.34164600000005,152.0,0.0,1264.0,14.0,71.42511,871.6399999999999,812.7006000000001,6.0,220.0,98.948426,52.0,0.0,8.0,8.0,-18.3552,55.872448,68.0,52.0,14.0,2938.2967200000003,-17.68,-8.767835,0,5.0,Low
2.0,0.0,0.0,0.0,0.0,7.0,4.0,0.0,0.0,0.0,0.0,0.0,8.0,0.0,0.0,0.0,0.0,0.0,0.0,0.0,0.0,0.0,0.0,0.0,0.0,0.0,0.0,0.0,21.0,114.0,162.869797,0.0,3635.579,129.969719,237.242358,176.0,0.0,1456.0,13.0,81.25205600000001,804.0999999999999,965.7219,13.0,249.0,137.012057,58.0,0.0,0.0,0.0,-0.9989999999999996,62.693262,73.0,58.0,13.0,3200.8667280000004,-17.169999999999998,-8.671821,1,3.0,Medium
2.0,0.0,0.0,0.0,0.0,0.0,4.0,0.0,0.0,0.0,0.0,0.0,4.0,0.0,0.0,12.0,0.0,0.0,0.0,0.0,0.0,0.0,0.0,0.0,0.0,0.0,0.0,0.0,22.0,94.0,142.751342,0.0,3336.856,105.503288,215.572358,156.0,0.0,1328.0,18.0,70.77530200000001,968.24,862.0006000000001,6.0,228.0,120.693522,64.0,0.0,0.0,0.0,2.3508000000000004,66.990224,72.0,64.0,6.0,2885.335404,-17.84,-8.715713,0,5.0,Low
2.0,0.0,0.0,0.0,0.0,0.0,4.0,0.0,0.0,0.0,6.0,0.0,0.0,0.0,0.0,0.0,0.0,0.0,0.0,0.0,0.0,0.0,10.0,0.0,0.0,0.0,0.0,0.0,22.0,130.0,178.604874,0.0,3870.328,120.540052,256.132358,210.0,0.0,1568.0,6.0,96.014808,707.02,1090.507,6.0,268.0,154.31428,50.0,0.0,0.0,0.0,35.8336,68.960364,58.0,50.0,6.0,3319.808888,-17.28,-8.441012,1,3.0,Medium
2.0,0.0,0.0,0.0,0.0,0.0,4.0,0.0,0.0,4.0,13.0,0.0,0.0,0.0,0.0,0.0,0.0,0.0,0.0,0.0,0.0,0.0,0.0,0.0,0.0,0.0,0.0,0.0,23.0,111.0,159.851616,4.0,3697.49,115.40323,233.047002,179.0,0.0,1474.0,10.0,83.009796,852.6099999999999,971.8828,10.0,254.0,145.475789,63.0,0.0,4.0,4.0,3.960500000000001,61.362621,75.0,63.0,10.0,3075.783907,-18.67,-8.643896,1,2.0,Medium
1.0,0.0,0.0,2.0,0.0,0.0,3.0,0.0,0.0,0.0,0.0,0.0,0.0,0.0,0.0,0.0,0.0,16.0,0.0,0.0,0.0,0.0,0.0,0.0,0.0,0.0,0.0,0.0,22.0,97.0,154.680656,0.0,3331.09,97.143147,217.376179,181.0,0.0,1350.0,6.0,81.578686,628.44,941.2446,6.0,232.0,120.96559,44.0,0.0,0.0,0.0,29.2439,70.29678,51.0,44.0,6.0,2932.343724,-17.33,-8.341815,1,4.0,Medium
2.0,0.0,0.0,0.0,0.0,1.0,3.0,0.0,0.0,0.0,16.0,0.0,0.0,0.0,0.0,0.0,0.0,0.0,0.0,0.0,0.0,0.0,0.0,0.0,0.0,0.0,0.0,0.0,22.0,108.0,143.05365,0.0,3314.941,116.463128,214.732358,159.0,0.0,1322.0,6.0,71.813467,799.32,871.59,6.0,227.0,139.302994,60.0,0.0,0.0,0.0,9.7435,62.147088,68.0,60.0,6.0,2577.096934,-17.68,-8.576284,2,0.0,High
0.0,1.0,0.0,0.0,0.0,2.0,3.0,0.0,0.0,0.0,0.0,0.0,0.0,0.0,0.0,16.0,0.0,0.0,0.0,0.0,0.0,0.0,0.0,0.0,0.0,0.0,0.0,0.0,22.0,77.0,131.78569299999998,0.0,3081.118,91.169845,196.736179,145.0,0.0,1230.0,23.0,65.192734,954.92,799.6721,6.0,212.0,102.380432,59.0,0.0,0.0,0.0,-1.6683,71.30712199999999,67.0,59.0,7.0,2733.192286,-17.97,-8.760562,0,5.0,Low
1.0,0.0,0.0,0.0,0.0,0.0,5.0,0.0,0.0,0.0,10.0,0.0,0.0,0.0,0.0,6.0,0.0,0.0,0.0,0.0,0.0,0.0,0.0,0.0,0.0,0.0,0.0,0.0,22.0,101.0,140.13198,0.0,3250.4259999999995,105.58487300000002,208.736179,157.0,0.0,1302.0,12.0,71.25201200000001,842.1200000000001,854.7574,6.0,224.0,128.308514,60.0,0.0,0.0,0.0,6.079899999999999,67.716194,67.0,60.0,6.0,2631.252784,-17.97,-8.653846,1,3.0,Medium
2.0,0.0,0.0,2.0,0.0,0.0,4.0,0.0,0.0,0.0,14.0,0.0,0.0,0.0,0.0,0.0,0.0,0.0,0.0,0.0,0.0,0.0,0.0,0.0,0.0,0.0,0.0,0.0,22.0,112.0,148.98823,0.0,3413.178,115.974296,221.732358,166.0,0.0,1364.0,8.0,75.89732000000001,789.74,906.2784,8.0,234.0,141.988084,58.0,0.0,0.0,0.0,8.690199999999999,63.174132,68.0,58.0,8.0,2695.079272,-17.68,-8.633769,1,1.0,Medium
2.0,0.0,0.0,0.0,1.0,0.0,3.0,0.0,0.0,0.0,16.0,0.0,0.0,0.0,0.0,0.0,0.0,0.0,0.0,0.0,0.0,0.0,0.0,0.0,0.0,0.0,0.0,0.0,22.0,110.0,146.20835,0.0,3371.049,116.430725,218.732358,163.0,0.0,1346.0,6.0,73.700219,799.32,890.014,6.0,231.0,141.01369499999998,60.0,0.0,0.0,0.0,11.3007,62.666735,68.0,60.0,6.0,2638.587895,-17.68,-8.5718155,2,0.0,High
2.0,0.0,0.0,0.0,0.0,0.0,4.0,0.0,0.0,0.0,12.0,0.0,0.0,0.0,0.0,0.0,0.0,6.0,0.0,0.0,0.0,0.0,0.0,0.0,0.0,0.0,0.0,0.0,24.0,114.0,158.89267,0.0,3605.476,119.27528,234.312358,180.0,0.0,1444.0,6.0,81.210582,815.0,969.697,6.0,248.0,146.27056399999998,60.0,0.0,0.0,0.0,18.56,69.891826,68.0,60.0,6.0,2892.030146,-19.1,-8.515943,2,0.0,High
2.0,0.0,0.0,0.0,0.0,0.0,3.0,1.0,0.0,0.0,0.0,0.0,0.0,0.0,0.0,0.0,0.0,0.0,0.0,0.0,0.0,0.0,16.0,0.0,0.0,0.0,0.0,0.0,22.0,140.0,198.226456,0.0,4167.09,123.810169,278.372358,238.0,0.0,1700.0,6.0,108.985477,651.64,1209.853,6.0,290.0,160.292722,44.0,0.0,0.0,0.0,50.4734,72.837311,52.0,44.0,6.0,3751.170864,-17.04,-8.425338,1,3.0,Medium
2.0,0.0,0.0,0.0,0.0,0.0,4.0,0.0,0.0,0.0,12.0,0.0,0.0,0.0,0.0,4.0,0.0,0.0,0.0,0.0,0.0,0.0,0.0,0.0,0.0,0.0,0.0,0.0,22.0,102.0,140.56325,0.0,3272.86,109.436332,211.732358,156.0,0.0,1304.0,10.0,70.631898,843.32,857.0462,6.0,224.0,132.438838,60.0,0.0,0.0,0.0,7.5172,63.59320799999999,68.0,60.0,6.0,2598.59998,-17.68,-8.63483,1,3.0,Medium
0.0,2.0,0.0,0.0,0.0,0.0,4.0,0.0,0.0,0.0,12.0,0.0,0.0,0.0,0.0,4.0,0.0,0.0,0.0,0.0,0.0,0.0,0.0,0.0,0.0,0.0,0.0,0.0,22.0,102.0,140.746752,0.0,3270.892,109.436332,211.732358,156.0,0.0,1304.0,12.0,70.853406,848.92,861.1476,6.0,224.0,132.438838,58.0,0.0,0.0,0.0,6.663200000000001,63.59320799999999,68.0,58.0,8.0,2598.59998,-17.68,-8.660707,1,3.0,Medium
2.0,0.0,0.0,0.0,0.0,0.0,4.0,0.0,0.0,0.0,8.0,0.0,0.0,0.0,0.0,0.0,0.0,0.0,8.0,0.0,0.0,0.0,0.0,0.0,0.0,0.0,0.0,0.0,22.0,102.0,140.27922999999998,0.0,3200.976,113.886132,208.05235800000003,160.0,0.0,1280.0,6.0,72.60963,725.4799999999999,863.527,6.0,220.0,133.701746,52.0,0.0,0.0,0.0,16.2424,62.40554399999999,60.0,52.0,6.0,2467.753256,-17.36,-8.54027,2,0.0,High
1.0,0.0,0.0,0.0,0.0,0.0,5.0,0.0,0.0,0.0,12.0,0.0,0.0,0.0,0.0,4.0,0.0,0.0,0.0,0.0,0.0,0.0,0.0,0.0,0.0,0.0,0.0,0.0,22.0,105.0,141.622962,0.0,3278.48,108.748053,210.736179,159.0,0.0,1314.0,10.0,72.200142,820.12,864.3378,6.0,226.0,132.71478,60.0,0.0,0.0,0.0,7.3881,66.995842,67.0,60.0,6.0,2615.147718,-17.97,-8.623102,1,3.0,Medium
2.0,0.0,0.0,0.0,0.0,13.0,4.0,0.0,0.0,2.0,0.0,0.0,0.0,0.0,0.0,0.0,0.0,0.0,0.0,0.0,0.0,0.0,0.0,0.0,0.0,0.0,0.0,0.0,21.0,90.0,159.497467,2.0,3479.637,111.476311,223.63468,172.0,0.0,1392.0,21.0,80.455202,710.4000000000001,942.9935,21.0,239.0,115.898791,44.0,0.0,2.0,2.0,-13.6058,61.930238,67.0,44.0,21.0,3212.7372200000004,-16.93,-8.789481,1,4.0,Medium
2.0,0.0,0.0,8.0,0.0,0.0,4.0,0.0,0.0,0.0,0.0,0.0,0.0,0.0,0.0,0.0,8.0,0.0,0.0,0.0,0.0,0.0,0.0,0.0,0.0,0.0,0.0,0.0,22.0,86.0,137.080734,0.0,3080.8880000000004,99.813348,200.052358,152.0,0.0,1232.0,14.0,70.12002199999999,797.8,816.9326000000001,6.0,212.0,106.031242,44.0,0.0,0.0,0.0,-10.2784,67.606472,60.0,44.0,14.0,2653.1039920000003,-17.36,-8.753823,0,5.0,Low
2.0,0.0,0.0,0.0,0.0,0.0,3.0,0.0,1.0,0.0,16.0,0.0,0.0,0.0,0.0,0.0,0.0,0.0,0.0,0.0,0.0,0.0,0.0,0.0,0.0,0.0,0.0,0.0,22.0,110.0,143.636965,0.0,3327.9839999999995,115.762692,215.732358,160.0,0.0,1328.0,7.0,72.638912,802.12,878.2577,6.0,228.0,141.25137,59.0,0.0,0.0,0.0,9.7066,62.15250399999999,68.0,59.0,7.0,2566.389848,-17.68,-8.5856695,2,0.0,High
1.0,0.0,0.0,0.0,0.0,0.0,3.0,0.0,2.0,0.0,16.0,0.0,0.0,0.0,0.0,0.0,0.0,0.0,0.0,0.0,0.0,0.0,0.0,0.0,0.0,0.0,0.0,0.0,22.0,113.0,144.788428,0.0,3332.62,115.074413,214.736179,163.0,0.0,1338.0,8.0,74.31791,781.72,887.6,6.0,230.0,141.527312,58.0,0.0,0.0,0.0,9.1505,65.555138,67.0,58.0,8.0,2582.937586,-17.97,-8.595207,1,1.0,Medium
2.0,1.0,0.0,0.0,0.0,0.0,3.0,0.0,0.0,16.0,0.0,0.0,0.0,0.0,0.0,0.0,0.0,0.0,0.0,0.0,0.0,0.0,0.0,0.0,0.0,0.0,0.0,0.0,22.0,91.0,183.280773,16.0,4219.772,93.775243,249.307113,205.0,0.0,1670.0,23.0,100.63414,896.36,1103.0733,22.0,290.0,132.703508,59.0,0.0,16.0,16.0,-17.865099999999998,43.454846,85.0,59.0,23.0,4149.742958000001,-18.03,-8.903758,1,4.0,Medium
2.0,0.0,0.0,0.0,0.0,0.0,4.0,0.0,0.0,0.0,10.0,6.0,0.0,0.0,0.0,0.0,0.0,0.0,0.0,0.0,0.0,0.0,0.0,0.0,0.0,0.0,0.0,0.0,22.0,104.0,139.302572,0.0,3244.806,114.111036,209.732358,154.0,0.0,1292.0,6.0,69.52815799999999,799.3199999999999,848.505,6.0,222.0,135.353796,60.0,0.0,0.0,0.0,7.792999999999999,62.34228399999999,68.0,60.0,6.0,2500.733336,-17.68,-8.5832,1,1.0,Medium
0.0,1.0,0.0,0.0,0.0,0.0,4.0,0.0,1.0,0.0,16.0,0.0,0.0,0.0,0.0,0.0,0.0,0.0,0.0,0.0,0.0,0.0,0.0,0.0,0.0,0.0,0.0,0.0,22.0,113.0,144.788428,0.0,3332.62,115.074413,214.736179,163.0,0.0,1338.0,8.0,74.31791,781.72,887.6,6.0,230.0,141.527312,58.0,0.0,0.0,0.0,9.1505,65.555138,67.0,58.0,8.0,2582.937586,-17.97,-8.595207,1,1.0,Medium
2.0,0.0,0.0,0.0,0.0,0.0,4.0,0.0,0.0,0.0,0.0,0.0,0.0,0.0,0.0,8.0,0.0,0.0,8.0,0.0,0.0,0.0,0.0,0.0,0.0,0.0,0.0,0.0,22.0,86.0,134.315302,0.0,3088.76,101.233412,200.05235800000003,152.0,0.0,1232.0,14.0,68.81711,813.4799999999999,825.2054,6.0,212.0,116.076682,52.0,0.0,0.0,0.0,11.0096,65.286952,60.0,52.0,6.0,2532.17352,-17.36,-8.650567,0,5.0,Low
2.0,0.0,0.0,0.0,0.0,0.0,4.0,0.0,0.0,0.0,8.0,8.0,0.0,0.0,0.0,0.0,0.0,0.0,0.0,0.0,0.0,0.0,0.0,0.0,0.0,0.0,0.0,0.0,22.0,102.0,137.88835799999998,0.0,3216.7519999999995,113.560484,207.73235800000003,152.0,0.0,1280.0,6.0,68.52815799999999,799.3199999999999,839.271,6.0,220.0,133.387938,60.0,0.0,0.0,0.0,7.0128,62.40554399999999,68.0,60.0,6.0,2478.847832,-17.68,-8.586323,1,2.0,Medium
2.0,0.0,0.0,0.0,0.0,0.0,4.0,0.0,0.0,0.0,10.0,0.0,0.0,0.0,0.0,0.0,0.0,0.0,6.0,0.0,0.0,0.0,0.0,0.0,0.0,0.0,0.0,0.0,22.0,104.0,141.09572599999998,0.0,3232.974,114.355272,209.972358,160.0,0.0,1292.0,6.0,72.58926199999999,743.94,866.697,6.0,222.0,135.58915199999998,54.0,0.0,0.0,0.0,14.7152,62.34228399999999,62.0,54.0,6.0,2492.412404,-17.439999999999998,-8.543446,2,0.0,High
2.0,0.0,0.0,0.0,0.0,0.0,4.0,0.0,0.0,0.0,1.0,0.0,0.0,0.0,0.0,0.0,0.0,15.0,0.0,0.0,0.0,0.0,0.0,0.0,0.0,0.0,0.0,0.0,22.0,95.0,151.26124399999998,0.0,3299.388,97.996812,216.332358,175.0,0.0,1328.0,6.0,78.780368,660.87,921.687,6.0,228.0,122.33736,45.0,0.0,0.0,0.0,27.4391,66.331444,53.0,45.0,6.0,2833.396358,-17.080000000000002,-8.376876,1,3.0,Medium
2.0,0.0,0.0,0.0,0.0,0.0,3.0,0.0,1.0,0.0,0.0,0.0,0.0,0.0,0.0,16.0,0.0,0.0,0.0,0.0,0.0,0.0,0.0,0.0,0.0,0.0,0.0,0.0,22.0,78.0,131.709109,0.0,3103.552,90.457252,199.732358,144.0,0.0,1232.0,23.0,65.053872,978.12,801.6145,6.0,212.0,106.001242,59.0,0.0,0.0,0.0,-0.7589999999999999,67.91532,68.0,59.0,7.0,2695.230376,-17.68,-8.761584,0,5.0,Low
1.0,0.0,0.0,0.0,0.0,0.0,3.0,0.0,2.0,0.0,15.0,0.0,0.0,0.0,0.0,0.0,0.0,0.0,0.0,0.0,0.0,0.0,0.0,0.0,0.0,0.0,0.0,0.0,21.0,108.0,138.657906,0.0,3188.45,109.764943,205.566179,156.0,0.0,1280.0,8.0,71.22713999999999,746.19,849.951,6.0,220.0,135.234913,55.0,0.0,0.0,0.0,8.398399999999999,62.521265,64.0,55.0,8.0,2473.518739,-17.14,-8.610805,1,2.0,Medium
2.0,0.0,0.0,0.0,0.0,0.0,2.0,0.0,2.0,0.0,0.0,0.0,0.0,0.0,0.0,0.0,0.0,0.0,16.0,0.0,0.0,0.0,0.0,0.0,0.0,0.0,0.0,0.0,22.0,94.0,137.196748,0.0,3071.016,112.009572,200.372358,160.0,0.0,1232.0,8.0,72.91261,657.24,854.9484,6.0,212.0,126.152122,42.0,0.0,0.0,0.0,21.4972,62.658584000000005,52.0,42.0,8.0,2369.116664,-17.04,-8.5250635,2,0.0,High
1.0,0.0,0.0,0.0,0.0,0.0,3.0,0.0,2.0,0.0,0.0,0.0,0.0,0.0,0.0,16.0,0.0,0.0,0.0,0.0,0.0,0.0,0.0,0.0,0.0,0.0,0.0,0.0,22.0,81.0,132.860572,0.0,3108.188,89.768973,198.736179,147.0,0.0,1242.0,24.0,66.73286999999999,957.72,810.9568,6.0,214.0,106.277184,58.0,0.0,0.0,0.0,-1.3150999999999995,71.317954,67.0,58.0,8.0,2711.778114,-17.97,-8.766801,0,6.0,Low
1.0,0.0,0.0,0.0,0.0,0.0,2.0,0.0,3.0,0.0,16.0,0.0,0.0,0.0,0.0,0.0,0.0,0.0,0.0,0.0,0.0,0.0,0.0,0.0,0.0,0.0,0.0,0.0,22.0,113.0,144.880179,0.0,3331.6359999999995,115.074413,214.736179,163.0,0.0,1338.0,9.0,74.428664,784.52,889.6507,6.0,230.0,141.527312,57.0,0.0,0.0,0.0,8.7235,65.555138,67.0,57.0,9.0,2582.937586,-17.97,-8.607028,1,1.0,Medium
2.0,0.0,0.0,0.0,0.0,0.0,2.0,0.0,2.0,16.0,0.0,0.0,0.0,0.0,0.0,0.0,0.0,0.0,0.0,0.0,0.0,0.0,0.0,0.0,0.0,0.0,0.0,0.0,22.0,94.0,184.432236,16.0,4224.408,93.086964,248.310934,208.0,0.0,1680.0,24.0,102.313138,875.96,1112.4156,22.0,292.0,132.97945,58.0,0.0,16.0,16.0,-18.4212,46.85748,84.0,58.0,24.0,4166.290696,-18.32,-8.909743,1,4.0,Medium
2.0,0.0,0.0,0.0,0.0,0.0,2.0,0.0,0.0,2.0,0.0,15.0,0.0,0.0,0.0,0.0,0.0,0.0,0.0,0.0,0.0,0.0,0.0,0.0,0.0,0.0,0.0,0.0,21.0,86.0,128.29830900000002,2.0,3030.413,104.297018,191.63468,140.0,0.0,1200.0,6.0,63.07692,782.25,777.479,6.0,207.0,118.057554,59.0,0.0,2.0,2.0,2.2909999999999995,56.943681,67.0,59.0,6.0,2428.727097,-16.93,-8.643712,1,4.0,Medium
0.0,2.0,0.0,0.0,2.0,15.0,0.0,0.0,2.0,0.0,0.0,0.0,0.0,0.0,0.0,0.0,0.0,0.0,0.0,0.0,0.0,0.0,0.0,0.0,0.0,0.0,0.0,0.0,21.0,90.0,162.717393,0.0,3475.789,116.240313,227.562358,174.0,0.0,1396.0,25.0,80.673426,703.14,961.4003,21.0,239.0,113.684171,38.0,0.0,0.0,0.0,-12.5208,65.597268,65.0,38.0,25.0,3242.65011,-16.849999999999998,-8.792852,0,5.0,Low
2.0,0.0,0.0,0.0,0.0,0.0,4.0,0.0,0.0,4.0,0.0,12.0,0.0,0.0,0.0,0.0,0.0,0.0,0.0,0.0,0.0,0.0,0.0,0.0,0.0,0.0,0.0,0.0,22.0,94.0,145.23581,4.0,3384.996,106.790448,211.877002,160.0,0.0,1344.0,10.0,73.919026,817.0799999999999,878.8298,10.0,232.0,127.388242,60.0,0.0,4.0,4.0,-1.4728000000000003,58.708308,72.0,60.0,10.0,2835.052036,-17.84,-8.682374,1,4.0,Medium
0.0,2.0,0.0,0.0,0.0,0.0,2.0,0.0,0.0,2.0,0.0,0.0,0.0,0.0,0.0,16.0,0.0,0.0,0.0,0.0,0.0,0.0,0.0,0.0,0.0,0.0,0.0,0.0,22.0,74.0,133.291082,2.0,3158.588,88.430188,199.80468,146.0,0.0,1252.0,24.0,66.304158,999.38,811.8412000000001,6.0,216.0,103.84376,60.0,0.0,2.0,2.0,-2.4250000000000003,65.26592,70.0,60.0,8.0,2831.127752,-17.759999999999998,-8.786235,0,5.0,Low
1.0,0.0,0.0,0.0,0.0,0.0,3.0,0.0,0.0,2.0,0.0,16.0,0.0,0.0,0.0,0.0,0.0,0.0,0.0,0.0,0.0,0.0,0.0,0.0,0.0,0.0,0.0,0.0,22.0,93.0,134.781436,2.0,3166.176,108.642933,198.808501,149.0,0.0,1262.0,6.0,67.235934,794.58,817.8026,6.0,218.0,123.642966,62.0,0.0,2.0,2.0,2.5239000000000003,63.411818,69.0,62.0,6.0,2543.75093,-18.05,-8.640925,1,3.0,Medium
2.0,0.0,0.0,0.0,0.0,0.0,4.0,0.0,0.0,0.0,10.0,0.0,6.0,0.0,0.0,0.0,0.0,0.0,0.0,0.0,0.0,0.0,0.0,0.0,0.0,0.0,0.0,0.0,22.0,122.0,155.77324399999998,0.0,3593.286,128.842206,233.492358,172.0,0.0,1436.0,6.0,78.43204399999999,854.7,941.121,6.0,246.0,150.070992,66.0,0.0,0.0,0.0,10.2332,62.925916,74.0,66.0,6.0,2899.862588,-17.919999999999998,-8.588003,2,0.0,High
2.0,2.0,0.0,16.0,0.0,0.0,2.0,0.0,0.0,0.0,0.0,0.0,0.0,0.0,0.0,0.0,0.0,0.0,0.0,0.0,0.0,0.0,0.0,0.0,0.0,0.0,0.0,0.0,22.0,120.0,185.15342,0.0,3989.44,118.832082,265.724716,202.0,0.0,1596.0,24.0,96.566474,774.6800000000001,1106.2964000000002,22.0,272.0,146.593198,42.0,0.0,0.0,0.0,-2.0094000000000003,63.52026,70.0,42.0,24.0,3562.809764,-17.099999999999998,-8.745172,0,5.0,Low
2.0,0.0,0.0,0.0,0.0,0.0,4.0,0.0,0.0,0.0,0.0,0.0,0.0,0.0,6.0,10.0,0.0,0.0,0.0,0.0,0.0,0.0,0.0,0.0,0.0,0.0,0.0,0.0,22.0,78.0,137.38932799999998,0.0,3182.794,92.625568,205.732358,150.0,0.0,1268.0,28.0,68.173056,992.12,839.438,6.0,218.0,105.83083,54.0,0.0,0.0,0.0,-0.5630000000000002,68.56894799999999,68.0,54.0,12.0,2833.651294,-17.68,-8.811325,0,5.0,Low
0.0,2.0,0.0,0.0,0.0,0.0,0.0,0.0,2.0,2.0,16.0,0.0,0.0,0.0,0.0,0.0,0.0,0.0,0.0,0.0,0.0,0.0,0.0,0.0,0.0,0.0,0.0,0.0,22.0,106.0,145.40244,2.0,3381.052,113.735628,215.80468,162.0,0.0,1348.0,10.0,74.110706,828.98,892.5858000000001,6.0,232.0,139.093888,58.0,0.0,2.0,2.0,7.1866,59.50310399999999,70.0,58.0,10.0,2702.287224,-17.759999999999998,-8.636091,1,2.0,Medium
2.0,0.0,0.0,0.0,0.0,0.0,2.0,0.0,2.0,0.0,0.0,0.0,16.0,0.0,0.0,0.0,0.0,0.0,0.0,0.0,0.0,0.0,0.0,0.0,0.0,0.0,0.0,0.0,22.0,142.0,176.336796,0.0,4031.848,150.641396,263.092358,192.0,0.0,1616.0,8.0,88.49336199999999,952.6,1053.4124000000002,6.0,276.0,164.770362,74.0,0.0,0.0,0.0,9.5452,64.214936,84.0,74.0,8.0,3455.650488,-18.32,-8.584312,2,0.0,High
2.0,0.0,0.0,0.0,0.0,0.0,4.0,0.0,0.0,0.0,8.0,0.0,0.0,0.0,0.0,0.0,0.0,0.0,0.0,0.0,8.0,0.0,0.0,0.0,0.0,0.0,0.0,0.0,22.0,78.0,143.30867,0.0,3200.976,113.886132,208.05235800000003,160.0,0.0,1280.0,6.0,70.276366,725.4799999999999,863.351,6.0,220.0,112.250338,52.0,0.0,0.0,0.0,16.229599999999998,67.772672,60.0,52.0,6.0,2645.9836,-17.36,-8.528158,1,1.0,Medium
0.0,2.0,0.0,0.0,0.0,0.0,2.0,0.0,2.0,0.0,0.0,0.0,0.0,0.0,0.0,16.0,0.0,0.0,0.0,0.0,0.0,0.0,0.0,0.0,0.0,0.0,0.0,0.0,22.0,78.0,131.98436199999998,0.0,3100.6,90.457252,199.732358,144.0,0.0,1232.0,26.0,65.386134,986.52,807.7666,6.0,212.0,106.001242,56.0,0.0,0.0,0.0,-2.04,67.91532,68.0,56.0,10.0,2695.230376,-17.68,-8.786891,1,4.0,Medium
2.0,0.0,0.0,0.0,0.0,0.0,4.0,0.0,0.0,0.0,0.0,0.0,0.0,0.0,0.0,0.0,0.0,8.0,0.0,8.0,0.0,0.0,0.0,0.0,0.0,0.0,0.0,0.0,22.0,78.0,147.42388599999998,0.0,3185.2,93.930076,208.372358,168.0,0.0,1280.0,6.0,74.354142,651.64,887.607,6.0,220.0,107.048114,44.0,0.0,0.0,0.0,25.4592,69.289688,52.0,44.0,6.0,2832.465272,-17.04,-8.343153,0,5.0,Low
0.0,0.0,0.0,0.0,0.0,0.0,2.0,0.0,2.0,2.0,16.0,0.0,0.0,0.0,0.0,0.0,0.0,0.0,0.0,0.0,0.0,0.0,0.0,0.0,0.0,0.0,0.0,0.0,22.0,112.0,147.33836200000002,2.0,3394.26,112.35907,213.812322,168.0,0.0,1368.0,8.0,77.02568600000001,776.98,903.0676,6.0,236.0,139.645772,60.0,0.0,2.0,2.0,7.7824,66.30837199999999,68.0,60.0,8.0,2735.3827,-18.34,-8.6307535,1,1.0,Medium
0.0,2.0,0.0,0.0,0.0,0.0,5.0,0.0,0.0,0.0,0.0,0.0,14.0,0.0,0.0,0.0,1.0,0.0,0.0,0.0,0.0,0.0,0.0,0.0,0.0,0.0,0.0,0.0,22.0,135.0,170.530077,0.0,3898.705,143.778387,254.212358,186.0,0.0,1562.0,9.0,85.817753,933.95,1019.7481,6.0,267.0,157.621361,70.0,0.0,0.0,0.0,6.570400000000001,64.49682499999999,81.0,70.0,9.0,3323.032579,-18.2,-8.589994,2,0.0,High
3.0,0.0,0.0,0.0,0.0,0.0,3.0,0.0,0.0,4.0,12.0,0.0,0.0,0.0,0.0,0.0,0.0,0.0,0.0,0.0,0.0,0.0,0.0,0.0,0.0,0.0,0.0,0.0,22.0,103.0,152.661382,4.0,3547.7,110.782039,224.873181,169.0,0.0,1406.0,10.0,78.35078200000001,840.28,926.9422,10.0,242.0,138.907448,60.0,0.0,4.0,4.0,3.3375000000000004,54.926114,73.0,60.0,10.0,2949.817322,-17.549999999999997,-8.66367,1,2.0,Medium
0.0,2.0,0.0,0.0,0.0,0.0,2.0,0.0,2.0,0.0,0.0,0.0,0.0,16.0,0.0,0.0,0.0,0.0,0.0,0.0,0.0,0.0,0.0,0.0,0.0,0.0,0.0,0.0,22.0,158.0,173.07161,0.0,4029.88,175.46762,263.092358,192.0,0.0,1616.0,10.0,91.609318,958.2,1057.5138000000002,6.0,276.0,188.090538,72.0,0.0,0.0,0.0,8.6912,61.464728,84.0,72.0,10.0,3128.490344,-18.32,-8.570642,2,0.0,High
0.0,2.0,0.0,0.0,0.0,0.0,2.0,0.0,2.0,0.0,16.0,0.0,0.0,0.0,0.0,0.0,0.0,0.0,0.0,0.0,0.0,0.0,0.0,0.0,0.0,0.0,0.0,0.0,22.0,110.0,143.912218,0.0,3325.032,115.762692,215.732358,160.0,0.0,1328.0,10.0,72.97117399999999,810.52,884.4098,6.0,228.0,141.25137,56.0,0.0,0.0,0.0,8.4256,62.15250399999999,68.0,56.0,10.0,2566.389848,-17.68,-8.627318,1,1.0,Medium
2.0,0.0,0.0,0.0,0.0,0.0,4.0,0.0,0.0,0.0,0.0,0.0,0.0,0.0,8.0,8.0,0.0,0.0,0.0,0.0,0.0,0.0,0.0,0.0,0.0,0.0,0.0,0.0,22.0,78.0,139.31331799999998,0.0,3208.88,93.34834,207.73235800000003,152.0,0.0,1280.0,30.0,69.249702,997.72,852.7293999999999,6.0,220.0,105.774026,52.0,0.0,0.0,0.0,-0.6400000000000001,68.786824,68.0,52.0,14.0,2879.7916,-17.68,-8.825934,0,5.0,Low
0.0,0.0,3.0,0.0,3.0,0.0,0.0,0.0,0.0,0.0,6.0,0.0,0.0,0.0,0.0,10.0,0.0,0.0,0.0,0.0,0.0,0.0,0.0,0.0,0.0,0.0,0.0,0.0,22.0,90.0,145.416574,0.0,3348.45,107.924333,218.466883,159.0,0.0,1330.0,19.0,71.56770900000001,940.92,882.4375,6.0,228.0,121.193588,57.0,0.0,0.0,0.0,7.112299999999999,63.894323,69.0,57.0,9.0,2881.419698,-17.39,-8.739612,0,5.0,Low
1.0,0.0,0.0,3.0,0.0,0.0,2.0,0.0,0.0,0.0,16.0,0.0,0.0,0.0,0.0,0.0,0.0,0.0,0.0,0.0,0.0,0.0,0.0,0.0,0.0,0.0,0.0,0.0,22.0,113.0,147.372873,0.0,3376.669,116.602922,217.736179,166.0,0.0,1356.0,6.0,75.316292,776.12,897.3496,6.0,233.0,140.94714499999998,60.0,0.0,0.0,0.0,11.1748,65.981297,67.0,60.0,6.0,2679.836377,-17.97,-8.571569,2,0.0,High
3.0,0.0,0.0,0.0,0.0,0.0,1.0,0.0,0.0,2.0,15.0,0.0,0.0,0.0,0.0,0.0,0.0,0.0,0.0,0.0,0.0,0.0,0.0,0.0,0.0,0.0,0.0,0.0,21.0,98.0,137.845202,2.0,3235.1979999999994,109.114437,207.630859,152.0,0.0,1280.0,6.0,69.00867600000001,805.45,839.4424,6.0,220.0,132.525547,59.0,0.0,2.0,2.0,8.2716,53.066597,68.0,59.0,6.0,2576.320639,-16.64,-8.634396,1,1.0,Medium
0.0,0.0,3.0,0.0,3.0,0.0,0.0,0.0,0.0,0.0,12.0,0.0,0.0,0.0,3.0,0.0,0.0,0.0,0.0,0.0,0.0,0.0,0.0,0.0,0.0,0.0,0.0,0.0,21.0,99.0,147.390474,0.0,3341.598,114.770151,219.296883,162.0,0.0,1332.0,15.0,73.410363,836.79,898.2570000000001,6.0,228.0,130.237914,51.0,0.0,0.0,0.0,10.8234,58.666032,66.0,51.0,12.0,2784.8435789999994,-16.56,-8.707723,1,4.0,Medium
2.0,0.0,0.0,0.0,0.0,8.0,4.0,0.0,0.0,0.0,8.0,0.0,0.0,0.0,0.0,0.0,0.0,0.0,0.0,0.0,0.0,0.0,0.0,0.0,0.0,0.0,0.0,0.0,22.0,102.0,154.003574,0.0,3441.376,118.136572,223.732358,168.0,0.0,1376.0,14.0,77.03423799999999,761.0,922.6206,14.0,236.0,130.15832999999998,52.0,0.0,0.0,0.0,-1.8816000000000008,65.059264,68.0,52.0,14.0,2908.407456,-17.68,-8.703802,0,5.0,Low
0.0,3.0,0.0,0.0,3.0,0.0,0.0,0.0,0.0,0.0,8.0,0.0,0.0,0.0,0.0,0.0,0.0,0.0,8.0,0.0,0.0,0.0,0.0,0.0,0.0,0.0,0.0,0.0,22.0,99.0,147.48417899999998,0.0,3318.647,116.57851,218.048537,166.0,0.0,1324.0,9.0,74.889831,757.08,903.8085,6.0,227.0,132.712779,49.0,0.0,0.0,0.0,18.5918,60.545603,61.0,49.0,9.0,2667.799659,-17.07,-8.575456,2,0.0,High
0.0,4.0,0.0,0.0,0.0,0.0,0.0,0.0,3.0,0.0,0.0,0.0,0.0,0.0,0.0,14.0,1.0,0.0,0.0,0.0,0.0,0.0,0.0,0.0,0.0,0.0,0.0,0.0,22.0,73.0,129.900464,0.0,3069.425,92.493819,200.764716,138.0,0.0,1206.0,28.0,62.822391,1019.13,796.8896,6.0,207.0,105.646497,51.0,0.0,0.0,0.0,-4.6962,60.929393,69.0,51.0,14.0,2624.569505,-17.06,-8.778228,0,5.0,Low
0.0,2.0,0.0,0.0,0.0,0.0,3.0,0.0,1.0,0.0,0.0,0.0,0.0,0.0,0.0,16.0,0.0,0.0,0.0,0.0,0.0,0.0,0.0,0.0,0.0,0.0,0.0,0.0,22.0,78.0,131.892611,0.0,3101.584,90.457252,199.732358,144.0,0.0,1232.0,25.0,65.27538,983.72,805.7159,6.0,212.0,106.001242,57.0,0.0,0.0,0.0,-1.613,67.91532,68.0,57.0,9.0,2695.230376,-17.68,-8.778956,1,4.0,Medium
0.0,0.0,2.0,0.0,0.0,0.0,4.0,0.0,0.0,0.0,13.0,0.0,0.0,0.0,0.0,3.0,0.0,0.0,0.0,0.0,0.0,0.0,0.0,0.0,0.0,0.0,0.0,0.0,22.0,106.0,142.906457,0.0,3312.973,114.541364,214.557922,159.0,0.0,1322.0,11.0,72.327471,837.92,875.1718000000001,6.0,227.0,136.616981,58.0,0.0,0.0,0.0,8.0975,63.233032,68.0,58.0,8.0,2613.519525,-17.68,-8.646865,1,2.0,Medium
2.0,0.0,0.0,0.0,0.0,0.0,4.0,0.0,0.0,0.0,12.0,0.0,0.0,0.0,0.0,0.0,0.0,0.0,0.0,0.0,0.0,4.0,0.0,0.0,0.0,0.0,0.0,0.0,22.0,94.0,147.117538,0.0,3321.08,111.025124,215.892358,164.0,0.0,1328.0,6.0,73.028782,762.4000000000001,888.247,6.0,228.0,127.532746,56.0,0.0,0.0,0.0,14.742,65.746676,64.0,56.0,6.0,2733.2374640000003,-17.52,-8.5625515,2,0.0,High
0.0,1.0,0.0,0.0,0.0,0.0,1.0,0.0,0.0,4.0,0.0,0.0,0.0,0.0,0.0,16.0,0.0,0.0,0.0,0.0,0.0,0.0,0.0,0.0,0.0,0.0,0.0,0.0,22.0,73.0,135.74926499999998,4.0,3221.212,85.714845,198.880823,151.0,0.0,1282.0,23.0,68.90118000000001,991.84,825.2581,6.0,222.0,101.96222,63.0,0.0,4.0,4.0,-3.3661,66.019154,71.0,63.0,7.0,2983.572866,-18.13,-8.785347,1,4.0,Medium
2.0,0.0,0.0,0.0,0.0,0.0,4.0,0.0,0.0,0.0,0.0,0.0,0.0,0.0,0.0,8.0,0.0,0.0,0.0,0.0,0.0,0.0,8.0,0.0,0.0,0.0,0.0,0.0,22.0,110.0,165.62901399999998,0.0,3649.84,106.93186,240.05235800000003,192.0,0.0,1472.0,14.0,87.524958,813.4799999999999,1009.3254,6.0,252.0,134.076634,52.0,0.0,0.0,0.0,25.4608,70.4802,60.0,52.0,6.0,3233.545344,-17.36,-8.578586,1,4.0,Medium
0.0,0.0,3.0,0.0,0.0,0.0,0.0,0.0,3.0,0.0,8.0,0.0,0.0,0.0,0.0,8.0,0.0,0.0,0.0,0.0,0.0,0.0,0.0,0.0,0.0,0.0,0.0,0.0,22.0,94.0,139.193401,0.0,3247.309,109.083414,211.466883,152.0,0.0,1288.0,20.0,69.331918,927.32,856.749,6.0,221.0,126.312879,54.0,0.0,0.0,0.0,3.6382,61.631278,69.0,54.0,12.0,2648.720491,-17.39,-8.756002,0,6.0,Low
2.0,0.0,0.0,0.0,0.0,0.0,0.0,0.0,4.0,0.0,0.0,0.0,0.0,0.0,8.0,0.0,0.0,0.0,0.0,0.0,0.0,8.0,0.0,0.0,0.0,0.0,0.0,0.0,22.0,62.0,152.788898,0.0,3301.384,96.525924,216.05235800000003,168.0,0.0,1328.0,26.0,74.486486,847.0799999999999,923.3338,6.0,228.0,95.961842,40.0,0.0,0.0,0.0,12.1016,73.09376,60.0,40.0,18.0,3149.066568,-17.36,-8.751127,0,6.0,Low
0.0,0.0,2.0,0.0,2.0,0.0,0.0,0.0,0.0,2.0,0.0,0.0,0.0,0.0,0.0,16.0,0.0,0.0,0.0,0.0,0.0,0.0,0.0,0.0,0.0,0.0,0.0,0.0,22.0,76.0,140.031568,2.0,3270.804,93.289696,207.630244,154.0,0.0,1300.0,24.0,69.64828,999.38,848.6892,6.0,224.0,105.34342,60.0,0.0,2.0,2.0,0.6894000000000002,66.294382,70.0,60.0,8.0,2998.495924,-17.759999999999998,-8.805393,0,5.0,Low
2.0,0.0,0.0,0.0,0.0,0.0,4.0,0.0,0.0,0.0,0.0,0.0,0.0,0.0,0.0,8.0,0.0,0.0,0.0,0.0,0.0,0.0,0.0,0.0,0.0,0.0,8.0,0.0,22.0,102.0,177.633318,8.0,4401.664,94.510548,270.554078,192.0,0.0,1744.0,46.0,93.038798,1608.52,1060.631,6.0,300.0,134.67149,100.0,0.0,8.0,8.0,-17.7384,59.860176,108.0,100.0,6.0,4494.251528,-19.28,-8.663917,0,7.0,Low
2.0,0.0,0.0,2.0,0.0,0.0,0.0,0.0,2.0,0.0,15.0,0.0,0.0,0.0,0.0,0.0,0.0,0.0,0.0,0.0,0.0,0.0,0.0,0.0,0.0,0.0,0.0,0.0,21.0,105.0,139.443492,0.0,3210.884,111.472228,208.562358,155.0,0.0,1282.0,8.0,70.472156,769.3900000000001,851.8934,6.0,220.0,134.572193,55.0,0.0,0.0,0.0,9.3077,59.402737,65.0,55.0,8.0,2521.570195,-16.85,-8.614561,1,1.0,Medium
0.0,0.0,3.0,0.0,0.0,0.0,3.0,0.0,0.0,0.0,0.0,0.0,8.0,0.0,0.0,8.0,0.0,0.0,0.0,0.0,0.0,0.0,0.0,0.0,0.0,0.0,0.0,0.0,22.0,110.0,155.222188,0.0,3602.6850000000004,126.522766,235.146883,168.0,0.0,1432.0,17.0,76.871504,992.76,937.1489,6.0,245.0,138.07237500000002,65.0,0.0,0.0,0.0,5.0520000000000005,62.662494,77.0,65.0,9.0,3093.350811,-17.71,-8.653595,1,3.0,Medium
3.0,0.0,0.0,0.0,0.0,0.0,3.0,0.0,0.0,0.0,8.0,0.0,0.0,0.0,0.0,8.0,0.0,0.0,0.0,0.0,0.0,0.0,0.0,0.0,0.0,0.0,0.0,0.0,22.0,91.0,136.521574,0.0,3211.132,103.798251,208.728537,149.0,0.0,1270.0,14.0,67.167394,910.52,830.5938000000001,6.0,218.0,123.350364,60.0,0.0,0.0,0.0,5.0299,61.631278,69.0,60.0,6.0,2614.262374,-17.39,-8.683467,0,5.0,Low
2.0,0.0,2.0,0.0,0.0,0.0,0.0,0.0,2.0,0.0,16.0,0.0,0.0,0.0,0.0,0.0,0.0,0.0,0.0,0.0,0.0,0.0,0.0,0.0,0.0,0.0,0.0,0.0,22.0,106.0,143.207008,0.0,3341.8459999999995,120.662692,219.55028,156.0,0.0,1320.0,10.0,70.834686,856.9200000000001,879.0606,6.0,226.0,142.67449599999998,56.0,0.0,0.0,0.0,9.464,55.347236,70.0,56.0,10.0,2556.26645,-17.1,-8.613041,1,1.0,Medium
0.0,0.0,2.0,0.0,0.0,0.0,2.0,0.0,2.0,0.0,16.0,0.0,0.0,0.0,0.0,0.0,0.0,0.0,0.0,0.0,0.0,0.0,0.0,0.0,0.0,0.0,0.0,0.0,22.0,112.0,145.326432,0.0,3353.086,119.286134,217.557922,162.0,0.0,1340.0,10.0,73.97117399999999,810.52,893.6438,6.0,230.0,143.22638,56.0,0.0,0.0,0.0,9.2058,62.15250399999999,68.0,56.0,10.0,2589.361926,-17.68,-8.621431,2,0.0,High
0.0,0.0,2.0,0.0,0.0,0.0,0.0,0.0,4.0,0.0,0.0,0.0,0.0,0.0,0.0,8.0,0.0,0.0,0.0,0.0,0.0,8.0,0.0,0.0,0.0,0.0,0.0,0.0,22.0,64.0,146.690654,0.0,3223.126,97.158278,209.877922,162.0,0.0,1292.0,20.0,71.40141,830.28,883.5036,6.0,222.0,98.164068,46.0,0.0,0.0,0.0,12.3358,72.222256,60.0,46.0,12.0,2987.477422,-17.36,-8.69895,1,4.0,Medium
0.0,0.0,2.0,2.0,0.0,0.0,0.0,0.0,2.0,0.0,16.0,0.0,0.0,0.0,0.0,0.0,0.0,0.0,0.0,0.0,0.0,0.0,0.0,0.0,0.0,0.0,0.0,0.0,22.0,112.0,147.17173,0.0,3381.14,120.30514,219.557922,164.0,0.0,1352.0,10.0,74.784434,810.52,902.8778,6.0,232.0,142.839602,56.0,0.0,0.0,0.0,9.986,62.43661,68.0,56.0,10.0,2653.96112,-17.68,-8.621071,1,1.0,Medium
2.0,0.0,0.0,1.0,0.0,0.0,3.0,0.0,0.0,0.0,0.0,0.0,0.0,0.0,0.0,16.0,0.0,0.0,0.0,0.0,0.0,0.0,0.0,0.0,0.0,0.0,0.0,0.0,22.0,78.0,132.540007,0.0,3118.563,90.966755,200.732358,145.0,0.0,1238.0,22.0,65.349748,975.32,804.1808000000001,6.0,213.0,105.807853,60.0,0.0,0.0,0.0,0.0581,68.057373,68.0,60.0,6.0,2727.529973,-17.68,-8.755531,0,5.0,Low
0.0,0.0,0.0,0.0,3.0,0.0,0.0,0.0,3.0,0.0,0.0,8.0,8.0,0.0,0.0,0.0,0.0,0.0,0.0,0.0,0.0,0.0,0.0,0.0,0.0,0.0,0.0,0.0,22.0,124.0,164.576483,0.0,3703.707,131.627377,238.42,183.0,0.0,1498.0,9.0,83.384939,835.1600000000001,987.9793,6.0,257.0,144.98629300000002,65.0,0.0,0.0,0.0,9.1077,71.784721,74.0,65.0,9.0,3173.167769,-18.58,-8.61461,2,0.0,High
2.0,0.0,0.0,0.0,0.0,0.0,4.0,0.0,0.0,0.0,0.0,8.0,0.0,0.0,0.0,8.0,0.0,0.0,0.0,0.0,0.0,0.0,0.0,0.0,0.0,0.0,0.0,0.0,22.0,86.0,131.92443,0.0,3104.536,100.907764,199.73235800000003,144.0,0.0,1232.0,14.0,64.735638,887.3199999999999,800.9494,6.0,212.0,115.762874,60.0,0.0,0.0,0.0,1.7799999999999998,65.286952,68.0,60.0,6.0,2543.268096,-17.68,-8.691215,1,4.0,Medium
0.0,0.0,2.0,0.0,0.0,0.0,2.0,0.0,2.0,0.0,0.0,0.0,0.0,0.0,0.0,0.0,0.0,0.0,0.0,0.0,0.0,0.0,0.0,0.0,0.0,0.0,16.0,0.0,22.0,128.0,225.430496,16.0,5722.91,102.087286,343.201362,242.0,0.0,2268.0,74.0,122.577494,2252.92,1339.135,6.0,390.0,165.31674800000002,136.0,0.0,16.0,16.0,-36.0726,51.805032,148.0,136.0,10.0,6316.244758,-20.880000000000003,-8.7645,1,4.0,Medium
0.0,0.0,1.0,0.0,0.0,0.0,3.0,0.0,2.0,0.0,16.0,0.0,0.0,0.0,0.0,0.0,0.0,0.0,0.0,0.0,0.0,0.0,0.0,0.0,0.0,0.0,0.0,0.0,22.0,114.0,145.587286,0.0,3345.663,116.836134,215.648961,164.0,0.0,1344.0,9.0,74.928664,784.52,894.2677000000001,6.0,231.0,142.514817,57.0,0.0,0.0,0.0,9.1136,65.555138,67.0,57.0,9.0,2594.4236250000004,-17.97,-8.603562,2,0.0,High
0.0,0.0,3.0,0.0,0.0,0.0,2.0,0.0,1.0,0.0,16.0,0.0,0.0,0.0,0.0,0.0,0.0,0.0,0.0,0.0,0.0,0.0,0.0,0.0,0.0,0.0,0.0,0.0,22.0,110.0,144.973827,0.0,3361.4929999999995,121.736134,219.466883,160.0,0.0,1336.0,10.0,72.90293,833.72,890.9692,6.0,229.0,143.937943,56.0,0.0,0.0,0.0,9.725,58.74987,69.0,56.0,10.0,2584.300227,-17.39,-8.61386,1,1.0,Medium
0.0,0.0,2.0,0.0,0.0,0.0,2.0,0.0,2.0,0.0,0.0,0.0,0.0,0.0,0.0,16.0,0.0,0.0,0.0,0.0,0.0,0.0,0.0,0.0,0.0,0.0,0.0,0.0,22.0,80.0,133.398576,0.0,3128.654,93.980694,201.557922,146.0,0.0,1244.0,26.0,66.386134,986.52,817.0006000000001,6.0,214.0,107.976252,56.0,0.0,0.0,0.0,-1.2597999999999998,67.91532,68.0,56.0,10.0,2718.202454,-17.68,-8.791833,1,4.0,Medium
0.0,0.0,4.0,0.0,0.0,0.0,6.0,0.0,4.0,0.0,0.0,0.0,0.0,0.0,0.0,0.0,8.0,0.0,0.0,0.0,0.0,0.0,0.0,0.0,0.0,0.0,0.0,0.0,22.0,84.0,131.14255400000002,0.0,3005.668,104.160766,197.695844,142.0,0.0,1188.0,22.0,66.616526,866.5999999999999,800.287,6.0,204.0,110.97649,36.0,0.0,0.0,0.0,-14.9966,59.66478000000001,62.0,36.0,22.0,2407.5558960000003,-16.78,-8.758458,0,5.0,Low
0.0,0.0,2.0,0.0,2.0,0.0,0.0,0.0,2.0,0.0,16.0,0.0,0.0,0.0,0.0,0.0,0.0,0.0,0.0,0.0,0.0,0.0,0.0,0.0,0.0,0.0,0.0,0.0,22.0,112.0,150.652704,0.0,3437.248,120.6222,223.557922,168.0,0.0,1376.0,10.0,76.315296,810.52,921.2578,6.0,236.0,142.75103,56.0,0.0,0.0,0.0,11.54,63.180966,68.0,56.0,10.0,2733.75802,-17.68,-8.615714,1,1.0,Medium
0.0,0.0,2.0,0.0,0.0,0.0,4.0,0.0,0.0,0.0,0.0,0.0,0.0,0.0,0.0,8.0,0.0,0.0,0.0,0.0,8.0,0.0,0.0,0.0,0.0,0.0,0.0,0.0,22.0,64.0,138.942458,0.0,3114.846,104.756854,201.877922,154.0,0.0,1244.0,16.0,67.705354,819.08,838.3648000000001,6.0,214.0,96.600284,50.0,0.0,0.0,0.0,10.923,70.65408000000001,60.0,50.0,8.0,2733.375942,-17.36,-8.690098,1,4.0,Medium
0.0,0.0,1.0,0.0,0.0,0.0,2.0,0.0,3.0,0.0,16.0,0.0,0.0,0.0,0.0,0.0,0.0,0.0,0.0,0.0,0.0,0.0,0.0,0.0,0.0,0.0,0.0,0.0,22.0,114.0,145.679037,0.0,3344.679,116.836134,215.648961,164.0,0.0,1344.0,10.0,75.039418,787.32,896.3184,6.0,231.0,142.514817,56.0,0.0,0.0,0.0,8.686599999999999,65.555138,67.0,56.0,10.0,2594.423625,-17.97,-8.619408,1,1.0,Medium
0.0,0.0,4.0,0.0,0.0,0.0,0.0,0.0,3.0,0.0,14.0,0.0,0.0,0.0,0.0,0.0,1.0,0.0,0.0,0.0,0.0,0.0,0.0,0.0,0.0,0.0,0.0,0.0,22.0,105.0,143.16576600000002,0.0,3321.911,121.682963,218.415844,156.0,0.0,1314.0,14.0,71.459301,865.13,882.4204,6.0,225.0,140.44037899999998,51.0,0.0,0.0,0.0,6.021599999999999,55.886929,69.0,51.0,14.0,2557.778199,-17.06,-8.644325,1,3.0,Medium
0.0,0.0,2.0,0.0,0.0,0.0,2.0,0.0,2.0,16.0,0.0,0.0,0.0,0.0,0.0,0.0,0.0,0.0,0.0,0.0,0.0,0.0,0.0,0.0,0.0,0.0,0.0,0.0,22.0,96.0,186.029952,16.0,4250.494000000001,96.610406,250.136498,210.0,0.0,1692.0,26.0,103.534646,881.56,1125.7510000000002,22.0,294.0,134.95445999999998,56.0,0.0,16.0,16.0,-18.495,46.85748,84.0,56.0,26.0,4189.262774000001,-18.32,-8.904411,1,4.0,Medium
0.0,0.0,2.0,0.0,0.0,0.0,2.0,0.0,2.0,0.0,0.0,16.0,0.0,0.0,0.0,0.0,0.0,0.0,0.0,0.0,0.0,0.0,0.0,0.0,0.0,0.0,0.0,0.0,22.0,96.0,134.01272,0.0,3128.654,114.881718,201.557922,146.0,0.0,1244.0,10.0,65.97117399999999,810.52,819.7718,6.0,214.0,127.499516,56.0,0.0,0.0,0.0,2.9642,62.658584000000005,68.0,56.0,10.0,2414.277894,-17.68,-8.658665,1,2.0,Medium
0.0,0.0,0.0,0.0,5.0,0.0,0.0,0.0,5.0,0.0,0.0,0.0,0.0,0.0,0.0,8.0,4.0,0.0,0.0,0.0,0.0,0.0,0.0,0.0,0.0,0.0,0.0,0.0,22.0,88.0,146.552309,0.0,3253.3290000000006,95.060895,208.9,165.0,0.0,1318.0,23.0,75.455613,854.16,883.6519000000001,6.0,227.0,106.153307,47.0,0.0,0.0,0.0,-3.4233,76.56910699999999,62.0,47.0,15.0,2939.0545070000003,-18.1,-8.800773,0,6.0,Low
0.0,0.0,2.0,0.0,2.0,0.0,0.0,0.0,2.0,0.0,0.0,0.0,0.0,0.0,0.0,16.0,0.0,0.0,0.0,0.0,0.0,0.0,0.0,0.0,0.0,0.0,0.0,0.0,22.0,80.0,138.724848,0.0,3212.816,95.31676,207.557922,152.0,0.0,1280.0,26.0,68.730256,986.52,844.6146000000001,6.0,220.0,107.500902,56.0,0.0,0.0,0.0,1.0744000000000002,68.943782,68.0,56.0,10.0,2862.598548,-17.68,-8.798824,1,4.0,Medium
0.0,0.0,2.0,0.0,0.0,0.0,0.0,0.0,2.0,2.0,16.0,0.0,0.0,0.0,0.0,0.0,0.0,0.0,0.0,0.0,0.0,0.0,0.0,0.0,0.0,0.0,0.0,0.0,22.0,108.0,146.816654,2.0,3409.106,117.25907,217.630244,164.0,0.0,1360.0,10.0,75.110706,828.98,901.8198,6.0,234.0,141.068898,58.0,0.0,2.0,2.0,7.9668,59.50310399999999,70.0,58.0,10.0,2725.259302,-17.759999999999998,-8.627979,2,0.0,High
0.0,0.0,2.0,0.0,0.0,0.0,4.0,0.0,0.0,0.0,0.0,0.0,2.0,0.0,0.0,14.0,0.0,0.0,0.0,0.0,0.0,0.0,0.0,0.0,0.0,0.0,0.0,0.0,22.0,88.0,138.782066,0.0,3246.782,101.503712,209.477922,152.0,0.0,1292.0,22.0,69.08071799999999,977.38,844.1176,6.0,222.0,115.322392,60.0,0.0,0.0,0.0,0.9356,67.452772,70.0,60.0,8.0,2813.254968,-17.759999999999998,-8.766034,0,5.0,Low
2.0,0.0,0.0,0.0,0.0,0.0,2.0,0.0,2.0,0.0,17.0,0.0,0.0,0.0,0.0,0.0,0.0,0.0,0.0,0.0,0.0,0.0,0.0,0.0,0.0,0.0,0.0,0.0,23.0,115.0,149.859238,0.0,3471.17,121.072162,224.902358,167.0,0.0,1386.0,8.0,75.840436,840.45,917.9574,6.0,238.0,147.543769,61.0,0.0,0.0,0.0,10.0317,65.186377,71.0,61.0,8.0,2675.808695,-18.51,-8.58182,2,0.0,High
0.0,0.0,0.0,0.0,5.0,0.0,0.0,0.0,5.0,0.0,0.0,0.0,0.0,0.0,0.0,7.0,4.0,0.0,0.0,0.0,0.0,0.0,0.0,0.0,0.0,0.0,0.0,0.0,21.0,85.0,141.167278,0.0,3123.1860000000006,91.333015,200.73,159.0,0.0,1266.0,22.0,72.838908,807.63,850.7931000000001,6.0,218.0,102.064041,44.0,0.0,0.0,0.0,-3.5213,73.17505799999999,59.0,44.0,15.0,2821.5831270000003,-17.27,-8.801731,0,6.0,Low
2.0,0.0,0.0,0.0,0.0,0.0,1.0,0.0,3.0,0.0,16.0,0.0,0.0,0.0,0.0,0.0,0.0,0.0,0.0,0.0,0.0,0.0,0.0,0.0,0.0,0.0,0.0,0.0,22.0,110.0,143.820467,0.0,3326.016,115.762692,215.732358,160.0,0.0,1328.0,9.0,72.86042,807.72,882.3591,6.0,228.0,141.25137,57.0,0.0,0.0,0.0,8.852599999999999,62.15250399999999,68.0,57.0,9.0,2566.389848,-17.68,-8.613945,1,1.0,Medium
2.0,0.0,0.0,0.0,2.0,0.0,0.0,0.0,2.0,0.0,0.0,0.0,0.0,0.0,0.0,16.0,0.0,0.0,0.0,0.0,0.0,0.0,0.0,0.0,0.0,0.0,0.0,0.0,22.0,78.0,137.12713200000002,0.0,3186.73,91.793318,205.732358,150.0,0.0,1268.0,24.0,67.508748,980.92,831.2792000000001,6.0,218.0,105.525892,58.0,0.0,0.0,0.0,1.1482,68.943782,68.0,58.0,8.0,2839.62647,-17.68,-8.778718,0,5.0,Low
0.0,0.0,2.0,0.0,0.0,0.0,0.0,0.0,4.0,0.0,8.0,0.0,8.0,0.0,0.0,0.0,0.0,0.0,0.0,0.0,0.0,0.0,0.0,0.0,0.0,0.0,0.0,0.0,22.0,128.0,161.81397399999997,0.0,3703.542,136.725486,241.23792200000003,178.0,0.0,1484.0,12.0,82.06452999999999,889.96,984.2972,6.0,254.0,154.985876,62.0,0.0,0.0,0.0,8.4846,63.18372,76.0,62.0,12.0,3033.992246,-18.0,-8.600147,1,1.0,Medium
2.0,0.0,0.0,0.0,2.0,0.0,0.0,0.0,2.0,0.0,16.0,0.0,0.0,0.0,0.0,0.0,0.0,0.0,0.0,0.0,0.0,0.0,0.0,0.0,0.0,0.0,0.0,0.0,22.0,110.0,149.054988,0.0,3411.162,117.098758,221.732358,166.0,0.0,1364.0,8.0,75.093788,804.9200000000001,907.9224,6.0,234.0,140.77602,58.0,0.0,0.0,0.0,11.6138,63.180966,68.0,58.0,8.0,2710.785942,-17.68,-8.593113,2,0.0,High
2.0,0.0,0.0,0.0,0.0,0.0,2.0,0.0,2.0,0.0,15.0,0.0,0.0,0.0,0.0,0.0,0.0,0.0,0.0,0.0,0.0,0.0,0.0,0.0,0.0,0.0,0.0,0.0,21.0,105.0,137.598194,0.0,3182.83,110.453222,206.562358,153.0,0.0,1270.0,8.0,69.658896,769.3900000000001,842.6594,6.0,218.0,134.958971,55.0,0.0,0.0,0.0,8.5275,59.11863099999999,65.0,55.0,8.0,2456.971001,-16.85,-8.613866,1,2.0,Medium
2.0,0.0,0.0,0.0,0.0,0.0,2.0,0.0,2.0,0.0,0.0,16.0,0.0,0.0,0.0,0.0,0.0,0.0,0.0,0.0,0.0,0.0,0.0,0.0,0.0,0.0,0.0,0.0,22.0,94.0,132.415004,0.0,3102.568,111.358276,199.732358,144.0,0.0,1232.0,8.0,64.74966599999999,804.9200000000001,806.4363999999999,6.0,212.0,125.524506,58.0,0.0,0.0,0.0,3.038,62.658584000000005,68.0,58.0,8.0,2391.305816,-17.68,-8.631694,1,2.0,Medium
1.0,0.0,0.0,3.0,0.0,0.0,2.0,0.0,0.0,0.0,0.0,0.0,0.0,0.0,0.0,0.0,0.0,0.0,0.0,0.0,0.0,0.0,0.0,16.0,0.0,0.0,0.0,0.0,22.0,145.0,188.70592900000003,0.0,4018.413,133.70153,266.376179,230.0,0.0,1644.0,6.0,106.388852,628.44,1166.3576,6.0,281.0,165.682681,44.0,0.0,0.0,0.0,46.0532,74.702225,51.0,44.0,6.0,3363.8431290000003,-17.33,-8.4184065,1,3.0,Medium
3.0,1.0,0.0,0.0,0.0,0.0,0.0,0.0,2.0,0.0,16.0,0.0,0.0,0.0,0.0,0.0,0.0,0.0,0.0,0.0,0.0,0.0,0.0,0.0,0.0,0.0,0.0,0.0,22.0,104.0,141.701043,0.0,3314.776,117.13925,217.724716,154.0,0.0,1308.0,9.0,69.72393199999999,854.12,867.7759000000001,6.0,224.0,140.69948599999998,57.0,0.0,0.0,0.0,9.1108,55.347236,70.0,57.0,9.0,2533.2943720000003,-17.1,-8.611532,2,0.0,High
2.0,0.0,0.0,0.0,0.0,0.0,1.0,0.0,0.0,3.0,17.0,0.0,0.0,0.0,0.0,0.0,0.0,0.0,0.0,0.0,0.0,0.0,0.0,0.0,0.0,0.0,0.0,0.0,23.0,109.0,151.911069,3.0,3557.168,118.031566,225.010841,170.0,0.0,1416.0,6.0,77.328226,862.54,926.12,6.0,244.0,144.307546,66.0,0.0,3.0,3.0,9.0272,61.212277,74.0,66.0,6.0,2879.654759,-18.63,-8.607882,2,0.0,High
0.0,0.0,0.0,0.0,3.0,0.0,0.0,0.0,3.0,0.0,5.0,0.0,0.0,0.0,0.0,11.0,0.0,0.0,0.0,0.0,0.0,0.0,0.0,0.0,0.0,0.0,0.0,0.0,22.0,94.0,145.728898,0.0,3309.202,98.992743,211.74,164.0,0.0,1336.0,20.0,74.29837599999999,882.32,885.6711,6.0,230.0,116.855766,57.0,0.0,0.0,0.0,4.9006,74.462401,66.0,57.0,9.0,2904.657328,-18.26,-8.729029,0,6.0,Low
0.0,2.0,0.0,0.0,0.0,0.0,4.0,0.0,0.0,0.0,8.0,0.0,0.0,0.0,0.0,0.0,0.0,8.0,0.0,0.0,0.0,0.0,0.0,0.0,0.0,0.0,0.0,0.0,22.0,102.0,147.843932,0.0,3311.224,106.287556,216.05235800000003,168.0,0.0,1328.0,8.0,76.084178,731.08,904.5644,6.0,228.0,131.163898,50.0,0.0,0.0,0.0,18.5092,64.381272,60.0,50.0,8.0,2708.79332,-17.36,-8.562768,1,1.0,Medium
0.0,2.0,0.0,0.0,2.0,0.0,0.0,0.0,2.0,0.0,16.0,0.0,0.0,0.0,0.0,0.0,0.0,0.0,0.0,0.0,0.0,0.0,0.0,0.0,0.0,0.0,0.0,0.0,22.0,110.0,149.23849,0.0,3409.194,117.098758,221.732358,166.0,0.0,1364.0,10.0,75.315296,810.52,912.0238,6.0,234.0,140.77602,56.0,0.0,0.0,0.0,10.7598,63.180966,68.0,56.0,10.0,2710.785942,-17.68,-8.62252,2,0.0,High
0.0,2.0,0.0,0.0,0.0,0.0,0.0,0.0,2.0,2.0,17.0,0.0,0.0,0.0,0.0,0.0,0.0,0.0,0.0,0.0,0.0,0.0,0.0,0.0,0.0,0.0,0.0,0.0,23.0,111.0,151.532962,2.0,3525.222,119.045098,224.97468,169.0,0.0,1406.0,10.0,77.201476,864.51,930.2348,6.0,242.0,145.38628699999998,61.0,0.0,2.0,2.0,7.938700000000001,62.53697699999999,73.0,61.0,10.0,2811.706071,-18.59,-8.6102915,2,0.0,High
2.0,0.0,0.0,0.0,0.0,8.0,4.0,0.0,0.0,0.0,0.0,0.0,0.0,0.0,0.0,8.0,0.0,0.0,0.0,0.0,0.0,0.0,0.0,0.0,0.0,0.0,0.0,0.0,22.0,86.0,148.039646,0.0,3329.16,105.483852,215.732358,160.0,0.0,1328.0,22.0,73.24171799999999,849.0,884.299,14.0,228.0,112.533266,52.0,0.0,0.0,0.0,-7.114400000000001,67.940672,68.0,52.0,14.0,2972.82772,-17.68,-8.777375,1,4.0,Medium
0.0,2.0,0.0,0.0,2.0,0.0,0.0,0.0,2.0,0.0,0.0,0.0,0.0,0.0,0.0,16.0,0.0,0.0,0.0,0.0,0.0,0.0,0.0,0.0,0.0,0.0,0.0,0.0,22.0,78.0,137.310634,0.0,3184.762,91.793318,205.732358,150.0,0.0,1268.0,26.0,67.730256,986.52,835.3806,6.0,218.0,105.525892,56.0,0.0,0.0,0.0,0.2942000000000002,68.943782,68.0,56.0,10.0,2839.62647,-17.68,-8.794048,1,4.0,Medium
0.0,2.0,0.0,2.0,2.0,0.0,0.0,0.0,0.0,0.0,16.0,0.0,0.0,0.0,0.0,0.0,0.0,0.0,0.0,0.0,0.0,0.0,0.0,0.0,0.0,0.0,0.0,0.0,22.0,110.0,150.900286,0.0,3439.216,118.117764,223.732358,168.0,0.0,1376.0,8.0,75.907048,804.9200000000001,917.1564,6.0,236.0,140.389242,58.0,0.0,0.0,0.0,12.394,63.465072,68.0,58.0,8.0,2775.385136,-17.68,-8.592436,2,0.0,High
0.0,2.0,0.0,0.0,0.0,0.0,4.0,0.0,0.0,0.0,0.0,0.0,8.0,0.0,0.0,8.0,0.0,0.0,0.0,0.0,0.0,0.0,0.0,0.0,0.0,0.0,0.0,0.0,22.0,110.0,154.068828,0.0,3567.2080000000005,120.54932399999998,231.41235800000004,168.0,0.0,1424.0,16.0,76.828994,966.76,928.5388,6.0,244.0,135.385802,66.0,0.0,0.0,0.0,4.179600000000001,66.06512799999999,76.0,66.0,8.0,3075.440432,-18.0,-8.681097,1,3.0,Medium
3.0,0.0,0.0,0.0,0.0,0.0,1.0,0.0,2.0,0.0,16.0,0.0,0.0,0.0,0.0,0.0,0.0,0.0,0.0,0.0,0.0,0.0,0.0,0.0,0.0,0.0,0.0,0.0,22.0,107.0,142.669004,0.0,3321.38,116.450971,216.728537,157.0,0.0,1318.0,8.0,71.181422,828.12,873.0168000000001,6.0,226.0,140.975428,58.0,0.0,0.0,0.0,9.4087,58.74987,69.0,58.0,8.0,2549.84211,-17.39,-8.601755,2,0.0,High
4.0,0.0,0.0,0.0,0.0,0.0,2.0,0.0,0.0,0.0,12.0,0.0,0.0,0.0,0.0,4.0,0.0,0.0,0.0,0.0,0.0,0.0,0.0,0.0,0.0,0.0,0.0,0.0,22.0,96.0,138.443826,0.0,3261.62,110.81289,213.724716,150.0,0.0,1284.0,10.0,67.49541,889.72,842.4630000000001,6.0,220.0,131.886954,60.0,0.0,0.0,0.0,7.7754,56.78793999999999,70.0,60.0,6.0,2565.5045039999995,-17.099999999999998,-8.6317625,1,3.0,Medium
0.0,2.0,0.0,0.0,2.0,0.0,0.0,0.0,2.0,0.0,0.0,0.0,0.0,0.0,0.0,0.0,0.0,16.0,0.0,0.0,0.0,0.0,0.0,0.0,0.0,0.0,0.0,0.0,22.0,94.0,157.468922,0.0,3377.6420000000003,98.148486,222.372358,182.0,0.0,1364.0,10.0,81.98432,662.84,960.5358,6.0,234.0,120.601076,40.0,0.0,0.0,0.0,29.219,67.638502,52.0,40.0,10.0,2995.592886,-17.04,-8.505318,1,3.0,Medium
0.0,0.0,0.0,2.0,2.0,0.0,0.0,0.0,2.0,0.0,0.0,0.0,0.0,0.0,0.0,0.0,0.0,16.0,0.0,0.0,0.0,0.0,0.0,0.0,0.0,0.0,0.0,0.0,22.0,100.0,161.25014199999998,0.0,3418.9040000000005,97.790934,222.38,190.0,0.0,1396.0,8.0,85.71256,610.84,980.2516,6.0,240.0,120.766182,42.0,0.0,0.0,0.0,30.595,74.72787600000001,50.0,42.0,8.0,3093.287556,-17.62,-8.433402,1,3.0,Medium
3.0,0.0,1.0,0.0,0.0,0.0,2.0,0.0,0.0,0.0,0.0,0.0,0.0,0.0,0.0,16.0,0.0,0.0,0.0,0.0,0.0,0.0,0.0,0.0,0.0,0.0,0.0,0.0,22.0,73.0,130.29679199999998,0.0,3106.339,93.595531,202.637498,139.0,0.0,1218.0,23.0,62.417384,1024.52,791.6483000000001,6.0,209.0,106.436863,59.0,0.0,0.0,0.0,-0.1107,61.110052,70.0,59.0,7.0,2673.620939,-17.1,-8.740727,1,4.0,Medium
2.0,0.0,0.0,16.0,0.0,0.0,2.0,0.0,2.0,0.0,0.0,0.0,0.0,0.0,0.0,0.0,0.0,0.0,0.0,0.0,0.0,0.0,0.0,0.0,0.0,0.0,0.0,0.0,22.0,126.0,187.272844,0.0,4000.68,117.455524,263.732358,208.0,0.0,1616.0,24.0,99.702962,728.2800000000001,1120.8796,22.0,276.0,147.145082,42.0,0.0,0.0,0.0,-2.2676,70.325528,68.0,42.0,24.0,3595.90524,-17.68,-8.742947,0,5.0,Low
2.0,2.0,0.0,0.0,0.0,0.0,0.0,0.0,2.0,0.0,16.0,0.0,0.0,0.0,0.0,0.0,0.0,0.0,0.0,0.0,0.0,0.0,0.0,0.0,0.0,0.0,0.0,0.0,22.0,104.0,141.792794,0.0,3313.792,117.13925,217.724716,154.0,0.0,1308.0,10.0,69.834686,856.9200000000001,869.8266000000001,6.0,224.0,140.69948599999998,56.0,0.0,0.0,0.0,8.6838,55.347236,70.0,56.0,10.0,2533.2943720000003,-17.1,-8.616089,2,0.0,High
2.0,0.0,0.0,0.0,2.0,0.0,0.0,0.0,2.0,0.0,0.0,0.0,0.0,0.0,0.0,15.0,0.0,0.0,0.0,0.0,0.0,0.0,0.0,0.0,0.0,0.0,0.0,0.0,21.0,75.0,131.742101,0.0,3056.587,88.065438,197.562358,144.0,0.0,1216.0,23.0,64.892043,934.39,798.4204000000001,6.0,209.0,101.436626,55.0,0.0,0.0,0.0,1.0502,65.549733,65.0,55.0,8.0,2722.15509,-16.85,-8.777396,0,5.0,Low
0.0,0.0,2.0,0.0,0.0,0.0,5.0,0.0,0.0,0.0,0.0,0.0,0.0,0.0,14.0,0.0,1.0,0.0,0.0,0.0,0.0,0.0,0.0,0.0,0.0,0.0,0.0,0.0,22.0,81.0,146.443277,0.0,3296.2409999999995,99.700107,214.597922,160.0,0.0,1322.0,37.0,73.94163099999999,997.93,903.4931,6.0,227.0,107.77576299999998,42.0,0.0,0.0,0.0,-2.5782000000000007,69.25979299999999,67.0,42.0,23.0,3003.619201,-17.639999999999997,-8.802578,0,6.0,Low
2.0,0.0,0.0,0.0,0.0,0.0,4.0,0.0,0.0,0.0,0.0,0.0,0.0,0.0,5.0,0.0,0.0,0.0,0.0,0.0,0.0,0.0,0.0,0.0,0.0,10.0,0.0,0.0,21.0,165.0,200.209772,0.0,4282.317999999999,168.140502,286.962358,243.0,0.0,1750.0,16.0,113.926818,740.49,1247.5155,6.0,298.0,187.490716,42.0,0.0,0.0,0.0,48.663500000000006,61.87369100000001,55.0,42.0,11.0,3729.764461,-16.450000000000003,-8.514628,1,3.0,Medium
2.0,2.0,0.0,0.0,0.0,0.0,0.0,0.0,2.0,0.0,15.0,0.0,0.0,0.0,0.0,0.0,0.0,0.0,0.0,0.0,0.0,0.0,0.0,0.0,0.0,0.0,0.0,0.0,21.0,99.0,135.662272,0.0,3169.622,111.82978,208.554716,147.0,0.0,1250.0,10.0,66.743916,821.3900000000001,832.1776,6.0,214.0,134.407087,53.0,0.0,0.0,0.0,7.931699999999999,52.313363,67.0,53.0,10.0,2423.8755250000004,-16.27,-8.644955,1,2.0,Medium
3.0,0.0,0.0,0.0,0.0,0.0,3.0,0.0,0.0,0.0,5.0,0.0,0.0,0.0,0.0,0.0,0.0,10.0,0.0,0.0,0.0,0.0,0.0,0.0,0.0,0.0,0.0,0.0,21.0,92.0,141.499,0.0,3159.458,99.297581,207.958537,160.0,0.0,1260.0,6.0,72.037284,694.69,861.5863999999999,6.0,216.0,122.073689,47.0,0.0,0.0,0.0,21.0476,58.501957,56.0,47.0,6.0,2618.427603,-16.159999999999997,-8.505659,1,1.0,Medium
2.0,0.0,0.0,1.0,0.0,0.0,3.0,0.0,0.0,0.0,16.0,0.0,0.0,0.0,0.0,0.0,0.0,0.0,0.0,0.0,0.0,0.0,0.0,0.0,0.0,0.0,0.0,0.0,22.0,110.0,144.467863,0.0,3342.995,116.272195,216.732358,161.0,0.0,1334.0,6.0,72.934788,799.32,880.8240000000001,6.0,229.0,141.05798099999998,60.0,0.0,0.0,0.0,10.5237,62.294557,68.0,60.0,6.0,2598.689445,-17.68,-8.573662,2,0.0,High
2.0,0.0,0.0,0.0,0.0,0.0,4.0,0.0,0.0,0.0,0.0,0.0,0.0,0.0,0.0,8.0,0.0,0.0,0.0,0.0,0.0,0.0,0.0,0.0,0.0,8.0,0.0,0.0,22.0,150.0,186.951334,0.0,4098.704,154.140612,272.052358,224.0,0.0,1664.0,14.0,104.07015,813.4799999999999,1157.6294,6.0,284.0,174.577842,52.0,0.0,0.0,0.0,39.0968,65.361504,60.0,52.0,6.0,3524.554136,-17.36,-8.490145,1,4.0,Medium
0.0,0.0,2.0,0.0,2.0,0.0,0.0,0.0,0.0,2.0,15.0,0.0,0.0,0.0,0.0,0.0,0.0,0.0,0.0,0.0,0.0,0.0,0.0,0.0,0.0,0.0,0.0,0.0,21.0,103.0,145.828902,2.0,3351.066,113.285666,214.460244,163.0,0.0,1338.0,8.0,74.14255,787.85,887.6834,6.0,230.0,134.301149,57.0,0.0,2.0,2.0,10.4029,57.497693,67.0,57.0,8.0,2760.236549,-16.93,-8.646085,1,1.0,Medium
3.0,0.0,0.0,0.0,0.0,0.0,3.0,0.0,0.0,0.0,0.0,8.0,0.0,0.0,8.0,0.0,0.0,0.0,0.0,0.0,0.0,0.0,0.0,0.0,0.0,0.0,0.0,0.0,22.0,83.0,138.560678,0.0,3203.26,104.487131,208.728537,149.0,0.0,1270.0,22.0,67.473978,932.92,846.8234,6.0,218.0,115.259716,52.0,0.0,0.0,0.0,1.6011,62.755822,69.0,52.0,14.0,2711.281582,-17.39,-8.776574,0,5.0,Low
0.0,4.0,0.0,0.0,4.0,0.0,0.0,0.0,0.0,0.0,0.0,0.0,0.0,0.0,0.0,12.0,2.0,0.0,0.0,0.0,0.0,0.0,0.0,0.0,0.0,0.0,0.0,0.0,22.0,74.0,140.038028,0.0,3223.7180000000003,95.82596,211.804716,150.0,0.0,1272.0,24.0,67.41885600000002,988.54,843.5196,6.0,218.0,104.892936,52.0,0.0,0.0,0.0,-0.3801999999999998,62.805658,68.0,52.0,12.0,2875.796298,-17.02,-8.803897,0,5.0,Low
8.0,0.0,2.0,0.0,0.0,0.0,0.0,0.0,0.0,0.0,8.0,0.0,0.0,0.0,0.0,0.0,4.0,0.0,0.0,0.0,0.0,0.0,0.0,0.0,0.0,0.0,0.0,0.0,22.0,76.0,129.742398,0.0,3129.946,114.779682,213.687354,130.0,0.0,1188.0,12.0,58.373126,989.76,783.1044,6.0,202.0,124.182336,50.0,0.0,0.0,0.0,-0.6738000000000004,37.090204,72.0,50.0,12.0,2371.138706,-15.2,-8.638045,1,3.0,Medium
2.0,0.0,0.0,0.0,0.0,0.0,4.0,0.0,0.0,0.0,10.0,0.0,0.0,0.0,0.0,0.0,0.0,5.0,0.0,0.0,0.0,0.0,0.0,0.0,0.0,0.0,0.0,0.0,21.0,100.0,139.98670199999998,0.0,3174.938,104.531262,206.762358,158.0,0.0,1270.0,6.0,71.521458,717.64,853.718,6.0,218.0,128.65430099999998,52.0,0.0,0.0,0.0,15.15,60.511611,60.0,52.0,6.0,2545.973171,-16.65,-8.567509,1,1.0,Medium
3.0,0.0,0.0,0.0,0.0,0.0,3.0,0.0,0.0,0.0,8.0,0.0,0.0,0.0,0.0,0.0,0.0,8.0,0.0,0.0,0.0,0.0,0.0,0.0,0.0,0.0,0.0,0.0,22.0,99.0,146.600718,0.0,3307.572,106.975835,217.048537,165.0,0.0,1318.0,6.0,74.294426,748.68,893.1714000000001,6.0,226.0,130.887956,52.0,0.0,0.0,0.0,19.4923,60.978638,61.0,52.0,6.0,2692.245582,-17.07,-8.5280485,2,0.0,High
2.0,0.0,0.0,0.0,0.0,0.0,4.0,0.0,0.0,0.0,8.0,0.0,0.0,0.0,0.0,0.0,0.0,0.0,0.0,0.0,0.0,0.0,0.0,0.0,0.0,8.0,0.0,0.0,22.0,166.0,192.915262,0.0,4210.92,166.79333200000002,280.052358,232.0,0.0,1712.0,6.0,107.86267,725.4799999999999,1195.951,6.0,292.0,192.202906,52.0,0.0,0.0,0.0,44.3296,62.480096,60.0,52.0,6.0,3460.1338720000003,-17.36,-8.442939,1,3.0,Medium
0.0,2.0,0.0,2.0,2.0,0.0,0.0,0.0,0.0,0.0,0.0,0.0,0.0,0.0,0.0,16.0,0.0,0.0,0.0,0.0,0.0,0.0,0.0,0.0,0.0,0.0,0.0,0.0,22.0,78.0,138.97243,0.0,3214.784,92.812324,207.732358,152.0,0.0,1280.0,24.0,68.322008,980.92,840.5132000000001,6.0,220.0,105.139114,58.0,0.0,0.0,0.0,1.9284,69.227888,68.0,58.0,8.0,2904.225664,-17.68,-8.783267,0,6.0,Low
2.0,0.0,0.0,0.0,2.0,0.0,2.0,0.0,0.0,0.0,0.0,0.0,0.0,0.0,0.0,0.0,0.0,16.0,0.0,0.0,0.0,0.0,0.0,0.0,0.0,0.0,0.0,0.0,22.0,94.0,157.101918,0.0,3381.578,98.148486,222.372358,182.0,0.0,1364.0,6.0,81.541304,651.64,952.333,6.0,234.0,120.601076,44.0,0.0,0.0,0.0,30.927,67.638502,52.0,44.0,6.0,2995.592886,-17.04,-8.357175,1,4.0,Medium
2.0,0.0,0.0,0.0,5.0,0.0,0.0,0.0,0.0,0.0,13.0,0.0,0.0,0.0,0.0,0.0,1.0,0.0,0.0,0.0,0.0,0.0,0.0,0.0,0.0,0.0,0.0,0.0,21.0,102.0,148.999663,0.0,3350.166,111.290216,218.602358,166.0,0.0,1342.0,7.0,74.590046,763.6,895.5667,6.0,230.0,129.561469,55.0,0.0,0.0,0.0,12.2754,62.229479,64.0,55.0,7.0,2796.500907,-16.81,-8.611122,1,1.0,Medium
3.0,0.0,0.0,0.0,0.0,0.0,3.0,0.0,0.0,0.0,14.0,0.0,0.0,0.0,0.0,1.0,0.0,0.0,0.0,0.0,0.0,0.0,0.0,0.0,0.0,0.0,0.0,0.0,21.0,100.0,135.609489,0.0,3165.151,109.559911,206.558537,149.0,0.0,1254.0,7.0,67.395079,797.99,826.4762000000001,6.0,215.0,132.479896,57.0,0.0,0.0,0.0,8.8565,56.076173,66.0,57.0,6.0,2448.475796,-16.56,-8.603432,1,2.0,Medium
2.0,0.0,0.0,0.0,0.0,0.0,5.0,0.0,0.0,0.0,0.0,0.0,0.0,0.0,0.0,0.0,1.0,14.0,0.0,0.0,0.0,0.0,0.0,0.0,0.0,0.0,0.0,0.0,22.0,93.0,149.016133,0.0,3256.3230000000003,96.678033,213.332358,172.0,0.0,1310.0,7.0,77.655907,669.91,906.6287,6.0,225.0,119.389167,44.0,0.0,0.0,0.0,23.3438,66.592541,53.0,44.0,7.0,2794.135595,-17.08,-8.448333,1,2.0,Medium
2.0,0.0,0.0,0.0,0.0,0.0,4.0,0.0,0.0,0.0,0.0,0.0,0.0,0.0,0.0,0.0,0.0,0.0,8.0,0.0,0.0,0.0,8.0,0.0,0.0,0.0,0.0,0.0,22.0,118.0,168.326958,0.0,3634.064,117.70802,240.372358,200.0,0.0,1472.0,6.0,91.39895,651.64,1034.967,6.0,252.0,144.152074,44.0,0.0,0.0,0.0,36.8024,67.851832,52.0,44.0,6.0,3070.488488,-17.04,-8.4124775,1,2.0,Medium
3.0,0.0,0.0,0.0,0.0,0.0,4.0,0.0,0.0,0.0,0.0,0.0,0.0,0.0,0.0,13.0,1.0,0.0,0.0,0.0,0.0,0.0,0.0,0.0,0.0,0.0,0.0,0.0,21.0,73.0,124.932888,0.0,2951.7899999999995,88.07766,191.598537,135.0,0.0,1164.0,20.0,60.998652,929.8,756.9675,6.0,200.0,101.833173,55.0,0.0,0.0,0.0,-1.9343000000000004,60.937978,65.0,55.0,7.0,2523.645863,-16.52,-8.755311,1,4.0,Medium
1.0,0.0,0.0,0.0,4.0,0.0,1.0,0.0,0.0,0.0,16.0,0.0,0.0,0.0,0.0,0.0,0.0,0.0,0.0,0.0,0.0,0.0,0.0,0.0,0.0,0.0,0.0,0.0,22.0,113.0,155.25747,0.0,3502.912,117.746545,226.736179,175.0,0.0,1410.0,6.0,78.78464600000001,776.12,938.7266,6.0,242.0,140.576612,60.0,0.0,0.0,0.0,14.6729,67.612062,67.0,60.0,6.0,2871.7297740000004,-17.97,-8.566806,1,1.0,Medium
3.0,0.0,0.0,0.0,4.0,0.0,0.0,0.0,0.0,0.0,13.0,0.0,0.0,0.0,0.0,0.0,1.0,0.0,0.0,0.0,0.0,0.0,0.0,0.0,0.0,0.0,0.0,0.0,21.0,99.0,145.276815,0.0,3302.465,111.310462,216.598537,160.0,0.0,1314.0,7.0,71.849741,786.8,874.4680999999999,6.0,225.0,129.523202,55.0,0.0,0.0,0.0,11.2374,58.312614,65.0,55.0,7.0,2707.755122,-16.52,-8.618215,1,1.0,Medium
2.0,0.0,0.0,4.0,0.0,0.0,0.0,0.0,0.0,0.0,8.0,0.0,0.0,0.0,0.0,8.0,0.0,0.0,0.0,0.0,0.0,0.0,0.0,0.0,0.0,0.0,0.0,0.0,22.0,94.0,141.271882,0.0,3272.86,105.147984,211.73235800000003,156.0,0.0,1304.0,14.0,70.362158,887.3199999999999,856.3534,6.0,224.0,122.85275,60.0,0.0,0.0,0.0,6.4612,65.602124,68.0,60.0,6.0,2760.0085,-17.68,-8.681453,1,4.0,Medium
0.0,3.0,0.0,0.0,0.0,0.0,0.0,0.0,3.0,0.0,8.0,0.0,0.0,0.0,0.0,8.0,0.0,0.0,0.0,0.0,0.0,0.0,0.0,0.0,0.0,0.0,0.0,0.0,22.0,91.0,137.07207999999997,0.0,3205.228,103.798251,208.728537,149.0,0.0,1270.0,20.0,67.831918,927.32,842.898,6.0,218.0,123.350364,54.0,0.0,0.0,0.0,2.4679,61.631278,69.0,54.0,12.0,2614.262374,-17.39,-8.760313,0,5.0,Low
1.0,0.0,0.0,0.0,0.0,0.0,2.0,0.0,0.0,3.0,0.0,0.0,16.0,0.0,0.0,0.0,0.0,0.0,0.0,0.0,0.0,0.0,0.0,0.0,0.0,0.0,0.0,0.0,22.0,139.0,179.44833899999998,3.0,4123.466,146.912521,262.204662,198.0,0.0,1656.0,6.0,91.549396,951.49,1068.8666,6.0,284.0,161.810081,79.0,0.0,3.0,3.0,8.4116,63.64346999999999,86.0,79.0,6.0,3676.04429,-18.73,-8.574086,2,0.0,High
4.0,0.0,2.0,0.0,0.0,0.0,0.0,0.0,0.0,0.0,8.0,0.0,0.0,0.0,0.0,7.0,0.0,0.0,0.0,0.0,0.0,0.0,0.0,0.0,0.0,0.0,0.0,0.0,21.0,81.0,129.55512299999998,0.0,3090.215,105.65865,205.372638,136.0,0.0,1200.0,15.0,61.067465,939.19,789.1956,6.0,205.0,120.408282,55.0,0.0,0.0,0.0,5.2454,48.029327,69.0,55.0,8.0,2470.119858,-15.689999999999998,-8.706184,0,5.0,Low
2.0,0.0,0.0,4.0,0.0,0.0,0.0,0.0,0.0,0.0,0.0,0.0,8.0,0.0,0.0,8.0,0.0,0.0,0.0,0.0,0.0,0.0,0.0,0.0,0.0,0.0,0.0,0.0,22.0,110.0,157.575922,0.0,3625.284000000001,122.587336,235.41235800000004,172.0,0.0,1448.0,14.0,78.234006,961.16,942.9054,6.0,248.0,134.61224600000003,68.0,0.0,0.0,0.0,6.594,66.63334,76.0,68.0,6.0,3204.63882,-18.0,-8.678308,1,4.0,Medium
0.0,2.0,0.0,0.0,0.0,0.0,4.0,0.0,0.0,0.0,8.0,0.0,0.0,0.0,0.0,8.0,0.0,0.0,0.0,0.0,0.0,0.0,0.0,0.0,0.0,0.0,0.0,0.0,22.0,94.0,137.764788,0.0,3214.784,103.109972,207.73235800000003,152.0,0.0,1280.0,16.0,68.957146,892.9200000000001,841.9868,6.0,220.0,123.626306,58.0,0.0,0.0,0.0,4.0468,65.03391199999999,68.0,58.0,8.0,2630.810112,-17.68,-8.709056,1,3.0,Medium
2.0,0.0,2.0,0.0,2.0,0.0,0.0,0.0,0.0,0.0,16.0,0.0,0.0,0.0,0.0,0.0,0.0,0.0,0.0,0.0,0.0,0.0,0.0,0.0,0.0,0.0,0.0,0.0,22.0,106.0,148.349778,0.0,3427.976,121.998758,225.55028,162.0,0.0,1356.0,8.0,72.9573,851.32,902.5732,6.0,232.0,142.19914599999998,58.0,0.0,0.0,0.0,12.6522,56.375698,70.0,58.0,8.0,2700.662544,-17.1,-8.59846,2,0.0,High
2.0,0.0,0.0,6.0,0.0,0.0,4.0,0.0,0.0,0.0,0.0,0.0,10.0,0.0,0.0,0.0,0.0,0.0,0.0,0.0,0.0,0.0,0.0,0.0,0.0,0.0,0.0,0.0,22.0,136.0,180.254312,0.0,4022.128,138.19669399999998,263.332358,198.0,0.0,1616.0,12.0,92.47545399999998,862.8799999999999,1074.6112,12.0,276.0,158.16088200000002,64.0,0.0,0.0,0.0,5.9694,66.506408,78.0,64.0,12.0,3508.24602,-18.08,-8.604505,2,0.0,High
1.0,0.0,0.0,0.0,0.0,0.0,2.0,0.0,0.0,3.0,17.0,0.0,0.0,0.0,0.0,0.0,0.0,0.0,0.0,0.0,0.0,0.0,0.0,0.0,0.0,0.0,0.0,0.0,23.0,112.0,152.970781,3.0,3562.788,117.343287,224.014662,173.0,0.0,1426.0,6.0,78.89647,839.3399999999999,933.4116,6.0,246.0,144.583488,66.0,0.0,3.0,3.0,8.8981,64.61491099999999,73.0,66.0,6.0,2896.202497,-18.92,-8.614858,2,0.0,High
2.0,0.0,0.0,6.0,4.0,0.0,0.0,0.0,0.0,0.0,10.0,0.0,0.0,0.0,0.0,0.0,0.0,0.0,0.0,0.0,0.0,0.0,0.0,0.0,0.0,0.0,0.0,0.0,22.0,116.0,170.526806,0.0,3749.922,119.069636,245.732358,190.0,0.0,1508.0,12.0,87.323888,770.5799999999999,1021.6492,12.0,258.0,142.510812,54.0,0.0,0.0,0.0,10.4718,67.27431200000001,68.0,54.0,12.0,3241.250308,-17.68,-8.683287,1,1.0,Medium
0.0,0.0,0.0,0.0,0.0,0.0,0.0,0.0,2.0,4.0,8.0,0.0,0.0,0.0,0.0,8.0,0.0,0.0,0.0,0.0,0.0,0.0,0.0,0.0,0.0,0.0,0.0,0.0,22.0,92.0,142.86465600000002,4.0,3338.0640000000003,97.679286,205.884644,162.0,0.0,1340.0,16.0,74.372698,883.44,872.922,6.0,232.0,119.863226,62.0,0.0,4.0,4.0,1.3106000000000002,66.54038,70.0,62.0,8.0,2935.70034,-18.42,-8.741476,1,4.0,Medium
2.0,0.0,0.0,0.0,0.0,0.0,2.0,0.0,2.0,0.0,0.0,0.0,0.0,0.0,15.0,0.0,0.0,0.0,0.0,0.0,0.0,0.0,0.0,0.0,0.0,0.0,0.0,0.0,21.0,75.0,140.845754,0.0,3168.07,92.150162,206.562358,153.0,0.0,1270.0,38.0,70.622766,976.39,870.4919,6.0,218.0,101.48594599999998,40.0,0.0,0.0,0.0,-1.8615,66.155341,65.0,40.0,23.0,2923.811291,-16.85,-8.834162,0,5.0,Low
3.0,0.0,0.0,0.0,3.0,0.0,0.0,0.0,0.0,0.0,8.0,0.0,0.0,0.0,0.0,8.0,0.0,0.0,0.0,0.0,0.0,0.0,0.0,0.0,0.0,0.0,0.0,0.0,22.0,91.0,144.510982,0.0,3337.375,105.80235,217.728537,158.0,0.0,1324.0,14.0,70.683577,910.52,872.0148,6.0,227.0,122.637339,60.0,0.0,0.0,0.0,8.5312,63.173971,69.0,60.0,6.0,2830.856515,-17.39,-8.678599,0,5.0,Low
2.0,0.0,0.0,0.0,0.0,0.0,2.0,0.0,0.0,0.0,12.0,0.0,8.0,0.0,0.0,0.0,0.0,0.0,0.0,0.0,0.0,0.0,0.0,0.0,0.0,0.0,0.0,0.0,24.0,134.0,168.51258,0.0,3913.576,144.628386,253.752358,186.0,0.0,1564.0,4.0,84.025644,953.8,1017.2196,4.0,268.0,164.472172,76.0,0.0,0.0,0.0,13.9942,68.513944,82.0,76.0,4.0,3165.767632,-19.66,-8.543844,1,1.0,Medium
2.0,2.0,0.0,0.0,0.0,0.0,0.0,0.0,2.0,0.0,0.0,0.0,0.0,0.0,0.0,16.0,0.0,0.0,0.0,0.0,0.0,0.0,0.0,0.0,0.0,0.0,0.0,0.0,22.0,72.0,129.864938,0.0,3089.36,91.83381,201.724716,138.0,0.0,1212.0,26.0,62.249646,1032.92,793.1834000000001,6.0,208.0,105.449358,56.0,0.0,0.0,0.0,-1.7818,61.110052,70.0,56.0,10.0,2662.1349,-17.1,-8.7590065,1,4.0,Medium
2.0,0.0,0.0,0.0,0.0,0.0,4.0,0.0,0.0,0.0,0.0,0.0,0.0,0.0,0.0,10.0,0.0,0.0,0.0,0.0,0.0,0.0,0.0,0.0,0.0,0.0,6.0,0.0,22.0,96.0,166.129328,6.0,4077.382,93.497224,252.848648,180.0,0.0,1616.0,40.0,86.014878,1450.22,995.3642,6.0,278.0,127.503928,90.0,0.0,6.0,6.0,-13.3868,61.87396199999999,98.0,90.0,6.0,4044.49624,-18.88,-8.667183,0,6.0,Low
0.0,1.0,0.0,0.0,0.0,0.0,0.0,0.0,2.0,3.0,16.0,0.0,0.0,0.0,0.0,0.0,0.0,0.0,0.0,0.0,0.0,0.0,0.0,0.0,0.0,0.0,0.0,0.0,22.0,107.0,147.115512,3.0,3415.666,112.033817,214.844662,166.0,0.0,1368.0,9.0,76.137962,812.21,901.9147,6.0,236.0,138.291089,60.0,0.0,3.0,3.0,6.865,61.58103799999999,70.0,60.0,9.0,2786.7836500000003,-18.09,-8.637371,1,1.0,Medium
0.0,2.0,0.0,0.0,0.0,0.0,0.0,2.0,2.0,0.0,16.0,0.0,0.0,0.0,0.0,0.0,0.0,0.0,0.0,0.0,0.0,0.0,0.0,0.0,0.0,0.0,0.0,0.0,22.0,106.0,141.08379,0.0,3268.924,116.570094,211.732358,156.0,0.0,1304.0,10.0,70.728532,810.52,865.9418000000001,6.0,224.0,137.532762,56.0,0.0,0.0,0.0,6.8652,61.736966,68.0,56.0,10.0,2525.010952,-17.68,-8.632741,1,1.0,Medium
2.0,0.0,0.0,0.0,0.0,0.0,4.0,0.0,0.0,0.0,0.0,0.0,8.0,0.0,0.0,0.0,0.0,0.0,0.0,0.0,0.0,0.0,8.0,0.0,0.0,0.0,0.0,0.0,22.0,142.0,187.896982,0.0,4114.4800000000005,137.023932,271.73235800000003,216.0,0.0,1664.0,6.0,99.189326,799.3199999999999,1134.199,6.0,284.0,163.461194,60.0,0.0,0.0,0.0,30.8264,68.630008,68.0,60.0,6.0,3613.7554,-17.68,-8.5289545,1,3.0,Medium
0.0,1.0,0.0,0.0,0.0,0.0,0.0,0.0,1.0,4.0,16.0,0.0,0.0,0.0,0.0,0.0,0.0,0.0,0.0,0.0,0.0,0.0,0.0,0.0,0.0,0.0,0.0,0.0,22.0,105.0,147.768872,4.0,3444.66,111.020285,214.880823,167.0,0.0,1378.0,8.0,76.596974,818.64,903.952,6.0,238.0,137.212348,62.0,0.0,4.0,4.0,6.6725,60.256338,71.0,62.0,8.0,2854.732338,-18.13,-8.635526,1,1.0,Medium
2.0,2.0,0.0,0.0,0.0,0.0,2.0,0.0,0.0,16.0,0.0,0.0,0.0,0.0,0.0,0.0,0.0,0.0,0.0,0.0,0.0,0.0,0.0,0.0,0.0,0.0,0.0,0.0,22.0,88.0,182.312812,16.0,4213.168,94.463522,250.303292,202.0,0.0,1660.0,24.0,99.17665,922.36,1097.8324,22.0,288.0,132.427566,58.0,0.0,16.0,16.0,-18.163,40.052212,86.0,58.0,24.0,4133.1952200000005,-17.740000000000002,-8.900681,1,4.0,Medium
0.0,4.0,0.0,0.0,0.0,0.0,0.0,2.0,0.0,0.0,8.0,0.0,0.0,0.0,0.0,0.0,0.0,0.0,0.0,0.0,0.0,0.0,8.0,0.0,0.0,0.0,0.0,0.0,22.0,116.0,167.012094,0.0,3690.772,121.76854,246.044716,190.0,0.0,1476.0,10.0,86.38136399999999,783.08,1022.7986,6.0,252.0,147.431206,48.0,0.0,0.0,0.0,27.6834,60.377986,62.0,48.0,10.0,3094.650708,-16.78,-8.569732,1,1.0,Medium
0.0,2.0,0.0,0.0,0.0,0.0,0.0,2.0,2.0,0.0,0.0,0.0,0.0,0.0,0.0,16.0,0.0,0.0,0.0,0.0,0.0,0.0,0.0,0.0,0.0,0.0,0.0,0.0,22.0,74.0,129.155934,0.0,3044.492,91.264654,195.732358,140.0,0.0,1208.0,26.0,63.143492,986.52,789.2986000000001,6.0,208.0,102.282634,56.0,0.0,0.0,0.0,-3.6004,67.499782,68.0,56.0,10.0,2653.8514800000003,-17.68,-8.778605,1,4.0,Medium
2.0,0.0,0.0,0.0,0.0,0.0,4.0,0.0,0.0,0.0,5.0,0.0,10.0,0.0,0.0,0.0,0.0,0.0,0.0,0.0,0.0,0.0,0.0,0.0,0.0,0.0,0.0,0.0,21.0,125.0,157.794742,0.0,3625.328,132.252412,236.162358,173.0,0.0,1450.0,6.0,79.277198,856.0899999999999,946.748,6.0,248.0,149.658341,67.0,0.0,0.0,0.0,9.5475,60.407651,75.0,67.0,6.0,3012.758901,-17.25,-8.607852,2,0.0,High
2.0,0.0,0.0,2.0,0.0,0.0,2.0,0.0,0.0,0.0,0.0,0.0,0.0,0.0,16.0,0.0,0.0,0.0,0.0,0.0,0.0,0.0,0.0,0.0,0.0,0.0,0.0,0.0,22.0,78.0,148.854576,0.0,3341.278,97.258434,217.732358,162.0,0.0,1340.0,38.0,74.369546,1020.12,915.129,6.0,230.0,105.160032,44.0,0.0,0.0,0.0,-0.1678000000000001,69.942434,68.0,44.0,22.0,3128.952018,-17.68,-8.806992,1,4.0,Medium
2.0,0.0,0.0,0.0,0.0,0.0,2.0,0.0,0.0,2.0,0.0,0.0,0.0,15.0,0.0,0.0,0.0,0.0,0.0,0.0,0.0,0.0,0.0,0.0,0.0,0.0,0.0,0.0,21.0,146.0,166.241844,2.0,3901.613,164.399528,251.03468000000004,185.0,0.0,1560.0,6.0,88.05018,920.7,1009.019,6.0,267.0,176.713209,74.0,0.0,2.0,2.0,8.3915,55.82444099999999,82.0,74.0,6.0,3119.837592,-17.53,-8.584862,2,0.0,High
0.0,2.0,0.0,0.0,0.0,0.0,4.0,0.0,0.0,0.0,0.0,0.0,9.0,0.0,0.0,7.0,0.0,0.0,0.0,0.0,0.0,0.0,0.0,0.0,0.0,0.0,0.0,0.0,22.0,114.0,156.852324,0.0,3625.288000000001,124.310833,235.372358,171.0,0.0,1448.0,15.0,78.28703999999999,964.99,944.148,6.0,248.0,139.058872,67.0,0.0,0.0,0.0,4.850300000000001,65.833854,77.0,67.0,8.0,3122.9666890000003,-18.04,-8.660096,1,4.0,Medium
0.0,3.0,0.0,0.0,0.0,0.0,0.0,0.0,3.0,0.0,10.0,0.0,0.0,0.0,0.0,5.0,0.0,0.0,0.0,0.0,0.0,0.0,0.0,0.0,0.0,0.0,0.0,0.0,21.0,92.0,133.17803099999998,0.0,3103.139,103.233551,202.558537,145.0,0.0,1230.0,17.0,66.163343,858.7900000000001,819.6196,6.0,211.0,123.667364,51.0,0.0,0.0,0.0,3.6781,57.516877,66.0,51.0,12.0,2480.685928,-16.56,-8.745559,0,5.0,Low
2.0,0.0,0.0,0.0,0.0,8.0,4.0,0.0,0.0,0.0,0.0,0.0,0.0,0.0,0.0,0.0,8.0,0.0,0.0,0.0,0.0,0.0,0.0,0.0,0.0,0.0,0.0,0.0,22.0,70.0,125.76703,0.0,2856.456,101.340812,184.052358,136.0,0.0,1136.0,14.0,61.14945399999999,797.8,743.0606,6.0,196.0,91.991346,44.0,0.0,0.0,0.0,-16.520000000000003,66.42672,60.0,44.0,14.0,2480.3639040000003,-17.36,-8.710452,0,5.0,Low
2.0,0.0,0.0,0.0,0.0,0.0,4.0,0.0,0.0,0.0,10.0,0.0,5.0,0.0,0.0,0.0,0.0,0.0,0.0,0.0,0.0,0.0,0.0,0.0,0.0,0.0,0.0,0.0,21.0,115.0,147.604717,0.0,3405.063,121.352817,221.362358,163.0,0.0,1360.0,6.0,74.357293,809.9399999999999,892.653,6.0,233.0,142.30865599999998,62.0,0.0,0.0,0.0,9.4645,59.76314099999999,70.0,62.0,6.0,2734.864951,-17.049999999999997,-8.613249,2,0.0,High
2.0,2.0,0.0,0.0,0.0,0.0,2.0,0.0,0.0,0.0,0.0,0.0,15.0,0.0,0.0,0.0,0.0,0.0,0.0,0.0,0.0,0.0,0.0,0.0,0.0,0.0,0.0,0.0,21.0,129.0,166.048845,0.0,3832.385,144.528565,252.954716,177.0,0.0,1520.0,8.0,81.282123,954.24,990.3612,6.0,259.0,156.456142,70.0,0.0,0.0,0.0,9.0347,54.246893,82.0,70.0,8.0,3257.5573750000003,-16.87,-8.6072035,2,0.0,High
2.0,0.0,0.0,0.0,0.0,0.0,4.0,0.0,0.0,0.0,10.0,0.0,0.0,0.0,0.0,0.0,0.0,0.0,0.0,0.0,0.0,0.0,6.0,0.0,0.0,0.0,0.0,0.0,22.0,122.0,164.58101,0.0,3653.784,118.629108,239.972358,190.0,0.0,1472.0,6.0,86.620148,743.94,1004.787,6.0,252.0,149.089116,54.0,0.0,0.0,0.0,25.5536,66.23722,62.0,54.0,6.0,3018.441272,-17.439999999999998,-8.522591,1,2.0,Medium
0.0,2.0,0.0,0.0,0.0,0.0,0.0,0.0,2.0,2.0,15.0,0.0,0.0,0.0,0.0,0.0,0.0,0.0,0.0,0.0,0.0,0.0,0.0,0.0,0.0,0.0,0.0,0.0,21.0,101.0,139.271918,2.0,3236.882,108.426158,206.63468,155.0,0.0,1290.0,10.0,71.019936,793.45,854.9368,6.0,222.0,132.801489,55.0,0.0,2.0,2.0,6.4345,56.46923099999999,67.0,55.0,10.0,2592.868377,-16.93,-8.66534,1,3.0,Medium
2.0,0.0,0.0,0.0,0.0,0.0,5.0,0.0,0.0,0.0,14.0,0.0,0.0,0.0,0.0,0.0,1.0,0.0,0.0,0.0,0.0,0.0,0.0,0.0,0.0,0.0,0.0,0.0,22.0,107.0,141.814505,0.0,3283.931,113.259521,212.772358,158.0,0.0,1310.0,7.0,71.820511,799.13,864.1807,6.0,225.0,137.04224299999998,58.0,0.0,0.0,0.0,7.191999999999998,62.692197,67.0,58.0,7.0,2544.929519,-17.639999999999997,-8.606879,1,2.0,Medium
2.0,0.0,0.0,0.0,0.0,0.0,4.0,0.0,0.0,0.0,0.0,0.0,0.0,0.0,10.0,6.0,0.0,0.0,0.0,0.0,0.0,0.0,0.0,0.0,0.0,0.0,0.0,0.0,22.0,78.0,141.23730799999998,0.0,3234.9660000000003,94.071112,209.732358,154.0,0.0,1292.0,32.0,70.326348,1003.32,866.0208,6.0,222.0,105.717222,50.0,0.0,0.0,0.0,-0.7170000000000001,69.0047,68.0,50.0,16.0,2925.931906,-17.68,-8.834849,1,4.0,Medium
2.0,0.0,0.0,0.0,0.0,0.0,4.0,0.0,0.0,8.0,0.0,0.0,0.0,8.0,0.0,0.0,0.0,0.0,0.0,0.0,0.0,0.0,0.0,0.0,0.0,0.0,0.0,0.0,22.0,126.0,178.47667,8.0,4130.096,134.277292,255.70164600000004,200.0,0.0,1648.0,14.0,96.628966,908.6799999999998,1078.8126000000002,14.0,284.0,160.53499399999998,68.0,0.0,8.0,8.0,-3.5839999999999987,54.161104,84.0,68.0,14.0,3647.39052,-18.32,-8.647528,1,3.0,Medium
0.0,2.0,0.0,0.0,0.0,0.0,4.0,0.0,0.0,8.0,0.0,0.0,0.0,0.0,8.0,0.0,0.0,0.0,0.0,0.0,0.0,0.0,0.0,0.0,0.0,0.0,0.0,0.0,22.0,86.0,165.812508,8.0,3767.832,94.663196,232.02164600000003,184.0,0.0,1504.0,32.0,88.045466,950.84,1011.206,14.0,260.0,119.26313,50.0,0.0,8.0,8.0,-10.1116,58.257904,76.0,50.0,24.0,3615.32176,-18.0,-8.813648,1,4.0,Medium
0.0,2.0,0.0,0.0,0.0,0.0,4.0,0.0,0.0,0.0,12.0,0.0,0.0,0.0,4.0,0.0,0.0,0.0,0.0,0.0,0.0,0.0,0.0,0.0,0.0,0.0,0.0,0.0,22.0,102.0,144.59473200000002,0.0,3323.064,110.881876,215.732358,160.0,0.0,1328.0,16.0,73.006698,860.1199999999999,887.7304,6.0,228.0,132.32523,54.0,0.0,0.0,0.0,6.5092,64.02896,68.0,54.0,12.0,2690.880592,-17.68,-8.701196,1,4.0,Medium
0.0,4.0,0.0,12.0,0.0,0.0,0.0,0.0,4.0,0.0,0.0,0.0,0.0,0.0,0.0,0.0,2.0,0.0,0.0,0.0,0.0,0.0,0.0,0.0,0.0,0.0,0.0,0.0,22.0,110.0,171.356476,0.0,3725.042,113.402532,247.804716,186.0,0.0,1488.0,28.0,89.07738,810.26,1034.4052,18.0,254.0,136.701516,36.0,0.0,0.0,0.0,-7.5678,62.55639000000001,68.0,36.0,28.0,3262.510258,-17.02,-8.77462,1,4.0,Medium
2.0,0.0,0.0,0.0,0.0,0.0,4.0,0.0,0.0,0.0,0.0,0.0,0.0,13.0,0.0,3.0,0.0,0.0,0.0,0.0,0.0,0.0,0.0,0.0,0.0,0.0,0.0,0.0,22.0,143.0,165.000747,0.0,3859.576000000001,159.528176,251.212358,183.0,0.0,1544.0,9.0,86.249455,952.31,1002.4834,6.0,264.0,172.698795,73.0,0.0,0.0,0.0,8.3871,62.67421399999999,81.0,73.0,6.0,3047.2541,-18.2,-8.590423,2,0.0,High
2.0,0.0,0.0,0.0,0.0,0.0,4.0,0.0,0.0,0.0,4.0,0.0,12.0,0.0,0.0,0.0,0.0,0.0,0.0,0.0,0.0,0.0,0.0,0.0,0.0,0.0,0.0,0.0,22.0,134.0,168.001274,0.0,3857.604,141.92172,251.252358,184.0,0.0,1544.0,6.0,84.33593,910.08,1006.035,6.0,264.0,158.890614,72.0,0.0,0.0,0.0,10.3328,63.699328,80.0,72.0,6.0,3233.335328,-18.16,-8.592021,2,0.0,High
2.0,0.0,0.0,5.0,0.0,0.0,4.0,0.0,0.0,0.0,10.0,0.0,0.0,0.0,0.0,0.0,0.0,0.0,0.0,0.0,0.0,0.0,0.0,0.0,0.0,0.0,0.0,0.0,21.0,110.0,151.022232,0.0,3395.3229999999994,110.982232,221.562358,168.0,0.0,1360.0,11.0,77.86029299999998,739.8399999999999,913.7365,11.0,233.0,136.800756,52.0,0.0,0.0,0.0,5.773,61.672701,65.0,52.0,11.0,2778.694561,-16.849999999999998,-8.686912,1,2.0,Medium
2.0,0.0,0.0,0.0,0.0,0.0,4.0,0.0,0.0,0.0,0.0,0.0,0.0,0.0,4.0,12.0,0.0,0.0,0.0,0.0,0.0,0.0,0.0,0.0,0.0,0.0,0.0,0.0,22.0,78.0,135.465338,0.0,3156.708,91.902796,203.732358,148.0,0.0,1256.0,26.0,67.09640999999999,986.52,826.1466,6.0,216.0,105.887634,56.0,0.0,0.0,0.0,-0.486,68.351072,68.0,56.0,10.0,2787.510988,-17.68,-8.79284,1,4.0,Medium
2.0,0.0,0.0,0.0,0.0,0.0,4.0,0.0,0.0,0.0,0.0,0.0,0.0,0.0,0.0,8.0,0.0,0.0,0.0,0.0,8.0,0.0,0.0,0.0,0.0,0.0,0.0,0.0,22.0,62.0,137.344742,0.0,3088.76,101.233412,200.05235800000003,152.0,0.0,1232.0,14.0,66.483846,813.4799999999999,825.0294,6.0,212.0,94.625274,52.0,0.0,0.0,0.0,10.9968,70.65408000000001,60.0,52.0,6.0,2710.403864,-17.36,-8.653231,1,4.0,Medium
2.0,0.0,0.0,0.0,0.0,0.0,4.0,0.0,0.0,0.0,6.0,0.0,10.0,0.0,0.0,0.0,0.0,0.0,0.0,0.0,0.0,0.0,0.0,0.0,0.0,0.0,0.0,0.0,22.0,130.0,163.92526399999997,0.0,3769.498,137.561882,245.332358,180.0,0.0,1508.0,6.0,82.36796799999999,891.6199999999999,984.397,6.0,258.0,155.95074,70.0,0.0,0.0,0.0,10.2996,63.441524,78.0,70.0,6.0,3122.177748,-18.08,-8.592346,2,0.0,High
0.0,2.0,0.0,0.0,0.0,0.0,4.0,0.0,0.0,0.0,0.0,0.0,0.0,0.0,6.0,10.0,0.0,0.0,0.0,0.0,0.0,0.0,0.0,0.0,0.0,0.0,0.0,0.0,22.0,78.0,137.57283,0.0,3180.826,92.625568,205.732358,150.0,0.0,1268.0,30.0,68.394564,997.72,843.5393999999999,6.0,218.0,105.83083,52.0,0.0,0.0,0.0,-1.4170000000000005,68.56894799999999,68.0,52.0,14.0,2833.651294,-17.68,-8.822652,0,5.0,Low
0.0,2.0,0.0,0.0,0.0,0.0,4.0,0.0,0.0,0.0,10.0,0.0,0.0,0.0,6.0,0.0,0.0,0.0,0.0,0.0,0.0,0.0,0.0,0.0,0.0,0.0,0.0,0.0,22.0,98.0,145.02774,0.0,3321.0959999999995,108.441468,215.732358,160.0,0.0,1328.0,20.0,73.13521399999999,887.72,891.4413999999999,6.0,228.0,127.86216,52.0,0.0,0.0,0.0,5.124,64.967188,68.0,52.0,14.0,2753.125964,-17.68,-8.745021,0,5.0,Low
1.0,0.0,0.0,0.0,0.0,0.0,4.0,0.0,0.0,1.0,0.0,0.0,15.0,0.0,0.0,0.0,0.0,0.0,0.0,0.0,0.0,0.0,0.0,0.0,0.0,0.0,0.0,0.0,21.0,136.0,169.78958999999998,1.0,3879.223,141.450196,250.00234,187.0,0.0,1560.0,6.0,86.335113,888.27,1012.2226,6.0,267.0,156.205227,73.0,0.0,1.0,1.0,8.8819,63.130095,80.0,73.0,6.0,3375.149277,-17.78,-8.597077,2,0.0,High
0.0,1.0,0.0,0.0,0.0,0.0,4.0,0.0,0.0,1.0,16.0,0.0,0.0,0.0,0.0,0.0,0.0,0.0,0.0,0.0,0.0,0.0,0.0,0.0,0.0,0.0,0.0,0.0,22.0,111.0,145.441788,1.0,3361.614,114.060881,214.77234,164.0,0.0,1348.0,7.0,74.776922,788.15,889.6373000000001,6.0,232.0,140.448571,60.0,0.0,1.0,1.0,8.958,64.23043799999999,68.0,60.0,7.0,2650.886274,-18.009999999999998,-8.605022,1,1.0,Medium
0.0,2.0,0.0,0.0,0.0,0.0,4.0,0.0,0.0,0.0,0.0,0.0,10.0,0.0,0.0,6.0,0.0,0.0,0.0,0.0,0.0,0.0,0.0,0.0,0.0,0.0,0.0,0.0,22.0,118.0,159.63582,0.0,3683.368,128.072342,239.332358,174.0,0.0,1472.0,14.0,79.745086,963.22,959.7572,6.0,252.0,142.731942,68.0,0.0,0.0,0.0,5.521,65.60258,78.0,68.0,8.0,3170.4929459999994,-18.08,-8.639059,1,4.0,Medium
2.0,1.0,0.0,0.0,0.0,0.0,3.0,0.0,0.0,0.0,0.0,0.0,0.0,0.0,0.0,16.0,0.0,0.0,0.0,0.0,0.0,0.0,0.0,0.0,0.0,0.0,0.0,0.0,22.0,75.0,130.649397,0.0,3097.932,91.145531,200.728537,141.0,0.0,1222.0,23.0,63.485628,1001.32,794.3229,6.0,210.0,105.7253,59.0,0.0,0.0,0.0,-0.6298999999999997,64.512686,69.0,59.0,7.0,2678.682638,-17.39,-8.7503195,0,5.0,Low
1.0,0.0,0.0,0.0,0.0,0.0,4.0,0.0,0.0,1.0,0.0,0.0,16.0,0.0,0.0,0.0,0.0,0.0,0.0,0.0,0.0,0.0,0.0,0.0,0.0,0.0,0.0,0.0,22.0,143.0,177.958117,1.0,4067.446,148.939585,262.13234,196.0,0.0,1636.0,6.0,90.409864,933.03,1060.6906,6.0,280.0,163.967563,77.0,0.0,1.0,1.0,9.6506,66.29287,84.0,77.0,6.0,3540.146914,-18.65,-8.582418,2,0.0,High
0.0,0.0,1.0,0.0,0.0,0.0,4.0,0.0,0.0,1.0,16.0,0.0,0.0,0.0,0.0,0.0,0.0,0.0,0.0,0.0,0.0,0.0,0.0,0.0,0.0,0.0,0.0,0.0,22.0,112.0,146.148895,1.0,3375.641,115.822602,215.685122,165.0,0.0,1354.0,7.0,75.276922,788.15,894.2543000000001,6.0,233.0,141.436076,60.0,0.0,1.0,1.0,9.3481,64.23043799999999,68.0,60.0,7.0,2662.372313,-18.009999999999998,-8.602226,2,0.0,High
0.0,0.0,2.0,0.0,0.0,0.0,4.0,0.0,0.0,0.0,8.0,0.0,0.0,0.0,0.0,8.0,0.0,0.0,0.0,0.0,0.0,0.0,0.0,0.0,0.0,0.0,0.0,0.0,22.0,96.0,139.179002,0.0,3242.838,106.633414,209.557922,154.0,0.0,1292.0,16.0,69.957146,892.9200000000001,851.2208,6.0,222.0,125.601316,58.0,0.0,0.0,0.0,4.826999999999999,65.03391199999999,68.0,58.0,8.0,2653.78219,-17.68,-8.707301,1,3.0,Medium
1.0,0.0,0.0,0.0,0.0,0.0,4.0,0.0,0.0,1.0,16.0,0.0,0.0,0.0,0.0,0.0,0.0,0.0,0.0,0.0,0.0,0.0,0.0,0.0,0.0,0.0,0.0,0.0,22.0,111.0,145.350037,1.0,3362.598,114.060881,214.77234,164.0,0.0,1348.0,6.0,74.666168,785.35,887.5866000000001,6.0,232.0,140.448571,61.0,0.0,1.0,1.0,9.385,64.23043799999999,68.0,61.0,6.0,2650.886274,-18.009999999999998,-8.59405,2,0.0,High
1.0,0.0,0.0,3.0,0.0,0.0,2.0,0.0,0.0,0.0,15.0,0.0,0.0,0.0,0.0,0.0,0.0,0.0,0.0,0.0,0.0,0.0,0.0,0.0,0.0,0.0,0.0,0.0,21.0,108.0,141.242351,0.0,3232.499,111.293452,208.566179,159.0,0.0,1298.0,6.0,72.225522,740.59,859.7006,6.0,223.0,134.654746,57.0,0.0,0.0,0.0,10.4227,62.947424,64.0,57.0,6.0,2570.41753,-17.14,-8.586098,1,1.0,Medium
0.0,0.0,1.0,0.0,0.0,0.0,5.0,0.0,0.0,0.0,8.0,0.0,0.0,0.0,0.0,8.0,0.0,0.0,0.0,0.0,0.0,0.0,0.0,0.0,0.0,0.0,0.0,0.0,22.0,98.0,139.43985600000002,0.0,3235.415,104.183414,207.648961,156.0,0.0,1296.0,15.0,70.914636,866.9200000000001,851.8447000000001,6.0,223.0,124.889753,59.0,0.0,0.0,0.0,4.7348,68.43654599999999,67.0,59.0,7.0,2658.843889,-17.97,-8.688735,1,3.0,Medium
3.0,0.0,0.0,0.0,0.0,0.0,3.0,0.0,0.0,0.0,5.0,0.0,11.0,0.0,0.0,0.0,0.0,0.0,0.0,0.0,0.0,0.0,0.0,0.0,0.0,0.0,0.0,0.0,22.0,129.0,164.90355699999998,0.0,3807.931,140.43008,249.288537,179.0,0.0,1516.0,6.0,81.783705,924.05,987.9244,6.0,259.0,157.14473500000005,71.0,0.0,0.0,0.0,10.4453,60.167792000000006,80.0,71.0,6.0,3161.2088000000003,-17.83,-8.595497,2,0.0,High
2.0,2.0,0.0,0.0,0.0,0.0,2.0,0.0,0.0,0.0,18.0,0.0,0.0,0.0,0.0,0.0,0.0,0.0,0.0,0.0,0.0,0.0,0.0,0.0,0.0,0.0,0.0,0.0,24.0,114.0,153.870336,0.0,3604.1,127.75819,236.064716,168.0,0.0,1424.0,8.0,75.79471799999999,922.38,941.0232,6.0,244.0,153.284284,64.0,0.0,0.0,0.0,11.042000000000002,61.414982,76.0,64.0,8.0,2752.132066,-18.76,-8.567273,2,0.0,High
1.0,0.0,1.0,0.0,0.0,0.0,4.0,0.0,0.0,0.0,0.0,0.0,16.0,0.0,0.0,0.0,0.0,0.0,0.0,0.0,0.0,0.0,0.0,0.0,0.0,0.0,0.0,0.0,22.0,143.0,176.95215199999998,0.0,4046.859,152.403117,264.00514,193.0,0.0,1622.0,7.0,88.882608,949.8,1055.9787,6.0,277.0,165.757867,75.0,0.0,0.0,0.0,10.3623,64.214936,84.0,75.0,7.0,3467.136527,-18.32,-8.583719,2,0.0,High
4.0,0.0,0.0,2.0,0.0,0.0,0.0,0.0,0.0,0.0,10.0,0.0,0.0,0.0,0.0,6.0,0.0,0.0,0.0,0.0,0.0,0.0,0.0,0.0,0.0,0.0,0.0,0.0,22.0,92.0,138.79814199999998,0.0,3261.62,108.668716,213.724716,150.0,0.0,1284.0,12.0,67.36054,911.72,842.1166000000001,6.0,220.0,127.09391,60.0,0.0,0.0,0.0,7.2474,57.792398,70.0,60.0,6.0,2646.208764,-17.099999999999998,-8.653591,1,3.0,Medium
2.0,0.0,0.0,0.0,0.0,10.0,4.0,0.0,0.0,0.0,6.0,0.0,0.0,0.0,0.0,0.0,0.0,0.0,0.0,0.0,0.0,0.0,0.0,0.0,0.0,0.0,0.0,0.0,22.0,100.0,156.618164,0.0,3469.478,118.730042,225.732358,170.0,0.0,1388.0,16.0,78.16075800000002,751.4200000000001,934.224,16.0,238.0,127.38506999999998,50.0,0.0,0.0,0.0,-4.8854,65.785954,68.0,50.0,16.0,2993.9118580000004,-17.68,-8.723791,0,5.0,Low
0.0,1.0,0.0,0.0,0.0,0.0,5.0,0.0,0.0,0.0,8.0,0.0,0.0,0.0,0.0,8.0,0.0,0.0,0.0,0.0,0.0,0.0,0.0,0.0,0.0,0.0,0.0,0.0,22.0,97.0,138.732749,0.0,3221.388,102.421693,206.736179,155.0,0.0,1290.0,15.0,70.414636,866.9200000000001,847.2277,6.0,222.0,123.902248,59.0,0.0,0.0,0.0,4.3447,68.43654599999999,67.0,59.0,7.0,2647.35785,-17.97,-8.689642,1,4.0,Medium
0.0,0.0,0.0,2.0,0.0,0.0,2.0,0.0,0.0,2.0,0.0,0.0,0.0,0.0,0.0,0.0,0.0,16.0,0.0,0.0,0.0,0.0,0.0,0.0,0.0,0.0,0.0,0.0,22.0,96.0,157.23059,2.0,3392.7300000000005,94.427804,216.452322,186.0,0.0,1380.0,6.0,84.286462,623.7,956.7122,6.0,238.0,119.08405,46.0,0.0,2.0,2.0,27.8758,71.050014,52.0,46.0,6.0,3084.788838,-17.7,-8.406004,1,3.0,Medium
2.0,0.0,0.0,0.0,0.0,0.0,4.0,0.0,0.0,0.0,8.0,0.0,0.0,0.0,0.0,0.0,0.0,0.0,0.0,0.0,0.0,0.0,0.0,8.0,0.0,0.0,0.0,0.0,22.0,126.0,164.21174200000002,0.0,3649.84,124.311996,240.05235800000003,192.0,0.0,1472.0,6.0,88.064438,725.4799999999999,1010.711,6.0,252.0,153.619138,52.0,0.0,0.0,0.0,27.5728,66.512968,60.0,52.0,6.0,2908.3932240000004,-17.36,-8.494098,1,2.0,Medium
0.0,1.0,1.0,0.0,0.0,0.0,4.0,0.0,0.0,0.0,16.0,0.0,0.0,0.0,0.0,0.0,0.0,0.0,0.0,0.0,0.0,0.0,0.0,0.0,0.0,0.0,0.0,0.0,22.0,111.0,144.435823,0.0,3341.027,117.524413,216.64514,161.0,0.0,1334.0,8.0,73.24966599999999,804.9200000000001,884.9254000000001,6.0,229.0,142.238875,58.0,0.0,0.0,0.0,9.6697,62.15250399999999,68.0,58.0,8.0,2577.875887,-17.68,-8.595219,2,0.0,High
1.0,0.0,0.0,1.0,0.0,0.0,4.0,0.0,0.0,0.0,16.0,0.0,0.0,0.0,0.0,0.0,0.0,0.0,0.0,0.0,0.0,0.0,0.0,0.0,0.0,0.0,0.0,0.0,22.0,113.0,145.527575,0.0,3348.615,115.583916,215.736179,164.0,0.0,1344.0,6.0,74.50303199999999,776.12,888.1156000000001,6.0,231.0,141.333923,60.0,0.0,0.0,0.0,10.3946,65.697191,67.0,60.0,6.0,2615.237183,-17.97,-8.572125,2,0.0,High
2.0,0.0,0.0,0.0,0.0,0.0,4.0,0.0,0.0,0.0,12.0,0.0,0.0,0.0,3.0,0.0,0.0,0.0,0.0,0.0,0.0,0.0,0.0,0.0,0.0,0.0,0.0,0.0,21.0,99.0,138.06420400000002,0.0,3181.846,106.79261,206.562358,153.0,0.0,1270.0,12.0,69.630162,805.19,844.1245,6.0,218.0,128.264366,54.0,0.0,0.0,0.0,7.303699999999999,60.52597299999999,65.0,54.0,9.0,2550.339059,-16.849999999999998,-8.678245,1,3.0,Medium
0.0,0.0,0.0,0.0,3.0,0.0,4.0,0.0,0.0,0.0,0.0,0.0,0.0,0.0,0.0,14.0,1.0,0.0,0.0,0.0,0.0,0.0,0.0,0.0,0.0,0.0,0.0,0.0,22.0,85.0,141.486463,0.0,3225.036,91.744802,205.78,159.0,0.0,1300.0,21.0,71.836272,906.73,853.1221,6.0,224.0,106.03724,58.0,0.0,0.0,0.0,1.2777000000000005,76.08262199999999,65.0,58.0,7.0,2907.3545980000004,-18.22,-8.752738,0,6.0,Low
1.0,0.0,0.0,0.0,0.0,0.0,4.0,0.0,0.0,1.0,0.0,0.0,0.0,0.0,16.0,0.0,0.0,0.0,0.0,0.0,0.0,0.0,0.0,0.0,0.0,0.0,0.0,0.0,22.0,79.0,148.814101,1.0,3346.8540000000003,94.537617,214.77234,164.0,0.0,1348.0,38.0,75.69429600000001,1006.15,917.2746,6.0,232.0,104.744011,45.0,0.0,1.0,1.0,-1.6966,71.736262,68.0,45.0,22.0,3148.84925,-18.009999999999998,-8.816793,1,4.0,Medium
2.0,0.0,0.0,0.0,0.0,0.0,5.0,0.0,0.0,0.0,0.0,0.0,14.0,0.0,0.0,0.0,1.0,0.0,0.0,0.0,0.0,0.0,0.0,0.0,0.0,0.0,0.0,0.0,22.0,135.0,170.346575,0.0,3900.673,143.778387,254.212358,186.0,0.0,1562.0,7.0,85.596245,928.35,1015.6467,6.0,267.0,157.621361,72.0,0.0,0.0,0.0,7.4244,64.49682499999999,81.0,72.0,7.0,3323.032579,-18.2,-8.592211,2,0.0,High
2.0,0.0,0.0,0.0,0.0,0.0,4.0,0.0,0.0,0.0,12.0,0.0,0.0,0.0,4.0,0.0,0.0,0.0,0.0,0.0,0.0,0.0,0.0,0.0,0.0,0.0,0.0,0.0,22.0,102.0,144.41123,0.0,3325.032,110.881876,215.732358,160.0,0.0,1328.0,14.0,72.78519,854.52,883.629,6.0,228.0,132.32523,56.0,0.0,0.0,0.0,7.363199999999999,64.02896,68.0,56.0,10.0,2690.880592,-17.68,-8.681827,1,4.0,Medium
2.0,0.0,0.0,0.0,8.0,0.0,4.0,0.0,0.0,0.0,0.0,0.0,0.0,0.0,0.0,0.0,8.0,0.0,0.0,0.0,0.0,0.0,0.0,0.0,0.0,0.0,0.0,0.0,22.0,86.0,151.00463000000002,0.0,3305.32,101.081588,216.05235800000003,168.0,0.0,1328.0,14.0,76.24347,797.8,890.4526000000001,6.0,228.0,105.676954,44.0,0.0,0.0,0.0,-4.0624,70.583896,60.0,44.0,14.0,2972.2915920000005,-17.36,-8.773822,0,5.0,Low
0.0,2.0,0.0,0.0,4.0,0.0,0.0,0.0,0.0,0.0,0.0,0.0,8.0,0.0,0.0,8.0,0.0,0.0,0.0,0.0,0.0,0.0,0.0,0.0,0.0,0.0,0.0,0.0,22.0,110.0,164.72137199999997,0.0,3735.532,123.221456,243.41235800000004,180.0,0.0,1496.0,16.0,81.517238,966.76,983.7668,6.0,256.0,134.43510200000003,66.0,0.0,0.0,0.0,8.848,68.122052,76.0,66.0,8.0,3364.23262,-18.0,-8.683058,1,3.0,Medium
2.0,2.0,0.0,0.0,0.0,0.0,2.0,0.0,0.0,0.0,0.0,0.0,0.0,0.0,15.0,0.0,0.0,0.0,0.0,0.0,0.0,0.0,0.0,0.0,0.0,0.0,0.0,0.0,21.0,69.0,138.72633,0.0,3156.83,93.52672,208.554716,147.0,0.0,1250.0,38.0,67.486278,1022.79,855.9087,6.0,214.0,100.93406199999998,40.0,0.0,0.0,0.0,-1.6033,59.350073,67.0,40.0,23.0,2890.715815,-16.27,-8.828231,0,5.0,Low
0.0,3.0,0.0,3.0,0.0,0.0,0.0,0.0,0.0,0.0,13.0,0.0,0.0,0.0,4.0,0.0,0.0,0.0,0.0,0.0,0.0,0.0,0.0,0.0,0.0,0.0,0.0,0.0,23.0,104.0,152.52524,0.0,3502.711,118.408134,228.898537,167.0,0.0,1394.0,17.0,75.859868,921.65,933.9895,6.0,239.0,137.76152,56.0,0.0,0.0,0.0,8.133700000000001,64.086358,72.0,56.0,13.0,2880.650492,-18.22,-8.6603565,0,5.0,Low
3.0,0.0,0.0,0.0,0.0,0.0,3.0,0.0,0.0,2.0,0.0,0.0,0.0,0.0,14.0,0.0,0.0,0.0,0.0,0.0,0.0,0.0,0.0,0.0,0.0,0.0,0.0,0.0,22.0,77.0,150.60449799999998,2.0,3421.748,96.533649,220.800859,163.0,0.0,1362.0,36.0,75.55496,1024.6,923.9058,8.0,234.0,108.699948,46.0,0.0,2.0,2.0,-2.8963,63.405588,71.0,46.0,22.0,3185.54732,-17.47,-8.829127,0,5.0,Low
2.0,0.0,0.0,0.0,0.0,0.0,2.0,0.0,0.0,3.0,15.0,0.0,0.0,0.0,0.0,0.0,0.0,0.0,0.0,0.0,0.0,0.0,0.0,0.0,0.0,0.0,0.0,0.0,22.0,105.0,147.579406,3.0,3441.076,112.318395,217.840841,165.0,0.0,1370.0,7.0,75.51540700000001,822.22,898.8897000000001,7.0,236.0,138.57689299999998,62.0,0.0,3.0,3.0,7.1633,58.54716499999999,71.0,62.0,7.0,2802.281027,-17.799999999999997,-8.6375265,1,1.0,Medium
2.0,0.0,2.0,0.0,0.0,0.0,2.0,0.0,0.0,0.0,0.0,0.0,0.0,0.0,0.0,0.0,0.0,16.0,0.0,0.0,0.0,0.0,0.0,0.0,0.0,0.0,0.0,0.0,22.0,90.0,151.253938,0.0,3312.262,101.71242,220.19028000000003,172.0,0.0,1320.0,8.0,77.282202,703.6400000000001,923.4712,6.0,226.0,122.499552,42.0,0.0,0.0,0.0,28.7772,59.804772,54.0,42.0,8.0,2841.073394,-16.46,-8.458877,1,1.0,Medium
2.0,0.0,0.0,0.0,0.0,0.0,4.0,0.0,0.0,0.0,0.0,0.0,0.0,0.0,0.0,0.0,0.0,8.0,0.0,0.0,0.0,0.0,0.0,0.0,0.0,0.0,8.0,0.0,22.0,110.0,187.712462,8.0,4498.103999999999,97.688132,278.87407800000005,208.0,0.0,1792.0,38.0,100.16583,1446.68,1123.2086,6.0,308.0,142.209082,92.0,0.0,8.0,8.0,-3.276,59.207536,100.0,92.0,6.0,4572.234736,-18.96,-8.640612,0,5.0,Low
2.0,0.0,0.0,0.0,0.0,0.0,4.0,0.0,0.0,0.0,14.0,0.0,0.0,0.0,0.0,0.0,0.0,0.0,0.0,0.0,0.0,0.0,0.0,2.0,0.0,0.0,0.0,0.0,22.0,114.0,148.711846,0.0,3409.186,117.900018,221.812358,168.0,0.0,1364.0,6.0,76.412228,780.86,909.833,6.0,234.0,144.34331199999997,58.0,0.0,0.0,0.0,14.493399999999998,63.24262,66.0,58.0,6.0,2651.890692,-17.6,-8.55438,2,0.0,High
3.0,0.0,0.0,0.0,0.0,0.0,4.0,0.0,0.0,0.0,13.0,0.0,0.0,0.0,0.0,0.0,1.0,0.0,0.0,0.0,0.0,0.0,0.0,0.0,0.0,0.0,0.0,0.0,21.0,99.0,134.62427100000002,0.0,3134.141,108.63833,204.598537,148.0,0.0,1242.0,7.0,67.161497,786.8,819.2401,6.0,213.0,130.473902,55.0,0.0,0.0,0.0,6.569,56.25569,65.0,55.0,7.0,2418.962934,-16.52,-8.631384,1,2.0,Medium
0.0,0.0,2.0,0.0,0.0,0.0,4.0,0.0,0.0,2.0,14.0,0.0,0.0,0.0,0.0,0.0,0.0,0.0,0.0,0.0,0.0,0.0,0.0,0.0,0.0,0.0,0.0,0.0,22.0,110.0,150.23086999999998,2.0,3467.23,116.451668,221.630244,168.0,0.0,1384.0,10.0,77.4451,813.8,918.5558,8.0,238.0,142.19239,58.0,0.0,2.0,2.0,6.597199999999999,60.240626,70.0,58.0,10.0,2789.349532,-17.759999999999998,-8.639149,1,2.0,Medium
0.0,0.0,2.0,0.0,0.0,0.0,4.0,0.0,0.0,0.0,0.0,0.0,0.0,0.0,0.0,8.0,0.0,0.0,0.0,0.0,0.0,0.0,0.0,8.0,0.0,0.0,0.0,0.0,22.0,112.0,159.84553,0.0,3563.71,115.182718,233.877922,186.0,0.0,1436.0,16.0,85.493426,819.08,985.7248,6.0,246.0,137.969084,50.0,0.0,0.0,0.0,22.2662,69.394376,60.0,50.0,8.0,2995.7855660000005,-17.36,-8.592169,0,5.0,Low
1.0,1.0,0.0,0.0,0.0,0.0,4.0,0.0,0.0,0.0,0.0,0.0,16.0,0.0,0.0,0.0,0.0,0.0,0.0,0.0,0.0,0.0,0.0,0.0,0.0,0.0,0.0,0.0,22.0,142.0,176.245045,0.0,4032.832,150.641396,263.092358,192.0,0.0,1616.0,7.0,88.382608,949.8,1051.3617,6.0,276.0,164.770362,75.0,0.0,0.0,0.0,9.9722,64.214936,84.0,75.0,7.0,3455.650488,-18.32,-8.58554,2,0.0,High
0.0,0.0,2.0,0.0,0.0,0.0,4.0,0.0,0.0,0.0,0.0,0.0,0.0,0.0,8.0,8.0,0.0,0.0,0.0,0.0,0.0,0.0,0.0,0.0,0.0,0.0,0.0,0.0,22.0,80.0,140.91103399999997,0.0,3234.9660000000003,96.871782,209.557922,154.0,0.0,1292.0,32.0,70.47121,1003.32,866.0648000000001,6.0,222.0,107.749036,50.0,0.0,0.0,0.0,-0.7138000000000002,68.786824,68.0,50.0,16.0,2902.763678,-17.68,-8.835534,1,4.0,Medium
1.0,0.0,0.0,0.0,2.0,0.0,3.0,0.0,0.0,0.0,0.0,0.0,0.0,0.0,0.0,16.0,0.0,0.0,0.0,0.0,0.0,0.0,0.0,0.0,0.0,0.0,0.0,0.0,22.0,81.0,138.003342,0.0,3194.318,91.105039,204.736179,153.0,0.0,1278.0,22.0,68.855484,952.12,834.4694000000001,6.0,220.0,105.801834,60.0,0.0,0.0,0.0,1.8731,72.346416,67.0,60.0,6.0,2856.174208,-17.97,-8.754982,0,6.0,Low
2.0,0.0,0.0,0.0,0.0,0.0,4.0,0.0,0.0,5.0,12.0,0.0,0.0,0.0,0.0,0.0,0.0,0.0,0.0,0.0,0.0,0.0,0.0,0.0,0.0,0.0,0.0,0.0,23.0,110.0,162.395586,5.0,3753.578,113.985997,235.083163,182.0,0.0,1496.0,11.0,84.85751300000001,857.05,986.3895,11.0,258.0,144.958794,63.0,0.0,5.0,5.0,2.2292,60.406682,76.0,63.0,11.0,3175.7777100000003,-18.71,-8.657832,1,3.0,Medium
2.0,0.0,0.0,0.0,0.0,0.0,4.0,0.0,0.0,0.0,15.0,0.0,0.0,0.0,0.0,0.0,0.0,1.0,0.0,0.0,0.0,0.0,0.0,0.0,0.0,0.0,0.0,0.0,22.0,109.0,144.059616,0.0,3326.996,114.5783,215.77235800000005,161.0,0.0,1328.0,6.0,72.94497199999999,790.0899999999999,879.239,6.0,228.0,139.990436,59.0,0.0,0.0,0.0,11.287299999999998,62.4311,67.0,59.0,6.0,2584.190282,-17.64,-8.568724,2,0.0,High
0.0,0.0,1.0,0.0,0.0,0.0,5.0,0.0,0.0,0.0,12.0,0.0,0.0,0.0,0.0,4.0,0.0,0.0,0.0,0.0,0.0,0.0,0.0,0.0,0.0,0.0,0.0,0.0,22.0,106.0,142.42182,0.0,3291.523,110.509774,211.648961,160.0,0.0,1320.0,11.0,72.810896,822.92,871.0055000000001,6.0,227.0,133.702285,59.0,0.0,0.0,0.0,7.351199999999999,66.995842,67.0,59.0,7.0,2626.633757,-17.97,-8.6374855,1,3.0,Medium
5.0,0.0,0.0,0.0,0.0,0.0,0.0,2.0,0.0,0.0,0.0,0.0,0.0,0.0,0.0,14.0,1.0,0.0,0.0,0.0,0.0,0.0,0.0,0.0,0.0,0.0,0.0,0.0,22.0,66.0,125.370067,0.0,3014.585,93.9895,197.760895,131.0,0.0,1172.0,21.0,58.23622700000001,1022.73,756.7751,6.0,201.0,101.651947,58.0,0.0,0.0,0.0,-3.1385,57.111221,70.0,58.0,7.0,2566.642871,-16.77,-8.699223,1,4.0,Medium
2.0,0.0,2.0,16.0,0.0,0.0,2.0,0.0,0.0,0.0,0.0,0.0,0.0,0.0,0.0,0.0,0.0,0.0,0.0,0.0,0.0,0.0,0.0,0.0,0.0,0.0,0.0,0.0,22.0,122.0,186.567634,0.0,4017.494,122.355524,267.55028,204.0,0.0,1608.0,24.0,97.566474,774.6800000000001,1115.5304,22.0,274.0,148.568208,42.0,0.0,0.0,0.0,-1.2292,63.52026,70.0,42.0,24.0,3585.781842,-17.099999999999998,-8.738496,0,5.0,Low
1.0,0.0,0.0,0.0,0.0,0.0,3.0,0.0,0.0,2.0,17.0,0.0,0.0,0.0,0.0,0.0,0.0,0.0,0.0,0.0,0.0,0.0,0.0,0.0,0.0,0.0,0.0,0.0,23.0,114.0,152.22567,2.0,3534.778,118.356819,223.978501,172.0,0.0,1416.0,6.0,78.326704,830.11,929.3236,6.0,244.0,145.662229,65.0,0.0,2.0,2.0,9.517600000000002,65.939611,72.0,65.0,6.0,2828.253809,-18.88,-8.603279,2,0.0,High
0.0,0.0,3.0,0.0,0.0,0.0,5.0,0.0,0.0,0.0,12.0,0.0,0.0,0.0,0.0,0.0,2.0,0.0,0.0,0.0,0.0,0.0,0.0,0.0,0.0,0.0,0.0,0.0,22.0,104.0,141.420658,0.0,3272.403,116.729792,213.546883,156.0,0.0,1300.0,11.0,71.37688200000001,830.54,864.8659,6.0,223.0,135.51968899999997,53.0,0.0,0.0,0.0,4.2688,59.829256,67.0,53.0,11.0,2541.379569,-17.31,-8.654692,1,2.0,Medium
2.0,0.0,0.0,6.0,0.0,0.0,4.0,0.0,0.0,0.0,0.0,0.0,0.0,0.0,0.0,10.0,0.0,0.0,0.0,0.0,0.0,0.0,0.0,0.0,0.0,0.0,0.0,0.0,22.0,96.0,152.419352,0.0,3441.3280000000004,100.581604,223.732358,168.0,0.0,1376.0,22.0,77.894994,880.5799999999999,918.5192,12.0,236.0,121.430182,54.0,0.0,0.0,0.0,-0.7376,68.819148,68.0,54.0,12.0,3032.98345,-17.68,-8.789076,0,5.0,Low
1.0,0.0,3.0,0.0,2.0,0.0,0.0,0.0,0.0,0.0,16.0,0.0,0.0,0.0,0.0,0.0,0.0,0.0,0.0,0.0,0.0,0.0,0.0,0.0,0.0,0.0,0.0,0.0,22.0,107.0,149.148636,0.0,3441.019,123.760479,226.463062,163.0,0.0,1362.0,9.0,73.568054,854.12,909.2409,6.0,233.0,143.18665099999998,57.0,0.0,0.0,0.0,12.6153,56.375698,70.0,57.0,9.0,2712.148583,-17.1,-8.604891,2,0.0,High
2.0,0.0,0.0,0.0,0.0,0.0,4.0,0.0,0.0,8.0,0.0,0.0,8.0,0.0,0.0,0.0,0.0,0.0,0.0,0.0,0.0,0.0,0.0,0.0,0.0,0.0,0.0,0.0,22.0,118.0,180.201014,8.0,4130.096,121.86418,255.70164600000004,200.0,0.0,1648.0,14.0,95.181742,908.6799999999998,1078.8126000000002,14.0,284.0,148.874906,68.0,0.0,8.0,8.0,-3.5839999999999987,55.536208,84.0,68.0,14.0,3810.970592,-18.32,-8.674108,1,3.0,Medium
0.0,0.0,2.0,0.0,0.0,0.0,4.0,0.0,0.0,1.0,15.0,0.0,0.0,0.0,0.0,0.0,0.0,0.0,0.0,0.0,0.0,0.0,0.0,0.0,0.0,0.0,0.0,0.0,22.0,111.0,147.6869,1.0,3411.142,117.868901,219.594083,165.0,0.0,1362.0,9.0,75.59738300000001,809.36,904.0491,7.0,234.0,142.709385,58.0,0.0,1.0,1.0,8.328499999999998,61.19656499999999,69.0,58.0,9.0,2689.355729,-17.72,-8.630523,2,0.0,High
0.0,0.0,0.0,2.0,0.0,0.0,4.0,0.0,0.0,0.0,10.0,0.0,0.0,0.0,0.0,6.0,0.0,0.0,0.0,0.0,0.0,0.0,0.0,0.0,0.0,0.0,0.0,0.0,22.0,104.0,143.03699,0.0,3284.0999999999995,105.9156,209.74,162.0,0.0,1324.0,12.0,73.633516,818.9200000000001,871.2830000000001,6.0,228.0,128.197678,60.0,0.0,0.0,0.0,6.731,71.402934,66.0,60.0,6.0,2712.399716,-18.26,-8.643357,1,3.0,Medium
2.0,0.0,0.0,0.0,0.0,0.0,4.0,0.0,0.0,8.0,0.0,0.0,0.0,0.0,0.0,8.0,0.0,0.0,0.0,0.0,0.0,0.0,0.0,0.0,0.0,0.0,0.0,0.0,22.0,86.0,157.933046,8.0,3665.456,91.772108,224.02164600000003,176.0,0.0,1456.0,22.0,83.517374,922.84,953.939,14.0,252.0,119.490346,60.0,0.0,8.0,8.0,-8.949599999999998,57.3864,76.0,60.0,14.0,3430.760536,-18.0,-8.79126,1,4.0,Medium
1.0,0.0,0.0,0.0,0.0,0.0,3.0,0.0,0.0,2.0,0.0,0.0,16.0,0.0,0.0,0.0,0.0,0.0,0.0,0.0,0.0,0.0,0.0,0.0,0.0,0.0,0.0,0.0,22.0,141.0,178.703228,2.0,4095.456,147.926053,262.168501,197.0,0.0,1646.0,6.0,90.97963,942.26,1064.7786,6.0,282.0,162.888822,78.0,0.0,2.0,2.0,9.031100000000002,64.96817,85.0,78.0,6.0,3608.095602,-18.69,-8.579158,2,0.0,High
2.0,0.0,0.0,0.0,0.0,0.0,4.0,0.0,0.0,0.0,0.0,0.0,0.0,0.0,0.0,8.0,0.0,0.0,0.0,0.0,0.0,0.0,0.0,0.0,0.0,0.0,0.0,8.0,22.0,102.0,170.986134,8.0,4281.576,94.5063,262.577542,184.0,0.0,1696.0,54.0,90.67179,1630.9199999999998,1040.1006,6.0,292.0,133.549402,92.0,0.0,8.0,8.0,-24.2752,59.913056,108.0,92.0,14.0,4230.8099440000005,-19.28,-8.668509,0,7.0,Low
2.0,0.0,0.0,0.0,0.0,0.0,4.0,0.0,0.0,4.0,12.0,0.0,0.0,0.0,0.0,0.0,0.0,0.0,0.0,0.0,0.0,0.0,0.0,0.0,0.0,0.0,0.0,0.0,22.0,106.0,153.721094,4.0,3553.32,110.09376,223.877002,172.0,0.0,1416.0,10.0,79.919026,817.0799999999999,934.2338,10.0,244.0,139.18339,60.0,0.0,4.0,4.0,3.2084,58.328748,72.0,60.0,10.0,2966.36506,-17.84,-8.666521,1,2.0,Medium
4.0,0.0,0.0,4.0,0.0,0.0,6.0,0.0,0.0,0.0,0.0,0.0,0.0,0.0,0.0,0.0,8.0,0.0,0.0,0.0,0.0,0.0,0.0,0.0,0.0,0.0,0.0,0.0,22.0,80.0,131.270714,0.0,3013.54,99.151894,198.044716,142.0,0.0,1188.0,14.0,65.35701399999999,844.2,783.8814,6.0,204.0,106.252914,44.0,0.0,0.0,0.0,-11.5806,60.232992,62.0,44.0,14.0,2490.810128,-16.78,-8.731193,0,5.0,Low
0.0,0.0,3.0,0.0,0.0,0.0,4.0,0.0,0.0,0.0,0.0,0.0,0.0,0.0,0.0,13.0,1.0,0.0,0.0,0.0,0.0,0.0,0.0,0.0,0.0,0.0,0.0,0.0,21.0,76.0,127.329462,0.0,2990.9189999999994,93.362823,194.336883,138.0,0.0,1182.0,23.0,62.830914,938.2,776.9706,6.0,203.0,104.795688,52.0,0.0,0.0,0.0,-2.045,60.937978,65.0,52.0,10.0,2558.10398,-16.52,-8.793558,0,5.0,Low
0.0,0.0,4.0,0.0,0.0,0.0,6.0,0.0,0.0,0.0,8.0,0.0,0.0,0.0,0.0,0.0,4.0,0.0,0.0,0.0,0.0,0.0,0.0,0.0,0.0,0.0,0.0,0.0,22.0,96.0,137.698386,0.0,3189.7519999999995,114.17345,209.535844,150.0,0.0,1260.0,14.0,69.00409799999998,856.16,840.1894000000001,6.0,216.0,127.812998,48.0,0.0,0.0,0.0,-1.5222000000000009,57.506008,66.0,48.0,14.0,2493.397212,-16.939999999999998,-8.703716,0,5.0,Low
2.0,0.0,0.0,0.0,0.0,6.0,6.0,0.0,0.0,0.0,0.0,0.0,0.0,0.0,0.0,0.0,8.0,0.0,0.0,0.0,0.0,0.0,0.0,0.0,0.0,0.0,0.0,0.0,22.0,74.0,126.750158,0.0,2884.51,99.93994,186.052358,138.0,0.0,1148.0,14.0,62.578836,797.8,752.2946,6.0,198.0,95.888098,44.0,0.0,0.0,0.0,-15.7398,66.437552,60.0,44.0,14.0,2458.949732,-17.36,-8.7166195,0,5.0,Low
0.0,0.0,3.0,0.0,3.0,0.0,0.0,0.0,0.0,0.0,14.0,0.0,0.0,0.0,0.0,2.0,0.0,0.0,0.0,0.0,0.0,0.0,0.0,0.0,0.0,0.0,0.0,0.0,22.0,106.0,151.380502,0.0,3460.666,120.577053,226.466883,167.0,0.0,1378.0,11.0,75.360229,852.9200000000001,920.7591,6.0,236.0,138.81865199999996,57.0,0.0,0.0,0.0,12.3451,61.012915,69.0,57.0,9.0,2816.999434,-17.389999999999997,-8.6430025,1,3.0,Medium
1.0,0.0,0.0,0.0,0.0,0.0,3.0,0.0,0.0,2.0,0.0,0.0,0.0,0.0,0.0,16.0,0.0,0.0,0.0,0.0,0.0,0.0,0.0,0.0,0.0,0.0,0.0,0.0,22.0,77.0,134.167292,2.0,3166.176,87.74190899999999,198.808501,149.0,0.0,1262.0,22.0,67.650894,970.58,815.0314000000001,6.0,218.0,104.119702,62.0,0.0,2.0,2.0,-1.7000999999999995,68.668554,69.0,62.0,6.0,2847.67549,-18.05,-8.771974,0,6.0,Low
0.0,0.0,3.0,0.0,0.0,0.0,3.0,0.0,0.0,0.0,14.0,0.0,0.0,0.0,0.0,1.0,0.0,0.0,0.0,0.0,0.0,0.0,0.0,0.0,0.0,0.0,0.0,0.0,21.0,103.0,138.006063,0.0,3204.28,114.845074,209.296883,152.0,0.0,1272.0,10.0,69.227341,806.39,846.4793,6.0,218.0,135.442411,54.0,0.0,0.0,0.0,8.7458,56.076173,66.0,54.0,9.0,2482.933913,-16.56,-8.649411,1,2.0,Medium
1.0,0.0,0.0,0.0,0.0,3.0,2.0,0.0,0.0,0.0,0.0,0.0,0.0,0.0,0.0,16.0,0.0,0.0,0.0,0.0,0.0,0.0,0.0,0.0,0.0,0.0,0.0,0.0,22.0,75.0,131.202378,0.0,3068.075,91.870281,195.736179,144.0,0.0,1224.0,22.0,64.367289,952.12,793.0044,6.0,211.0,100.432056,60.0,0.0,0.0,0.0,-1.6313999999999995,71.301706,67.0,60.0,6.0,2743.899372,-17.97,-8.752897,0,5.0,Low
2.0,0.0,0.0,0.0,0.0,2.0,2.0,0.0,0.0,0.0,15.0,0.0,0.0,0.0,0.0,0.0,0.0,0.0,0.0,0.0,0.0,0.0,0.0,0.0,0.0,0.0,0.0,0.0,21.0,101.0,136.431564,0.0,3156.744,111.854094,204.562358,151.0,0.0,1258.0,6.0,68.008006,763.79,829.3240000000001,6.0,216.0,131.062219,57.0,0.0,0.0,0.0,8.601299999999998,59.107799,65.0,57.0,6.0,2478.385173,-16.85,-8.594055,1,2.0,Medium
0.0,0.0,3.0,0.0,0.0,0.0,3.0,0.0,0.0,0.0,10.0,0.0,0.0,0.0,6.0,0.0,0.0,0.0,0.0,0.0,0.0,0.0,0.0,0.0,0.0,0.0,0.0,0.0,22.0,98.0,146.1811,0.0,3356.5729999999994,114.41491,219.466883,160.0,0.0,1336.0,21.0,73.177724,913.72,900.0515,6.0,229.0,130.548733,51.0,0.0,0.0,0.0,5.9964,61.564554,69.0,51.0,15.0,2771.036343,-17.389999999999997,-8.743542,0,5.0,Low
0.0,0.0,1.0,0.0,0.0,0.0,3.0,0.0,0.0,2.0,16.0,0.0,0.0,0.0,0.0,0.0,0.0,0.0,0.0,0.0,0.0,0.0,0.0,0.0,0.0,0.0,0.0,0.0,22.0,110.0,146.894006,2.0,3403.651,114.80907,215.721283,166.0,0.0,1364.0,7.0,75.846688,797.38,898.3423,6.0,235.0,140.35733499999998,61.0,0.0,2.0,2.0,8.7286,62.905738,69.0,61.0,7.0,2730.3210010000003,-18.05,-8.623548,2,0.0,High
2.0,0.0,0.0,0.0,0.0,2.0,2.0,0.0,0.0,0.0,0.0,0.0,0.0,0.0,16.0,0.0,0.0,0.0,0.0,0.0,0.0,0.0,0.0,0.0,0.0,0.0,0.0,0.0,22.0,74.0,146.02615,0.0,3285.17,97.6403,213.732358,158.0,0.0,1316.0,38.0,72.126904,1020.12,896.6610000000001,6.0,226.0,101.650058,44.0,0.0,0.0,0.0,-1.7282000000000002,69.647496,68.0,44.0,22.0,3085.766996,-17.68,-8.805305,1,4.0,Medium
0.0,0.0,2.0,0.0,0.0,0.0,4.0,0.0,0.0,0.0,14.0,0.0,0.0,0.0,0.0,2.0,0.0,0.0,0.0,0.0,0.0,0.0,0.0,0.0,0.0,0.0,0.0,0.0,22.0,108.0,143.651948,0.0,3327.0,116.122954,215.557922,160.0,0.0,1328.0,10.0,72.80153600000001,826.9200000000001,879.962,6.0,228.0,138.82011399999996,58.0,0.0,0.0,0.0,8.751599999999998,62.87285599999999,68.0,58.0,8.0,2605.466992,-17.68,-8.631041,1,2.0,Medium
2.0,0.0,0.0,0.0,0.0,2.0,0.0,0.0,0.0,2.0,16.0,0.0,0.0,0.0,0.0,0.0,0.0,0.0,0.0,0.0,0.0,0.0,0.0,0.0,0.0,0.0,0.0,0.0,22.0,102.0,144.052308,2.0,3356.934,115.1365,213.80468,160.0,0.0,1336.0,6.0,72.238308,817.78,875.149,6.0,230.0,135.197136,62.0,0.0,2.0,2.0,8.1144,59.492272,70.0,62.0,6.0,2723.701396,-17.759999999999998,-8.623077,2,0.0,High
0.0,0.0,0.0,0.0,2.0,0.0,2.0,0.0,0.0,2.0,16.0,0.0,0.0,0.0,0.0,0.0,0.0,0.0,0.0,0.0,0.0,0.0,0.0,0.0,0.0,0.0,0.0,0.0,22.0,112.0,152.481132,2.0,3480.39,113.695136,219.812322,174.0,0.0,1404.0,6.0,79.1483,771.38,926.5802,6.0,242.0,139.17042199999997,62.0,0.0,2.0,2.0,10.9706,67.336834,68.0,62.0,6.0,2879.778794,-18.34,-8.612447,2,0.0,High
2.0,0.0,0.0,0.0,0.0,2.0,2.0,0.0,0.0,0.0,0.0,0.0,16.0,0.0,0.0,0.0,0.0,0.0,0.0,0.0,0.0,0.0,0.0,0.0,0.0,0.0,0.0,0.0,22.0,138.0,175.170166,0.0,4005.762,152.042268,261.092358,190.0,0.0,1604.0,6.0,86.842472,947.0,1040.077,6.0,274.0,160.87361,76.0,0.0,0.0,0.0,9.619,64.204104,84.0,76.0,6.0,3477.06466,-18.32,-8.585571,2,0.0,High
2.0,0.0,0.0,0.0,0.0,16.0,2.0,0.0,0.0,2.0,0.0,0.0,0.0,0.0,0.0,0.0,0.0,0.0,0.0,0.0,0.0,0.0,0.0,0.0,0.0,0.0,0.0,0.0,22.0,90.0,165.952156,2.0,3609.804,118.483388,231.80468,178.0,0.0,1444.0,22.0,82.67985,741.1400000000001,977.2102,22.0,248.0,116.90780800000002,46.0,0.0,2.0,2.0,-15.1358,65.316624,70.0,46.0,22.0,3386.3224400000004,-17.759999999999998,-8.789271,0,5.0,Low
0.0,0.0,2.0,0.0,0.0,0.0,2.0,0.0,0.0,2.0,0.0,0.0,0.0,0.0,0.0,16.0,0.0,0.0,0.0,0.0,0.0,0.0,0.0,0.0,0.0,0.0,0.0,0.0,22.0,76.0,134.705296,2.0,3186.642,91.95363,201.630244,148.0,0.0,1264.0,24.0,67.304158,999.38,821.0752,6.0,218.0,105.81877,60.0,0.0,2.0,2.0,-1.6447999999999996,65.26592,70.0,60.0,8.0,2854.09983,-17.759999999999998,-8.79506,0,6.0,Low
0.0,0.0,0.0,0.0,0.0,0.0,4.0,2.0,0.0,0.0,8.0,0.0,0.0,0.0,0.0,8.0,0.0,0.0,0.0,0.0,0.0,0.0,0.0,0.0,0.0,0.0,0.0,0.0,22.0,96.0,136.87228199999998,0.0,3171.884,102.540816,201.74,154.0,0.0,1276.0,14.0,69.629484,840.9200000000001,834.0006000000001,6.0,220.0,120.459582,60.0,0.0,0.0,0.0,3.0822000000000003,71.423642,66.0,60.0,6.0,2622.526692,-18.26,-8.678035,1,4.0,Medium
0.0,0.0,1.0,0.0,0.0,0.0,2.0,0.0,0.0,3.0,17.0,0.0,0.0,0.0,0.0,0.0,0.0,0.0,0.0,0.0,0.0,0.0,0.0,0.0,0.0,0.0,0.0,0.0,23.0,113.0,153.76963899999998,3.0,3575.831,119.105008,224.927444,174.0,0.0,1432.0,7.0,79.50722400000001,842.14,940.0793,6.0,247.0,145.570993,65.0,0.0,3.0,3.0,8.8612,64.61491099999999,73.0,65.0,7.0,2907.688536,-18.92,-8.616472,2,0.0,High
2.0,0.0,0.0,0.0,0.0,2.0,2.0,0.0,0.0,0.0,0.0,0.0,0.0,0.0,0.0,0.0,0.0,16.0,0.0,0.0,0.0,0.0,0.0,0.0,0.0,0.0,0.0,0.0,22.0,90.0,150.792518,0.0,3269.362,98.213292,214.372358,174.0,0.0,1316.0,6.0,77.7678,651.64,915.485,6.0,226.0,117.179674,44.0,0.0,0.0,0.0,27.8126,66.599208,52.0,44.0,6.0,2872.610964,-17.04,-8.385525,1,3.0,Medium
0.0,0.0,2.0,0.0,2.0,0.0,2.0,0.0,0.0,0.0,0.0,0.0,0.0,0.0,0.0,0.0,0.0,16.0,0.0,0.0,0.0,0.0,0.0,0.0,0.0,0.0,0.0,0.0,22.0,96.0,158.699634,0.0,3407.664,101.671928,224.197922,184.0,0.0,1376.0,8.0,82.762812,657.24,965.6684,6.0,236.0,122.576086,42.0,0.0,0.0,0.0,30.8532,67.638502,52.0,42.0,8.0,3018.564964,-17.04,-8.46196,1,3.0,Medium
0.0,0.0,6.0,0.0,6.0,0.0,0.0,0.0,0.0,0.0,0.0,0.0,0.0,0.0,0.0,4.0,6.0,0.0,0.0,0.0,0.0,0.0,0.0,0.0,0.0,0.0,0.0,0.0,22.0,78.0,146.71211200000002,0.0,3310.902,111.748946,221.433766,156.0,0.0,1300.0,22.0,70.80993000000001,951.78,878.5702000000001,6.0,222.0,110.579288,42.0,0.0,0.0,0.0,-2.8348000000000004,56.306216000000006,66.0,42.0,18.0,2905.75157,-16.28,-8.792989,0,5.0,Low
0.0,0.0,2.0,0.0,0.0,0.0,4.0,0.0,0.0,0.0,0.0,0.0,8.0,0.0,0.0,0.0,0.0,8.0,0.0,0.0,0.0,0.0,0.0,0.0,0.0,0.0,0.0,0.0,22.0,120.0,165.562186,0.0,3691.702,127.25035,241.557922,186.0,0.0,1484.0,8.0,84.956026,804.92,1000.3504,6.0,254.0,144.898404,58.0,0.0,0.0,0.0,19.4222,65.412488,68.0,58.0,8.0,3176.395718,-17.68,-8.575275,1,1.0,Medium
0.0,0.0,3.0,0.0,0.0,0.0,1.0,0.0,0.0,2.0,16.0,0.0,0.0,0.0,0.0,0.0,0.0,0.0,0.0,0.0,0.0,0.0,0.0,0.0,0.0,0.0,0.0,0.0,22.0,106.0,146.372298,2.0,3418.497,119.70907,219.539205,162.0,0.0,1356.0,9.0,73.931708,849.38,897.0945,6.0,233.0,141.780461,59.0,0.0,2.0,2.0,8.913,56.10047,71.0,59.0,9.0,2720.197603,-17.47,-8.615255,2,0.0,High
0.0,0.0,2.0,0.0,2.0,2.0,0.0,0.0,0.0,0.0,0.0,0.0,0.0,0.0,0.0,0.0,0.0,16.0,0.0,0.0,0.0,0.0,0.0,0.0,0.0,0.0,0.0,0.0,22.0,92.0,157.71650599999998,0.0,3379.61,103.0728,222.197922,182.0,0.0,1364.0,8.0,81.33343,657.24,956.4344,6.0,234.0,118.679334,42.0,0.0,0.0,0.0,30.073,67.62767,52.0,42.0,8.0,3039.979136,-17.04,-8.486835,1,3.0,Medium
0.0,0.0,2.0,0.0,2.0,0.0,0.0,2.0,0.0,0.0,0.0,0.0,16.0,0.0,0.0,0.0,0.0,0.0,0.0,0.0,0.0,0.0,0.0,0.0,0.0,0.0,0.0,0.0,22.0,140.0,180.248854,0.0,4087.956,156.30830600000002,266.91792200000003,196.0,0.0,1640.0,8.0,89.594842,952.6,1071.7924,6.0,280.0,162.55141400000002,74.0,0.0,0.0,0.0,11.099200000000002,64.82786,84.0,74.0,8.0,3581.639764,-18.32,-8.575932,2,0.0,High
2.0,0.0,0.0,2.0,0.0,0.0,0.0,0.0,0.0,2.0,0.0,0.0,0.0,0.0,0.0,0.0,0.0,16.0,0.0,0.0,0.0,0.0,0.0,0.0,0.0,0.0,0.0,0.0,22.0,90.0,155.111166,2.0,3381.49,95.804362,218.44468,180.0,0.0,1360.0,6.0,81.149974,670.1,942.129,6.0,234.0,118.532166,46.0,0.0,2.0,2.0,28.134,64.244746,54.0,46.0,6.0,3051.693362,-17.12,-8.452435,1,3.0,Medium
0.0,0.0,2.0,0.0,2.0,2.0,0.0,0.0,0.0,0.0,16.0,0.0,0.0,0.0,0.0,0.0,0.0,0.0,0.0,0.0,0.0,0.0,0.0,0.0,0.0,0.0,0.0,0.0,22.0,108.0,149.486074,0.0,3411.162,122.023072,221.557922,166.0,0.0,1364.0,8.0,74.664406,804.9200000000001,907.9224,6.0,234.0,138.854278,58.0,0.0,0.0,0.0,11.6138,63.170134,68.0,58.0,8.0,2755.172192,-17.68,-8.597934,2,0.0,High
2.0,0.0,0.0,0.0,0.0,0.0,4.0,0.0,0.0,0.0,0.0,0.0,0.0,0.0,0.0,0.0,0.0,9.0,7.0,0.0,0.0,0.0,0.0,0.0,0.0,0.0,0.0,0.0,22.0,94.0,145.317096,0.0,3199.227,103.461174,209.372358,169.0,0.0,1286.0,6.0,76.35077199999999,651.64,892.4,6.0,221.0,123.297043,44.0,0.0,0.0,0.0,25.8621,64.88127800000001,52.0,44.0,6.0,2640.286736,-17.040000000000003,-8.411794,1,2.0,Medium
0.0,0.0,2.0,0.0,0.0,0.0,2.0,0.0,0.0,2.0,17.0,0.0,0.0,0.0,0.0,0.0,0.0,0.0,0.0,0.0,0.0,0.0,0.0,0.0,0.0,0.0,0.0,0.0,23.0,113.0,152.763674,2.0,3555.244,122.56854,226.800244,171.0,0.0,1418.0,8.0,77.979968,858.91,935.3674,6.0,244.0,147.36129699999998,63.0,0.0,2.0,2.0,9.5729,62.53697699999999,73.0,63.0,8.0,2834.678149,-18.59,-8.602336,2,0.0,High
2.0,0.0,0.0,0.0,0.0,0.0,4.0,0.0,0.0,0.0,0.0,0.0,0.0,8.0,0.0,8.0,0.0,0.0,0.0,0.0,0.0,0.0,0.0,0.0,0.0,0.0,0.0,0.0,22.0,118.0,152.160982,0.0,3569.1760000000004,132.962436,231.41235800000004,168.0,0.0,1424.0,14.0,78.05471,961.16,924.4374,6.0,244.0,147.04589,68.0,0.0,0.0,0.0,5.0336,64.690024,76.0,68.0,6.0,2911.86036,-18.0,-8.645323,1,4.0,Medium
2.0,0.0,0.0,0.0,0.0,0.0,4.0,0.0,0.0,0.0,0.0,0.0,8.0,0.0,0.0,0.0,0.0,8.0,0.0,0.0,0.0,0.0,0.0,0.0,0.0,0.0,0.0,0.0,22.0,118.0,163.96447,0.0,3665.616,123.726908,239.73235800000003,184.0,0.0,1472.0,6.0,83.734518,799.3199999999999,987.015,6.0,252.0,142.923394,60.0,0.0,0.0,0.0,19.496,65.412488,68.0,60.0,6.0,3153.42364,-17.68,-8.56334,1,2.0,Medium
0.0,0.0,0.0,0.0,1.0,0.0,1.0,0.0,0.0,4.0,16.0,0.0,0.0,0.0,0.0,0.0,0.0,0.0,0.0,0.0,0.0,0.0,0.0,0.0,0.0,0.0,0.0,0.0,22.0,108.0,151.308218,4.0,3494.329,111.000039,216.884644,173.0,0.0,1406.0,6.0,79.115771,789.84,920.9492,6.0,243.0,137.25061499999998,64.0,0.0,4.0,4.0,8.564499999999999,64.173203,70.0,64.0,6.0,2943.478123,-18.42,-8.643015,2,0.0,High
2.0,0.0,0.0,0.0,2.0,2.0,0.0,0.0,0.0,16.0,0.0,0.0,0.0,0.0,0.0,0.0,0.0,0.0,0.0,0.0,0.0,0.0,0.0,0.0,0.0,0.0,0.0,0.0,22.0,90.0,188.591878,16.0,4282.484,95.823902,252.310934,212.0,0.0,1704.0,22.0,103.00637,870.3599999999999,1126.6942,22.0,296.0,128.607348,60.0,0.0,16.0,16.0,-16.013199999999998,47.87511,84.0,60.0,22.0,4332.100962,-18.32,-8.921111,1,4.0,Medium
0.0,0.0,0.0,0.0,2.0,0.0,2.0,2.0,0.0,0.0,0.0,0.0,0.0,0.0,0.0,16.0,0.0,0.0,0.0,0.0,0.0,0.0,0.0,0.0,0.0,0.0,0.0,0.0,22.0,80.0,136.234626,0.0,3143.83,91.224162,199.74,152.0,0.0,1264.0,22.0,68.181086,928.92,823.293,6.0,218.0,102.359168,60.0,0.0,0.0,0.0,0.1836000000000002,75.333512,66.0,60.0,6.0,2831.34305,-18.26,-8.749298,0,6.0,Low
3.0,0.0,0.0,0.0,0.0,0.0,3.0,0.0,0.0,0.0,12.0,0.0,0.0,0.0,0.0,4.0,0.0,0.0,0.0,0.0,0.0,0.0,0.0,0.0,0.0,0.0,0.0,0.0,22.0,99.0,139.503538,0.0,3267.24,110.124611,212.728537,153.0,0.0,1294.0,10.0,69.063654,866.52,849.7546000000001,6.0,222.0,132.162896,60.0,0.0,0.0,0.0,7.6463,60.190574,69.0,60.0,6.0,2582.052242,-17.389999999999997,-8.64023,1,3.0,Medium
2.0,0.0,0.0,0.0,4.0,0.0,0.0,0.0,0.0,0.0,0.0,0.0,0.0,0.0,0.0,12.0,0.0,4.0,0.0,0.0,0.0,0.0,0.0,0.0,0.0,0.0,0.0,0.0,22.0,82.0,147.30947400000002,0.0,3321.08,94.718176,215.892358,164.0,0.0,1328.0,18.0,73.194878,894.4000000000001,886.0806,6.0,228.0,108.819338,56.0,0.0,0.0,0.0,11.5676,69.64592400000001,64.0,56.0,6.0,3023.014168,-17.52,-8.705032,0,5.0,Low
0.0,0.0,0.0,0.0,2.0,2.0,0.0,2.0,0.0,0.0,0.0,0.0,0.0,0.0,0.0,16.0,0.0,0.0,0.0,0.0,0.0,0.0,0.0,0.0,0.0,0.0,0.0,0.0,22.0,76.0,135.251498,0.0,3115.776,92.625034,197.74,150.0,0.0,1252.0,22.0,66.751704,928.92,814.059,6.0,216.0,98.462416,60.0,0.0,0.0,0.0,-0.5966,75.32267999999999,66.0,60.0,6.0,2852.757222,-18.26,-8.753219,0,6.0,Low
2.0,0.0,0.0,0.0,0.0,0.0,4.0,0.0,0.0,0.0,14.0,0.0,0.0,0.0,0.0,2.0,0.0,0.0,0.0,0.0,0.0,0.0,0.0,0.0,0.0,0.0,0.0,0.0,22.0,106.0,142.054232,0.0,3300.914,112.599512,213.732358,158.0,0.0,1316.0,8.0,71.58002800000001,821.3199999999999,866.6266,6.0,226.0,136.84510399999996,60.0,0.0,0.0,0.0,8.825399999999998,62.87285599999999,68.0,60.0,6.0,2582.494914,-17.68,-8.597142,1,2.0,Medium
3.0,0.0,0.0,0.0,3.0,0.0,0.0,0.0,0.0,0.0,8.0,0.0,0.0,0.0,0.0,0.0,0.0,8.0,0.0,0.0,0.0,0.0,0.0,0.0,0.0,0.0,0.0,0.0,22.0,99.0,154.590126,0.0,3433.815,108.979934,226.048537,174.0,0.0,1372.0,6.0,77.810609,748.68,934.5924,6.0,235.0,130.174931,52.0,0.0,0.0,0.0,22.9936,62.521331,61.0,52.0,6.0,2908.839723,-17.07,-8.513903,1,1.0,Medium
2.0,0.0,0.0,0.0,0.0,0.0,4.0,0.0,0.0,0.0,0.0,0.0,8.0,0.0,0.0,0.0,0.0,9.0,0.0,0.0,0.0,0.0,0.0,0.0,0.0,0.0,0.0,0.0,23.0,122.0,170.609394,0.0,3807.814,127.851986,248.94235800000004,192.0,0.0,1530.0,6.0,87.242102,825.62,1027.696,6.0,262.0,147.954859,62.0,0.0,0.0,0.0,21.4018,68.72495699999999,70.0,62.0,6.0,3280.642921,-18.47,-8.549659,1,2.0,Medium
0.0,0.0,1.0,0.0,0.0,0.0,5.0,0.0,0.0,4.0,0.0,0.0,0.0,0.0,0.0,12.0,0.0,0.0,0.0,0.0,0.0,0.0,0.0,0.0,0.0,0.0,0.0,0.0,22.0,86.0,146.63377200000002,4.0,3403.659,92.188122,211.793605,164.0,0.0,1360.0,23.0,76.409244,928.68,890.7107000000001,10.0,235.0,114.009241,59.0,0.0,4.0,4.0,-4.8068,66.053494,71.0,59.0,11.0,3091.029233,-18.13,-8.816638,0,5.0,Low
2.0,0.0,0.0,0.0,2.0,16.0,2.0,0.0,0.0,0.0,0.0,0.0,0.0,0.0,0.0,0.0,0.0,0.0,0.0,0.0,0.0,0.0,0.0,0.0,0.0,0.0,0.0,0.0,22.0,94.0,169.788206,0.0,3637.946,121.846518,237.732358,182.0,0.0,1460.0,22.0,83.88444,722.68,996.6482,22.0,250.0,118.58994,44.0,0.0,0.0,0.0,-11.5626,68.99448600000001,68.0,44.0,22.0,3394.821158,-17.68,-8.780498,0,5.0,Low
0.0,0.0,4.0,0.0,0.0,0.0,0.0,0.0,4.0,0.0,0.0,0.0,0.0,0.0,12.0,0.0,2.0,0.0,0.0,0.0,0.0,0.0,0.0,0.0,0.0,0.0,0.0,0.0,22.0,78.0,144.124856,0.0,3264.082,104.537344,215.455844,154.0,0.0,1296.0,40.0,71.633504,1033.34,894.7108,6.0,222.0,109.452832,36.0,0.0,0.0,0.0,-5.658200000000001,62.05599,68.0,36.0,28.0,2909.790102,-17.02,-8.749665,0,5.0,Low
4.0,0.0,0.0,0.0,2.0,0.0,0.0,0.0,0.0,0.0,12.0,0.0,0.0,0.0,0.0,4.0,0.0,0.0,0.0,0.0,0.0,0.0,0.0,0.0,0.0,0.0,0.0,0.0,22.0,96.0,143.770098,0.0,3345.782,112.148956,219.724716,156.0,0.0,1320.0,10.0,69.839532,889.72,870.077,6.0,226.0,131.411604,60.0,0.0,0.0,0.0,10.1096,57.816402,70.0,60.0,6.0,2709.900598,-17.099999999999998,-8.6334305,1,3.0,Medium
2.0,0.0,0.0,0.0,0.0,0.0,4.0,0.0,0.0,0.0,0.0,0.0,0.0,0.0,0.0,10.0,0.0,0.0,0.0,0.0,0.0,0.0,0.0,0.0,0.0,0.0,5.0,0.0,21.0,90.0,154.992302,5.0,3785.098,89.26268199999998,235.825933,168.0,0.0,1500.0,36.0,79.886213,1324.54,929.872,6.0,258.0,119.830881,82.0,0.0,5.0,5.0,-11.309,59.486806,90.0,82.0,6.0,3702.147216,-17.85,-8.704698,0,5.0,Low
3.0,0.0,0.0,0.0,0.0,0.0,3.0,0.0,0.0,0.0,0.0,0.0,0.0,0.0,8.0,8.0,0.0,0.0,0.0,0.0,0.0,0.0,0.0,0.0,0.0,0.0,0.0,0.0,22.0,75.0,138.253606,0.0,3203.26,94.036619,208.728537,149.0,0.0,1270.0,30.0,67.68145799999999,1020.92,845.4378,6.0,218.0,105.498084,52.0,0.0,0.0,0.0,-0.5108999999999999,65.38418999999999,69.0,52.0,14.0,2863.243862,-17.39,-8.825151,0,5.0,Low
0.0,0.0,2.0,2.0,0.0,0.0,2.0,0.0,0.0,0.0,0.0,0.0,0.0,0.0,0.0,15.0,0.0,0.0,0.0,0.0,0.0,0.0,0.0,0.0,0.0,0.0,0.0,0.0,21.0,77.0,129.675341,0.0,3028.533,91.27182,195.387922,142.0,0.0,1204.0,23.0,64.36118099999999,934.39,789.2744,6.0,207.0,103.500208,55.0,0.0,0.0,0.0,0.2764,64.805377,65.0,55.0,8.0,2665.330268,-16.85,-8.780079,0,5.0,Low
1.0,0.0,0.0,0.0,0.0,0.0,5.0,0.0,0.0,0.0,8.0,0.0,8.0,0.0,0.0,0.0,0.0,0.0,0.0,0.0,0.0,0.0,0.0,0.0,0.0,0.0,0.0,0.0,22.0,129.0,160.90896600000002,0.0,3687.012,132.513765,238.416179,179.0,0.0,1482.0,6.0,81.96825000000001,849.96,970.0506,6.0,254.0,153.286808,68.0,0.0,0.0,0.0,10.1373,66.586354,75.0,68.0,6.0,3027.567906,-18.29,-8.587255,2,0.0,High
2.0,0.0,0.0,0.0,4.0,0.0,0.0,0.0,0.0,0.0,0.0,0.0,0.0,0.0,0.0,10.0,0.0,6.0,0.0,0.0,0.0,0.0,0.0,0.0,0.0,0.0,0.0,0.0,22.0,84.0,149.82926,0.0,3345.1900000000005,95.512572,217.972358,168.0,0.0,1340.0,16.0,74.97663600000001,853.94,901.725,6.0,230.0,110.703736,54.0,0.0,0.0,0.0,15.1832,69.482764,62.0,54.0,6.0,3042.50997,-17.439999999999998,-8.658399,1,4.0,Medium
2.0,0.0,0.0,0.0,2.0,0.0,0.0,0.0,0.0,2.0,0.0,0.0,0.0,0.0,0.0,16.0,0.0,0.0,0.0,0.0,0.0,0.0,0.0,0.0,0.0,0.0,0.0,0.0,22.0,74.0,138.433852,2.0,3244.718,89.766254,205.80468,152.0,0.0,1288.0,22.0,68.426772,993.78,835.3538000000001,6.0,222.0,103.36841,62.0,0.0,2.0,2.0,0.7632000000000001,66.294382,70.0,62.0,6.0,2975.523846,-17.759999999999998,-8.782073,1,4.0,Medium
0.0,0.0,0.0,4.0,2.0,0.0,0.0,0.0,0.0,0.0,0.0,0.0,0.0,0.0,0.0,8.0,0.0,8.0,0.0,0.0,0.0,0.0,0.0,0.0,0.0,0.0,0.0,0.0,22.0,92.0,152.83279399999998,0.0,3352.486,95.632356,216.06,176.0,0.0,1360.0,14.0,79.17728,767.08,922.8066,6.0,234.0,112.841812,52.0,0.0,0.0,0.0,17.7668,75.66462200000001,58.0,52.0,6.0,3079.903542,-17.939999999999998,-8.588494,0,5.0,Low
2.0,0.0,0.0,0.0,2.0,0.0,2.0,0.0,0.0,0.0,0.0,0.0,0.0,16.0,0.0,0.0,0.0,0.0,0.0,0.0,0.0,0.0,0.0,0.0,0.0,0.0,0.0,0.0,22.0,158.0,178.030878,0.0,4117.978,176.80368600000003,269.092358,198.0,0.0,1652.0,6.0,93.510424,947.0,1076.9250000000002,6.0,282.0,187.615188,76.0,0.0,0.0,0.0,12.7334,62.49319,84.0,76.0,6.0,3272.886438,-18.32,-8.5711155,2,0.0,High
2.0,0.0,0.0,0.0,4.0,0.0,0.0,0.0,0.0,0.0,0.0,0.0,0.0,0.0,0.0,8.0,0.0,8.0,0.0,0.0,0.0,0.0,0.0,0.0,0.0,0.0,0.0,0.0,22.0,86.0,152.349046,0.0,3369.3,96.306968,220.05235800000003,172.0,0.0,1352.0,14.0,76.758394,813.4799999999999,917.3694,6.0,232.0,112.588134,52.0,0.0,0.0,0.0,18.7988,69.319604,60.0,52.0,6.0,3062.0057720000004,-17.36,-8.602206,0,5.0,Low
2.0,0.0,0.0,0.0,0.0,0.0,2.0,0.0,0.0,0.0,12.0,0.0,0.0,0.0,0.0,6.0,0.0,0.0,0.0,0.0,0.0,0.0,0.0,0.0,0.0,0.0,0.0,0.0,22.0,96.0,135.47455000000002,0.0,3188.65,107.080554,205.732358,150.0,0.0,1268.0,10.0,67.12786600000001,874.9000000000001,826.6284,4.0,218.0,126.90908,62.0,0.0,0.0,0.0,8.4326,63.576038,68.0,62.0,4.0,2550.614816,-17.68,-8.581372,1,4.0,Medium
0.0,0.0,3.0,0.0,0.0,0.0,0.0,0.0,4.0,0.0,0.0,0.0,0.0,0.0,0.0,14.0,1.0,0.0,0.0,0.0,0.0,0.0,0.0,0.0,0.0,0.0,0.0,0.0,22.0,79.0,133.081497,0.0,3117.126,97.090703,202.506883,144.0,0.0,1234.0,28.0,65.89063499999999,995.93,818.0322,6.0,212.0,108.884954,51.0,0.0,0.0,0.0,-3.655,64.332027,68.0,51.0,14.0,2675.5753600000003,-17.349999999999998,-8.813236,0,5.0,Low
0.0,0.0,3.0,0.0,0.0,0.0,0.0,0.0,3.0,0.0,14.0,0.0,0.0,0.0,0.0,2.0,0.0,0.0,0.0,0.0,0.0,0.0,0.0,0.0,0.0,0.0,0.0,0.0,22.0,106.0,143.666347,0.0,3331.4709999999995,118.572954,217.466883,158.0,0.0,1324.0,14.0,72.176308,861.3199999999999,885.4902,6.0,227.0,139.53167699999997,54.0,0.0,0.0,0.0,7.562799999999998,59.470222,69.0,54.0,12.0,2600.405293,-17.389999999999997,-8.652937,1,4.0,Medium
1.0,0.0,0.0,0.0,3.0,16.0,2.0,0.0,0.0,0.0,0.0,0.0,0.0,0.0,0.0,0.0,0.0,0.0,0.0,0.0,0.0,0.0,0.0,0.0,0.0,0.0,0.0,0.0,22.0,97.0,173.511054,0.0,3685.647,121.826272,239.736179,188.0,0.0,1488.0,22.0,86.624745,699.48,1017.7468,22.0,255.0,118.628207,44.0,0.0,0.0,0.0,-10.5246,72.911351,67.0,44.0,22.0,3483.5669430000003,-17.97,-8.78765,0,5.0,Low
0.0,2.0,0.0,0.0,0.0,2.0,2.0,0.0,0.0,0.0,16.0,0.0,0.0,0.0,0.0,0.0,0.0,0.0,0.0,0.0,0.0,0.0,0.0,0.0,0.0,0.0,0.0,0.0,22.0,106.0,142.745588,0.0,3298.946,117.163564,213.732358,158.0,0.0,1316.0,8.0,71.320284,804.9200000000001,871.0744,6.0,226.0,137.354618,58.0,0.0,0.0,0.0,8.4994,62.141672,68.0,58.0,8.0,2587.80402,-17.68,-8.606738,1,1.0,Medium
0.0,0.0,2.0,0.0,0.0,0.0,0.0,0.0,4.0,0.0,0.0,0.0,8.0,0.0,0.0,0.0,0.0,8.0,0.0,0.0,0.0,0.0,0.0,0.0,0.0,0.0,0.0,0.0,22.0,120.0,165.92919,0.0,3687.766000000001,127.25035,241.557922,186.0,0.0,1484.0,12.0,85.399042,816.12,1008.5532,6.0,254.0,144.898404,54.0,0.0,0.0,0.0,17.714199999999998,65.412488,68.0,54.0,12.0,3176.395718,-17.68,-8.625088,1,2.0,Medium
2.0,0.0,0.0,0.0,0.0,16.0,2.0,0.0,2.0,0.0,0.0,0.0,0.0,0.0,0.0,0.0,0.0,0.0,0.0,0.0,0.0,0.0,0.0,0.0,0.0,0.0,0.0,0.0,22.0,94.0,164.645436,0.0,3551.816,120.510452,231.732358,176.0,0.0,1424.0,24.0,81.761826,728.2800000000001,973.1356,22.0,244.0,119.06529000000002,42.0,0.0,0.0,0.0,-14.7508,67.966024,68.0,42.0,24.0,3250.4250640000005,-17.68,-8.778407,0,5.0,Low
2.0,0.0,2.0,0.0,0.0,16.0,2.0,0.0,0.0,0.0,0.0,0.0,0.0,0.0,0.0,0.0,0.0,0.0,0.0,0.0,0.0,0.0,0.0,0.0,0.0,0.0,0.0,0.0,22.0,90.0,163.940226,0.0,3568.63,125.410452,235.55028,172.0,0.0,1416.0,24.0,79.625338,774.6800000000001,967.7864,22.0,242.0,120.488416,42.0,0.0,0.0,0.0,-13.7124,61.160756,70.0,42.0,24.0,3240.3016660000003,-17.099999999999998,-8.768151,0,5.0,Low
2.0,0.0,0.0,0.0,0.0,10.0,0.0,0.0,4.0,0.0,0.0,0.0,0.0,0.0,6.0,0.0,0.0,0.0,0.0,0.0,0.0,0.0,0.0,0.0,0.0,0.0,0.0,0.0,22.0,88.0,158.284192,0.0,3459.638,111.408818,225.732358,170.0,0.0,1388.0,32.0,78.98932200000002,845.42,953.5598,16.0,238.0,113.99586,40.0,0.0,0.0,0.0,-10.749,68.600638,68.0,40.0,26.0,3180.6479740000004,-17.68,-8.78282,1,4.0,Medium
4.0,0.0,0.0,0.0,0.0,0.0,2.0,0.0,0.0,3.0,13.0,0.0,0.0,0.0,0.0,0.0,0.0,0.0,0.0,0.0,0.0,0.0,0.0,0.0,0.0,0.0,0.0,0.0,22.0,101.0,149.0577,3.0,3485.992,112.887551,223.833199,163.0,0.0,1374.0,9.0,74.934821,859.04,905.1439,9.0,236.0,139.148501,60.0,0.0,3.0,3.0,5.197900000000001,52.47941899999999,73.0,60.0,9.0,2833.2757810000003,-17.22,-8.63957,1,2.0,Medium
6.0,0.0,0.0,0.0,0.0,0.0,0.0,0.0,0.0,0.0,0.0,4.0,0.0,0.0,6.0,6.0,0.0,0.0,0.0,0.0,0.0,0.0,0.0,0.0,0.0,0.0,0.0,0.0,22.0,70.0,133.304016,0.0,3160.3140000000003,100.60394,209.717074,138.0,0.0,1228.0,24.0,61.79634,1040.92,810.9644000000001,6.0,210.0,109.607878,54.0,0.0,0.0,0.0,1.0094,53.644228,72.0,54.0,12.0,2691.479202,-16.52,-8.735779,0,5.0,Low
3.0,0.0,0.0,0.0,0.0,0.0,3.0,0.0,0.0,0.0,14.0,2.0,0.0,0.0,0.0,0.0,0.0,0.0,0.0,0.0,0.0,0.0,0.0,0.0,0.0,0.0,0.0,0.0,22.0,105.0,141.071288,0.0,3295.294,115.900419,214.728537,155.0,0.0,1306.0,6.0,69.959914,822.52,859.6814,6.0,224.0,139.00957,60.0,0.0,0.0,0.0,9.4825,58.81313,69.0,60.0,6.0,2527.956606,-17.389999999999997,-8.579243,2,0.0,High
5.0,0.0,0.0,0.0,0.0,0.0,3.0,0.0,0.0,0.0,0.0,0.0,0.0,0.0,0.0,12.0,2.0,0.0,0.0,0.0,0.0,0.0,0.0,0.0,0.0,0.0,0.0,0.0,22.0,71.0,127.958768,0.0,3053.71,93.842107,200.800895,135.0,0.0,1190.0,20.0,60.719352,1000.54,772.7972000000001,6.0,204.0,105.567694,56.0,0.0,0.0,0.0,-3.2115,57.34610000000001,69.0,56.0,8.0,2570.456372,-16.729999999999997,-8.722932,0,5.0,Low
3.0,0.0,0.0,0.0,0.0,14.0,0.0,4.0,0.0,0.0,0.0,0.0,0.0,0.0,0.0,0.0,1.0,0.0,0.0,0.0,0.0,0.0,0.0,0.0,0.0,0.0,0.0,0.0,22.0,82.0,153.40006699999998,0.0,3362.809,119.716894,219.768537,161.0,0.0,1336.0,21.0,73.65262299999999,755.27,901.1769,20.0,229.0,109.916265,44.0,0.0,0.0,0.0,-16.8263,63.545317,68.0,44.0,21.0,3044.1548030000004,-17.349999999999998,-8.755698,0,5.0,Low
0.0,2.0,2.0,0.0,0.0,0.0,2.0,0.0,0.0,0.0,0.0,0.0,0.0,0.0,0.0,16.0,0.0,0.0,0.0,0.0,0.0,0.0,0.0,0.0,0.0,0.0,0.0,0.0,22.0,74.0,131.279152,0.0,3117.414,95.357252,203.55028,140.0,0.0,1224.0,26.0,63.249646,1032.92,802.4174,6.0,210.0,107.424368,56.0,0.0,0.0,0.0,-1.0016000000000005,61.110052,70.0,56.0,10.0,2685.106978,-17.1,-8.771968,1,4.0,Medium
3.0,0.0,0.0,12.0,0.0,0.0,5.0,0.0,0.0,0.0,0.0,0.0,0.0,0.0,0.0,0.0,2.0,0.0,0.0,0.0,0.0,0.0,0.0,0.0,0.0,0.0,0.0,0.0,22.0,113.0,171.68218,0.0,3738.534,112.714253,246.808537,189.0,0.0,1498.0,20.0,89.759592,764.6600000000001,1025.2912,18.0,256.0,136.97745799999998,44.0,0.0,0.0,0.0,-4.280900000000001,65.959024,67.0,44.0,20.0,3279.057996,-17.309999999999995,-8.747082,1,4.0,Medium
2.0,0.0,0.0,0.0,0.0,0.0,0.0,2.0,0.0,2.0,16.0,0.0,0.0,0.0,0.0,0.0,0.0,0.0,0.0,0.0,0.0,0.0,0.0,0.0,0.0,0.0,0.0,0.0,22.0,102.0,142.207008,2.0,3328.88,114.54303,211.80468,158.0,0.0,1324.0,6.0,71.425048,817.78,865.915,6.0,228.0,135.37527999999998,62.0,0.0,2.0,2.0,7.3342,59.087566,70.0,62.0,6.0,2660.908328,-17.759999999999998,-8.622879,2,0.0,High
0.0,0.0,0.0,0.0,0.0,0.0,4.0,2.0,0.0,0.0,8.0,0.0,8.0,0.0,0.0,0.0,0.0,0.0,0.0,0.0,0.0,0.0,0.0,0.0,0.0,0.0,0.0,0.0,22.0,128.0,159.14024999999998,0.0,3636.524,132.632888,233.42,178.0,0.0,1468.0,6.0,81.293852,826.76,958.8742,6.0,252.0,149.844142,68.0,0.0,0.0,0.0,8.4478,69.57345,74.0,68.0,6.0,3002.7367480000003,-18.58,-8.593736,2,0.0,High
0.0,2.0,2.0,0.0,2.0,0.0,0.0,0.0,0.0,0.0,16.0,0.0,0.0,0.0,0.0,0.0,0.0,0.0,0.0,0.0,0.0,0.0,0.0,0.0,0.0,0.0,0.0,0.0,22.0,106.0,148.53328,0.0,3426.008,121.998758,225.55028,162.0,0.0,1356.0,10.0,73.178808,856.9200000000001,906.6746,6.0,232.0,142.19914599999998,56.0,0.0,0.0,0.0,11.7982,56.375698,70.0,56.0,10.0,2700.662544,-17.1,-8.610867,1,1.0,Medium
3.0,0.0,0.0,2.0,0.0,0.0,3.0,0.0,0.0,0.0,14.0,0.0,0.0,0.0,0.0,0.0,0.0,0.0,0.0,0.0,0.0,0.0,0.0,0.0,0.0,0.0,0.0,0.0,22.0,109.0,147.928518,0.0,3407.558,116.662575,222.728537,163.0,0.0,1354.0,8.0,74.329076,812.94,898.9868,8.0,232.0,141.71214199999997,58.0,0.0,0.0,0.0,8.819299999999998,59.771498,69.0,58.0,8.0,2678.531534,-17.39,-8.637822,2,0.0,High
2.0,0.0,0.0,0.0,0.0,0.0,4.0,0.0,0.0,0.0,12.0,0.0,0.0,0.0,0.0,6.0,0.0,0.0,0.0,0.0,0.0,0.0,0.0,0.0,0.0,0.0,0.0,0.0,24.0,108.0,151.333312,0.0,3533.146,116.892092,228.072358,168.0,0.0,1408.0,12.0,75.865308,936.38,922.7638,6.0,242.0,140.61737,66.0,0.0,0.0,0.0,7.7132,70.381306,74.0,66.0,6.0,2833.54274,-19.34,-8.617308,1,3.0,Medium
2.0,0.0,0.0,0.0,0.0,0.0,2.0,2.0,0.0,0.0,0.0,16.0,0.0,0.0,0.0,0.0,0.0,0.0,0.0,0.0,0.0,0.0,0.0,0.0,0.0,0.0,0.0,0.0,22.0,90.0,129.403074,0.0,3048.428,112.165678,195.732358,140.0,0.0,1208.0,6.0,62.285516,799.3199999999999,783.867,6.0,208.0,121.805898,60.0,0.0,0.0,0.0,2.3316,62.243046,68.0,60.0,6.0,2349.92692,-17.68,-8.598779,1,2.0,Medium
2.0,0.0,0.0,4.0,0.0,0.0,2.0,0.0,0.0,0.0,14.0,0.0,0.0,0.0,0.0,0.0,0.0,0.0,0.0,0.0,0.0,0.0,0.0,0.0,0.0,0.0,0.0,0.0,22.0,112.0,150.833528,0.0,3441.232,116.993302,223.732358,168.0,0.0,1376.0,8.0,76.71058,789.74,915.5124,8.0,236.0,141.601306,58.0,0.0,0.0,0.0,9.470399999999998,63.458238,68.0,58.0,8.0,2759.678466,-17.68,-8.633794,1,1.0,Medium
3.0,0.0,0.0,12.0,0.0,0.0,3.0,0.0,0.0,0.0,0.0,4.0,0.0,0.0,0.0,0.0,0.0,0.0,0.0,0.0,0.0,0.0,0.0,0.0,0.0,0.0,0.0,0.0,22.0,115.0,172.31516999999997,0.0,3772.5,116.619491,248.728537,189.0,0.0,1510.0,18.0,89.17488599999999,765.0400000000001,1030.8758,18.0,258.0,141.46399599999998,48.0,0.0,0.0,0.0,0.0419,65.006158,69.0,48.0,18.0,3278.207646,-17.389999999999997,-8.71408,1,4.0,Medium
0.0,0.0,2.0,0.0,0.0,0.0,2.0,2.0,0.0,0.0,16.0,0.0,0.0,0.0,0.0,0.0,0.0,0.0,0.0,0.0,0.0,0.0,0.0,0.0,0.0,0.0,0.0,0.0,22.0,108.0,142.314502,0.0,3298.946,120.093536,213.557922,158.0,0.0,1316.0,8.0,71.507024,804.9200000000001,871.0744,6.0,226.0,139.507772,58.0,0.0,0.0,0.0,8.4994,61.736966,68.0,58.0,8.0,2547.98303,-17.68,-8.604323,2,0.0,High
3.0,0.0,0.0,0.0,0.0,0.0,0.0,0.0,3.0,0.0,12.0,0.0,0.0,0.0,4.0,0.0,0.0,0.0,0.0,0.0,0.0,0.0,0.0,0.0,0.0,0.0,0.0,0.0,22.0,99.0,143.626771,0.0,3316.46,111.570155,216.728537,157.0,0.0,1318.0,17.0,71.54920800000001,886.1199999999999,882.4895,6.0,226.0,132.049288,53.0,0.0,0.0,0.0,6.2113,60.626326000000006,69.0,53.0,13.0,2674.332854,-17.389999999999997,-8.705061,1,4.0,Medium
2.0,0.0,0.0,0.0,0.0,0.0,2.0,0.0,0.0,0.0,16.0,0.0,0.0,0.0,2.0,0.0,0.0,0.0,0.0,0.0,0.0,0.0,0.0,0.0,0.0,0.0,0.0,0.0,22.0,104.0,140.380504,0.0,3270.844,114.129686,211.732358,156.0,0.0,1304.0,8.0,70.100772,836.5,859.0806,4.0,224.0,135.664808,60.0,0.0,0.0,0.0,10.972,62.35321,68.0,60.0,6.0,2564.5449900000003,-17.68,-8.5557165,1,4.0,Medium
2.0,0.0,0.0,0.0,0.0,0.0,3.0,1.0,0.0,0.0,0.0,0.0,16.0,0.0,0.0,0.0,0.0,0.0,0.0,0.0,0.0,0.0,0.0,0.0,0.0,0.0,0.0,0.0,22.0,140.0,174.73908,0.0,4005.762,151.045097,261.092358,190.0,0.0,1604.0,6.0,87.150533,947.0,1040.077,6.0,274.0,162.911058,76.0,0.0,0.0,0.0,9.619,64.007167,84.0,76.0,6.0,3434.96104,-18.32,-8.587053,2,0.0,High
2.0,0.0,0.0,0.0,0.0,0.0,2.0,2.0,0.0,0.0,0.0,0.0,16.0,0.0,0.0,0.0,0.0,0.0,0.0,0.0,0.0,0.0,0.0,0.0,0.0,0.0,0.0,0.0,22.0,138.0,173.324866,0.0,3977.708,151.448798,259.092358,188.0,0.0,1592.0,6.0,86.029212,947.0,1030.843,6.0,272.0,161.05175400000002,76.0,0.0,0.0,0.0,8.8388,63.799398,84.0,76.0,6.0,3414.271592,-18.32,-8.588249,2,0.0,High
2.0,0.0,0.0,0.0,0.0,1.0,3.0,0.0,0.0,0.0,0.0,0.0,16.0,0.0,0.0,0.0,0.0,0.0,0.0,0.0,0.0,0.0,0.0,0.0,0.0,0.0,0.0,0.0,22.0,140.0,175.66172999999998,0.0,4019.789,151.341832,262.092358,191.0,0.0,1610.0,6.0,87.557163,947.0,1044.694,6.0,275.0,162.821986,76.0,0.0,0.0,0.0,10.0091,64.20952,84.0,76.0,6.0,3466.357574,-18.32,-8.5860615,2,0.0,High
1.0,0.0,0.0,0.0,0.0,0.0,2.0,0.0,0.0,3.0,18.0,0.0,0.0,0.0,0.0,0.0,0.0,0.0,0.0,0.0,0.0,0.0,0.0,0.0,0.0,0.0,0.0,0.0,24.0,117.0,159.101303,3.0,3706.958,122.652757,233.184662,180.0,0.0,1484.0,6.0,81.98724,874.8699999999999,971.0606,6.0,256.0,150.875887,69.0,0.0,3.0,3.0,9.650200000000002,67.64878399999999,76.0,69.0,6.0,3005.621344,-19.75,-8.600509,2,0.0,High
2.0,0.0,0.0,10.0,0.0,0.0,4.0,0.0,0.0,0.0,0.0,0.0,0.0,0.0,0.0,6.0,0.0,0.0,0.0,0.0,0.0,0.0,0.0,0.0,0.0,0.0,0.0,0.0,22.0,108.0,166.287348,0.0,3665.856,107.331172,239.732358,184.0,0.0,1472.0,22.0,86.529578,817.4200000000001,997.8228,16.0,252.0,131.71614200000002,50.0,0.0,0.0,0.0,-1.008,69.4217,68.0,50.0,16.0,3258.152166,-17.68,-8.756253,1,4.0,Medium
1.0,0.0,0.0,0.0,0.0,0.0,2.0,0.0,0.0,3.0,0.0,0.0,0.0,16.0,0.0,0.0,0.0,0.0,0.0,0.0,0.0,0.0,0.0,0.0,0.0,0.0,0.0,0.0,22.0,155.0,175.999651,3.0,4123.466,171.73874500000002,262.204662,198.0,0.0,1656.0,6.0,94.443844,951.49,1068.8666,6.0,284.0,185.130257,79.0,0.0,3.0,3.0,8.4116,60.89326199999999,86.0,79.0,6.0,3348.8841460000003,-18.73,-8.556398,2,0.0,High
0.0,0.0,0.0,0.0,0.0,0.0,4.0,2.0,0.0,0.0,0.0,0.0,10.0,0.0,0.0,6.0,0.0,0.0,0.0,0.0,0.0,0.0,0.0,0.0,0.0,0.0,0.0,0.0,22.0,120.0,158.743314,0.0,3640.468,127.503186,233.34,176.0,0.0,1468.0,12.0,80.41742400000001,911.22,951.7710000000002,6.0,252.0,139.56521800000002,70.0,0.0,0.0,0.0,4.5564,71.99231,76.0,70.0,6.0,3162.209526,-18.66,-8.665431,1,2.0,Medium
3.0,0.0,0.0,0.0,0.0,0.0,3.0,0.0,0.0,0.0,12.0,0.0,0.0,0.0,0.0,3.0,0.0,0.0,0.0,0.0,0.0,0.0,0.0,0.0,0.0,0.0,0.0,0.0,21.0,96.0,134.118507,0.0,3137.097,106.396731,204.558537,147.0,0.0,1242.0,9.0,66.446949,819.99,816.8958000000001,6.0,213.0,128.07363,57.0,0.0,0.0,0.0,7.548299999999999,56.796525,66.0,57.0,6.0,2464.580862,-16.56,-8.64189,1,2.0,Medium
3.0,0.0,0.0,1.0,0.0,0.0,3.0,0.0,0.0,0.0,14.0,0.0,0.0,0.0,0.0,0.0,0.0,0.0,0.0,0.0,0.0,0.0,0.0,0.0,0.0,0.0,0.0,0.0,21.0,103.0,139.07648799999998,0.0,3221.2829999999994,111.247303,210.558537,153.0,0.0,1278.0,7.0,69.553725,782.2,846.3021,7.0,219.0,135.05138599999998,56.0,0.0,0.0,0.0,8.788899999999998,56.226811,66.0,56.0,7.0,2504.767975,-16.56,-8.625348,1,1.0,Medium
2.0,0.0,3.0,0.0,0.0,0.0,1.0,0.0,0.0,0.0,16.0,0.0,0.0,0.0,0.0,0.0,0.0,0.0,0.0,0.0,0.0,0.0,0.0,0.0,0.0,0.0,0.0,0.0,22.0,104.0,142.762652,0.0,3351.237,123.112692,221.459241,154.0,0.0,1316.0,9.0,69.655688,877.32,874.3353,6.0,225.0,143.386059,57.0,0.0,0.0,0.0,10.4102,51.944602,71.0,57.0,9.0,2551.204751,-16.81,-8.602361,2,0.0,High
2.0,0.0,0.0,0.0,0.0,0.0,4.0,0.0,0.0,0.0,2.0,0.0,0.0,0.0,0.0,0.0,0.0,0.0,0.0,0.0,0.0,0.0,0.0,0.0,0.0,0.0,14.0,0.0,22.0,124.0,213.63627,14.0,5402.563999999999,100.7137,325.67036800000005,230.0,0.0,2140.0,62.0,115.058688,2061.42,1266.0117999999998,6.0,368.0,160.580442,130.0,0.0,14.0,14.0,-29.485,53.098466,138.0,130.0,6.0,5827.412326,-20.48,-8.718471,0,5.0,Low
2.0,0.0,2.0,0.0,0.0,0.0,2.0,0.0,0.0,0.0,15.0,0.0,0.0,0.0,0.0,0.0,0.0,0.0,0.0,0.0,0.0,0.0,0.0,0.0,0.0,0.0,0.0,0.0,21.0,101.0,136.892984,0.0,3199.644,115.353222,210.38028000000003,149.0,0.0,1262.0,8.0,67.522408,815.7900000000001,837.3102,6.0,216.0,136.382097,55.0,0.0,0.0,0.0,9.5659,52.313363,67.0,55.0,8.0,2446.847603,-16.27,-8.625193,2,0.0,High
0.0,0.0,2.0,2.0,0.0,0.0,2.0,0.0,0.0,0.0,16.0,0.0,0.0,0.0,0.0,0.0,0.0,0.0,0.0,0.0,0.0,0.0,0.0,0.0,0.0,0.0,0.0,0.0,22.0,112.0,146.988228,0.0,3383.108,120.30514,219.557922,164.0,0.0,1352.0,8.0,74.562926,804.9200000000001,898.7764,6.0,232.0,142.839602,58.0,0.0,0.0,0.0,10.84,62.43661,68.0,58.0,8.0,2653.96112,-17.68,-8.592519,2,0.0,High
3.0,0.0,0.0,0.0,0.0,0.0,5.0,0.0,0.0,0.0,12.0,0.0,0.0,0.0,0.0,0.0,2.0,0.0,0.0,0.0,0.0,0.0,0.0,0.0,0.0,0.0,0.0,0.0,22.0,101.0,139.02408400000002,0.0,3233.274,111.444629,210.808537,153.0,0.0,1282.0,8.0,69.54462000000001,822.14,844.8628,6.0,220.0,132.55717399999995,56.0,0.0,0.0,0.0,4.379499999999999,59.829256,67.0,56.0,8.0,2506.921452,-17.31,-8.65037,1,1.0,Medium
1.0,0.0,3.0,0.0,0.0,0.0,2.0,0.0,0.0,0.0,0.0,0.0,0.0,0.0,0.0,16.0,0.0,0.0,0.0,0.0,0.0,0.0,0.0,0.0,0.0,0.0,0.0,0.0,22.0,75.0,131.894508,0.0,3132.425,97.118973,204.463062,141.0,0.0,1230.0,25.0,63.638892,1030.12,804.9837,6.0,211.0,108.411873,57.0,0.0,0.0,0.0,-0.1844999999999999,61.110052,70.0,57.0,9.0,2696.593017,-17.1,-8.770187,1,4.0,Medium
3.0,0.0,0.0,0.0,0.0,0.0,4.0,0.0,0.0,0.0,0.0,0.0,0.0,0.0,0.0,0.0,1.0,0.0,0.0,0.0,13.0,0.0,0.0,0.0,0.0,0.0,0.0,0.0,21.0,47.0,134.239887,0.0,2926.154,105.58892,192.118537,148.0,0.0,1164.0,7.0,63.502335,666.81,798.3491000000001,6.0,200.0,83.34722500000001,42.0,0.0,0.0,0.0,16.474999999999998,65.388463,52.0,42.0,7.0,2548.3027810000003,-16.0,-8.57721,1,4.0,Medium
2.0,0.0,0.0,0.0,0.0,0.0,2.0,2.0,0.0,0.0,0.0,0.0,0.0,0.0,0.0,15.0,0.0,0.0,0.0,0.0,0.0,0.0,0.0,0.0,0.0,0.0,0.0,0.0,21.0,71.0,123.403899,0.0,2918.285,87.53677400000001,187.562358,134.0,0.0,1156.0,21.0,60.083771,928.79,748.2370000000001,6.0,199.0,98.193368,57.0,0.0,0.0,0.0,-1.9904,64.105733,65.0,57.0,6.0,2536.3801,-16.85,-8.745654,1,4.0,Medium
0.0,0.0,2.0,0.0,0.0,0.0,4.0,0.0,0.0,0.0,13.0,0.0,0.0,0.0,2.0,0.0,0.0,0.0,0.0,0.0,0.0,0.0,0.0,0.0,0.0,0.0,0.0,0.0,21.0,103.0,139.445416,0.0,3208.916,111.536256,208.387922,155.0,0.0,1282.0,12.0,70.787412,796.9899999999999,855.6044,6.0,220.0,132.470911,53.0,0.0,0.0,0.0,7.922499999999999,60.056859,65.0,53.0,10.0,2542.188451,-16.849999999999998,-8.677101,1,2.0,Medium
2.0,0.0,0.0,0.0,0.0,0.0,4.0,0.0,0.0,0.0,11.0,0.0,0.0,0.0,5.0,0.0,0.0,0.0,0.0,0.0,0.0,0.0,0.0,0.0,0.0,0.0,0.0,0.0,22.0,100.0,144.627734,0.0,3324.048,109.661672,215.732358,160.0,0.0,1328.0,16.0,72.849448,868.32,885.4845,6.0,228.0,130.093695,55.0,0.0,0.0,0.0,6.670599999999999,64.498074,68.0,55.0,11.0,2722.003278,-17.68,-8.705387,1,4.0,Medium
1.0,0.0,0.0,0.0,0.0,0.0,4.0,0.0,1.0,0.0,0.0,16.0,0.0,0.0,0.0,0.0,0.0,0.0,0.0,0.0,0.0,0.0,0.0,0.0,0.0,0.0,0.0,0.0,22.0,97.0,133.382965,0.0,3109.172,110.669997,198.736179,147.0,0.0,1242.0,7.0,66.207156,778.92,811.6773,6.0,214.0,125.800448,59.0,0.0,0.0,0.0,3.3359,66.061218,67.0,59.0,7.0,2407.8535540000003,-17.97,-8.607427,1,2.0,Medium
0.0,2.0,0.0,2.0,0.0,0.0,0.0,0.0,2.0,0.0,0.0,0.0,0.0,0.0,0.0,16.0,0.0,0.0,0.0,0.0,0.0,0.0,0.0,0.0,0.0,0.0,0.0,0.0,22.0,78.0,133.82966,0.0,3128.654,91.476258,201.732358,146.0,0.0,1244.0,26.0,66.199394,986.52,817.0006000000001,6.0,214.0,105.614464,56.0,0.0,0.0,0.0,-1.2597999999999998,68.199426,68.0,56.0,10.0,2759.82957,-17.68,-8.790848,1,4.0,Medium
2.0,0.0,0.0,0.0,1.0,0.0,3.0,0.0,0.0,0.0,0.0,0.0,0.0,0.0,0.0,0.0,0.0,0.0,16.0,0.0,0.0,0.0,0.0,0.0,0.0,0.0,0.0,0.0,22.0,94.0,139.676382,0.0,3115.065,112.677605,203.372358,163.0,0.0,1250.0,6.0,73.863163,651.64,864.654,6.0,215.0,125.914447,44.0,0.0,0.0,0.0,23.5183,63.172815,52.0,44.0,6.0,2441.314711,-17.04,-8.469308,2,0.0,High
0.0,0.0,2.0,0.0,4.0,0.0,0.0,0.0,0.0,0.0,8.0,0.0,0.0,0.0,0.0,8.0,0.0,0.0,0.0,0.0,0.0,0.0,0.0,0.0,0.0,0.0,0.0,0.0,22.0,96.0,149.831546,0.0,3411.1620000000003,109.305546,221.557922,166.0,0.0,1364.0,16.0,74.64539,892.9200000000001,906.4488,6.0,234.0,124.650616,58.0,0.0,0.0,0.0,9.4954,67.090836,68.0,58.0,8.0,2942.574378,-17.68,-8.694588,1,3.0,Medium
4.0,0.0,0.0,0.0,0.0,0.0,3.0,0.0,0.0,0.0,0.0,0.0,0.0,0.0,14.0,0.0,1.0,0.0,0.0,0.0,0.0,0.0,0.0,0.0,0.0,0.0,0.0,0.0,22.0,73.0,142.726137,0.0,3258.9149999999995,97.553223,214.764716,152.0,0.0,1290.0,35.0,69.583635,1038.73,875.5745,6.0,221.0,105.24886899999998,44.0,0.0,0.0,0.0,-2.2462,62.454525,69.0,44.0,21.0,2947.551647,-17.06,-8.821361,1,4.0,Medium
2.0,0.0,0.0,0.0,0.0,0.0,4.0,0.0,0.0,0.0,0.0,0.0,0.0,0.0,8.0,0.0,0.0,0.0,0.0,0.0,0.0,0.0,0.0,0.0,0.0,0.0,0.0,8.0,22.0,102.0,178.682094,8.0,4385.92,97.397388,270.577542,192.0,0.0,1744.0,62.0,94.978374,1653.32,1093.2662,6.0,300.0,133.322186,84.0,0.0,8.0,8.0,-24.5832,60.78456,108.0,84.0,22.0,4415.371168,-19.28,-8.652688,0,5.0,Low
2.0,0.0,2.0,0.0,0.0,0.0,2.0,0.0,0.0,0.0,0.0,0.0,0.0,0.0,0.0,0.0,0.0,0.0,0.0,0.0,0.0,0.0,15.0,0.0,0.0,0.0,0.0,0.0,21.0,131.0,189.482474,0.0,4011.684,122.519262,270.98028,224.0,0.0,1622.0,8.0,102.75238299999998,677.34,1158.7602000000002,6.0,276.0,155.976462,40.0,0.0,0.0,0.0,48.1159,62.525153,52.0,40.0,8.0,3576.9761630000003,-15.670000000000002,-8.498283,1,1.0,Medium
2.0,0.0,0.0,0.0,0.0,0.0,4.0,0.0,0.0,0.0,0.0,6.0,0.0,0.0,0.0,0.0,0.0,0.0,0.0,0.0,0.0,0.0,10.0,0.0,0.0,0.0,0.0,0.0,22.0,124.0,174.362232,0.0,3786.166,118.888396,250.132358,204.0,0.0,1532.0,6.0,93.014808,707.02,1062.8049999999998,6.0,262.0,148.416706,50.0,0.0,0.0,0.0,33.492999999999995,69.15014400000001,58.0,50.0,6.0,3254.152376,-17.28,-8.452027,1,3.0,Medium
2.0,0.0,2.0,0.0,0.0,0.0,2.0,0.0,0.0,0.0,18.0,0.0,0.0,0.0,0.0,0.0,0.0,0.0,0.0,0.0,0.0,0.0,0.0,0.0,0.0,0.0,0.0,0.0,24.0,116.0,155.28455,0.0,3632.154,131.281632,237.89028,170.0,0.0,1436.0,8.0,76.79471799999999,922.38,950.2572,6.0,246.0,155.259294,64.0,0.0,0.0,0.0,11.8222,61.414982,76.0,64.0,8.0,2775.104144,-18.76,-8.566916,2,0.0,High
2.0,0.0,2.0,0.0,0.0,0.0,2.0,0.0,0.0,0.0,0.0,0.0,0.0,0.0,16.0,0.0,0.0,0.0,0.0,0.0,0.0,0.0,0.0,0.0,0.0,0.0,0.0,0.0,22.0,74.0,146.48757,0.0,3328.07,101.139428,219.55028,156.0,0.0,1320.0,40.0,71.641306,1072.12,904.6472,6.0,226.0,106.969936,42.0,0.0,0.0,0.0,-0.7636000000000001,62.85306,70.0,42.0,24.0,3054.229426,-17.1,-8.776052,0,5.0,Low
3.0,0.0,0.0,0.0,0.0,0.0,3.0,0.0,0.0,0.0,8.0,0.0,8.0,0.0,0.0,0.0,0.0,0.0,0.0,0.0,0.0,0.0,0.0,0.0,0.0,0.0,0.0,0.0,22.0,123.0,158.78954199999998,0.0,3675.772,133.890323,240.408537,173.0,0.0,1462.0,6.0,78.831762,896.3599999999999,955.4674,6.0,250.0,152.734924,68.0,0.0,0.0,0.0,10.3955,59.781086,77.0,68.0,6.0,2994.47243,-17.71,-8.591212,2,0.0,High
1.0,0.0,0.0,0.0,0.0,0.0,0.0,0.0,1.0,4.0,0.0,0.0,0.0,0.0,0.0,16.0,0.0,0.0,0.0,0.0,0.0,0.0,0.0,0.0,0.0,0.0,0.0,0.0,22.0,73.0,135.74926499999998,4.0,3221.212,85.714845,198.880823,151.0,0.0,1282.0,23.0,68.90118000000001,991.84,825.2581,6.0,222.0,101.96222,63.0,0.0,4.0,4.0,-3.3661,66.019154,71.0,63.0,7.0,2983.572866,-18.13,-8.785347,1,4.0,Medium
3.0,0.0,0.0,0.0,0.0,0.0,0.0,0.0,3.0,0.0,0.0,0.0,0.0,0.0,5.0,10.0,0.0,0.0,0.0,0.0,0.0,0.0,0.0,0.0,0.0,0.0,0.0,0.0,21.0,72.0,130.25784299999998,0.0,3031.036,89.224581,197.558537,140.0,0.0,1200.0,29.0,63.782046,974.39,798.7940000000001,6.0,206.0,101.494024,49.0,0.0,0.0,0.0,-1.7744,61.663327,66.0,49.0,14.0,2676.562023,-16.559999999999995,-8.816334,0,5.0,Low
2.0,0.0,0.0,0.0,1.0,0.0,3.0,0.0,0.0,0.0,15.0,0.0,0.0,0.0,0.0,0.0,0.0,0.0,0.0,0.0,0.0,0.0,0.0,0.0,0.0,0.0,0.0,0.0,21.0,105.0,140.077828,0.0,3226.879,111.121255,209.562358,156.0,0.0,1288.0,6.0,70.609449,763.7900000000001,852.365,6.0,221.0,134.721296,57.0,0.0,0.0,0.0,10.5486,59.632862,65.0,57.0,6.0,2529.169048,-16.85,-8.587128,1,1.0,Medium
2.0,0.0,0.0,0.0,0.0,0.0,2.0,0.0,2.0,0.0,0.0,0.0,0.0,0.0,0.0,15.0,0.0,0.0,0.0,0.0,0.0,0.0,0.0,0.0,0.0,0.0,0.0,0.0,21.0,75.0,126.415829,0.0,2972.425,86.729372,191.562358,138.0,0.0,1180.0,23.0,62.547921,934.39,770.8064,6.0,203.0,101.911976,55.0,0.0,0.0,0.0,-1.284,64.521271,65.0,55.0,8.0,2577.758996,-16.85,-8.768084,0,5.0,Low
10.0,0.0,0.0,0.0,0.0,0.0,2.0,0.0,0.0,2.0,0.0,0.0,0.0,0.0,0.0,0.0,8.0,0.0,0.0,0.0,0.0,0.0,0.0,0.0,0.0,0.0,0.0,0.0,22.0,58.0,122.712068,2.0,2979.732,99.21649200000002,200.094112,122.0,0.0,1124.0,14.0,55.460562,1001.86,729.8398,6.0,192.0,103.213336,46.0,0.0,2.0,2.0,-13.6054,36.599576,70.0,46.0,14.0,2398.2226880000003,-15.12,-8.629699,0,5.0,Low
3.0,0.0,0.0,8.0,3.0,0.0,0.0,0.0,0.0,0.0,0.0,0.0,0.0,0.0,8.0,0.0,0.0,0.0,0.0,0.0,0.0,0.0,0.0,0.0,0.0,0.0,0.0,0.0,22.0,99.0,173.97900599999997,0.0,3778.559,109.539854,249.728537,190.0,0.0,1516.0,30.0,88.466809,894.6,1045.466,14.0,259.0,125.356979,44.0,0.0,0.0,0.0,2.4496,68.13198700000001,69.0,44.0,22.0,3530.175435,-17.39,-8.77519,1,4.0,Medium
3.0,0.0,0.0,0.0,0.0,0.0,5.0,0.0,0.0,0.0,0.0,0.0,0.0,0.0,0.0,10.0,4.0,0.0,0.0,0.0,0.0,0.0,0.0,0.0,0.0,0.0,0.0,0.0,22.0,73.0,124.510038,0.0,2946.7740000000003,91.429789,190.888537,135.0,0.0,1162.0,18.0,60.832774,941.34,752.0708000000001,4.0,200.0,100.98409800000002,54.0,0.0,0.0,0.0,-5.821100000000001,63.77288,65.0,54.0,8.0,2480.435894,-17.229999999999997,-8.73134,1,4.0,Medium
2.0,0.0,0.0,0.0,0.0,0.0,2.0,0.0,2.0,0.0,0.0,0.0,0.0,0.0,0.0,0.0,0.0,0.0,0.0,0.0,0.0,0.0,16.0,0.0,0.0,0.0,0.0,0.0,22.0,142.0,199.824172,0.0,4193.176,123.406468,280.372358,240.0,0.0,1712.0,8.0,110.328306,657.24,1223.1884,6.0,292.0,162.152026,42.0,0.0,0.0,0.0,50.3996,73.04508,52.0,42.0,8.0,3771.860312,-17.04,-8.4760475,1,2.0,Medium
0.0,0.0,3.0,0.0,0.0,0.0,3.0,0.0,0.0,4.0,12.0,0.0,0.0,0.0,0.0,0.0,0.0,0.0,0.0,0.0,0.0,0.0,0.0,0.0,0.0,0.0,0.0,0.0,22.0,106.0,155.057956,4.0,3586.829,116.067202,227.611527,172.0,0.0,1424.0,13.0,80.183044,848.6800000000001,946.9453,10.0,245.0,141.86996299999998,57.0,0.0,4.0,4.0,3.2268,54.926114,73.0,57.0,13.0,2984.275439,-17.549999999999997,-8.67316,1,2.0,Medium
2.0,0.0,0.0,0.0,0.0,0.0,4.0,0.0,0.0,0.0,0.0,0.0,0.0,0.0,0.0,7.0,0.0,0.0,0.0,0.0,0.0,0.0,8.0,0.0,0.0,0.0,0.0,0.0,21.0,107.0,160.243983,0.0,3519.697,103.20398,231.882358,186.0,0.0,1420.0,13.0,84.908253,766.9499999999999,976.4666,6.0,243.0,129.987368,49.0,0.0,0.0,0.0,25.3628,67.086151,57.0,49.0,6.0,3116.073964,-16.53,-8.590009,1,4.0,Medium
3.0,0.0,0.0,0.0,0.0,6.0,5.0,0.0,0.0,0.0,0.0,0.0,0.0,0.0,0.0,0.0,8.0,0.0,0.0,0.0,0.0,0.0,0.0,0.0,0.0,0.0,0.0,0.0,22.0,71.0,125.690446,0.0,2878.89,100.628219,187.048537,135.0,0.0,1138.0,14.0,61.010592,821.0,745.0030000000002,6.0,196.0,95.612156,44.0,0.0,0.0,0.0,-15.6107,63.034918000000005,61.0,44.0,14.0,2442.4019940000003,-17.07,-8.712171,0,5.0,Low
0.0,2.0,0.0,0.0,0.0,0.0,4.0,0.0,0.0,0.0,8.0,0.0,8.0,0.0,0.0,0.0,0.0,0.0,0.0,0.0,0.0,0.0,0.0,0.0,0.0,0.0,0.0,0.0,22.0,126.0,160.032756,0.0,3679.424,133.202044,239.41235800000004,176.0,0.0,1472.0,8.0,80.62151399999999,878.76,966.8604,6.0,252.0,153.010866,66.0,0.0,0.0,0.0,9.4124,63.18372,76.0,66.0,8.0,3011.020168,-18.0,-8.594767,2,0.0,High
2.0,0.0,0.0,16.0,2.0,0.0,2.0,0.0,0.0,0.0,0.0,0.0,0.0,0.0,0.0,0.0,0.0,0.0,0.0,0.0,0.0,0.0,0.0,0.0,0.0,0.0,0.0,0.0,22.0,126.0,192.415614,0.0,4086.81,118.79159,269.732358,214.0,0.0,1652.0,22.0,101.825576,722.6800000000001,1144.3921999999998,22.0,282.0,146.669732,44.0,0.0,0.0,0.0,0.9206,71.35399,68.0,44.0,22.0,3740.301334,-17.68,-8.738178,1,3.0,Medium
0.0,0.0,2.0,0.0,2.0,0.0,0.0,0.0,2.0,0.0,0.0,0.0,0.0,0.0,0.0,0.0,0.0,0.0,0.0,0.0,0.0,0.0,16.0,0.0,0.0,0.0,0.0,0.0,22.0,144.0,206.74816,0.0,4303.424,128.265976,288.197922,248.0,0.0,1760.0,10.0,113.893936,662.84,1264.1378,6.0,300.0,163.651686,40.0,0.0,0.0,0.0,52.66,74.073542,52.0,40.0,10.0,3939.228484,-17.04,-8.526877,1,2.0,Medium
2.0,0.0,0.0,0.0,0.0,0.0,2.0,0.0,0.0,2.0,0.0,0.0,0.0,0.0,0.0,0.0,0.0,0.0,0.0,0.0,0.0,0.0,0.0,0.0,16.0,0.0,0.0,0.0,22.0,218.0,229.013132,2.0,4924.46,239.097372,328.44468,290.0,0.0,2020.0,6.0,137.830634,670.1,1449.999,6.0,344.0,250.82744,46.0,0.0,2.0,2.0,71.045,58.698224,54.0,46.0,6.0,3949.359128,-17.12,-8.408608,1,2.0,Medium
3.0,0.0,0.0,0.0,0.0,4.0,3.0,0.0,0.0,0.0,12.0,0.0,0.0,0.0,0.0,0.0,0.0,0.0,0.0,0.0,0.0,0.0,0.0,0.0,0.0,0.0,0.0,0.0,22.0,103.0,147.714682,0.0,3379.552,117.637911,220.728537,161.0,0.0,1342.0,10.0,73.212954,803.36,892.1222,10.0,230.0,135.428908,56.0,0.0,0.0,0.0,4.2551000000000005,60.20325,69.0,56.0,10.0,2720.850914,-17.39,-8.651831,1,2.0,Medium
0.0,0.0,3.0,0.0,3.0,0.0,0.0,0.0,0.0,0.0,12.0,0.0,0.0,0.0,0.0,4.0,0.0,0.0,0.0,0.0,0.0,0.0,0.0,0.0,0.0,0.0,0.0,0.0,22.0,102.0,149.88952,0.0,3432.612,117.413873,224.466883,165.0,0.0,1366.0,13.0,74.412099,874.92,911.1787,6.0,234.0,134.412386,57.0,0.0,0.0,0.0,11.0369,61.733267,69.0,57.0,9.0,2833.1044999999995,-17.389999999999997,-8.667972,1,2.0,Medium
2.0,0.0,0.0,0.0,0.0,0.0,0.0,0.0,4.0,0.0,0.0,0.0,0.0,0.0,0.0,6.0,0.0,0.0,0.0,0.0,0.0,0.0,10.0,0.0,0.0,0.0,0.0,0.0,22.0,118.0,174.498932,0.0,3782.230000000001,111.050512,250.132358,204.0,0.0,1532.0,16.0,93.61343399999998,784.22,1069.9686,6.0,262.0,141.095482,46.0,0.0,0.0,0.0,30.201,71.12142,58.0,46.0,10.0,3368.124086,-17.28,-8.568841,1,4.0,Medium
0.0,2.0,0.0,0.0,0.0,0.0,4.0,0.0,0.0,0.0,12.0,0.0,4.0,0.0,0.0,0.0,0.0,0.0,0.0,0.0,0.0,0.0,0.0,0.0,0.0,0.0,0.0,0.0,22.0,118.0,151.880736,0.0,3503.2119999999995,124.482368,227.572358,168.0,0.0,1400.0,8.0,76.68559,841.8399999999999,923.5844,6.0,240.0,147.131118,62.0,0.0,0.0,0.0,9.346,62.668112,72.0,62.0,8.0,2788.705008,-17.84,-8.611234,2,0.0,High
0.0,2.0,0.0,0.0,2.0,0.0,2.0,0.0,0.0,0.0,0.0,0.0,0.0,0.0,0.0,16.0,0.0,0.0,0.0,0.0,0.0,0.0,0.0,0.0,0.0,0.0,0.0,0.0,22.0,78.0,137.127132,0.0,3186.73,91.793318,205.732358,150.0,0.0,1268.0,24.0,67.508748,980.92,831.2792000000001,6.0,218.0,105.525892,58.0,0.0,0.0,0.0,1.1482,68.943782,68.0,58.0,8.0,2839.62647,-17.68,-8.778718,0,5.0,Low
0.0,3.0,0.0,0.0,0.0,0.0,4.0,0.0,0.0,0.0,0.0,0.0,0.0,0.0,0.0,14.0,1.0,0.0,0.0,0.0,0.0,0.0,0.0,0.0,0.0,0.0,0.0,0.0,22.0,76.0,130.593172,0.0,3078.981,91.80554,199.768537,141.0,0.0,1216.0,24.0,63.947619,984.73,795.9784,6.0,209.0,105.922439,55.0,0.0,0.0,0.0,-3.1173,64.332027,68.0,55.0,10.0,2641.117243,-17.349999999999998,-8.780006,0,5.0,Low
0.0,3.0,0.0,0.0,0.0,0.0,3.0,0.0,0.0,0.0,14.0,0.0,0.0,0.0,0.0,2.0,0.0,0.0,0.0,0.0,0.0,0.0,0.0,0.0,0.0,0.0,0.0,0.0,22.0,103.0,141.269773,0.0,3292.342,113.287791,214.728537,155.0,0.0,1306.0,11.0,70.344046,852.9200000000001,865.4871,6.0,224.0,136.56916199999998,57.0,0.0,0.0,0.0,7.673499999999999,59.470222,69.0,57.0,9.0,2565.947176,-17.389999999999997,-8.6538725,1,2.0,Medium
0.0,2.0,0.0,0.0,0.0,2.0,0.0,0.0,0.0,2.0,0.0,0.0,0.0,0.0,0.0,16.0,0.0,0.0,0.0,0.0,0.0,0.0,0.0,0.0,0.0,0.0,0.0,0.0,22.0,70.0,132.307954,2.0,3130.534,89.83106,197.80468,144.0,0.0,1240.0,24.0,64.874776,999.38,802.6072,6.0,214.0,99.947008,60.0,0.0,2.0,2.0,-3.2052,65.255088,70.0,60.0,8.0,2852.541924,-17.759999999999998,-8.777951,1,4.0,Medium
0.0,2.0,0.0,0.0,0.0,0.0,2.0,2.0,0.0,0.0,0.0,0.0,0.0,0.0,0.0,16.0,0.0,0.0,0.0,0.0,0.0,0.0,0.0,0.0,0.0,0.0,0.0,0.0,22.0,74.0,128.972432,0.0,3046.46,91.264654,195.732358,140.0,0.0,1208.0,24.0,62.921984,980.92,785.1972000000001,6.0,208.0,102.282634,58.0,0.0,0.0,0.0,-2.7464,67.499782,68.0,58.0,8.0,2653.85148,-17.68,-8.761419,0,5.0,Low
2.0,2.0,0.0,0.0,0.0,0.0,2.0,0.0,0.0,0.0,0.0,0.0,0.0,0.0,0.0,0.0,0.0,16.0,0.0,0.0,0.0,0.0,0.0,0.0,0.0,0.0,0.0,0.0,22.0,88.0,149.839724,0.0,3284.208,98.188978,218.364716,170.0,0.0,1308.0,8.0,76.282202,703.6400000000001,914.2372,6.0,224.0,120.524542,42.0,0.0,0.0,0.0,27.997,59.804772,54.0,42.0,8.0,2818.101316,-16.46,-8.450954,1,2.0,Medium
0.0,0.0,2.0,0.0,0.0,0.0,2.0,0.0,2.0,0.0,0.0,0.0,0.0,0.0,0.0,15.0,0.0,0.0,0.0,0.0,0.0,0.0,0.0,0.0,0.0,0.0,0.0,0.0,21.0,77.0,128.013545,0.0,2998.511,90.252814,193.387922,140.0,0.0,1192.0,25.0,63.769429,939.99,784.1418000000001,6.0,205.0,103.886986,53.0,0.0,0.0,0.0,-1.3578,64.521271,65.0,53.0,10.0,2600.7310740000003,-16.85,-8.792849,1,4.0,Medium
2.0,0.0,0.0,0.0,0.0,0.0,4.0,0.0,0.0,0.0,2.0,0.0,0.0,0.0,0.0,0.0,0.0,0.0,0.0,0.0,0.0,0.0,0.0,0.0,0.0,14.0,0.0,0.0,22.0,208.0,229.942798,0.0,4872.384,205.066312,328.29235800000004,286.0,0.0,2000.0,6.0,134.363554,670.0999999999999,1435.759,6.0,340.0,230.416558,46.0,0.0,0.0,0.0,69.9766,62.72579,54.0,46.0,6.0,4130.44189,-17.12,-8.368976,1,2.0,Medium
0.0,0.0,1.0,0.0,1.0,0.0,0.0,0.0,0.0,4.0,16.0,0.0,0.0,0.0,0.0,0.0,0.0,0.0,0.0,0.0,0.0,0.0,0.0,0.0,0.0,0.0,0.0,0.0,22.0,106.0,151.04736400000002,4.0,3501.752,113.450039,218.793605,171.0,0.0,1402.0,7.0,78.158281,815.84,920.3253,6.0,242.0,137.962178,63.0,0.0,4.0,4.0,8.6567,60.770569,71.0,63.0,7.0,2938.416424,-18.13,-8.631965,2,0.0,High
4.0,0.0,0.0,0.0,0.0,0.0,4.0,0.0,0.0,0.0,12.0,0.0,0.0,0.0,0.0,0.0,2.0,0.0,0.0,0.0,0.0,0.0,0.0,0.0,0.0,0.0,0.0,0.0,22.0,98.0,137.96437200000005,0.0,3227.654,112.132908,211.804716,150.0,0.0,1272.0,8.0,67.976376,845.3399999999999,837.5712,6.0,218.0,132.281232,56.0,0.0,0.0,0.0,4.5086,56.426622,68.0,56.0,8.0,2490.373714,-17.02,-8.642133,1,1.0,Medium
0.0,4.0,0.0,0.0,0.0,4.0,6.0,0.0,0.0,0.0,0.0,0.0,0.0,0.0,0.0,0.0,8.0,0.0,0.0,0.0,0.0,0.0,0.0,0.0,0.0,0.0,0.0,0.0,22.0,72.0,125.980866,0.0,2897.388,99.915626,190.044716,134.0,0.0,1140.0,18.0,61.314746,855.4000000000001,755.1482000000001,6.0,196.0,99.232966,40.0,0.0,0.0,0.0,-16.4094,59.643116000000006,62.0,40.0,18.0,2404.440084,-16.78,-8.720121,0,6.0,Low
4.0,0.0,0.0,0.0,0.0,0.0,4.0,0.0,0.0,0.0,0.0,0.0,12.0,0.0,0.0,0.0,2.0,0.0,0.0,0.0,0.0,0.0,0.0,0.0,0.0,0.0,0.0,0.0,22.0,122.0,162.420432,0.0,3756.29,138.291936,247.324716,174.0,0.0,1488.0,8.0,79.784148,956.1,967.3992,6.0,254.0,149.920476,68.0,0.0,0.0,0.0,4.707800000000001,57.973446,80.0,68.0,8.0,3157.319194,-17.5,-8.606798,2,0.0,High
4.0,6.0,0.0,0.0,0.0,0.0,4.0,0.0,0.0,0.0,0.0,0.0,0.0,0.0,0.0,0.0,8.0,0.0,0.0,0.0,0.0,0.0,0.0,0.0,0.0,0.0,0.0,0.0,22.0,62.0,121.772352,0.0,2917.808,101.24355599999998,200.02179,120.0,0.0,1104.0,20.0,54.98555399999999,1000.2,733.9680000000001,6.0,188.0,105.370818,38.0,0.0,0.0,0.0,-14.9284,39.248976,68.0,38.0,20.0,2262.3253120000004,-15.04,-8.664274,0,6.0,Low
0.0,2.0,0.0,0.0,2.0,2.0,0.0,0.0,0.0,0.0,16.0,0.0,0.0,0.0,0.0,0.0,0.0,0.0,0.0,0.0,0.0,0.0,0.0,0.0,0.0,0.0,0.0,0.0,22.0,106.0,148.07186000000002,0.0,3383.108,118.49963,219.732358,164.0,0.0,1352.0,8.0,73.664406,804.9200000000001,898.6884,6.0,232.0,136.879268,58.0,0.0,0.0,0.0,10.8336,63.170134,68.0,58.0,8.0,2732.200114,-17.68,-8.600143,2,0.0,High
0.0,4.0,0.0,4.0,0.0,0.0,0.0,0.0,0.0,0.0,0.0,0.0,0.0,0.0,12.0,0.0,2.0,0.0,0.0,0.0,0.0,0.0,0.0,0.0,0.0,0.0,0.0,0.0,22.0,74.0,144.62002,0.0,3268.018,99.528472,215.804716,154.0,0.0,1296.0,36.0,70.817008,1022.14,886.5079999999999,6.0,222.0,104.729256,40.0,0.0,0.0,0.0,-3.9502,62.624202,68.0,40.0,24.0,2993.044334,-17.02,-8.803802,0,6.0,Low
0.0,2.0,0.0,0.0,0.0,0.0,2.0,2.0,0.0,0.0,16.0,0.0,0.0,0.0,0.0,0.0,0.0,0.0,0.0,0.0,0.0,0.0,0.0,0.0,0.0,0.0,0.0,0.0,22.0,106.0,140.900288,0.0,3270.892,116.570094,211.732358,156.0,0.0,1304.0,8.0,70.507024,804.9200000000001,861.8404,6.0,224.0,137.532762,58.0,0.0,0.0,0.0,7.7192,61.736966,68.0,58.0,8.0,2525.010952,-17.68,-8.607539,1,1.0,Medium
2.0,0.0,0.0,0.0,0.0,0.0,4.0,0.0,0.0,0.0,12.0,4.0,0.0,0.0,0.0,0.0,0.0,0.0,0.0,0.0,0.0,0.0,0.0,0.0,0.0,0.0,0.0,0.0,22.0,106.0,140.716786,0.0,3272.86,114.661588,211.732358,156.0,0.0,1304.0,6.0,70.528158,799.32,857.739,6.0,224.0,137.319654,60.0,0.0,0.0,0.0,8.5732,62.27902399999999,68.0,60.0,6.0,2522.61884,-17.68,-8.580122,2,0.0,High
2.0,4.0,0.0,0.0,0.0,0.0,0.0,0.0,0.0,0.0,15.0,0.0,0.0,0.0,0.0,1.0,0.0,0.0,0.0,0.0,0.0,0.0,0.0,0.0,0.0,0.0,0.0,0.0,22.0,96.0,138.927879,0.0,3288.525,116.934218,218.717074,147.0,0.0,1282.0,11.0,66.224133,914.32,850.4531999999999,6.0,219.0,137.944469,56.0,0.0,0.0,0.0,8.2879,48.902144,72.0,56.0,10.0,2508.251429,-16.52,-8.609493,2,0.0,High
2.0,0.0,0.0,0.0,0.0,0.0,4.0,0.0,0.0,0.0,8.0,0.0,0.0,0.0,8.0,0.0,0.0,0.0,0.0,0.0,0.0,0.0,0.0,0.0,0.0,0.0,0.0,0.0,22.0,94.0,145.277246,0.0,3321.0959999999995,106.00106,215.73235800000003,160.0,0.0,1328.0,22.0,73.042222,909.72,891.0509999999999,6.0,228.0,123.39909,52.0,0.0,0.0,0.0,4.5928,65.905416,68.0,52.0,14.0,2815.371336,-17.68,-8.767841,0,5.0,Low
2.0,0.0,0.0,0.0,0.0,0.0,4.0,0.0,0.0,0.0,15.0,0.0,0.0,0.0,0.0,1.0,0.0,0.0,0.0,0.0,0.0,0.0,0.0,0.0,0.0,0.0,0.0,0.0,22.0,108.0,142.799723,0.0,3314.941,114.181102,214.732358,159.0,0.0,1322.0,7.0,72.054093,810.3199999999999,871.4168,6.0,227.0,139.048237,60.0,0.0,0.0,0.0,9.4795,62.51268,68.0,60.0,6.0,2574.442381,-17.68,-8.5855055,1,1.0,Medium
3.0,0.0,0.0,0.0,0.0,0.0,1.0,0.0,0.0,2.0,0.0,16.0,0.0,0.0,0.0,0.0,0.0,0.0,0.0,0.0,0.0,0.0,0.0,0.0,0.0,0.0,0.0,0.0,22.0,87.0,132.662012,2.0,3154.936,110.019491,200.800859,143.0,0.0,1242.0,6.0,64.099446,840.98,803.2194,6.0,214.0,123.091082,62.0,0.0,2.0,2.0,2.7821,56.60655,71.0,62.0,6.0,2510.655454,-17.47,-8.608917,1,3.0,Medium
2.0,0.0,0.0,2.0,0.0,0.0,2.0,0.0,0.0,0.0,0.0,16.0,0.0,0.0,0.0,0.0,0.0,0.0,0.0,0.0,0.0,0.0,0.0,0.0,0.0,0.0,0.0,0.0,22.0,94.0,134.0768,0.0,3132.59,112.377282,201.732358,146.0,0.0,1244.0,6.0,65.341418,799.3199999999999,811.569,6.0,214.0,125.137728,60.0,0.0,0.0,0.0,4.6722,62.94269,68.0,60.0,6.0,2455.90501,-17.68,-8.598387,1,2.0,Medium
3.0,0.0,0.0,0.0,0.0,0.0,1.0,0.0,0.0,2.0,17.0,0.0,0.0,0.0,0.0,0.0,0.0,0.0,0.0,0.0,0.0,0.0,0.0,0.0,0.0,0.0,0.0,0.0,23.0,108.0,150.106246,2.0,3523.538,119.733377,225.970859,166.0,0.0,1396.0,6.0,75.19021599999999,876.51,914.7404,6.0,240.0,145.110345,65.0,0.0,2.0,2.0,9.7758,59.134343,74.0,65.0,6.0,2795.158333,-18.3,-8.586278,2,0.0,High
4.0,0.0,0.0,0.0,0.0,0.0,4.0,0.0,0.0,0.0,0.0,12.0,0.0,0.0,0.0,0.0,2.0,0.0,0.0,0.0,0.0,0.0,0.0,0.0,0.0,0.0,0.0,0.0,22.0,86.0,129.47908800000002,0.0,3059.33,108.829596,199.804716,138.0,0.0,1200.0,8.0,61.976376,845.3399999999999,782.1672,6.0,206.0,120.486084,56.0,0.0,0.0,0.0,-0.1726000000000009,56.80618200000001,68.0,56.0,8.0,2359.06069,-17.02,-8.639322,1,4.0,Medium
2.0,0.0,0.0,0.0,4.0,0.0,0.0,0.0,0.0,0.0,0.0,0.0,0.0,0.0,8.0,8.0,0.0,0.0,0.0,0.0,0.0,0.0,0.0,0.0,0.0,0.0,0.0,0.0,22.0,78.0,149.96586200000002,0.0,3377.2040000000006,96.02047199999998,219.73235800000003,164.0,0.0,1352.0,30.0,73.937946,997.72,907.9574,6.0,232.0,104.823326,52.0,0.0,0.0,0.0,4.0284,70.843748,68.0,52.0,14.0,3168.5837880000004,-17.68,-8.823626,0,5.0,Low
2.0,0.0,0.0,0.0,0.0,0.0,4.0,0.0,0.0,0.0,3.0,0.0,12.0,0.0,0.0,0.0,0.0,0.0,0.0,0.0,0.0,0.0,0.0,0.0,0.0,0.0,0.0,0.0,21.0,129.0,161.87075199999998,0.0,3713.434,136.61225000000002,242.082358,177.0,0.0,1486.0,6.0,81.24516,874.55,968.386,6.0,254.0,152.59821499999998,69.0,0.0,0.0,0.0,9.5807,60.665455,77.0,69.0,6.0,3123.916481,-17.33,-8.603632,2,0.0,High
4.0,0.0,0.0,0.0,0.0,0.0,6.0,0.0,0.0,0.0,8.0,0.0,0.0,0.0,0.0,0.0,4.0,0.0,0.0,0.0,0.0,0.0,0.0,0.0,0.0,0.0,0.0,0.0,22.0,92.0,134.50295400000002,0.0,3137.58,107.126566,205.884716,146.0,0.0,1236.0,10.0,66.561082,844.96,813.5186000000001,6.0,212.0,123.862978,52.0,0.0,0.0,0.0,-1.3746000000000005,57.506008,66.0,52.0,10.0,2447.4530560000003,-16.939999999999998,-8.6891365,1,4.0,Medium
0.0,0.0,0.0,2.0,0.0,0.0,5.0,0.0,0.0,0.0,0.0,0.0,0.0,0.0,0.0,0.0,1.0,14.0,0.0,0.0,0.0,0.0,0.0,0.0,0.0,0.0,0.0,0.0,22.0,99.0,152.980855,0.0,3295.617,96.320481,213.34,180.0,0.0,1342.0,7.0,81.605655,623.51,930.4459,6.0,231.0,119.554273,44.0,0.0,0.0,0.0,23.8658,73.681915,51.0,44.0,7.0,2891.830265,-17.66,-8.425966,1,2.0,Medium
3.0,0.0,0.0,0.0,0.0,0.0,3.0,0.0,0.0,0.0,10.0,0.0,0.0,0.0,0.0,0.0,0.0,0.0,0.0,0.0,0.0,0.0,0.0,0.0,0.0,0.0,6.0,0.0,22.0,113.0,172.524526,6.0,4212.031999999999,110.001403,263.844827,187.0,0.0,1666.0,30.0,89.187284,1363.42,1035.9746,6.0,286.0,149.259316,90.0,0.0,6.0,6.0,-6.7167,54.869568,99.0,90.0,6.0,3947.423172,-18.59,-8.588214,0,5.0,Low
0.0,0.0,2.0,0.0,0.0,0.0,4.0,0.0,0.0,0.0,12.0,4.0,0.0,0.0,0.0,0.0,0.0,0.0,0.0,0.0,0.0,0.0,0.0,0.0,0.0,0.0,0.0,0.0,22.0,108.0,142.314502,0.0,3298.946,118.18503,213.557922,158.0,0.0,1316.0,8.0,71.749666,804.92,871.0744,6.0,226.0,139.29466399999998,58.0,0.0,0.0,0.0,8.4994,62.27902399999999,68.0,58.0,8.0,2545.590918,-17.68,-8.602671,2,0.0,High
2.0,0.0,0.0,0.0,0.0,0.0,4.0,0.0,0.0,0.0,0.0,0.0,0.0,0.0,0.0,6.0,0.0,0.0,0.0,0.0,10.0,0.0,0.0,0.0,0.0,0.0,0.0,0.0,22.0,58.0,138.776588,0.0,3084.816,103.927452,200.132358,154.0,0.0,1232.0,12.0,66.86902799999999,773.02,831.3958,6.0,212.0,91.781282,50.0,0.0,0.0,0.0,13.829,71.33877,58.0,50.0,6.0,2714.197236,-17.28,-8.570035,1,4.0,Medium
0.0,3.0,0.0,0.0,0.0,0.0,5.0,0.0,0.0,0.0,12.0,0.0,0.0,0.0,0.0,0.0,2.0,0.0,0.0,0.0,0.0,0.0,0.0,0.0,0.0,0.0,0.0,0.0,22.0,101.0,139.299337,0.0,3230.322,111.444629,210.808537,153.0,0.0,1282.0,11.0,69.87688200000001,830.54,851.0149,6.0,220.0,132.55717399999995,53.0,0.0,0.0,0.0,3.0985,59.829256,67.0,53.0,11.0,2506.921452,-17.31,-8.670333,1,2.0,Medium
2.0,0.0,0.0,8.0,0.0,0.0,4.0,0.0,0.0,0.0,0.0,0.0,0.0,0.0,0.0,10.0,0.0,0.0,0.0,0.0,0.0,0.0,0.0,0.0,0.0,0.0,0.0,0.0,24.0,108.0,170.12341199999997,0.0,3813.8780000000006,111.412148,248.072358,188.0,0.0,1528.0,24.0,87.445696,942.06,1023.8886,14.0,262.0,134.751694,58.0,0.0,0.0,0.0,-0.6768000000000001,75.908522,74.0,58.0,14.0,3380.510568,-19.34,-8.702631,1,4.0,Medium
0.0,0.0,3.0,0.0,0.0,0.0,3.0,0.0,0.0,0.0,15.0,1.0,0.0,0.0,0.0,0.0,0.0,0.0,0.0,0.0,0.0,0.0,0.0,0.0,0.0,0.0,0.0,0.0,22.0,109.0,144.174969,0.0,3348.45,121.460858,218.466883,159.0,0.0,1330.0,9.0,72.292176,830.9200000000001,884.3015,6.0,228.0,142.95501399999998,57.0,0.0,0.0,0.0,9.7619,58.7815,69.0,57.0,9.0,2573.357475,-17.389999999999997,-8.610559,2,0.0,High
2.0,0.0,0.0,4.0,0.0,0.0,4.0,0.0,0.0,0.0,12.0,0.0,0.0,0.0,0.0,0.0,0.0,0.0,0.0,0.0,0.0,0.0,0.0,0.0,0.0,0.0,0.0,0.0,22.0,114.0,154.431246,0.0,3497.388,116.1859,227.732358,172.0,0.0,1400.0,10.0,79.266482,780.16,936.3498,10.0,240.0,142.724798,56.0,0.0,0.0,0.0,7.2468,64.19576,68.0,56.0,10.0,2823.768696,-17.68,-8.658398,1,2.0,Medium
2.0,0.0,0.0,0.0,0.0,0.0,4.0,0.0,0.0,0.0,10.0,0.0,8.0,0.0,0.0,0.0,0.0,0.0,0.0,0.0,0.0,0.0,0.0,0.0,0.0,0.0,0.0,0.0,24.0,136.0,172.110298,0.0,3969.732,143.820984,257.752358,190.0,0.0,1588.0,6.0,86.581546,944.22,1038.057,6.0,272.0,165.595664,74.0,0.0,0.0,0.0,11.7706,69.251466,82.0,74.0,6.0,3229.857862,-19.66,-8.566747,2,0.0,High
10.0,2.0,0.0,0.0,0.0,0.0,2.0,0.0,0.0,0.0,0.0,0.0,0.0,0.0,0.0,0.0,8.0,0.0,0.0,0.0,0.0,0.0,0.0,0.0,0.0,0.0,0.0,0.0,22.0,56.0,119.285924,0.0,2910.504,102.620114,202.014148,114.0,0.0,1084.0,16.0,51.40605000000001,1035.4,711.182,6.0,184.0,104.818934,42.0,0.0,0.0,0.0,-12.9622,32.443708,70.0,42.0,16.0,2229.2298360000004,-14.46,-8.606362,0,5.0,Low
0.0,0.0,2.0,0.0,0.0,0.0,4.0,0.0,0.0,0.0,10.0,5.0,0.0,0.0,0.0,0.0,0.0,0.0,0.0,0.0,0.0,0.0,0.0,0.0,0.0,0.0,0.0,0.0,21.0,102.0,135.476873,0.0,3140.749,112.600284,203.387922,150.0,0.0,1252.0,8.0,68.158896,769.39,828.8084,6.0,215.0,132.01933599999998,55.0,0.0,0.0,0.0,7.357200000000001,59.27678099999999,65.0,55.0,8.0,2425.229319,-16.849999999999998,-8.625163,1,2.0,Medium
3.0,0.0,0.0,0.0,0.0,0.0,4.0,0.0,0.0,0.0,0.0,0.0,13.0,0.0,0.0,0.0,1.0,0.0,0.0,0.0,0.0,0.0,0.0,0.0,0.0,0.0,0.0,0.0,21.0,125.0,161.118336,0.0,3706.83,136.97727700000002,243.078537,174.0,0.0,1476.0,7.0,79.95325,906.79,959.8871,6.0,252.0,149.583083,68.0,0.0,0.0,0.0,6.7848,57.93141599999999,78.0,68.0,7.0,3141.4872040000005,-17.04,-8.613446,2,0.0,High
2.0,0.0,2.0,15.0,0.0,0.0,2.0,0.0,0.0,0.0,0.0,0.0,0.0,0.0,0.0,0.0,0.0,0.0,0.0,0.0,0.0,0.0,0.0,0.0,0.0,0.0,0.0,0.0,21.0,116.0,177.71560399999998,0.0,3831.219,116.940252,255.38028,194.0,0.0,1532.0,23.0,92.791123,743.94,1062.8457,21.0,261.0,141.907452,40.0,0.0,0.0,0.0,-1.2596,59.975573,67.0,40.0,23.0,3412.018283,-16.27,-8.765009,0,5.0,Low
3.0,0.0,1.0,0.0,0.0,0.0,2.0,0.0,0.0,0.0,16.0,0.0,0.0,0.0,0.0,0.0,0.0,0.0,0.0,0.0,0.0,0.0,0.0,0.0,0.0,0.0,0.0,0.0,22.0,105.0,142.224648,0.0,3330.771,118.900971,218.637498,155.0,0.0,1314.0,7.0,70.00242399999999,848.52,868.2915,6.0,225.0,141.68699099999998,59.0,0.0,0.0,0.0,10.3549,55.347236,70.0,59.0,7.0,2544.780411,-17.1,-8.590569,2,0.0,High
2.0,0.0,1.0,16.0,0.0,0.0,3.0,0.0,0.0,0.0,0.0,0.0,0.0,0.0,0.0,0.0,0.0,0.0,0.0,0.0,0.0,0.0,0.0,0.0,0.0,0.0,0.0,0.0,22.0,124.0,186.828488,0.0,4010.071,119.905524,265.641319,206.0,0.0,1612.0,23.0,98.523964,748.6800000000001,1116.1543,22.0,275.0,147.856645,43.0,0.0,0.0,0.0,-1.3214,66.922894,69.0,43.0,23.0,3590.843541,-17.389999999999997,-8.738649,0,5.0,Low
3.0,3.0,0.0,0.0,0.0,0.0,0.0,0.0,0.0,0.0,12.0,0.0,0.0,0.0,0.0,6.0,0.0,0.0,0.0,0.0,0.0,0.0,0.0,0.0,0.0,0.0,0.0,0.0,24.0,96.0,147.369717,0.0,3507.714,119.645208,232.057074,156.0,0.0,1368.0,15.0,69.924594,1037.58,899.7495000000001,6.0,234.0,139.513602,63.0,0.0,0.0,0.0,6.9486,56.77077,78.0,63.0,9.0,2767.351788,-18.18,-8.597825,1,4.0,Medium
4.0,0.0,1.0,0.0,0.0,0.0,1.0,0.0,0.0,0.0,16.0,0.0,0.0,0.0,0.0,0.0,0.0,0.0,0.0,0.0,0.0,0.0,0.0,0.0,0.0,0.0,0.0,0.0,22.0,102.0,141.164936,0.0,3325.151,119.58925,219.633677,152.0,0.0,1304.0,7.0,68.43418,871.72,860.9999,6.0,223.0,141.411049,59.0,0.0,0.0,0.0,10.484,51.944602,71.0,59.0,7.0,2528.232673,-16.81,-8.590198,2,0.0,High
2.0,0.0,0.0,8.0,0.0,0.0,4.0,0.0,0.0,0.0,0.0,0.0,8.0,0.0,0.0,0.0,0.0,0.0,0.0,0.0,0.0,0.0,0.0,0.0,0.0,0.0,0.0,0.0,22.0,134.0,181.621318,0.0,4018.232,134.04846,263.412358,200.0,0.0,1616.0,14.0,93.876654,834.8399999999999,1083.0446000000002,14.0,276.0,155.957722,60.0,0.0,0.0,0.0,4.492800000000001,67.270232,76.0,60.0,14.0,3525.777864,-18.0,-8.622663,1,3.0,Medium
3.0,0.0,0.0,0.0,0.0,0.0,3.0,0.0,0.0,8.0,0.0,0.0,0.0,0.0,0.0,8.0,0.0,0.0,0.0,0.0,0.0,0.0,0.0,0.0,0.0,0.0,0.0,0.0,22.0,83.0,156.873334,8.0,3659.836,92.460387,225.017825,173.0,0.0,1446.0,22.0,81.94913,946.04,946.6474,14.0,250.0,119.214404,60.0,0.0,8.0,8.0,-8.8205,53.983766,77.0,60.0,14.0,3414.212798,-17.71,-8.780542,1,4.0,Medium
3.0,0.0,0.0,0.0,0.0,0.0,3.0,0.0,0.0,0.0,4.0,0.0,0.0,13.0,0.0,0.0,0.0,0.0,0.0,0.0,0.0,0.0,0.0,0.0,0.0,0.0,0.0,0.0,23.0,151.0,172.30802999999997,0.0,4040.207,170.270695,264.378537,190.0,0.0,1610.0,6.0,89.194176,978.04,1047.2114,6.0,275.0,185.324651,76.0,0.0,0.0,0.0,11.2306,61.224925,85.0,76.0,6.0,3115.96761,-18.74,-8.577071,2,0.0,High
2.0,0.0,0.0,0.0,1.0,0.0,3.0,0.0,0.0,0.0,0.0,0.0,0.0,0.0,0.0,16.0,0.0,0.0,0.0,0.0,0.0,0.0,0.0,0.0,0.0,0.0,0.0,0.0,22.0,78.0,134.280494,0.0,3146.617,91.125285,202.732358,147.0,0.0,1250.0,22.0,66.115179,975.32,813.3708,6.0,215.0,105.763567,60.0,0.0,0.0,0.0,0.8351000000000002,68.429551,68.0,60.0,6.0,2767.428423,-17.68,-8.757151,0,5.0,Low
0.0,3.0,0.0,0.0,0.0,0.0,3.0,0.0,0.0,0.0,12.0,6.0,0.0,0.0,0.0,0.0,0.0,0.0,0.0,0.0,0.0,0.0,0.0,0.0,0.0,0.0,0.0,0.0,24.0,111.0,150.779157,0.0,3524.574,125.418255,229.068537,165.0,0.0,1398.0,9.0,74.473716,901.98,922.6635,6.0,240.0,147.66265199999998,63.0,0.0,0.0,0.0,8.145299999999999,65.007396,75.0,63.0,9.0,2703.023292,-19.05,-8.571828,2,0.0,High
2.0,0.0,0.0,0.0,2.0,0.0,2.0,0.0,0.0,0.0,15.0,0.0,0.0,0.0,0.0,0.0,0.0,0.0,0.0,0.0,0.0,0.0,0.0,0.0,0.0,0.0,0.0,0.0,21.0,105.0,142.74096400000002,0.0,3268.96,111.789288,212.562358,159.0,0.0,1306.0,6.0,71.78151,763.79,866.172,6.0,224.0,134.483621,57.0,0.0,0.0,0.0,11.7157,60.147093,65.0,57.0,6.0,2601.367095,-16.85,-8.584945,2,0.0,High
6.0,0.0,0.0,0.0,4.0,0.0,0.0,0.0,0.0,0.0,0.0,0.0,0.0,0.0,0.0,8.0,4.0,0.0,0.0,0.0,0.0,0.0,0.0,0.0,0.0,0.0,0.0,0.0,22.0,70.0,137.072146,0.0,3182.4480000000003,98.522536,211.877074,144.0,0.0,1240.0,18.0,64.320318,979.36,815.8418,6.0,212.0,104.73533,52.0,0.0,0.0,0.0,-1.6808000000000003,55.639072,68.0,52.0,10.0,2767.570032,-16.36,-8.751977,0,5.0,Low
2.0,0.0,0.0,0.0,2.0,0.0,2.0,0.0,0.0,15.0,0.0,0.0,0.0,0.0,0.0,0.0,0.0,0.0,0.0,0.0,0.0,0.0,0.0,0.0,0.0,0.0,0.0,0.0,21.0,90.0,180.90051400000004,15.0,4110.280000000001,90.530793,243.104773,204.0,0.0,1636.0,21.0,99.497265,830.3899999999999,1083.7725,21.0,284.0,126.728696,57.0,0.0,15.0,15.0,-14.253799999999998,45.808008,80.0,57.0,21.0,4101.27414,-17.450000000000003,-8.91383,1,4.0,Medium
0.0,0.0,0.0,1.0,6.0,0.0,8.0,0.0,0.0,0.0,0.0,0.0,0.0,0.0,0.0,0.0,8.0,0.0,0.0,0.0,0.0,0.0,0.0,0.0,0.0,0.0,0.0,0.0,23.0,98.0,156.64981200000005,0.0,3418.673,103.784236,220.23,178.0,0.0,1388.0,15.0,81.81118699999999,782.1400000000001,930.1065,7.0,239.0,113.364944,46.0,0.0,0.0,0.0,-6.6244000000000005,79.905389,61.0,46.0,15.0,3034.7545330000003,-18.77,-8.763302,1,4.0,Medium
3.0,0.0,0.0,0.0,0.0,0.0,3.0,0.0,0.0,0.0,1.0,0.0,0.0,0.0,16.0,0.0,0.0,0.0,0.0,0.0,0.0,0.0,0.0,0.0,0.0,0.0,0.0,0.0,23.0,80.0,152.080088,0.0,3451.7740000000003,102.237177,225.898537,164.0,0.0,1376.0,38.0,75.078812,1078.85,936.2524,6.0,236.0,111.563267,47.0,0.0,0.0,0.0,-0.0667999999999999,69.289567,72.0,47.0,22.0,3157.223933,-18.22,-8.750289,0,5.0,Low
1.0,0.0,0.0,0.0,3.0,0.0,2.0,0.0,0.0,0.0,0.0,0.0,0.0,0.0,0.0,15.0,0.0,0.0,0.0,0.0,0.0,0.0,0.0,0.0,0.0,0.0,0.0,0.0,21.0,78.0,135.281447,0.0,3106.256,88.045192,199.566179,150.0,0.0,1244.0,21.0,67.41084000000001,905.59,815.4176,6.0,214.0,101.474893,57.0,0.0,0.0,0.0,2.9422,69.466598,64.0,57.0,6.0,2810.9008750000003,-17.14,-8.759281,0,5.0,Low
3.0,0.0,0.0,0.0,0.0,0.0,3.0,0.0,0.0,0.0,10.0,0.0,0.0,0.0,5.0,0.0,0.0,0.0,0.0,0.0,0.0,0.0,0.0,0.0,0.0,0.0,0.0,0.0,21.0,92.0,137.4375,0.0,3174.258,105.040481,207.558537,150.0,0.0,1260.0,16.0,68.190434,855.99,840.5439000000001,6.0,216.0,123.525354,52.0,0.0,0.0,0.0,6.0476,58.061567,66.0,52.0,11.0,2596.036693,-16.56,-8.734519,1,4.0,Medium
3.0,0.0,0.0,0.0,0.0,0.0,4.0,0.0,0.0,0.0,0.0,0.0,0.0,0.0,14.0,0.0,1.0,0.0,0.0,0.0,0.0,0.0,0.0,0.0,0.0,0.0,0.0,0.0,22.0,76.0,143.78584899999998,0.0,3264.535,96.864944,213.768537,155.0,0.0,1300.0,35.0,71.151879,1015.53,882.8661,6.0,223.0,105.524811,44.0,0.0,0.0,0.0,-2.3753,65.857159,68.0,44.0,21.0,2964.099385,-17.349999999999998,-8.824583,1,4.0,Medium
2.0,0.0,0.0,0.0,0.0,0.0,4.0,0.0,0.0,0.0,0.0,0.0,12.0,0.0,3.0,0.0,0.0,0.0,0.0,0.0,0.0,0.0,0.0,0.0,0.0,0.0,0.0,0.0,21.0,123.0,162.520264,0.0,3710.482,132.951638,242.082358,177.0,0.0,1486.0,12.0,81.437934,915.95,973.9525,6.0,254.0,145.90361,66.0,0.0,0.0,0.0,7.5029,62.072797,77.0,66.0,9.0,3217.284539,-17.33,-8.628968,1,1.0,Medium
3.0,0.0,0.0,0.0,0.0,0.0,3.0,0.0,0.0,0.0,12.0,0.0,0.0,0.0,4.0,0.0,0.0,0.0,0.0,0.0,0.0,0.0,0.0,0.0,0.0,0.0,0.0,0.0,22.0,99.0,143.351518,0.0,3319.412,111.570155,216.728537,157.0,0.0,1318.0,14.0,71.21694600000001,877.72,876.3374000000001,6.0,226.0,132.049288,56.0,0.0,0.0,0.0,7.4923,60.626326000000006,69.0,56.0,10.0,2674.332854,-17.389999999999997,-8.689469,1,4.0,Medium
2.0,0.0,0.0,0.0,0.0,0.0,4.0,0.0,0.0,0.0,1.0,0.0,0.0,0.0,14.0,0.0,0.0,0.0,0.0,0.0,0.0,0.0,0.0,0.0,0.0,0.0,0.0,0.0,21.0,77.0,140.44574799999998,0.0,3171.022,93.370366,206.562358,153.0,0.0,1270.0,34.0,70.33699999999999,956.99,864.535,6.0,218.0,103.717481,43.0,0.0,0.0,0.0,-0.3149000000000002,65.686227,65.0,43.0,20.0,2892.688605,-16.85,-8.843308,1,4.0,Medium
2.0,0.0,0.0,0.0,0.0,0.0,4.0,0.0,0.0,0.0,15.0,1.0,0.0,0.0,0.0,0.0,0.0,0.0,0.0,0.0,0.0,0.0,0.0,0.0,0.0,0.0,0.0,0.0,22.0,109.0,142.838107,0.0,3314.941,115.487416,214.732358,159.0,0.0,1322.0,6.0,72.028158,799.3199999999999,871.59,6.0,227.0,140.268441,60.0,0.0,0.0,0.0,9.7435,62.18413399999999,68.0,60.0,6.0,2555.447096,-17.68,-8.575496,2,0.0,High
2.0,0.0,0.0,0.0,0.0,0.0,4.0,0.0,0.0,0.0,0.0,0.0,0.0,0.0,0.0,6.0,0.0,0.0,0.0,0.0,0.0,0.0,0.0,0.0,0.0,0.0,10.0,0.0,22.0,108.0,189.137308,10.0,4725.946,95.523872,288.25950800000004,204.0,0.0,1872.0,52.0,100.062718,1766.8200000000002,1125.8978,6.0,322.0,141.83905199999998,110.0,0.0,10.0,10.0,-22.09,57.84639,118.0,110.0,6.0,4944.006816,-19.68,-8.677521,0,5.0,Low
2.0,0.0,0.0,0.0,0.0,0.0,4.0,0.0,0.0,0.0,4.0,0.0,0.0,0.0,0.0,0.0,0.0,12.0,0.0,0.0,0.0,0.0,0.0,0.0,0.0,0.0,0.0,0.0,22.0,98.0,149.71803799999998,0.0,3305.304,101.549988,216.212358,172.0,0.0,1328.0,6.0,77.529926,688.56,912.591,6.0,228.0,126.120162,48.0,0.0,0.0,0.0,23.978,65.495656,56.0,48.0,6.0,2779.995056,-17.200000000000003,-8.424153,1,1.0,Medium
2.0,0.0,0.0,0.0,0.0,0.0,4.0,0.0,0.0,4.0,0.0,0.0,0.0,12.0,0.0,0.0,0.0,0.0,0.0,0.0,0.0,0.0,0.0,0.0,0.0,0.0,0.0,0.0,22.0,142.0,175.590638,4.0,4081.956,154.872456,259.39700200000004,196.0,0.0,1632.0,10.0,93.897634,927.84,1064.0618,10.0,280.0,174.31276599999998,72.0,0.0,4.0,4.0,3.4076000000000013,57.812916,84.0,72.0,10.0,3387.9404320000003,-18.32,-8.578368,2,0.0,High
2.0,0.0,0.0,0.0,0.0,0.0,4.0,0.0,0.0,0.0,6.0,0.0,0.0,0.0,10.0,0.0,0.0,0.0,0.0,0.0,0.0,0.0,0.0,0.0,0.0,0.0,0.0,0.0,22.0,90.0,145.710254,0.0,3319.128,103.560652,215.732358,160.0,0.0,1328.0,26.0,73.170738,937.32,894.762,6.0,228.0,118.93602,50.0,0.0,0.0,0.0,3.2076,66.843644,68.0,50.0,16.0,2877.616708,-17.68,-8.805876,0,5.0,Low
2.0,0.0,0.0,0.0,0.0,0.0,5.0,0.0,0.0,0.0,0.0,0.0,0.0,0.0,0.0,14.0,1.0,0.0,0.0,0.0,0.0,0.0,0.0,0.0,0.0,0.0,0.0,0.0,22.0,79.0,131.377631,0.0,3087.553,91.117261,198.772358,144.0,0.0,1226.0,21.0,65.183601,953.13,797.1179,6.0,211.0,106.198381,58.0,0.0,0.0,0.0,-1.9654,67.73466099999999,67.0,58.0,7.0,2657.6649810000004,-17.639999999999997,-8.758947,0,5.0,Low
2.0,0.0,0.0,0.0,0.0,0.0,4.0,0.0,0.0,0.0,0.0,0.0,0.0,0.0,0.0,12.0,0.0,0.0,0.0,0.0,0.0,0.0,0.0,0.0,0.0,0.0,4.0,0.0,22.0,90.0,154.625338,4.0,3753.1,92.4839,235.143218,168.0,0.0,1488.0,34.0,78.990958,1291.92,930.0974,6.0,256.0,120.336366,80.0,0.0,4.0,4.0,-9.0352,63.887748,88.0,80.0,6.0,3594.740952,-18.48,-8.705389,0,5.0,Low
2.0,0.0,0.0,0.0,0.0,0.0,4.0,0.0,0.0,0.0,0.0,6.0,0.0,0.0,0.0,10.0,0.0,0.0,0.0,0.0,0.0,0.0,0.0,0.0,0.0,0.0,0.0,0.0,22.0,84.0,131.847662,0.0,3104.536,98.295136,199.732358,144.0,0.0,1232.0,16.0,64.787508,909.32,800.6030000000001,6.0,212.0,113.322466,60.0,0.0,0.0,0.0,1.2519999999999996,65.94404399999999,68.0,60.0,6.0,2581.258666,-17.68,-8.708997,1,4.0,Medium
1.0,0.0,0.0,0.0,0.0,0.0,5.0,0.0,0.0,0.0,0.0,0.0,0.0,0.0,10.0,5.0,0.0,0.0,0.0,0.0,0.0,0.0,0.0,0.0,0.0,0.0,0.0,0.0,21.0,78.0,136.911989,0.0,3110.443,89.654953,200.566179,151.0,0.0,1250.0,31.0,69.27788699999999,933.59,840.4535999999999,6.0,215.0,101.903898,47.0,0.0,0.0,0.0,-0.9441000000000002,69.013285,64.0,47.0,16.0,2825.008264,-17.139999999999997,-8.837685,1,4.0,Medium
2.0,0.0,0.0,0.0,0.0,0.0,4.0,0.0,0.0,2.0,0.0,0.0,0.0,0.0,0.0,14.0,0.0,0.0,0.0,0.0,0.0,0.0,0.0,0.0,0.0,0.0,0.0,0.0,22.0,80.0,138.19628,2.0,3244.766,90.785966,205.80468,152.0,0.0,1288.0,22.0,69.586682,962.2,838.1576,8.0,222.0,109.373518,60.0,0.0,2.0,2.0,-2.4864,65.28309,70.0,60.0,8.0,2879.112916,-17.759999999999998,-8.79707,0,6.0,Low
2.0,0.0,0.0,0.0,0.0,0.0,4.0,0.0,0.0,4.0,0.0,0.0,0.0,0.0,12.0,0.0,0.0,0.0,0.0,0.0,0.0,0.0,0.0,0.0,0.0,0.0,0.0,0.0,22.0,82.0,156.319142,4.0,3541.512,95.451312,223.877002,172.0,0.0,1416.0,34.0,80.690122,982.68,956.4998,10.0,244.0,112.40497,48.0,0.0,4.0,4.0,-5.1028,63.958116,72.0,48.0,22.0,3339.837292,-17.84,-8.839695,1,4.0,Medium
2.0,0.0,0.0,0.0,1.0,0.0,3.0,0.0,0.0,0.0,0.0,0.0,0.0,0.0,0.0,15.0,0.0,0.0,0.0,0.0,0.0,0.0,0.0,0.0,0.0,0.0,0.0,0.0,21.0,75.0,128.895463,0.0,3016.474,87.39740499999999,194.562358,141.0,0.0,1198.0,21.0,63.498474,928.79,780.5120000000001,6.0,206.0,101.674301,57.0,0.0,0.0,0.0,0.7371000000000001,65.035502,65.0,57.0,6.0,2649.957043,-16.85,-8.7569895,0,5.0,Low
1.0,0.0,0.0,0.0,0.0,0.0,5.0,0.0,0.0,4.0,0.0,0.0,0.0,0.0,0.0,12.0,0.0,0.0,0.0,0.0,0.0,0.0,0.0,0.0,0.0,0.0,0.0,0.0,22.0,85.0,145.83491400000003,4.0,3390.616,90.426401,210.880823,163.0,0.0,1354.0,22.0,75.79849000000002,925.88,884.043,10.0,234.0,113.021736,60.0,0.0,4.0,4.0,-4.7699,66.053494,71.0,60.0,10.0,3079.543194,-18.13,-8.810489,0,5.0,Low
2.0,0.0,0.0,0.0,0.0,0.0,4.0,0.0,0.0,0.0,3.0,0.0,0.0,13.0,0.0,0.0,0.0,0.0,0.0,0.0,0.0,0.0,0.0,0.0,0.0,0.0,0.0,0.0,22.0,149.0,167.23721999999998,0.0,3901.657,164.272946,254.212358,186.0,0.0,1562.0,6.0,87.67165,919.31,1016.854,6.0,267.0,179.308194,73.0,0.0,0.0,0.0,10.3494,61.59368599999999,81.0,73.0,6.0,3023.096501,-18.200000000000003,-8.585486,2,0.0,High
3.0,0.0,0.0,0.0,0.0,0.0,2.0,0.0,0.0,1.0,17.0,0.0,0.0,0.0,0.0,0.0,0.0,0.0,0.0,0.0,0.0,0.0,0.0,0.0,0.0,0.0,0.0,0.0,23.0,110.0,149.361135,1.0,3495.528,120.74690900000002,225.934698,165.0,0.0,1386.0,6.0,74.62045,867.28,910.6524,6.0,238.0,146.189086,64.0,0.0,1.0,1.0,10.3953,60.459043,73.0,64.0,6.0,2727.209645,-18.26,-8.577739,2,0.0,High
2.0,0.0,0.0,0.0,0.0,0.0,4.0,0.0,0.0,0.0,0.0,0.0,0.0,0.0,0.0,6.0,0.0,10.0,0.0,0.0,0.0,0.0,0.0,0.0,0.0,0.0,0.0,0.0,22.0,88.0,144.21628800000002,0.0,3225.086,94.429232,210.132358,164.0,0.0,1292.0,12.0,73.851908,773.02,877.7857999999999,6.0,222.0,115.423232,50.0,0.0,0.0,0.0,17.746,67.09952,58.0,50.0,6.0,2792.709386,-17.28,-8.5748825,0,5.0,Low
1.0,0.0,0.0,0.0,0.0,0.0,5.0,0.0,0.0,0.0,0.0,8.0,0.0,0.0,0.0,8.0,0.0,0.0,0.0,0.0,0.0,0.0,0.0,0.0,0.0,0.0,0.0,0.0,22.0,89.0,132.98414200000002,0.0,3110.156,100.219485,198.736179,147.0,0.0,1242.0,14.0,66.303882,864.12,808.241,6.0,214.0,116.038816,60.0,0.0,0.0,0.0,1.6508999999999998,68.68958599999999,67.0,60.0,6.0,2559.815834,-17.97,-8.686816,1,4.0,Medium
0.0,2.0,0.0,2.0,0.0,0.0,0.0,0.0,0.0,2.0,0.0,0.0,0.0,0.0,0.0,16.0,0.0,0.0,0.0,0.0,0.0,0.0,0.0,0.0,0.0,0.0,0.0,0.0,22.0,74.0,135.13638,2.0,3186.642,89.44919399999999,201.80468,148.0,0.0,1264.0,24.0,67.117418,999.38,821.0752,6.0,218.0,103.456982,60.0,0.0,2.0,2.0,-1.6447999999999996,65.550026,70.0,60.0,8.0,2895.726946,-17.759999999999998,-8.791419,0,5.0,Low
1.0,0.0,0.0,0.0,0.0,2.0,3.0,0.0,0.0,0.0,15.0,0.0,0.0,0.0,0.0,0.0,0.0,0.0,0.0,0.0,0.0,0.0,0.0,0.0,0.0,0.0,0.0,0.0,21.0,104.0,137.491276,0.0,3162.364,111.165815,203.566179,154.0,0.0,1268.0,6.0,69.57625,740.59,836.6156000000001,6.0,218.0,131.338161,57.0,0.0,0.0,0.0,8.472199999999999,62.510433,64.0,57.0,6.0,2494.932911,-17.14,-8.591869,1,2.0,Medium
2.0,0.0,0.0,0.0,0.0,0.0,4.0,0.0,0.0,0.0,14.0,0.0,0.0,0.0,2.0,0.0,0.0,0.0,0.0,0.0,0.0,0.0,0.0,0.0,0.0,0.0,0.0,0.0,22.0,106.0,143.97822200000002,0.0,3326.9999999999995,113.322284,215.732358,160.0,0.0,1328.0,10.0,72.65667400000001,826.92,879.918,6.0,228.0,136.78829999999996,58.0,0.0,0.0,0.0,8.748399999999998,63.090732,68.0,58.0,8.0,2628.63522,-17.68,-8.631719,1,2.0,Medium
2.0,0.0,0.0,0.0,0.0,0.0,4.0,0.0,0.0,0.0,0.0,0.0,0.0,0.0,6.0,9.0,0.0,0.0,0.0,0.0,0.0,0.0,0.0,0.0,0.0,0.0,0.0,0.0,21.0,75.0,132.004297,0.0,3052.651,88.89768799999999,197.562358,144.0,0.0,1216.0,27.0,65.556351,945.59,806.5791999999999,6.0,209.0,101.741564,51.0,0.0,0.0,0.0,-0.6610000000000001,65.174899,65.0,51.0,12.0,2716.1799140000003,-16.849999999999998,-8.811943,0,5.0,Low
0.0,3.0,0.0,0.0,3.0,0.0,0.0,0.0,0.0,0.0,10.0,0.0,0.0,0.0,6.0,0.0,0.0,0.0,0.0,0.0,0.0,0.0,0.0,0.0,0.0,0.0,0.0,0.0,22.0,95.0,152.049187,0.0,3440.735,111.133846,225.728537,166.0,0.0,1372.0,21.0,75.193907,913.72,927.6215,6.0,235.0,126.873193,51.0,0.0,0.0,0.0,8.327399999999999,63.107247,69.0,51.0,15.0,2953.172367,-17.389999999999997,-8.753688,0,5.0,Low
1.0,0.0,3.0,0.0,0.0,0.0,2.0,0.0,0.0,0.0,0.0,0.0,0.0,0.0,16.0,0.0,0.0,0.0,0.0,0.0,0.0,0.0,0.0,0.0,0.0,0.0,0.0,0.0,22.0,75.0,147.286428,0.0,3341.113,102.901149,220.463062,157.0,0.0,1326.0,41.0,72.25206,1074.92,911.3149,6.0,227.0,107.957441,41.0,0.0,0.0,0.0,-0.8005,62.85306,70.0,41.0,25.0,3065.715465,-17.1,-8.7598715,0,5.0,Low
2.0,0.0,0.0,0.0,0.0,0.0,4.0,0.0,0.0,4.0,0.0,0.0,0.0,0.0,0.0,12.0,0.0,0.0,0.0,0.0,0.0,0.0,0.0,0.0,0.0,0.0,0.0,0.0,22.0,82.0,144.775202,4.0,3384.996,91.11468,211.877002,160.0,0.0,1344.0,22.0,74.230246,949.08,876.7514,10.0,232.0,112.745794,60.0,0.0,4.0,4.0,-4.6408,62.65086,72.0,60.0,10.0,3062.995456,-17.84,-8.808459,1,4.0,Medium
0.0,2.0,0.0,0.0,0.0,0.0,4.0,0.0,0.0,2.0,14.0,0.0,0.0,0.0,0.0,0.0,0.0,0.0,0.0,0.0,0.0,0.0,0.0,0.0,0.0,0.0,0.0,0.0,22.0,108.0,148.81665600000002,2.0,3439.176,112.928226,219.80468,166.0,0.0,1372.0,10.0,76.4451,813.8,909.3218,8.0,236.0,140.21738,58.0,0.0,2.0,2.0,5.816999999999999,60.240626,70.0,58.0,10.0,2766.377454,-17.759999999999998,-8.646411,1,2.0,Medium
3.0,1.0,0.0,0.0,0.0,0.0,0.0,0.0,0.0,2.0,16.0,0.0,0.0,0.0,0.0,0.0,0.0,0.0,0.0,0.0,0.0,0.0,0.0,0.0,0.0,0.0,0.0,0.0,22.0,100.0,143.007763,2.0,3372.764,115.112186,217.797038,156.0,0.0,1328.0,7.0,70.641956,866.98,871.8505,6.0,228.0,138.542004,61.0,0.0,2.0,2.0,8.7258,52.697836,72.0,61.0,7.0,2669.191748,-17.18,-8.595893,2,0.0,High
1.0,0.0,0.0,0.0,0.0,0.0,5.0,0.0,0.0,0.0,0.0,0.0,0.0,0.0,4.0,12.0,0.0,0.0,0.0,0.0,0.0,0.0,0.0,0.0,0.0,0.0,0.0,0.0,22.0,81.0,136.52505000000002,0.0,3162.328,91.214517,202.736179,151.0,0.0,1266.0,26.0,68.66465400000001,963.32,833.4382,6.0,218.0,106.163576,56.0,0.0,0.0,0.0,-0.6151,71.753706,67.0,56.0,10.0,2804.058726,-17.97,-8.788179,1,4.0,Medium
3.0,0.0,0.0,0.0,0.0,0.0,3.0,0.0,0.0,0.0,14.0,0.0,0.0,0.0,2.0,0.0,0.0,0.0,0.0,0.0,0.0,0.0,0.0,0.0,0.0,0.0,0.0,0.0,22.0,103.0,142.91851,0.0,3321.38,114.010563,216.728537,157.0,0.0,1318.0,10.0,71.08843,850.12,872.6264000000001,6.0,226.0,136.51235799999998,58.0,0.0,0.0,0.0,8.8775,59.688098,69.0,58.0,8.0,2612.087482,-17.389999999999997,-8.639788,1,2.0,Medium
2.0,4.0,0.0,0.0,0.0,0.0,0.0,0.0,0.0,0.0,12.0,0.0,4.0,0.0,0.0,0.0,0.0,0.0,0.0,0.0,0.0,0.0,0.0,0.0,0.0,0.0,0.0,0.0,22.0,106.0,147.82539,0.0,3478.764,127.235484,231.557074,156.0,0.0,1360.0,10.0,70.634122,940.24,898.5194000000001,6.0,232.0,146.02734999999998,60.0,0.0,0.0,0.0,9.0084,49.057576,76.0,60.0,10.0,2722.514056,-16.68,-8.600505,1,1.0,Medium
2.0,0.0,0.0,0.0,0.0,0.0,4.0,0.0,0.0,2.0,14.0,0.0,0.0,0.0,0.0,0.0,0.0,0.0,0.0,0.0,0.0,0.0,0.0,0.0,0.0,0.0,0.0,0.0,22.0,108.0,148.633154,2.0,3441.144,112.928226,219.80468,166.0,0.0,1372.0,8.0,76.223592,808.2,905.2204,8.0,236.0,140.21738,60.0,0.0,2.0,2.0,6.670999999999999,60.240626,70.0,60.0,8.0,2766.377454,-17.759999999999998,-8.645819,1,1.0,Medium
2.0,0.0,0.0,0.0,0.0,0.0,4.0,0.0,0.0,2.0,0.0,0.0,0.0,0.0,14.0,0.0,0.0,0.0,0.0,0.0,0.0,0.0,0.0,0.0,0.0,0.0,0.0,0.0,22.0,80.0,151.66421,2.0,3427.368,95.84537,219.80468,166.0,0.0,1372.0,36.0,77.12320399999999,1001.4,931.1974,8.0,236.0,108.97589,46.0,0.0,2.0,2.0,-3.0254000000000003,66.808222,70.0,46.0,22.0,3202.095058,-17.759999999999998,-8.832479,0,6.0,Low
2.0,0.0,0.0,0.0,0.0,0.0,4.0,0.0,0.0,0.0,0.0,0.0,0.0,0.0,0.0,0.0,0.0,8.0,0.0,0.0,0.0,0.0,8.0,0.0,0.0,0.0,0.0,0.0,22.0,118.0,175.708158,0.0,3746.28,110.109444,248.372358,208.0,0.0,1520.0,6.0,94.65199,651.64,1071.903,6.0,260.0,141.614226,44.0,0.0,0.0,0.0,39.9232,69.82756,52.0,44.0,6.0,3311.528552,-17.04,-8.397371,1,3.0,Medium
2.0,0.0,0.0,0.0,0.0,0.0,4.0,0.0,0.0,6.0,10.0,0.0,0.0,0.0,0.0,0.0,0.0,0.0,0.0,0.0,0.0,0.0,0.0,0.0,0.0,0.0,0.0,0.0,22.0,104.0,158.809034,6.0,3665.496,107.259294,227.949324,178.0,0.0,1460.0,12.0,83.61446000000001,825.96,963.2472,12.0,252.0,138.1494,60.0,0.0,6.0,6.0,-0.2542,56.41687,74.0,60.0,12.0,3166.352666,-17.92,-8.703111,1,3.0,Medium
2.0,0.0,0.0,0.0,0.0,0.0,4.0,0.0,0.0,0.0,0.0,0.0,0.0,0.0,2.0,13.0,0.0,0.0,0.0,0.0,0.0,0.0,0.0,0.0,0.0,0.0,0.0,0.0,21.0,75.0,128.156317,0.0,3000.479,87.452144,193.562358,140.0,0.0,1192.0,23.0,63.403059,934.39,779.9964,6.0,205.0,101.855172,55.0,0.0,0.0,0.0,-0.5070000000000001,64.739147,65.0,55.0,8.0,2623.899302,-16.85,-8.771978,0,5.0,Low
2.0,1.0,0.0,0.0,0.0,0.0,3.0,0.0,0.0,0.0,0.0,0.0,0.0,0.0,0.0,15.0,0.0,0.0,0.0,0.0,0.0,0.0,0.0,0.0,0.0,0.0,0.0,0.0,21.0,72.0,125.264366,0.0,2967.789,87.417651,192.558537,135.0,0.0,1170.0,22.0,60.868923,954.79,761.4641,6.0,201.0,101.636034,56.0,0.0,0.0,0.0,-0.7278999999999998,61.11863699999999,66.0,56.0,7.0,2561.2112580000003,-16.56,-8.750716,1,4.0,Medium
5.0,0.0,0.0,0.0,0.0,0.0,2.0,0.0,0.0,0.0,14.0,0.0,0.0,0.0,0.0,0.0,1.0,0.0,0.0,0.0,0.0,0.0,0.0,0.0,0.0,0.0,0.0,0.0,22.0,98.0,138.635369,0.0,3267.0709999999995,115.324358,215.760895,149.0,0.0,1280.0,7.0,67.11577899999999,868.73,842.3059,6.0,219.0,136.21441699999997,58.0,0.0,0.0,0.0,7.579299999999998,52.484295,70.0,58.0,7.0,2495.286305,-16.77,-8.602116,2,0.0,High
5.0,0.0,0.0,1.0,0.0,0.0,0.0,0.0,0.0,0.0,14.0,0.0,0.0,0.0,0.0,2.0,0.0,0.0,0.0,0.0,0.0,0.0,0.0,0.0,0.0,0.0,0.0,0.0,22.0,97.0,139.797745,0.0,3298.081,115.173852,217.720895,150.0,0.0,1292.0,8.0,67.28192600000001,890.9200000000001,849.3688,6.0,221.0,135.82388899999998,60.0,0.0,0.0,0.0,9.602799999999998,52.807007,71.0,60.0,6.0,2565.151297,-16.81,-8.602056,2,0.0,High
3.0,0.0,0.0,0.0,0.0,0.0,3.0,0.0,0.0,0.0,13.0,0.0,0.0,0.0,0.0,5.0,0.0,0.0,0.0,0.0,0.0,0.0,0.0,0.0,0.0,0.0,0.0,0.0,24.0,107.0,151.019091,0.0,3541.553,119.161961,230.068537,166.0,0.0,1404.0,11.0,74.771129,948.58,920.2624,6.0,241.0,142.544561,66.0,0.0,0.0,0.0,8.496400000000001,66.618496,75.0,66.0,6.0,2808.942469,-19.05,-8.607076,1,3.0,Medium
2.0,0.0,0.0,0.0,0.0,0.0,4.0,0.0,0.0,0.0,0.0,0.0,10.0,0.0,6.0,0.0,0.0,0.0,0.0,0.0,0.0,0.0,0.0,0.0,0.0,0.0,0.0,0.0,22.0,118.0,165.224288,0.0,3763.594,130.240658,245.332358,180.0,0.0,1508.0,18.0,82.75351599999999,974.42,995.53,6.0,258.0,142.56153,64.0,0.0,0.0,0.0,6.144,66.256208,78.0,64.0,12.0,3308.913864,-18.08,-8.638592,1,4.0,Medium
2.0,0.0,0.0,1.0,0.0,0.0,3.0,0.0,0.0,0.0,15.0,0.0,0.0,0.0,0.0,0.0,0.0,0.0,0.0,0.0,0.0,0.0,0.0,0.0,0.0,0.0,0.0,0.0,21.0,105.0,138.337341,0.0,3198.825,110.962725,207.562358,154.0,0.0,1276.0,6.0,69.844018,763.7900000000001,843.175,6.0,219.0,134.765582,57.0,0.0,0.0,0.0,9.7716,59.260684,65.0,57.0,6.0,2489.270598,-16.85,-8.589045,1,1.0,Medium
2.0,1.0,0.0,0.0,0.0,0.0,3.0,0.0,0.0,0.0,0.0,0.0,0.0,0.0,15.0,0.0,0.0,0.0,0.0,0.0,0.0,0.0,0.0,0.0,0.0,0.0,0.0,0.0,21.0,72.0,139.694291,0.0,3163.434,92.838441,207.558537,150.0,0.0,1260.0,37.0,68.943768,996.79,861.1496,6.0,216.0,101.210004,41.0,0.0,0.0,0.0,-1.3053999999999997,62.752707,66.0,41.0,22.0,2907.263553,-16.56,-8.835218,0,5.0,Low
1.0,0.0,0.0,0.0,0.0,0.0,2.0,0.0,0.0,3.0,0.0,0.0,0.0,0.0,0.0,0.0,0.0,0.0,0.0,0.0,0.0,0.0,16.0,0.0,0.0,0.0,0.0,0.0,22.0,139.0,202.935715,3.0,4284.794,119.677593,279.484662,246.0,0.0,1752.0,6.0,113.38434,656.13,1238.6426,6.0,300.0,159.191745,47.0,0.0,3.0,3.0,49.266,72.473614,54.0,47.0,6.0,3992.254114,-17.450000000000003,-8.517652,1,3.0,Medium
4.0,0.0,0.0,0.0,0.0,0.0,2.0,0.0,0.0,0.0,14.0,0.0,0.0,0.0,0.0,2.0,0.0,0.0,0.0,0.0,0.0,0.0,0.0,0.0,0.0,0.0,0.0,0.0,22.0,100.0,139.934808,0.0,3289.674,113.97607,215.724716,152.0,0.0,1296.0,8.0,68.44354,867.72,852.0434,6.0,222.0,136.29322,60.0,0.0,0.0,0.0,9.0836,56.06758799999999,70.0,60.0,6.0,2549.399438,-17.099999999999998,-8.608292,1,1.0,Medium
2.0,0.0,0.0,0.0,0.0,0.0,4.0,0.0,0.0,0.0,10.0,0.0,0.0,0.0,5.0,0.0,0.0,0.0,0.0,0.0,0.0,0.0,0.0,0.0,0.0,0.0,0.0,0.0,21.0,95.0,138.497212,0.0,3179.878,104.352202,206.562358,153.0,0.0,1270.0,16.0,69.758678,832.79,847.8355,6.0,218.0,123.80129599999998,52.0,0.0,0.0,0.0,5.9185,61.464201,65.0,52.0,11.0,2612.584431,-16.849999999999998,-8.725723,1,4.0,Medium
4.0,0.0,0.0,0.0,0.0,0.0,3.0,0.0,0.0,0.0,13.0,0.0,0.0,0.0,0.0,0.0,1.0,0.0,0.0,0.0,0.0,0.0,0.0,0.0,0.0,0.0,0.0,0.0,21.0,96.0,133.564559,0.0,3128.521,109.326609,205.594716,145.0,0.0,1232.0,7.0,65.59325299999999,810.0,811.9485,6.0,211.0,130.19796,55.0,0.0,0.0,0.0,6.6981,52.853056,66.0,55.0,7.0,2402.415196,-16.23,-8.638284,1,2.0,Medium
4.0,0.0,0.0,0.0,0.0,0.0,3.0,0.0,0.0,0.0,0.0,0.0,0.0,0.0,0.0,14.0,1.0,0.0,0.0,0.0,0.0,0.0,0.0,0.0,0.0,0.0,0.0,0.0,22.0,73.0,129.258207,0.0,3076.313,92.493819,200.764716,138.0,0.0,1206.0,21.0,62.047113,999.53,782.5346999999999,6.0,207.0,105.646497,58.0,0.0,0.0,0.0,-1.7072,60.929393,69.0,58.0,7.0,2624.569505,-17.06,-8.73891,1,4.0,Medium
2.0,0.0,0.0,0.0,0.0,0.0,4.0,0.0,0.0,0.0,0.0,0.0,6.0,0.0,0.0,0.0,0.0,0.0,0.0,0.0,0.0,0.0,10.0,0.0,0.0,0.0,0.0,0.0,22.0,142.0,190.832904,0.0,4134.646000000001,133.61956600000002,273.89235800000006,222.0,0.0,1676.0,6.0,101.918694,762.4,1155.4209999999998,6.0,286.0,163.133902,56.0,0.0,0.0,0.0,35.9332,69.733776,64.0,56.0,6.0,3653.281628,-17.520000000000003,-8.487214,1,3.0,Medium
2.0,0.0,0.0,0.0,0.0,0.0,4.0,0.0,0.0,0.0,0.0,0.0,0.0,0.0,0.0,4.0,0.0,0.0,0.0,0.0,0.0,0.0,12.0,0.0,0.0,0.0,0.0,0.0,22.0,126.0,182.634842,0.0,3922.492,115.169164,260.212358,216.0,0.0,1592.0,10.0,98.815878,732.56,1114.2062,6.0,272.0,148.11433,48.0,0.0,0.0,0.0,38.3572,71.76264,56.0,48.0,6.0,3502.702828,-17.200000000000003,-8.493803,1,3.0,Medium
2.0,0.0,0.0,0.0,0.0,0.0,4.0,0.0,0.0,0.0,0.0,0.0,0.0,0.0,0.0,1.0,0.0,0.0,0.0,0.0,0.0,0.0,15.0,0.0,0.0,0.0,0.0,0.0,22.0,138.0,195.389213,0.0,4126.981,121.347142,275.332358,234.0,0.0,1682.0,7.0,107.284068,671.87,1192.8668,6.0,287.0,158.642602,45.0,0.0,0.0,0.0,48.0295,72.72447,53.0,45.0,6.0,3704.570941,-17.080000000000002,-8.433714,1,3.0,Medium
2.0,0.0,0.0,0.0,0.0,0.0,5.0,0.0,0.0,0.0,13.0,0.0,0.0,0.0,0.0,0.0,1.0,0.0,0.0,0.0,0.0,0.0,0.0,0.0,0.0,0.0,0.0,0.0,21.0,102.0,135.683983,0.0,3139.761,107.950051,203.602358,151.0,0.0,1252.0,7.0,68.729741,763.6,826.5317,6.0,215.0,130.749844,55.0,0.0,0.0,0.0,6.4399,59.658324,64.0,55.0,7.0,2435.510672,-16.81,-8.6228075,1,2.0,Medium
2.0,0.0,0.0,0.0,0.0,0.0,4.0,0.0,0.0,0.0,0.0,0.0,0.0,0.0,6.0,0.0,0.0,0.0,0.0,0.0,0.0,0.0,10.0,0.0,0.0,0.0,0.0,0.0,22.0,118.0,179.903898,0.0,3864.424,113.218828,256.132358,210.0,0.0,1568.0,18.0,96.400356,789.8199999999999,1101.64,6.0,268.0,140.92507,44.0,0.0,0.0,0.0,31.678,71.775048,58.0,44.0,12.0,3506.545004,-17.28,-8.594792,1,4.0,Medium
2.0,0.0,0.0,1.0,0.0,0.0,3.0,0.0,0.0,0.0,0.0,0.0,0.0,0.0,0.0,0.0,16.0,0.0,0.0,0.0,0.0,0.0,0.0,0.0,0.0,0.0,0.0,0.0,22.0,46.0,87.994775,0.0,2173.155,82.68067500000001,137.37235800000002,97.0,0.0,854.0,6.0,41.16522,872.9200000000001,521.704,-10.0,149.0,64.724013,44.0,0.0,0.0,0.0,-18.753100000000003,65.029469,52.0,44.0,6.0,1742.602341,-17.04,-8.524769,0,8.0,Low
2.0,0.0,0.0,0.0,0.0,0.0,4.0,0.0,0.0,0.0,9.0,0.0,0.0,0.0,7.0,0.0,0.0,0.0,0.0,0.0,0.0,0.0,0.0,0.0,0.0,0.0,0.0,0.0,22.0,96.0,145.060742,0.0,3322.08,107.221264,215.732358,160.0,0.0,1328.0,20.0,72.977964,895.9199999999998,889.1955,6.0,228.0,125.630625,53.0,0.0,0.0,0.0,5.2854,65.436302,68.0,53.0,13.0,2784.24865,-17.68,-8.74826,0,5.0,Low
2.0,0.0,0.0,0.0,0.0,0.0,3.0,0.0,0.0,0.0,16.0,0.0,0.0,0.0,1.0,0.0,0.0,0.0,0.0,0.0,0.0,0.0,0.0,0.0,0.0,0.0,0.0,0.0,22.0,107.0,141.962859,0.0,3299.906,114.946189,213.732358,158.0,0.0,1316.0,7.0,71.314465,817.9100000000001,867.6438,5.0,226.0,138.458089,60.0,0.0,0.0,0.0,10.5528,62.252857,68.0,60.0,6.0,2565.467419,-17.679999999999996,-8.564909,1,3.0,Medium
2.0,0.0,0.0,0.0,2.0,0.0,2.0,0.0,0.0,0.0,0.0,0.0,0.0,0.0,15.0,0.0,0.0,0.0,0.0,0.0,0.0,0.0,0.0,0.0,0.0,0.0,0.0,0.0,21.0,75.0,145.98852399999998,0.0,3254.2,93.486228,212.562358,159.0,0.0,1306.0,36.0,72.74538000000001,970.79,894.0045,6.0,224.0,101.010596,42.0,0.0,0.0,0.0,1.3266999999999998,67.18380300000001,65.0,42.0,21.0,3068.207385,-16.85,-8.840649,1,4.0,Medium
4.0,0.0,0.0,0.0,2.0,0.0,0.0,0.0,0.0,0.0,0.0,0.0,0.0,0.0,8.0,8.0,0.0,0.0,0.0,0.0,0.0,0.0,0.0,0.0,0.0,0.0,0.0,0.0,22.0,72.0,142.52016600000002,0.0,3281.8020000000006,96.06096399999998,215.724716,152.0,0.0,1296.0,30.0,68.457336,1044.12,865.7601999999999,6.0,222.0,104.746792,52.0,0.0,0.0,0.0,1.9524,63.010018,70.0,52.0,14.0,2991.092218,-17.1,-8.821923,0,5.0,Low
1.0,0.0,1.0,0.0,0.0,0.0,4.0,0.0,0.0,0.0,0.0,0.0,0.0,0.0,16.0,0.0,0.0,0.0,0.0,0.0,0.0,0.0,0.0,0.0,0.0,0.0,0.0,0.0,22.0,79.0,147.808136,0.0,3326.267,98.001149,216.64514,161.0,0.0,1334.0,39.0,74.16704,1022.92,912.5627,6.0,229.0,106.534315,43.0,0.0,0.0,0.0,-0.9849,69.658328,68.0,43.0,23.0,3075.838863,-17.68,-8.796676,0,6.0,Low
2.0,0.0,0.0,0.0,0.0,0.0,4.0,0.0,0.0,0.0,0.0,0.0,8.0,0.0,8.0,0.0,0.0,0.0,0.0,0.0,0.0,0.0,0.0,0.0,0.0,0.0,0.0,0.0,22.0,110.0,161.58128599999998,0.0,3673.52,123.440412,239.41235800000004,176.0,0.0,1472.0,22.0,80.91407,983.56,977.603,6.0,252.0,135.158586,60.0,0.0,0.0,0.0,4.7256,66.936632,76.0,60.0,14.0,3260.0016559999995,-18.0,-8.704588,0,5.0,Low
3.0,0.0,0.0,0.0,0.0,0.0,4.0,0.0,0.0,0.0,0.0,0.0,0.0,0.0,0.0,0.0,1.0,0.0,0.0,0.0,0.0,0.0,13.0,0.0,0.0,0.0,0.0,0.0,21.0,125.0,180.201829,0.0,3837.909,114.848898,257.118537,213.0,0.0,1554.0,7.0,97.694142,666.81,1097.8301,6.0,265.0,147.45568500000002,42.0,0.0,0.0,0.0,39.979,65.105908,52.0,42.0,7.0,3398.4076860000005,-16.0,-8.507402,1,2.0,Medium
1.0,0.0,0.0,0.0,0.0,0.0,5.0,0.0,0.0,0.0,1.0,0.0,0.0,0.0,0.0,0.0,0.0,0.0,0.0,0.0,0.0,0.0,15.0,0.0,0.0,0.0,0.0,0.0,22.0,143.0,197.194416,0.0,4146.628000000001,122.240453,275.336179,238.0,0.0,1698.0,6.0,109.326377,637.67,1204.9486000000002,6.0,290.0,161.121677,45.0,0.0,0.0,0.0,48.5545,75.76692800000001,52.0,45.0,6.0,3713.066146,-17.37,-8.417002,1,3.0,Medium
3.0,0.0,0.0,0.0,0.0,0.0,3.0,0.0,0.0,0.0,8.0,0.0,0.0,0.0,0.0,0.0,0.0,0.0,0.0,0.0,0.0,0.0,8.0,0.0,0.0,0.0,0.0,0.0,22.0,123.0,170.53323,0.0,3756.436,120.272859,249.048537,197.0,0.0,1510.0,6.0,89.749234,748.68,1040.3554,6.0,258.0,151.425756,52.0,0.0,0.0,0.0,30.8227,64.196158,61.0,52.0,6.0,3152.577342,-17.07,-8.502045,1,3.0,Medium
4.0,0.0,0.0,0.0,0.0,0.0,3.0,0.0,0.0,0.0,0.0,0.0,0.0,0.0,0.0,0.0,1.0,0.0,0.0,0.0,0.0,0.0,14.0,0.0,0.0,0.0,0.0,0.0,22.0,129.0,188.778605,0.0,4030.595,121.324383,271.324716,222.0,0.0,1626.0,7.0,101.56533299999998,716.31,1149.6175,6.0,277.0,154.778433,44.0,0.0,0.0,0.0,43.4302,65.417933,55.0,44.0,7.0,3566.620699,-16.5,-8.484709,1,3.0,Medium
0.0,3.0,0.0,0.0,0.0,0.0,4.0,0.0,0.0,0.0,0.0,0.0,0.0,0.0,13.0,0.0,1.0,0.0,0.0,0.0,0.0,0.0,0.0,0.0,0.0,0.0,0.0,0.0,21.0,73.0,137.714076,0.0,3118.397,92.775678,204.598537,148.0,0.0,1242.0,36.0,68.32911299999999,974.6,849.5137,6.0,213.0,101.463947,39.0,0.0,0.0,0.0,-3.7158,62.354172,65.0,39.0,23.0,2823.557852,-16.52,-8.831984,0,5.0,Low
4.0,0.0,0.0,0.0,0.0,0.0,4.0,0.0,0.0,0.0,0.0,0.0,0.0,0.0,12.0,0.0,2.0,0.0,0.0,0.0,0.0,0.0,0.0,0.0,0.0,0.0,0.0,0.0,22.0,74.0,140.56242,0.0,3215.846,97.49046,211.804716,150.0,0.0,1272.0,32.0,68.747472,1010.94,859.8372,6.0,218.0,105.502812,44.0,0.0,0.0,0.0,-3.8026,62.05599,68.0,44.0,20.0,2863.845946,-17.02,-8.822495,0,5.0,Low
2.0,0.0,0.0,0.0,0.0,0.0,4.0,0.0,0.0,0.0,9.0,0.0,0.0,0.0,6.0,0.0,0.0,0.0,0.0,0.0,0.0,0.0,0.0,0.0,0.0,0.0,0.0,0.0,21.0,93.0,138.713716,0.0,3178.894,103.131998,206.562358,153.0,0.0,1270.0,18.0,69.822936,846.5899999999999,849.691,6.0,218.0,121.569761,51.0,0.0,0.0,0.0,5.2259,61.93331499999999,65.0,51.0,12.0,2643.707117,-16.85,-8.7456875,0,5.0,Low
2.0,0.0,2.0,0.0,0.0,0.0,0.0,0.0,0.0,2.0,16.0,0.0,0.0,0.0,0.0,0.0,0.0,0.0,0.0,0.0,0.0,0.0,0.0,0.0,0.0,0.0,0.0,0.0,22.0,102.0,144.513728,2.0,3399.834,118.635628,219.622602,158.0,0.0,1340.0,8.0,71.75271000000001,869.78,883.1351999999999,6.0,230.0,140.517014,60.0,0.0,2.0,2.0,9.079,52.697836,72.0,60.0,8.0,2692.163826,-17.18,-8.597414,2,0.0,High
4.0,0.0,0.0,0.0,0.0,0.0,8.0,0.0,0.0,0.0,0.0,0.0,0.0,0.0,3.0,0.0,6.0,0.0,0.0,0.0,0.0,0.0,0.0,0.0,0.0,0.0,0.0,0.0,21.0,75.0,125.560526,0.0,2900.384,93.150142,190.794716,135.0,0.0,1142.0,18.0,62.247792,850.45,757.3835,6.0,196.0,102.45772,42.0,0.0,0.0,0.0,-10.087700000000002,56.958863,61.0,42.0,15.0,2388.4816090000004,-16.03,-8.751867,0,5.0,Low
4.0,0.0,0.0,0.0,0.0,0.0,1.0,0.0,0.0,1.0,17.0,0.0,0.0,0.0,0.0,0.0,0.0,0.0,0.0,0.0,0.0,0.0,0.0,0.0,0.0,0.0,0.0,0.0,23.0,107.0,148.301423,1.0,3489.908,121.435188,226.930877,162.0,0.0,1376.0,6.0,73.052206,890.48,903.3608,6.0,236.0,145.913144,64.0,0.0,1.0,1.0,10.5244,57.056409,74.0,64.0,6.0,2710.661907,-17.97,-8.562547,2,0.0,High
2.0,0.0,2.0,0.0,0.0,0.0,2.0,0.0,0.0,0.0,0.0,0.0,0.0,16.0,0.0,0.0,0.0,0.0,0.0,0.0,0.0,0.0,0.0,0.0,0.0,0.0,0.0,0.0,22.0,154.0,172.182898,0.0,4048.662,180.36762,266.91028,188.0,0.0,1608.0,8.0,89.25132199999999,999.0,1048.0632,6.0,274.0,189.513664,74.0,0.0,0.0,0.0,10.5836,54.65946,86.0,74.0,8.0,3118.366946,-17.740000000000002,-8.587061,2,0.0,High
3.0,0.0,0.0,0.0,0.0,0.0,3.0,0.0,0.0,0.0,0.0,0.0,0.0,0.0,0.0,5.0,0.0,0.0,0.0,0.0,0.0,0.0,10.0,0.0,0.0,0.0,0.0,0.0,21.0,112.0,167.687185,0.0,3650.403,108.010911,242.958537,195.0,0.0,1470.0,11.0,88.985469,749.69,1021.6154,6.0,251.0,136.730274,47.0,0.0,0.0,0.0,31.9401,64.324737,56.0,47.0,6.0,3234.104968,-16.159999999999997,-8.554759,1,3.0,Medium
2.0,0.0,0.0,0.0,0.0,0.0,4.0,0.0,0.0,0.0,0.0,0.0,0.0,0.0,0.0,1.0,0.0,0.0,0.0,0.0,0.0,0.0,16.0,0.0,0.0,0.0,0.0,0.0,23.0,145.0,205.025701,0.0,4325.287,127.134348,288.54235800000004,246.0,0.0,1764.0,7.0,112.723503,698.1700000000001,1251.9458,6.0,301.0,166.24129200000002,47.0,0.0,0.0,0.0,51.3516,76.43912900000001,55.0,47.0,6.0,3889.331692,-17.87,-8.420556,1,3.0,Medium
2.0,0.0,0.0,0.0,0.0,0.0,1.0,0.0,0.0,3.0,15.0,0.0,0.0,0.0,0.0,0.0,0.0,0.0,0.0,0.0,0.0,0.0,0.0,0.0,0.0,0.0,0.0,0.0,21.0,99.0,139.650025,3.0,3268.8279999999995,107.412626,206.670841,156.0,0.0,1300.0,6.0,71.146686,791.48,850.822,6.0,224.0,131.722748,60.0,0.0,3.0,3.0,7.523,55.144531,68.0,60.0,6.0,2660.817065,-16.97,-8.650023,1,1.0,Medium
0.0,2.0,0.0,0.0,0.0,0.0,4.0,0.0,0.0,0.0,13.0,0.0,0.0,0.0,0.0,2.0,0.0,0.0,0.0,0.0,0.0,0.0,0.0,0.0,0.0,0.0,0.0,0.0,21.0,101.0,136.107212,0.0,3154.776,107.290042,204.562358,151.0,0.0,1258.0,10.0,68.710766,791.3899999999999,833.079,6.0,216.0,130.552705,55.0,0.0,0.0,0.0,7.2193,59.83898299999999,65.0,55.0,8.0,2473.076067,-16.849999999999998,-8.651712,1,3.0,Medium
2.0,0.0,0.0,7.0,0.0,0.0,4.0,0.0,0.0,0.0,0.0,0.0,0.0,0.0,0.0,8.0,0.0,0.0,0.0,0.0,0.0,0.0,0.0,0.0,0.0,0.0,0.0,0.0,21.0,96.0,150.50132,0.0,3367.317,98.541116,219.562358,166.0,0.0,1348.0,21.0,77.43693499999999,818.26,905.4863,13.0,231.0,119.912406,50.0,0.0,0.0,0.0,-0.9032,65.575737,65.0,50.0,13.0,2971.8042490000003,-16.849999999999998,-8.795575,0,5.0,Low
3.0,1.0,0.0,0.0,0.0,0.0,2.0,0.0,0.0,0.0,16.0,0.0,0.0,0.0,0.0,0.0,0.0,0.0,0.0,0.0,0.0,0.0,0.0,0.0,0.0,0.0,0.0,0.0,22.0,104.0,141.517541,0.0,3316.744,117.13925,217.724716,154.0,0.0,1308.0,7.0,69.50242399999999,848.52,863.6745000000001,6.0,224.0,140.69948599999998,59.0,0.0,0.0,0.0,9.9648,55.347236,70.0,59.0,7.0,2533.2943720000003,-17.1,-8.590252,2,0.0,High
2.0,0.0,0.0,0.0,0.0,0.0,4.0,0.0,0.0,8.0,0.0,0.0,0.0,0.0,0.0,0.0,0.0,0.0,0.0,0.0,0.0,0.0,8.0,0.0,0.0,0.0,0.0,0.0,22.0,118.0,191.944702,8.0,4210.76,108.246716,264.341646,224.0,0.0,1696.0,14.0,106.099214,760.9999999999999,1163.7006,14.0,292.0,147.565738,52.0,0.0,8.0,8.0,16.8432,59.95128,68.0,52.0,14.0,3969.075504,-17.68,-8.80368,1,3.0,Medium
3.0,0.0,0.0,0.0,0.0,0.0,3.0,0.0,0.0,0.0,0.0,0.0,0.0,0.0,0.0,1.0,0.0,0.0,0.0,0.0,0.0,0.0,16.0,0.0,0.0,0.0,0.0,0.0,23.0,142.0,203.965989,0.0,4319.667,127.822627,289.538537,243.0,0.0,1754.0,7.0,111.155259,721.37,1244.6542,6.0,299.0,165.96535,47.0,0.0,0.0,0.0,51.4807,73.036495,56.0,47.0,6.0,3872.783954,-17.58,-8.421278,1,3.0,Medium
3.0,0.0,0.0,0.0,0.0,0.0,1.0,0.0,0.0,2.0,0.0,0.0,0.0,0.0,0.0,16.0,0.0,0.0,0.0,0.0,0.0,0.0,0.0,0.0,0.0,0.0,0.0,0.0,22.0,71.0,132.047868,2.0,3154.936,89.118467,200.800859,143.0,0.0,1242.0,22.0,64.51440600000001,1016.98,800.4482,6.0,214.0,103.567818,62.0,0.0,2.0,2.0,-1.4419,61.863286,71.0,62.0,6.0,2814.580014,-17.47,-8.753387,1,4.0,Medium
2.0,0.0,0.0,0.0,0.0,0.0,4.0,0.0,0.0,0.0,0.0,0.0,0.0,0.0,0.0,5.0,0.0,0.0,0.0,0.0,0.0,0.0,10.0,0.0,0.0,0.0,0.0,0.0,21.0,115.0,168.746897,0.0,3656.023,107.322632,241.962358,198.0,0.0,1480.0,11.0,90.553713,726.49,1028.907,6.0,253.0,137.006216,47.0,0.0,0.0,0.0,31.811,67.727371,55.0,47.0,6.0,3250.652706,-16.450000000000003,-8.549803,1,3.0,Medium
2.0,0.0,0.0,0.0,0.0,0.0,4.0,0.0,0.0,0.0,9.0,0.0,7.0,0.0,0.0,0.0,0.0,0.0,0.0,0.0,0.0,0.0,0.0,0.0,0.0,0.0,0.0,0.0,22.0,124.0,157.811249,0.0,3637.339,131.022125,236.452358,174.0,0.0,1454.0,6.0,79.41602499999999,863.9299999999998,951.94,6.0,249.0,151.540929,67.0,0.0,0.0,0.0,10.2498,63.054818,75.0,67.0,6.0,2955.441378,-17.96,-8.588754,2,0.0,High
2.0,0.0,0.0,0.0,0.0,0.0,4.0,0.0,0.0,0.0,11.0,0.0,0.0,0.0,0.0,5.0,0.0,0.0,0.0,0.0,0.0,0.0,0.0,0.0,0.0,0.0,0.0,0.0,22.0,100.0,139.817759,0.0,3258.833,107.854742,210.732358,155.0,0.0,1298.0,11.0,70.157833,854.32,852.256,6.0,223.0,130.235705,60.0,0.0,0.0,0.0,6.863099999999999,63.95338399999999,68.0,60.0,6.0,2606.652513,-17.68,-8.649552,1,3.0,Medium
2.0,0.0,0.0,1.0,0.0,0.0,3.0,0.0,0.0,0.0,0.0,0.0,0.0,0.0,0.0,0.0,0.0,15.0,0.0,0.0,0.0,0.0,0.0,0.0,0.0,0.0,0.0,0.0,21.0,90.0,146.053371,0.0,3169.245,93.196845,208.162358,169.0,0.0,1276.0,6.0,76.096228,625.34,888.655,6.0,219.0,115.851572,42.0,0.0,0.0,0.0,27.0771,63.439624,50.0,42.0,6.0,2756.277108,-16.25,-8.398925,1,3.0,Medium
5.0,0.0,0.0,0.0,0.0,0.0,3.0,0.0,0.0,0.0,0.0,0.0,0.0,0.0,0.0,0.0,2.0,0.0,0.0,0.0,0.0,0.0,12.0,0.0,0.0,0.0,0.0,0.0,22.0,119.0,178.976252,0.0,3871.666,118.554019,261.280895,207.0,0.0,1550.0,8.0,94.592112,757.78,1087.4396,6.0,264.0,147.68078200000002,44.0,0.0,0.0,0.0,35.4777,61.19342,57.0,44.0,8.0,3377.928824,-16.25,-8.550475,1,1.0,Medium
3.0,0.0,0.0,0.0,0.0,0.0,3.0,0.0,0.0,0.0,12.0,0.0,0.0,0.0,0.0,0.0,0.0,0.0,0.0,0.0,0.0,0.0,0.0,0.0,0.0,0.0,4.0,0.0,22.0,111.0,162.511518,4.0,3915.804,112.151259,248.139397,177.0,0.0,1550.0,22.0,83.111494,1183.12,980.2882,6.0,266.0,146.49802,80.0,0.0,4.0,4.0,-1.0568999999999995,56.163002000000006,89.0,80.0,6.0,3481.562818,-18.19,-8.621696,0,5.0,Low
3.0,0.0,0.0,0.0,0.0,0.0,5.0,0.0,0.0,0.0,0.0,0.0,0.0,0.0,0.0,0.0,2.0,0.0,0.0,0.0,0.0,0.0,12.0,0.0,0.0,0.0,0.0,0.0,22.0,125.0,181.095676,0.0,3882.906,117.177461,259.288537,213.0,0.0,1570.0,8.0,97.7286,711.38,1102.0228,6.0,268.0,148.232666,44.0,0.0,0.0,0.0,35.219500000000004,67.998688,55.0,44.0,8.0,3411.0243,-16.83,-8.535688,1,2.0,Medium
3.0,0.0,0.0,0.0,0.0,0.0,4.0,0.0,0.0,0.0,0.0,0.0,0.0,0.0,13.0,0.0,1.0,0.0,0.0,0.0,0.0,0.0,0.0,0.0,0.0,0.0,0.0,0.0,21.0,73.0,137.438823,0.0,3121.349,92.775678,204.598537,148.0,0.0,1242.0,33.0,67.996851,966.2,843.3616,6.0,213.0,101.463947,42.0,0.0,0.0,0.0,-2.4348000000000005,62.354172,65.0,42.0,20.0,2823.557852,-16.52,-8.834048,1,4.0,Medium
2.0,0.0,0.0,0.0,0.0,0.0,4.0,0.0,0.0,0.0,0.0,0.0,0.0,0.0,2.0,14.0,0.0,0.0,0.0,0.0,0.0,0.0,0.0,0.0,0.0,0.0,0.0,0.0,22.0,78.0,133.541348,0.0,3130.622,91.180024,201.732358,146.0,0.0,1244.0,24.0,66.019764,980.92,812.8552,6.0,214.0,105.944438,58.0,0.0,0.0,0.0,-0.409,68.133196,68.0,58.0,8.0,2741.370682,-17.68,-8.773531,0,5.0,Low
2.0,0.0,0.0,0.0,0.0,0.0,3.0,0.0,0.0,1.0,15.0,0.0,0.0,0.0,0.0,0.0,0.0,0.0,0.0,0.0,0.0,0.0,0.0,0.0,0.0,0.0,0.0,0.0,21.0,103.0,138.159803,1.0,3212.8079999999995,109.43969,206.598519,154.0,0.0,1280.0,6.0,70.007154,773.02,842.646,6.0,220.0,133.88022999999998,58.0,0.0,1.0,1.0,8.762,57.793931,66.0,58.0,6.0,2524.9196890000003,-16.89,-8.610673,1,2.0,Medium
3.0,1.0,0.0,0.0,0.0,0.0,2.0,0.0,0.0,0.0,0.0,0.0,0.0,0.0,0.0,16.0,0.0,0.0,0.0,0.0,0.0,0.0,0.0,0.0,0.0,0.0,0.0,0.0,22.0,72.0,129.589685,0.0,3092.312,91.83381,201.724716,138.0,0.0,1212.0,23.0,61.917384,1024.52,787.0313000000001,6.0,208.0,105.449358,59.0,0.0,0.0,0.0,-0.5007999999999999,61.110052,70.0,59.0,7.0,2662.1349,-17.1,-8.734226,1,4.0,Medium
0.0,3.0,0.0,0.0,4.0,0.0,0.0,0.0,0.0,0.0,0.0,0.0,0.0,0.0,0.0,13.0,1.0,0.0,0.0,0.0,0.0,0.0,0.0,0.0,0.0,0.0,0.0,0.0,21.0,73.0,135.860685,0.0,3117.162,90.749792,203.598537,147.0,0.0,1236.0,23.0,66.01915799999999,938.2,818.3475999999999,6.0,212.0,100.882473,52.0,0.0,0.0,0.0,1.4531,62.994902,65.0,52.0,10.0,2812.438051,-16.52,-8.802548,0,5.0,Low
2.0,0.0,0.0,0.0,0.0,0.0,3.0,0.0,0.0,0.0,13.0,0.0,0.0,0.0,4.0,0.0,0.0,0.0,0.0,0.0,0.0,0.0,0.0,0.0,0.0,0.0,0.0,0.0,22.0,101.0,142.612371,0.0,3296.954,111.28557700000002,213.732358,158.0,0.0,1316.0,13.0,71.507239,859.31,873.2103000000001,5.0,226.0,131.763484,57.0,0.0,0.0,0.0,8.475,63.660199000000006,68.0,57.0,9.0,2658.835477,-17.68,-8.65902,1,4.0,Medium
3.0,0.0,0.0,0.0,0.0,0.0,2.0,0.0,0.0,1.0,0.0,0.0,0.0,0.0,0.0,0.0,0.0,0.0,0.0,0.0,0.0,0.0,0.0,0.0,0.0,0.0,16.0,0.0,22.0,121.0,223.334677,17.0,5721.182,98.238591,342.408138,238.0,0.0,2256.0,70.0,120.136,2274.15,1318.4946,6.0,388.0,161.987055,141.0,0.0,17.0,17.0,-35.6352,47.077698,150.0,141.0,6.0,6344.673629999999,-20.630000000000003,-8.77971,0,5.0,Low
2.0,0.0,0.0,0.0,0.0,0.0,4.0,0.0,0.0,0.0,7.0,0.0,9.0,0.0,0.0,0.0,0.0,0.0,0.0,0.0,0.0,0.0,0.0,0.0,0.0,0.0,0.0,0.0,22.0,128.0,161.887259,0.0,3725.445,135.38196299999998,242.372358,178.0,0.0,1490.0,6.0,81.38398699999999,882.3899999999999,973.578,6.0,255.0,154.48080299999998,69.0,0.0,0.0,0.0,10.283,63.31262199999999,77.0,69.0,6.0,3066.598958,-18.04,-8.589539,2,0.0,High
0.0,3.0,0.0,0.0,0.0,0.0,3.0,0.0,0.0,6.0,10.0,0.0,0.0,0.0,0.0,0.0,0.0,0.0,0.0,0.0,0.0,0.0,0.0,0.0,0.0,0.0,0.0,0.0,22.0,101.0,158.024575,6.0,3656.924,107.947573,228.945503,175.0,0.0,1450.0,15.0,82.378478,857.56,962.1077,12.0,250.0,137.873458,57.0,0.0,6.0,6.0,-1.4060999999999997,53.014236,75.0,57.0,15.0,3149.8049280000005,-17.629999999999995,-8.710901,1,4.0,Medium
2.0,0.0,0.0,1.0,0.0,0.0,3.0,0.0,0.0,0.0,0.0,0.0,0.0,0.0,0.0,0.0,0.0,16.0,0.0,0.0,0.0,0.0,0.0,0.0,0.0,0.0,0.0,0.0,22.0,94.0,152.698295,0.0,3311.443,97.321923,217.372358,177.0,0.0,1334.0,6.0,79.603812,651.64,929.336,6.0,229.0,120.883037,44.0,0.0,0.0,0.0,28.9829,66.752093,52.0,44.0,6.0,2883.496389,-17.04,-8.363777,1,4.0,Medium
0.0,2.0,0.0,0.0,0.0,0.0,4.0,0.0,0.0,3.0,13.0,0.0,0.0,0.0,0.0,0.0,0.0,0.0,0.0,0.0,0.0,0.0,0.0,0.0,0.0,0.0,0.0,0.0,22.0,107.0,151.36062600000002,3.0,3495.264,111.510993,221.840841,169.0,0.0,1394.0,11.0,78.292817,818.24,923.8285,9.0,240.0,139.70038499999998,58.0,0.0,3.0,3.0,4.085700000000001,59.284687,71.0,58.0,11.0,2866.371257,-17.799999999999997,-8.662564,1,2.0,Medium
4.0,2.0,0.0,0.0,0.0,0.0,0.0,0.0,0.0,0.0,0.0,0.0,8.0,0.0,0.0,8.0,0.0,0.0,0.0,0.0,0.0,0.0,0.0,0.0,0.0,0.0,0.0,0.0,22.0,98.0,149.82997999999998,0.0,3544.728,123.30244,235.39707400000003,156.0,0.0,1384.0,16.0,70.556018,1059.56,899.3724,6.0,236.0,134.282034,66.0,0.0,0.0,0.0,4.696000000000001,52.454592,80.0,66.0,8.0,3009.24948,-16.84,-8.626309,1,3.0,Medium
0.0,2.0,0.0,0.0,4.0,0.0,0.0,0.0,0.0,0.0,0.0,0.0,0.0,0.0,0.0,8.0,0.0,0.0,0.0,0.0,0.0,0.0,8.0,0.0,0.0,0.0,0.0,0.0,22.0,110.0,176.46506,0.0,3816.196,109.603992,252.05235800000003,204.0,0.0,1544.0,16.0,92.43471,819.08,1068.6548,6.0,264.0,133.125934,50.0,0.0,0.0,0.0,29.2752,72.537124,60.0,50.0,8.0,3522.3375320000005,-17.36,-8.569991,1,4.0,Medium
0.0,2.0,0.0,0.0,0.0,0.0,4.0,0.0,0.0,4.0,12.0,0.0,0.0,0.0,0.0,0.0,0.0,0.0,0.0,0.0,0.0,0.0,0.0,0.0,0.0,0.0,0.0,0.0,22.0,106.0,153.90459600000003,4.0,3551.352,110.09376,223.877002,172.0,0.0,1416.0,12.0,80.140534,822.6800000000001,938.3352,10.0,244.0,139.18339,58.0,0.0,4.0,4.0,2.3544,58.328748,72.0,58.0,12.0,2966.36506,-17.84,-8.680816,1,3.0,Medium
0.0,2.0,0.0,0.0,0.0,0.0,5.0,0.0,0.0,0.0,0.0,0.0,0.0,0.0,0.0,0.0,1.0,0.0,0.0,0.0,0.0,0.0,13.0,0.0,0.0,0.0,0.0,0.0,21.0,128.0,181.445043,0.0,3841.561,114.160619,256.122358,216.0,0.0,1564.0,9.0,99.483894,649.21,1109.2231000000002,6.0,267.0,147.731627,40.0,0.0,0.0,0.0,38.9959,68.508542,51.0,40.0,9.0,3414.955424,-16.29,-8.54008,1,1.0,Medium
3.0,0.0,0.0,0.0,0.0,0.0,3.0,0.0,0.0,2.0,0.0,0.0,14.0,0.0,0.0,0.0,0.0,0.0,0.0,0.0,0.0,0.0,0.0,0.0,0.0,0.0,0.0,0.0,22.0,133.0,176.10551199999998,2.0,4052.266000000001,144.135371,262.240859,191.0,0.0,1614.0,8.0,88.431082,960.62,1049.3948,8.0,276.0,160.520556,74.0,0.0,2.0,2.0,7.032500000000001,58.64262,85.0,74.0,8.0,3527.932776,-18.03,-8.589481,2,0.0,High
3.0,0.0,0.0,0.0,0.0,0.0,3.0,0.0,0.0,0.0,15.0,0.0,0.0,0.0,0.0,1.0,0.0,0.0,0.0,0.0,0.0,0.0,0.0,0.0,0.0,0.0,0.0,0.0,22.0,105.0,141.740011,0.0,3309.321,114.869381,215.728537,156.0,0.0,1312.0,7.0,70.485849,833.52,864.1252,6.0,225.0,138.772295,60.0,0.0,0.0,0.0,9.6086,59.110046,69.0,60.0,6.0,2557.894643,-17.389999999999997,-8.588151,2,0.0,High
4.0,0.0,0.0,0.0,0.0,0.0,2.0,0.0,0.0,0.0,15.0,0.0,0.0,0.0,0.0,1.0,0.0,0.0,0.0,0.0,0.0,0.0,0.0,0.0,0.0,0.0,0.0,0.0,22.0,102.0,140.680299,0.0,3303.701,115.55766,216.724716,153.0,0.0,1302.0,7.0,68.917605,856.72,856.8335999999999,6.0,223.0,138.496353,60.0,0.0,0.0,0.0,9.7377,55.707412,70.0,60.0,6.0,2541.3469050000003,-17.099999999999998,-8.588722,2,0.0,High
0.0,2.0,0.0,0.0,0.0,0.0,3.0,0.0,0.0,1.0,15.0,0.0,0.0,0.0,0.0,0.0,0.0,0.0,0.0,0.0,0.0,0.0,0.0,0.0,0.0,0.0,0.0,0.0,21.0,103.0,138.343305,1.0,3210.84,109.43969,206.598519,154.0,0.0,1280.0,8.0,70.228662,778.62,846.7474,6.0,220.0,133.88022999999998,56.0,0.0,1.0,1.0,7.907999999999999,57.793931,66.0,56.0,8.0,2524.9196890000003,-16.89,-8.642084,1,2.0,Medium
0.0,0.0,3.0,0.0,3.0,0.0,0.0,0.0,0.0,0.0,14.0,0.0,0.0,0.0,0.0,1.0,0.0,0.0,0.0,0.0,0.0,0.0,0.0,0.0,0.0,0.0,0.0,0.0,21.0,103.0,145.995471,0.0,3330.523,116.849173,218.296883,161.0,0.0,1326.0,10.0,72.743524,806.39,887.9003,6.0,227.0,134.72938599999998,54.0,0.0,0.0,0.0,12.2471,57.618866,66.0,54.0,9.0,2699.528054,-16.56,-8.648024,1,1.0,Medium
0.0,0.0,0.0,5.0,5.0,0.0,0.0,0.0,0.0,0.0,0.0,0.0,0.0,0.0,0.0,8.0,4.0,0.0,0.0,0.0,0.0,0.0,0.0,0.0,0.0,0.0,0.0,0.0,22.0,88.0,150.706799,0.0,3328.384,97.60841,213.9,170.0,0.0,1348.0,18.0,76.93499299999999,840.16,896.4834000000001,6.0,232.0,105.18636200000002,52.0,0.0,0.0,0.0,0.6621999999999995,77.279372,62.0,52.0,10.0,3100.5524920000003,-18.1,-8.763321,0,5.0,Low
0.0,3.0,0.0,0.0,0.0,0.0,3.0,0.0,0.0,0.0,8.0,0.0,8.0,0.0,0.0,0.0,0.0,0.0,0.0,0.0,0.0,0.0,0.0,0.0,0.0,0.0,0.0,0.0,22.0,123.0,159.064795,0.0,3672.82,133.890323,240.408537,173.0,0.0,1462.0,9.0,79.164024,904.76,961.6195,6.0,250.0,152.734924,65.0,0.0,0.0,0.0,9.1145,59.781086,77.0,65.0,9.0,2994.47243,-17.71,-8.597764,2,0.0,High
3.0,0.0,0.0,0.0,0.0,0.0,2.0,0.0,0.0,1.0,18.0,0.0,0.0,0.0,0.0,0.0,0.0,0.0,0.0,0.0,0.0,0.0,0.0,0.0,0.0,0.0,0.0,0.0,24.0,115.0,155.491657,1.0,3639.698,126.056379,235.104698,172.0,0.0,1444.0,6.0,77.71122,902.81,948.3014,6.0,248.0,152.481485,67.0,0.0,1.0,1.0,11.1474,63.492916,76.0,67.0,6.0,2836.628492,-19.09,-8.561844,2,0.0,High
0.0,2.0,0.0,0.0,0.0,0.0,2.0,0.0,0.0,0.0,16.0,0.0,0.0,0.0,0.0,2.0,0.0,0.0,0.0,0.0,0.0,0.0,0.0,0.0,0.0,0.0,0.0,0.0,22.0,104.0,138.640016,0.0,3242.79,113.406914,209.732358,154.0,0.0,1292.0,8.0,69.24563400000001,836.5,849.8906,4.0,222.0,135.721612,60.0,0.0,0.0,0.0,10.195,62.13533399999999,68.0,60.0,6.0,2518.404684,-17.68,-8.556444,1,4.0,Medium
0.0,3.0,0.0,0.0,0.0,0.0,3.0,0.0,0.0,0.0,0.0,0.0,12.0,0.0,0.0,3.0,0.0,0.0,0.0,0.0,0.0,0.0,0.0,0.0,0.0,0.0,0.0,0.0,21.0,120.0,158.84982,0.0,3662.781,132.555759,240.078537,171.0,0.0,1458.0,12.0,78.586983,939.15,952.8759,6.0,249.0,145.712874,66.0,0.0,0.0,0.0,6.466500000000002,58.343349,78.0,66.0,9.0,3131.526342,-17.04,-8.624801,1,1.0,Medium
2.0,0.0,0.0,0.0,0.0,0.0,4.0,0.0,0.0,0.0,8.0,0.0,0.0,8.0,0.0,0.0,0.0,0.0,0.0,0.0,0.0,0.0,0.0,0.0,0.0,0.0,0.0,0.0,22.0,134.0,158.12491,0.0,3681.392,145.615156,239.41235800000004,176.0,0.0,1472.0,6.0,81.84723,873.1599999999999,962.759,6.0,252.0,164.670954,68.0,0.0,0.0,0.0,10.2664,61.808616,76.0,68.0,6.0,2847.4400960000003,-18.0,-8.587618,2,0.0,High
3.0,0.0,0.0,0.0,0.0,0.0,3.0,0.0,0.0,6.0,0.0,0.0,0.0,0.0,0.0,10.0,0.0,0.0,0.0,0.0,0.0,0.0,0.0,0.0,0.0,0.0,0.0,0.0,22.0,81.0,150.294412,6.0,3519.606,92.131673,218.945503,165.0,0.0,1390.0,22.0,77.305566,959.16,908.0536,12.0,240.0,115.842128,60.0,0.0,6.0,6.0,-6.6661,56.615996,75.0,60.0,12.0,3230.3302580000004,-17.629999999999995,-8.786553,1,4.0,Medium
0.0,0.0,3.0,0.0,2.0,0.0,0.0,0.0,0.0,1.0,16.0,0.0,0.0,0.0,0.0,0.0,0.0,0.0,0.0,0.0,0.0,0.0,0.0,0.0,0.0,0.0,0.0,0.0,22.0,108.0,150.953459,1.0,3474.6489999999994,122.058668,225.503044,167.0,0.0,1382.0,9.0,75.706064,840.15,920.6205,6.0,237.0,142.383852,58.0,0.0,1.0,1.0,11.8667,58.453632,70.0,58.0,9.0,2796.645009,-17.43,-8.615029,2,0.0,High
2.0,0.0,0.0,0.0,0.0,0.0,3.0,0.0,0.0,1.0,0.0,16.0,0.0,0.0,0.0,0.0,0.0,0.0,0.0,0.0,0.0,0.0,0.0,0.0,0.0,0.0,0.0,0.0,22.0,92.0,132.976613,1.0,3132.546,110.344744,199.768519,145.0,0.0,1242.0,6.0,65.097924,808.55,806.423,6.0,214.0,124.445765,61.0,0.0,1.0,1.0,3.2725,61.333884,69.0,61.0,6.0,2459.254504,-17.72,-8.618377,1,2.0,Medium
0.0,3.0,0.0,0.0,0.0,0.0,4.0,0.0,0.0,0.0,0.0,0.0,0.0,0.0,15.0,0.0,1.0,0.0,0.0,0.0,0.0,0.0,0.0,0.0,0.0,0.0,0.0,0.0,23.0,79.0,150.408128,0.0,3404.769,100.95421,222.93853700000005,162.0,0.0,1358.0,40.0,74.639169,1073.26,928.5227,6.0,233.0,109.58567499999998,43.0,0.0,0.0,0.0,-3.5968,69.360146,71.0,43.0,25.0,3104.640918,-18.18,-8.733825,0,6.0,Low
0.0,3.0,0.0,0.0,4.0,0.0,0.0,0.0,0.0,0.0,13.0,0.0,0.0,0.0,0.0,0.0,1.0,0.0,0.0,0.0,0.0,0.0,0.0,0.0,0.0,0.0,0.0,0.0,21.0,99.0,145.55206800000002,0.0,3299.5129999999995,111.310462,216.598537,160.0,0.0,1314.0,10.0,72.182003,795.1999999999999,880.6202,6.0,225.0,129.523202,52.0,0.0,0.0,0.0,9.9564,58.312614,65.0,52.0,10.0,2707.755122,-16.52,-8.67246,1,2.0,Medium
1.0,0.0,0.0,0.0,0.0,0.0,1.0,0.0,0.0,4.0,0.0,0.0,0.0,16.0,0.0,0.0,0.0,0.0,0.0,0.0,0.0,0.0,0.0,0.0,0.0,0.0,0.0,0.0,22.0,153.0,176.744762,4.0,4151.476000000001,170.725213,262.240823,199.0,0.0,1666.0,6.0,95.01361,960.72,1072.9546,6.0,286.0,184.051516,80.0,0.0,4.0,4.0,7.792100000000001,59.568562,87.0,80.0,6.0,3416.832834,-18.77,-8.552521,2,0.0,High
3.0,0.0,0.0,0.0,0.0,0.0,3.0,0.0,0.0,0.0,4.0,0.0,12.0,0.0,0.0,0.0,0.0,0.0,0.0,0.0,0.0,0.0,0.0,0.0,0.0,0.0,0.0,0.0,22.0,131.0,166.94156199999998,0.0,3851.984,142.60999900000002,252.248537,181.0,0.0,1534.0,6.0,82.767686,933.28,998.7434,6.0,262.0,158.61467199999998,72.0,0.0,0.0,0.0,10.461900000000002,60.296694,81.0,72.0,6.0,3216.78759,-17.869999999999997,-8.593912,2,0.0,High
0.0,3.0,0.0,0.0,0.0,0.0,3.0,0.0,0.0,0.0,8.0,0.0,0.0,8.0,0.0,0.0,0.0,0.0,0.0,0.0,0.0,0.0,0.0,0.0,0.0,0.0,0.0,0.0,22.0,131.0,157.340451,0.0,3672.82,146.303435,240.408537,173.0,0.0,1462.0,9.0,80.61124799999999,904.76,961.6195,6.0,250.0,164.395012,65.0,0.0,0.0,0.0,9.1145,58.405982,77.0,65.0,9.0,2830.892358,-17.71,-8.597546,2,0.0,High
0.0,2.0,0.0,0.0,0.0,0.0,4.0,0.0,0.0,6.0,10.0,0.0,0.0,0.0,0.0,0.0,0.0,0.0,0.0,0.0,0.0,0.0,0.0,0.0,0.0,0.0,0.0,0.0,22.0,104.0,158.992536,6.0,3663.528,107.259294,227.949324,178.0,0.0,1460.0,14.0,83.83596800000001,831.56,967.3486,12.0,252.0,138.1494,58.0,0.0,6.0,6.0,-1.1081999999999992,56.41687,74.0,58.0,14.0,3166.352666,-17.92,-8.713988,1,4.0,Medium
3.0,0.0,0.0,0.0,0.0,0.0,3.0,0.0,0.0,0.0,12.0,0.0,6.0,0.0,0.0,0.0,0.0,0.0,0.0,0.0,0.0,0.0,0.0,0.0,0.0,0.0,0.0,0.0,24.0,129.0,166.974576,0.0,3876.006,140.149425,252.828537,183.0,0.0,1542.0,6.0,83.04534000000001,948.96,1009.1274,6.0,264.0,162.37984799999998,72.0,0.0,0.0,0.0,11.8665,65.591028,81.0,72.0,6.0,3102.152544,-19.29,-8.573649,2,0.0,High
3.0,0.0,0.0,0.0,0.0,0.0,3.0,0.0,0.0,0.0,9.0,0.0,6.0,0.0,0.0,0.0,0.0,0.0,0.0,0.0,0.0,0.0,0.0,0.0,0.0,0.0,0.0,0.0,21.0,114.0,148.58301,0.0,3443.496,124.221015,225.318537,162.0,0.0,1368.0,6.0,73.77303,842.3699999999999,896.1804,6.0,234.0,143.502651,63.0,0.0,0.0,0.0,9.6102,56.489409,72.0,63.0,6.0,2773.8960030000003,-16.799999999999997,-8.612202,2,0.0,High
1.0,0.0,0.0,0.0,0.0,0.0,5.0,0.0,0.0,6.0,10.0,0.0,0.0,0.0,0.0,0.0,0.0,0.0,0.0,0.0,0.0,0.0,0.0,0.0,0.0,0.0,0.0,0.0,22.0,107.0,159.86874600000002,6.0,3671.116,106.571015,226.953145,181.0,0.0,1470.0,12.0,85.182704,802.76,970.5388,12.0,254.0,138.425342,60.0,0.0,6.0,6.0,-0.3832999999999993,59.819504,73.0,60.0,12.0,3182.900404,-18.21,-8.702287,1,3.0,Medium
3.0,0.0,0.0,0.0,0.0,0.0,2.0,0.0,0.0,1.0,0.0,0.0,0.0,16.0,0.0,0.0,0.0,0.0,0.0,0.0,0.0,0.0,0.0,0.0,0.0,0.0,0.0,0.0,22.0,153.0,172.390005,1.0,4056.206,175.142367,264.124698,190.0,0.0,1616.0,6.0,90.167824,979.43,1046.1074,6.0,276.0,186.735855,77.0,0.0,1.0,1.0,9.9088,56.737394,86.0,77.0,6.0,3179.891294,-18.07,-8.582045,2,0.0,High
0.0,0.0,0.0,2.0,0.0,0.0,4.0,0.0,0.0,0.0,10.0,0.0,0.0,0.0,6.0,0.0,0.0,0.0,0.0,0.0,0.0,0.0,0.0,0.0,0.0,0.0,0.0,0.0,22.0,104.0,148.80895999999998,0.0,3362.358,108.083916,215.74,168.0,0.0,1360.0,18.0,76.86345399999999,835.72,911.1572,6.0,234.0,128.027266,54.0,0.0,0.0,0.0,6.5,72.056562,66.0,54.0,12.0,2850.820634,-18.26,-8.707982,1,4.0,Medium
0.0,3.0,0.0,0.0,3.0,0.0,0.0,0.0,0.0,4.0,12.0,0.0,0.0,0.0,0.0,0.0,0.0,0.0,0.0,0.0,0.0,0.0,0.0,0.0,0.0,0.0,0.0,0.0,22.0,103.0,160.926043,4.0,3670.991,112.786138,233.873181,178.0,0.0,1460.0,13.0,82.19922700000001,848.6800000000001,974.5153,10.0,251.0,138.194423,57.0,0.0,4.0,4.0,5.5578,56.468807,73.0,57.0,13.0,3166.411463,-17.549999999999997,-8.69222,1,2.0,Medium
2.0,0.0,0.0,0.0,0.0,0.0,3.0,0.0,0.0,1.0,0.0,0.0,15.0,0.0,0.0,0.0,0.0,0.0,0.0,0.0,0.0,0.0,0.0,0.0,0.0,0.0,0.0,0.0,21.0,133.0,168.729878,1.0,3873.603,142.138475,250.998519,184.0,0.0,1550.0,6.0,84.766869,911.47,1004.931,6.0,265.0,155.929285,73.0,0.0,1.0,1.0,9.011,59.727461000000005,81.0,73.0,6.0,3358.601539,-17.490000000000002,-8.600667,2,0.0,High
2.0,0.0,0.0,8.0,4.0,0.0,0.0,0.0,0.0,0.0,8.0,0.0,0.0,0.0,0.0,0.0,0.0,0.0,0.0,0.0,0.0,0.0,0.0,0.0,0.0,0.0,0.0,0.0,22.0,118.0,175.969822,0.0,3834.132,119.28124,251.732358,196.0,0.0,1544.0,14.0,90.69305,761.0,1051.7206,14.0,264.0,143.247526,52.0,0.0,0.0,0.0,9.0284,68.29594,68.0,52.0,14.0,3369.939732,-17.68,-8.695182,1,1.0,Medium
1.0,0.0,0.0,3.0,0.0,0.0,2.0,0.0,0.0,0.0,0.0,0.0,0.0,0.0,0.0,16.0,0.0,0.0,0.0,0.0,0.0,0.0,0.0,0.0,0.0,0.0,0.0,0.0,22.0,81.0,135.445017,0.0,3152.237,91.297482,201.736179,150.0,0.0,1260.0,22.0,67.731252,952.12,820.7064,6.0,217.0,105.697017,60.0,0.0,0.0,0.0,0.7092,71.744113,67.0,60.0,6.0,2808.6769050000003,-17.97,-8.755446,0,6.0,Low
0.0,3.0,0.0,0.0,0.0,0.0,3.0,0.0,0.0,0.0,10.0,6.0,0.0,0.0,0.0,0.0,0.0,0.0,0.0,0.0,0.0,0.0,0.0,0.0,0.0,0.0,0.0,0.0,22.0,101.0,138.518113,0.0,3236.2339999999995,114.799315,210.728537,151.0,0.0,1282.0,9.0,68.292176,830.9200000000001,847.3655,6.0,220.0,135.077854,57.0,0.0,0.0,0.0,6.6411,58.93965,69.0,57.0,9.0,2484.185598,-17.389999999999997,-8.6273775,1,1.0,Medium
2.0,0.0,0.0,0.0,0.0,0.0,4.0,0.0,0.0,0.0,0.0,0.0,16.0,0.0,0.0,0.0,0.0,0.0,0.0,0.0,0.0,0.0,0.0,0.0,0.0,0.0,0.0,0.0,22.0,142.0,176.153294,0.0,4033.816,150.641396,263.092358,192.0,0.0,1616.0,6.0,88.27185399999999,947.0,1049.311,6.0,276.0,164.770362,76.0,0.0,0.0,0.0,10.3992,64.214936,84.0,76.0,6.0,3455.650488,-18.32,-8.5868,2,0.0,High
0.0,3.0,0.0,0.0,3.0,0.0,0.0,0.0,0.0,0.0,8.0,0.0,0.0,8.0,0.0,0.0,0.0,0.0,0.0,0.0,0.0,0.0,0.0,0.0,0.0,0.0,0.0,0.0,22.0,131.0,165.329859,0.0,3799.063,148.307534,249.408537,182.0,0.0,1516.0,9.0,84.127431,904.76,1003.0405,6.0,259.0,163.681987,65.0,0.0,0.0,0.0,12.6158,59.948675,77.0,65.0,9.0,3047.486499,-17.71,-8.584619,2,0.0,High
0.0,3.0,0.0,0.0,3.0,0.0,0.0,0.0,0.0,0.0,11.0,0.0,4.0,0.0,0.0,0.0,0.0,0.0,0.0,0.0,0.0,0.0,0.0,0.0,0.0,0.0,0.0,0.0,21.0,110.0,152.771661,0.0,3478.681,121.865276,228.398537,167.0,0.0,1386.0,9.0,75.65351299999999,832.31,922.1155,6.0,237.0,139.849752,58.0,0.0,0.0,0.0,11.7973,57.774298,70.0,58.0,9.0,2879.3325640000003,-16.72,-8.636191,2,0.0,High
0.0,3.0,0.0,0.0,3.0,0.0,0.0,0.0,0.0,0.0,0.0,0.0,0.0,8.0,0.0,8.0,0.0,0.0,0.0,0.0,0.0,0.0,0.0,0.0,0.0,0.0,0.0,0.0,22.0,115.0,159.365931,0.0,3686.8470000000007,135.654814,241.408537,174.0,0.0,1468.0,17.0,80.33491099999999,992.76,964.7189,6.0,251.0,146.05692299999998,65.0,0.0,0.0,0.0,7.383,62.830083,77.0,65.0,9.0,3111.9067630000004,-17.71,-8.634073,1,3.0,Medium
3.0,0.0,0.0,0.0,0.0,0.0,3.0,0.0,0.0,0.0,0.0,0.0,13.0,0.0,0.0,2.0,0.0,0.0,0.0,0.0,0.0,0.0,0.0,0.0,0.0,0.0,0.0,0.0,21.0,124.0,161.358063,0.0,3723.813,136.317268,244.038537,174.0,0.0,1482.0,8.0,79.712767,928.98,962.333,6.0,253.0,149.385944,70.0,0.0,0.0,0.0,8.4182,58.112075,79.0,70.0,6.0,3179.052599,-17.08,-8.616185,2,0.0,High
0.0,2.0,0.0,0.0,4.0,0.0,0.0,0.0,0.0,0.0,0.0,0.0,0.0,0.0,8.0,8.0,0.0,0.0,0.0,0.0,0.0,0.0,0.0,0.0,0.0,0.0,0.0,0.0,22.0,78.0,150.149364,0.0,3375.236,96.02047199999998,219.73235800000003,164.0,0.0,1352.0,32.0,74.159454,1003.32,912.0588,6.0,232.0,104.823326,50.0,0.0,0.0,0.0,3.1744000000000003,70.843748,68.0,50.0,16.0,3168.5837880000004,-17.68,-8.828447,1,4.0,Medium
1.0,0.0,0.0,0.0,0.0,0.0,5.0,0.0,0.0,0.0,7.0,0.0,9.0,0.0,0.0,0.0,0.0,0.0,0.0,0.0,0.0,0.0,0.0,0.0,0.0,0.0,0.0,0.0,22.0,131.0,162.946971,0.0,3731.065,134.69368400000002,241.376179,181.0,0.0,1500.0,6.0,82.952231,859.19,980.8696,6.0,257.0,154.756745,69.0,0.0,0.0,0.0,10.1539,66.715256,76.0,69.0,6.0,3083.146696,-18.33,-8.587048,2,0.0,High
2.0,0.0,0.0,2.0,0.0,0.0,2.0,0.0,0.0,0.0,0.0,0.0,15.0,0.0,0.0,0.0,0.0,0.0,0.0,0.0,0.0,0.0,0.0,0.0,0.0,0.0,0.0,0.0,21.0,135.0,169.830065,0.0,3873.647,144.171013,252.962358,185.0,0.0,1552.0,6.0,85.010363,902.24,1010.077,6.0,265.0,156.621248,72.0,0.0,0.0,0.0,10.4107,61.33626700000001,80.0,72.0,6.0,3355.252045,-17.450000000000003,-8.601241,2,0.0,High
3.0,0.0,0.0,1.0,0.0,0.0,2.0,0.0,0.0,0.0,16.0,0.0,0.0,0.0,0.0,0.0,0.0,0.0,0.0,0.0,0.0,0.0,0.0,0.0,0.0,0.0,0.0,0.0,22.0,107.0,143.408151,0.0,3337.375,116.960474,217.728537,158.0,0.0,1324.0,6.0,71.366544,822.52,873.5324,6.0,227.0,140.782039,60.0,0.0,0.0,0.0,10.6528,58.891923,69.0,60.0,6.0,2582.141707,-17.39,-8.575746,2,0.0,High
0.0,2.0,0.0,12.0,4.0,0.0,0.0,0.0,0.0,0.0,0.0,0.0,0.0,0.0,0.0,4.0,0.0,0.0,0.0,0.0,0.0,0.0,0.0,0.0,0.0,0.0,0.0,0.0,22.0,114.0,184.057392,0.0,3944.476000000001,113.378088,259.732358,204.0,0.0,1592.0,24.0,95.756622,791.44,1096.804,18.0,272.0,135.908422,46.0,0.0,0.0,0.0,2.6712,71.7799,68.0,46.0,20.0,3659.528712,-17.68,-8.740357,1,3.0,Medium
4.0,0.0,0.0,0.0,0.0,0.0,4.0,0.0,0.0,0.0,11.0,0.0,0.0,0.0,0.0,0.0,2.0,0.0,0.0,0.0,0.0,0.0,0.0,0.0,0.0,0.0,0.0,0.0,21.0,93.0,131.83385,0.0,3083.484,106.823438,202.634716,143.0,0.0,1214.0,8.0,64.885606,809.81,799.9222000000001,6.0,208.0,125.988833,53.0,0.0,0.0,0.0,3.756499999999999,53.392749,65.0,53.0,8.0,2380.954867,-16.189999999999998,-8.672561,1,3.0,Medium
0.0,3.0,0.0,0.0,3.0,0.0,0.0,0.0,0.0,2.0,14.0,0.0,0.0,0.0,0.0,0.0,0.0,0.0,0.0,0.0,0.0,0.0,0.0,0.0,0.0,0.0,0.0,0.0,22.0,105.0,155.838103,2.0,3558.815,115.620604,229.800859,172.0,0.0,1416.0,11.0,78.503793,839.8,945.5019,8.0,243.0,139.228413,57.0,0.0,2.0,2.0,9.0204,58.380685,71.0,57.0,11.0,2966.423857,-17.47,-8.652342,1,2.0,Medium
3.0,0.0,0.0,0.0,0.0,0.0,3.0,0.0,0.0,0.0,3.0,0.0,12.0,0.0,0.0,0.0,0.0,0.0,0.0,0.0,0.0,0.0,0.0,0.0,0.0,0.0,0.0,0.0,21.0,126.0,160.81104,0.0,3707.814,137.300529,243.078537,174.0,0.0,1476.0,6.0,79.676916,897.75,961.0944,6.0,252.0,152.322273,69.0,0.0,0.0,0.0,9.7098,57.262821,78.0,69.0,6.0,3107.368743,-17.04,-8.608694,2,0.0,High
0.0,2.0,0.0,8.0,4.0,0.0,0.0,0.0,0.0,0.0,0.0,0.0,0.0,0.0,0.0,8.0,0.0,0.0,0.0,0.0,0.0,0.0,0.0,0.0,0.0,0.0,0.0,0.0,22.0,102.0,170.189396,0.0,3719.948,106.62852,243.732358,188.0,0.0,1496.0,24.0,87.122038,854.5999999999999,1017.5004,14.0,256.0,125.622462,50.0,0.0,0.0,0.0,2.9416,71.177348,68.0,50.0,16.0,3434.359996,-17.68,-8.77139,1,4.0,Medium
0.0,2.0,0.0,0.0,4.0,0.0,0.0,0.0,0.0,0.0,12.0,0.0,0.0,0.0,0.0,4.0,0.0,0.0,0.0,0.0,0.0,0.0,0.0,0.0,0.0,0.0,0.0,0.0,22.0,102.0,151.399296,0.0,3439.2160000000003,112.108464,223.732358,168.0,0.0,1376.0,12.0,75.54165,848.92,916.3756,6.0,236.0,131.488138,58.0,0.0,0.0,0.0,11.3316,65.650132,68.0,58.0,8.0,2887.392168,-17.68,-8.650665,1,2.0,Medium
0.0,3.0,0.0,0.0,3.0,0.0,0.0,0.0,0.0,0.0,0.0,0.0,11.0,0.0,0.0,4.0,0.0,0.0,0.0,0.0,0.0,0.0,0.0,0.0,0.0,0.0,0.0,0.0,21.0,116.0,164.05573199999998,0.0,3730.944,130.798349,245.118537,177.0,0.0,1488.0,13.0,80.64511999999999,940.92,978.6877,6.0,254.0,141.32677900000002,65.0,0.0,0.0,0.0,9.2971,60.117316,77.0,65.0,9.0,3300.594226,-17.0,-8.641173,1,1.0,Medium
2.0,0.0,0.0,0.0,4.0,0.0,0.0,0.0,0.0,0.0,10.0,0.0,0.0,0.0,0.0,6.0,0.0,0.0,0.0,0.0,0.0,0.0,0.0,0.0,0.0,0.0,0.0,0.0,22.0,98.0,149.724812,0.0,3413.13,108.945284,221.732358,166.0,0.0,1364.0,12.0,74.372012,865.3199999999999,902.6938,6.0,234.0,127.081872,60.0,0.0,0.0,0.0,10.877400000000002,66.370484,68.0,60.0,6.0,2903.4972340000004,-17.68,-8.649631,1,3.0,Medium
0.0,0.0,2.0,0.0,0.0,0.0,4.0,0.0,0.0,0.0,10.0,0.0,0.0,0.0,0.0,5.0,0.0,0.0,0.0,0.0,0.0,0.0,0.0,0.0,0.0,0.0,0.0,0.0,21.0,97.0,135.284953,0.0,3140.749,106.068714,203.387922,150.0,0.0,1252.0,13.0,68.28857099999999,824.39,827.9424,6.0,215.0,125.918316,55.0,0.0,0.0,0.0,6.0372,60.91951099999999,65.0,55.0,8.0,2520.205744,-16.849999999999998,-8.690324,1,3.0,Medium
5.0,0.0,4.0,0.0,5.0,0.0,0.0,0.0,0.0,0.0,0.0,0.0,0.0,0.0,0.0,0.0,8.0,0.0,0.0,0.0,0.0,0.0,0.0,0.0,0.0,0.0,0.0,0.0,22.0,69.0,138.79267000000002,0.0,3191.909,110.942326,217.676739,142.0,0.0,1228.0,18.0,64.192595,971.4,824.6612,6.0,209.0,108.408405,40.0,0.0,0.0,0.0,-6.807600000000001,45.222765,67.0,40.0,18.0,2685.8074410000004,-15.33,-8.730861,0,5.0,Low
0.0,3.0,0.0,0.0,3.0,0.0,0.0,0.0,0.0,0.0,0.0,0.0,8.0,0.0,0.0,8.0,0.0,0.0,0.0,0.0,0.0,0.0,0.0,0.0,0.0,0.0,0.0,0.0,22.0,107.0,161.090275,0.0,3686.8470000000007,123.241702,241.408537,174.0,0.0,1468.0,17.0,78.887687,992.76,964.7189,6.0,251.0,134.396835,65.0,0.0,0.0,0.0,7.383,64.205187,77.0,65.0,9.0,3275.486835,-17.71,-8.6699,1,3.0,Medium
0.0,3.0,0.0,0.0,3.0,0.0,0.0,0.0,0.0,2.0,13.0,0.0,0.0,0.0,0.0,0.0,0.0,0.0,0.0,0.0,0.0,0.0,0.0,0.0,0.0,0.0,0.0,0.0,21.0,100.0,149.707581,2.0,3414.645,110.311134,220.630859,165.0,0.0,1358.0,11.0,75.41302300000001,804.27,907.8529,8.0,233.0,132.936014,54.0,0.0,2.0,2.0,8.2683,55.346812,68.0,54.0,11.0,2857.00501,-16.64,-8.681159,1,2.0,Medium
0.0,0.0,7.0,5.0,0.0,0.0,0.0,0.0,0.0,0.0,0.0,0.0,0.0,0.0,0.0,3.0,6.0,0.0,0.0,0.0,0.0,0.0,0.0,0.0,0.0,0.0,0.0,0.0,21.0,73.0,129.700656,0.0,3005.831,109.010383,202.172727,135.0,0.0,1166.0,22.0,62.236519,931.25,785.3305,6.0,199.0,107.66069,38.0,0.0,0.0,0.0,-7.8927,47.134412,64.0,38.0,19.0,2511.528194,-15.16,-8.766091,0,5.0,Low
0.0,3.0,0.0,0.0,3.0,0.0,0.0,0.0,0.0,0.0,14.0,0.0,0.0,0.0,0.0,2.0,0.0,0.0,0.0,0.0,0.0,0.0,0.0,0.0,0.0,0.0,0.0,0.0,22.0,103.0,149.259181,0.0,3418.585,115.29189,223.728537,164.0,0.0,1360.0,11.0,73.860229,852.9200000000001,906.9081,6.0,233.0,135.856137,57.0,0.0,0.0,0.0,11.1748,61.012915,69.0,57.0,9.0,2782.541317,-17.389999999999997,-8.648952,1,2.0,Medium
0.0,2.0,0.0,0.0,4.0,0.0,0.0,0.0,0.0,0.0,10.0,0.0,7.0,0.0,0.0,0.0,0.0,0.0,0.0,0.0,0.0,0.0,0.0,0.0,0.0,0.0,0.0,0.0,23.0,129.0,174.777817,0.0,3947.865,139.003727,257.622358,193.0,0.0,1584.0,8.0,87.41654700000001,905.06,1048.9184,6.0,271.0,156.882628,68.0,0.0,0.0,0.0,14.8163,68.14561499999999,78.0,68.0,8.0,3353.6524130000003,-18.79,-8.574553,2,0.0,High
5.0,0.0,0.0,0.0,4.0,0.0,0.0,0.0,0.0,0.0,0.0,0.0,0.0,0.0,0.0,10.0,3.0,0.0,0.0,0.0,0.0,0.0,0.0,0.0,0.0,0.0,0.0,0.0,22.0,72.0,138.37158499999998,0.0,3205.051,97.174248,211.840895,147.0,0.0,1256.0,19.0,65.64807900000001,978.35,825.5793,6.0,215.0,104.814133,54.0,0.0,0.0,0.0,-0.1765000000000003,59.222365,68.0,54.0,9.0,2821.683165,-16.689999999999998,-8.769505,0,5.0,Low
0.0,4.0,0.0,0.0,0.0,0.0,2.0,0.0,0.0,0.0,14.0,0.0,0.0,0.0,0.0,1.0,0.0,0.0,0.0,0.0,0.0,0.0,0.0,0.0,0.0,0.0,0.0,0.0,21.0,97.0,134.916781,0.0,3155.595,110.24819,207.554716,146.0,0.0,1244.0,11.0,66.269851,832.39,827.3874,6.0,213.0,132.203954,53.0,0.0,0.0,0.0,7.277599999999999,52.673539,67.0,53.0,10.0,2431.928058,-16.27,-8.666825,1,2.0,Medium
2.0,0.0,2.0,0.0,2.0,0.0,0.0,0.0,0.0,0.0,0.0,0.0,0.0,0.0,0.0,15.0,0.0,0.0,0.0,0.0,0.0,0.0,0.0,0.0,0.0,0.0,0.0,0.0,21.0,71.0,131.036891,0.0,3073.401,92.965438,201.38028,140.0,0.0,1208.0,23.0,62.755555,980.79,793.0712000000001,6.0,207.0,102.859752,55.0,0.0,0.0,0.0,2.0886,58.744465,67.0,55.0,8.0,2712.031692,-16.27,-8.774973,1,4.0,Medium
0.0,2.0,0.0,0.0,4.0,0.0,0.0,0.0,0.0,4.0,12.0,0.0,0.0,0.0,0.0,0.0,0.0,0.0,0.0,0.0,0.0,0.0,0.0,0.0,0.0,0.0,0.0,0.0,22.0,106.0,164.55714,4.0,3719.676,112.765892,235.877002,184.0,0.0,1488.0,12.0,84.828778,822.6800000000001,993.5632,10.0,256.0,138.23269,58.0,0.0,4.0,4.0,7.0228,60.385672,72.0,58.0,12.0,3255.157248,-17.84,-8.688689,1,2.0,Medium
0.0,2.0,0.0,0.0,4.0,0.0,0.0,0.0,0.0,2.0,14.0,0.0,0.0,0.0,0.0,0.0,0.0,0.0,0.0,0.0,0.0,0.0,0.0,0.0,0.0,0.0,0.0,0.0,22.0,108.0,159.4692,2.0,3607.5,115.600358,231.80468,178.0,0.0,1444.0,10.0,81.13334400000001,813.8,964.5498,8.0,248.0,139.26668,58.0,0.0,2.0,2.0,10.485399999999998,62.29755,70.0,58.0,10.0,3055.169642,-17.759999999999998,-8.649416,1,1.0,Medium
0.0,3.0,0.0,0.0,3.0,0.0,0.0,0.0,0.0,0.0,0.0,0.0,0.0,0.0,8.0,8.0,0.0,0.0,0.0,0.0,0.0,0.0,0.0,0.0,0.0,0.0,0.0,0.0,22.0,75.0,146.51826699999998,0.0,3326.5510000000004,96.040718,217.728537,158.0,0.0,1324.0,33.0,71.529903,1029.32,893.0109,6.0,227.0,104.785059,49.0,0.0,0.0,0.0,1.7094000000000005,66.926883,69.0,49.0,17.0,3079.8380030000003,-17.39,-8.833472,0,5.0,Low
2.0,2.0,0.0,0.0,2.0,0.0,0.0,0.0,0.0,0.0,16.0,0.0,0.0,0.0,0.0,0.0,0.0,0.0,0.0,0.0,0.0,0.0,0.0,0.0,0.0,0.0,0.0,0.0,22.0,104.0,146.935564,0.0,3399.922,118.475316,223.724716,160.0,0.0,1344.0,8.0,71.9573,851.32,893.3392,6.0,230.0,140.224136,58.0,0.0,0.0,0.0,11.872,56.375698,70.0,58.0,8.0,2677.690466,-17.1,-8.600372,2,0.0,High
0.0,0.0,2.0,0.0,4.0,0.0,0.0,0.0,0.0,0.0,0.0,0.0,0.0,0.0,6.0,10.0,0.0,0.0,0.0,0.0,0.0,0.0,0.0,0.0,0.0,0.0,0.0,0.0,22.0,80.0,149.639588,0.0,3377.204,98.821142,219.557922,164.0,0.0,1352.0,30.0,74.082808,997.72,908.0014,6.0,232.0,106.85514,52.0,0.0,0.0,0.0,4.031599999999999,70.62587199999999,68.0,52.0,14.0,3145.41556,-17.68,-8.825413,0,5.0,Low
0.0,2.0,0.0,0.0,4.0,0.0,0.0,0.0,0.0,0.0,12.0,0.0,4.0,0.0,0.0,0.0,0.0,0.0,0.0,0.0,0.0,0.0,0.0,0.0,0.0,0.0,0.0,0.0,22.0,118.0,162.53328,0.0,3671.536,127.1545,239.572358,180.0,0.0,1472.0,8.0,81.373834,841.8399999999999,978.8124,6.0,252.0,146.180418,62.0,0.0,0.0,0.0,14.0144,64.72503599999999,72.0,62.0,8.0,3077.4971960000003,-17.84,-8.603703,2,0.0,High
2.0,0.0,2.0,0.0,2.0,0.0,0.0,0.0,0.0,0.0,0.0,0.0,0.0,0.0,0.0,16.0,0.0,0.0,0.0,0.0,0.0,0.0,0.0,0.0,0.0,0.0,0.0,0.0,22.0,74.0,136.421922,0.0,3203.544,96.693318,209.55028,146.0,0.0,1260.0,24.0,65.37226,1027.3200000000002,825.9300000000001,6.0,216.0,106.949018,58.0,0.0,0.0,0.0,2.1866000000000003,62.138514,70.0,58.0,8.0,2829.503072,-17.1,-8.775983,0,6.0,Low
0.0,3.0,0.0,0.0,3.0,0.0,0.0,0.0,0.0,6.0,10.0,0.0,0.0,0.0,0.0,0.0,0.0,0.0,0.0,0.0,0.0,0.0,0.0,0.0,0.0,0.0,0.0,0.0,22.0,101.0,166.013983,6.0,3783.167,109.951672,237.945503,184.0,0.0,1504.0,15.0,85.894661,857.56,1003.5287,12.0,259.0,137.16043299999998,57.0,0.0,6.0,6.0,2.095200000000001,54.556929,75.0,57.0,15.0,3366.399069,-17.629999999999995,-8.719905,1,3.0,Medium
4.0,0.0,0.0,3.0,0.0,0.0,0.0,0.0,0.0,0.0,13.0,0.0,0.0,0.0,0.0,0.0,1.0,0.0,0.0,0.0,0.0,0.0,0.0,0.0,0.0,0.0,0.0,0.0,21.0,96.0,136.332506,0.0,3170.6019999999994,110.855118,208.594716,148.0,0.0,1250.0,7.0,66.813143,810.0,825.7995,6.0,214.0,129.617793,55.0,0.0,0.0,0.0,7.868400000000001,53.279215,66.0,55.0,7.0,2499.313987,-16.23,-8.640047,1,1.0,Medium
1.0,1.0,0.0,0.0,4.0,0.0,0.0,0.0,0.0,0.0,16.0,0.0,0.0,0.0,0.0,0.0,0.0,0.0,0.0,0.0,0.0,0.0,0.0,0.0,0.0,0.0,0.0,0.0,22.0,110.0,154.289509,0.0,3496.308,118.434824,227.732358,172.0,0.0,1400.0,7.0,77.327156,802.12,933.4857,6.0,240.0,140.30067,59.0,0.0,0.0,0.0,14.375,64.209428,68.0,59.0,7.0,2855.182036,-17.68,-8.5785,2,0.0,High
2.0,0.0,0.0,0.0,0.0,0.0,4.0,0.0,0.0,0.0,14.0,2.0,0.0,0.0,0.0,0.0,0.0,0.0,0.0,0.0,0.0,0.0,0.0,0.0,0.0,0.0,0.0,0.0,22.0,108.0,142.13100000000003,0.0,3300.914,115.21214,213.732358,158.0,0.0,1316.0,6.0,71.528158,799.3199999999999,866.973,6.0,226.0,139.28551199999998,60.0,0.0,0.0,0.0,9.3534,62.21576399999999,68.0,60.0,6.0,2544.504344,-17.68,-8.576994,2,0.0,High
0.0,3.0,0.0,0.0,3.0,0.0,0.0,0.0,0.0,0.0,12.0,0.0,4.0,0.0,0.0,0.0,0.0,0.0,0.0,0.0,0.0,0.0,0.0,0.0,0.0,0.0,0.0,0.0,22.0,115.0,158.902183,0.0,3622.851,127.17474599999998,237.568537,174.0,0.0,1444.0,9.0,78.744283,867.8399999999999,959.7645,6.0,247.0,146.14215099999998,61.0,0.0,0.0,0.0,12.5494,60.808171,73.0,61.0,9.0,2988.751411,-17.549999999999997,-8.606974,2,0.0,High
0.0,2.0,0.0,15.0,0.0,0.0,2.0,0.0,0.0,2.0,0.0,0.0,0.0,0.0,0.0,0.0,0.0,0.0,0.0,0.0,0.0,0.0,0.0,0.0,0.0,0.0,0.0,0.0,21.0,116.0,179.911036,2.0,3870.425,110.013188,251.63468,200.0,0.0,1560.0,23.0,96.067143,716.0,1076.3709,21.0,267.0,138.326844,42.0,0.0,2.0,2.0,-3.537,64.131441,67.0,42.0,23.0,3558.039057,-16.93,-8.788744,1,4.0,Medium
0.0,2.0,0.0,13.0,0.0,0.0,4.0,0.0,0.0,0.0,3.0,0.0,0.0,0.0,0.0,0.0,0.0,0.0,0.0,0.0,0.0,0.0,0.0,0.0,0.0,0.0,0.0,0.0,22.0,123.0,179.10832,0.0,3874.3650000000007,117.138118,254.732358,199.0,0.0,1562.0,21.0,94.649219,742.6500000000001,1075.7725,19.0,267.0,146.040011,45.0,0.0,0.0,0.0,-0.1025,68.793086,68.0,45.0,21.0,3402.871104,-17.68,-8.721129,0,5.0,Low
0.0,1.0,0.0,0.0,3.0,0.0,0.0,0.0,0.0,2.0,16.0,0.0,0.0,0.0,0.0,0.0,0.0,0.0,0.0,0.0,0.0,0.0,0.0,0.0,0.0,0.0,0.0,0.0,22.0,109.0,154.176307,2.0,3515.867,115.051448,223.808501,174.0,0.0,1412.0,7.0,78.862871,797.38,935.1463,6.0,243.0,138.656805,61.0,0.0,2.0,2.0,11.8398,64.448431,69.0,61.0,7.0,2935.429103,-18.05,-8.621267,2,0.0,High
0.0,2.0,0.0,2.0,0.0,0.0,2.0,0.0,0.0,0.0,15.0,0.0,0.0,0.0,0.0,0.0,0.0,0.0,0.0,0.0,0.0,0.0,0.0,0.0,0.0,0.0,0.0,0.0,21.0,105.0,139.443492,0.0,3210.884,111.472228,208.562358,155.0,0.0,1282.0,8.0,70.472156,769.3900000000001,851.8934,6.0,220.0,134.572193,55.0,0.0,0.0,0.0,9.3077,59.402737,65.0,55.0,8.0,2521.570195,-16.85,-8.614561,1,1.0,Medium
0.0,0.0,0.0,2.0,0.0,0.0,4.0,0.0,0.0,0.0,0.0,6.0,0.0,0.0,0.0,10.0,0.0,0.0,0.0,0.0,0.0,0.0,0.0,0.0,0.0,0.0,0.0,0.0,22.0,90.0,135.812384,0.0,3143.83,97.937584,199.74,152.0,0.0,1264.0,16.0,68.737256,862.9200000000001,824.4202,6.0,218.0,113.487572,60.0,0.0,0.0,0.0,1.7739999999999996,73.033418,66.0,60.0,6.0,2678.953336,-18.26,-8.699425,0,5.0,Low
1.0,0.0,0.0,2.0,0.0,0.0,3.0,0.0,0.0,0.0,16.0,0.0,0.0,0.0,0.0,0.0,0.0,0.0,0.0,0.0,0.0,0.0,0.0,0.0,0.0,0.0,0.0,0.0,22.0,113.0,146.450224,0.0,3362.642,116.093419,216.736179,165.0,0.0,1350.0,6.0,74.909662,776.12,892.7326,6.0,232.0,141.140534,60.0,0.0,0.0,0.0,10.7847,65.839244,67.0,60.0,6.0,2647.53678,-17.97,-8.571888,2,0.0,High
0.0,0.0,2.0,0.0,0.0,0.0,4.0,0.0,0.0,0.0,0.0,0.0,8.0,0.0,7.0,0.0,0.0,0.0,0.0,0.0,0.0,0.0,0.0,0.0,0.0,0.0,0.0,0.0,21.0,109.0,156.831976,0.0,3556.42,122.87458800000002,232.067922,171.0,0.0,1426.0,22.0,78.98055,939.83,951.4339,6.0,244.0,133.072732,56.0,0.0,0.0,0.0,4.592300000000001,63.433645,73.0,56.0,15.0,3142.432201,-17.169999999999998,-8.748,0,5.0,Low
0.0,0.0,2.0,0.0,0.0,0.0,4.0,0.0,0.0,4.0,12.0,0.0,0.0,0.0,0.0,0.0,0.0,0.0,0.0,0.0,0.0,0.0,0.0,0.0,0.0,0.0,0.0,0.0,22.0,108.0,155.31880999999998,4.0,3579.406,113.617202,225.702566,174.0,0.0,1428.0,12.0,81.140534,822.6800000000001,947.5692,10.0,246.0,141.15839999999997,58.0,0.0,4.0,4.0,3.1346,58.328748,72.0,58.0,12.0,2989.337138,-17.84,-8.672529,1,2.0,Medium
0.0,0.0,2.0,0.0,0.0,0.0,2.0,2.0,0.0,0.0,15.0,0.0,0.0,0.0,0.0,0.0,0.0,0.0,0.0,0.0,0.0,0.0,0.0,0.0,0.0,0.0,0.0,0.0,21.0,103.0,136.18398000000002,0.0,3154.776,114.784066,204.387922,151.0,0.0,1258.0,8.0,68.41625400000001,769.3900000000001,833.4254000000001,6.0,216.0,133.215373,55.0,0.0,0.0,0.0,7.747299999999999,58.703093,65.0,55.0,8.0,2438.564183,-16.85,-8.625159,1,2.0,Medium
0.0,0.0,2.0,0.0,0.0,0.0,0.0,4.0,0.0,0.0,8.0,8.0,0.0,0.0,0.0,0.0,0.0,0.0,0.0,0.0,0.0,0.0,0.0,0.0,0.0,0.0,0.0,0.0,22.0,96.0,133.82921800000005,0.0,3130.6220000000003,118.69873,201.557922,146.0,0.0,1244.0,8.0,65.264382,804.9200000000001,815.6704,6.0,214.0,127.925732,58.0,0.0,0.0,0.0,3.8182,61.574468,68.0,58.0,8.0,2419.062118,-17.68,-8.631752,1,2.0,Medium
2.0,0.0,0.0,0.0,0.0,0.0,4.0,0.0,0.0,0.0,8.0,0.0,0.0,0.0,0.0,0.0,0.0,8.0,0.0,0.0,0.0,0.0,0.0,0.0,0.0,0.0,0.0,0.0,22.0,102.0,147.66043,0.0,3313.192,106.287556,216.05235800000003,168.0,0.0,1328.0,6.0,75.86267,725.4799999999999,900.463,6.0,228.0,131.163898,52.0,0.0,0.0,0.0,19.3632,64.381272,60.0,52.0,6.0,2708.79332,-17.36,-8.509123,1,1.0,Medium
0.0,0.0,2.0,0.0,0.0,0.0,0.0,4.0,0.0,0.0,0.0,0.0,2.0,0.0,0.0,14.0,0.0,0.0,0.0,0.0,0.0,0.0,0.0,0.0,0.0,0.0,0.0,0.0,22.0,80.0,133.12520999999998,0.0,3134.566,103.118516,201.477922,144.0,0.0,1244.0,22.0,64.595434,977.38,807.1816000000001,6.0,214.0,107.885176,60.0,0.0,0.0,0.0,-2.1852,66.621696,70.0,60.0,8.0,2730.497176,-17.759999999999998,-8.763255,0,5.0,Low
0.0,0.0,2.0,2.0,0.0,0.0,2.0,0.0,0.0,0.0,0.0,0.0,0.0,0.0,0.0,16.0,0.0,0.0,0.0,0.0,0.0,0.0,0.0,0.0,0.0,0.0,0.0,0.0,22.0,80.0,135.060372,0.0,3158.676,94.9997,203.557922,148.0,0.0,1256.0,24.0,66.977886,980.92,822.1332,6.0,216.0,107.589474,58.0,0.0,0.0,0.0,0.3744,68.199426,68.0,58.0,8.0,2782.801648,-17.68,-8.780763,0,5.0,Low
2.0,0.0,2.0,0.0,0.0,0.0,2.0,0.0,0.0,0.0,0.0,16.0,0.0,0.0,0.0,0.0,0.0,0.0,0.0,0.0,0.0,0.0,0.0,0.0,0.0,0.0,0.0,0.0,22.0,90.0,131.709794,0.0,3119.382,116.258276,203.55028,140.0,0.0,1224.0,8.0,62.613178,851.32,801.0871999999999,6.0,210.0,126.947632,58.0,0.0,0.0,0.0,4.0764,55.853316,70.0,58.0,8.0,2381.1824180000003,-17.1,-8.613433,1,2.0,Medium
2.0,0.0,0.0,0.0,0.0,0.0,6.0,0.0,0.0,0.0,12.0,0.0,0.0,0.0,0.0,0.0,2.0,0.0,0.0,0.0,0.0,0.0,0.0,0.0,0.0,0.0,0.0,0.0,22.0,104.0,140.083796,0.0,3238.894,110.75635,209.812358,156.0,0.0,1292.0,8.0,71.11286400000002,798.94,852.1544,6.0,222.0,132.833116,56.0,0.0,0.0,0.0,4.2504,63.23189,66.0,56.0,8.0,2523.46919,-17.6,-8.647596,1,2.0,Medium
0.0,0.0,2.0,0.0,0.0,0.0,0.0,2.0,2.0,0.0,16.0,0.0,0.0,0.0,0.0,0.0,0.0,0.0,0.0,0.0,0.0,0.0,0.0,0.0,0.0,0.0,0.0,0.0,22.0,108.0,142.49800399999998,0.0,3296.978,120.093536,213.557922,158.0,0.0,1316.0,10.0,71.728532,810.52,875.1758,6.0,226.0,139.507772,56.0,0.0,0.0,0.0,7.6454,61.736966,68.0,56.0,10.0,2547.9830300000003,-17.68,-8.6249485,1,1.0,Medium
1.0,0.0,0.0,0.0,0.0,0.0,3.0,0.0,0.0,2.0,0.0,0.0,0.0,0.0,16.0,0.0,0.0,0.0,0.0,0.0,0.0,0.0,0.0,0.0,0.0,0.0,0.0,0.0,22.0,77.0,149.559212,2.0,3374.864,93.524085,214.808501,165.0,0.0,1358.0,38.0,76.264062,1015.38,921.3626,6.0,234.0,103.66527,46.0,0.0,2.0,2.0,-2.3161,70.411562,69.0,46.0,22.0,3216.797938,-18.05,-8.823346,0,5.0,Low
0.0,0.0,0.0,0.0,0.0,0.0,2.0,2.0,2.0,0.0,16.0,0.0,0.0,0.0,0.0,0.0,0.0,0.0,0.0,0.0,0.0,0.0,0.0,0.0,0.0,0.0,0.0,0.0,22.0,112.0,143.019712,0.0,3282.132,115.193536,209.74,162.0,0.0,1324.0,8.0,73.643512,758.52,876.4236000000001,6.0,228.0,138.084646,58.0,0.0,0.0,0.0,7.461,68.542234,66.0,58.0,8.0,2558.106428,-18.26,-8.598612,1,2.0,Medium
0.0,0.0,1.0,0.0,0.0,0.0,0.0,1.0,4.0,0.0,16.0,0.0,0.0,0.0,0.0,0.0,0.0,0.0,0.0,0.0,0.0,0.0,0.0,0.0,0.0,0.0,0.0,0.0,22.0,112.0,144.356574,0.0,3315.641,117.239835,213.648961,162.0,0.0,1332.0,11.0,74.028851,790.12,889.1351,6.0,229.0,140.65551299999998,55.0,0.0,0.0,0.0,7.4794,65.347369,67.0,55.0,11.0,2573.7341770000003,-17.97,-8.633692,1,1.0,Medium
0.0,0.0,2.0,0.0,0.0,0.0,2.0,2.0,0.0,0.0,0.0,0.0,0.0,0.0,0.0,16.0,0.0,0.0,0.0,0.0,0.0,0.0,0.0,0.0,0.0,0.0,0.0,0.0,22.0,76.0,130.38664599999998,0.0,3074.514,94.788096,197.557922,142.0,0.0,1220.0,24.0,63.921984,980.92,794.4312,6.0,210.0,104.257644,58.0,0.0,0.0,0.0,-1.9662,67.499782,68.0,58.0,8.0,2676.823558,-17.68,-8.773415,0,5.0,Low
0.0,0.0,0.0,2.0,0.0,0.0,2.0,0.0,0.0,2.0,16.0,0.0,0.0,0.0,0.0,0.0,0.0,0.0,0.0,0.0,0.0,0.0,0.0,0.0,0.0,0.0,0.0,0.0,22.0,112.0,149.000158,2.0,3424.282,113.378076,215.812322,170.0,0.0,1380.0,6.0,77.61743799999999,771.38,908.2002,6.0,238.0,139.258994,62.0,0.0,2.0,2.0,9.4166,66.592478,68.0,62.0,6.0,2799.981894,-18.34,-8.614907,2,0.0,High
0.0,0.0,2.0,0.0,0.0,0.0,0.0,2.0,2.0,0.0,0.0,0.0,0.0,0.0,0.0,16.0,0.0,0.0,0.0,0.0,0.0,0.0,0.0,0.0,0.0,0.0,0.0,0.0,22.0,76.0,130.570148,0.0,3072.5460000000003,94.788096,197.557922,142.0,0.0,1220.0,26.0,64.14349200000001,986.52,798.5326,6.0,210.0,104.257644,56.0,0.0,0.0,0.0,-2.8202,67.499782,68.0,56.0,10.0,2676.823558,-17.68,-8.790073,1,4.0,Medium
0.0,4.0,0.0,0.0,0.0,0.0,0.0,0.0,4.0,0.0,0.0,0.0,0.0,0.0,12.0,0.0,2.0,0.0,0.0,0.0,0.0,0.0,0.0,0.0,0.0,0.0,0.0,0.0,22.0,74.0,141.296428,0.0,3207.974,97.49046,211.804716,150.0,0.0,1272.0,40.0,69.633504,1033.34,876.2428,6.0,218.0,105.502812,36.0,0.0,0.0,0.0,-7.2186,62.05599,68.0,36.0,28.0,2863.845946,-17.02,-8.7588625,0,6.0,Low
0.0,0.0,0.0,0.0,0.0,0.0,4.0,2.0,0.0,0.0,12.0,0.0,0.0,0.0,3.0,0.0,0.0,0.0,0.0,0.0,0.0,0.0,0.0,0.0,0.0,0.0,0.0,0.0,21.0,101.0,137.3552,0.0,3136.978,106.223454,200.57,155.0,0.0,1266.0,12.0,70.52400800000001,758.79,840.2397000000001,6.0,218.0,125.097642,54.0,0.0,0.0,0.0,5.485099999999999,66.915703,63.0,54.0,9.0,2542.055639,-17.429999999999996,-8.670434,1,3.0,Medium
0.0,6.0,0.0,0.0,0.0,0.0,6.0,2.0,0.0,0.0,0.0,0.0,0.0,0.0,0.0,0.0,8.0,0.0,0.0,0.0,0.0,0.0,0.0,0.0,0.0,0.0,0.0,0.0,22.0,70.0,123.182772,0.0,2884.18,99.297842,192.037074,128.0,0.0,1120.0,20.0,59.01588799999999,907.4,744.6664000000001,6.0,192.0,102.755978,38.0,0.0,0.0,0.0,-17.005200000000002,52.443974,64.0,38.0,20.0,2287.137368,-16.2,-8.712504,0,6.0,Low
0.0,0.0,3.0,0.0,0.0,0.0,0.0,2.0,1.0,0.0,16.0,0.0,0.0,0.0,0.0,0.0,0.0,0.0,0.0,0.0,0.0,0.0,0.0,0.0,0.0,0.0,0.0,0.0,22.0,106.0,142.145399,0.0,3305.385,122.543536,215.466883,156.0,0.0,1312.0,10.0,70.66028800000001,833.72,872.5012,6.0,225.0,140.219335,56.0,0.0,0.0,0.0,8.1646,58.334332,69.0,56.0,10.0,2542.921331,-17.39,-8.617155,1,1.0,Medium
0.0,0.0,0.0,0.0,2.0,0.0,0.0,2.0,2.0,0.0,0.0,0.0,0.0,0.0,0.0,16.0,0.0,0.0,0.0,0.0,0.0,0.0,0.0,0.0,0.0,0.0,0.0,0.0,22.0,80.0,136.418128,0.0,3141.862,91.224162,199.74,152.0,0.0,1264.0,24.0,68.402594,934.52,827.3944,6.0,218.0,102.359168,58.0,0.0,0.0,0.0,-0.6703999999999994,75.333512,66.0,58.0,8.0,2831.34305,-18.26,-8.768704,0,6.0,Low
0.0,0.0,0.0,0.0,2.0,0.0,0.0,2.0,2.0,0.0,0.0,0.0,16.0,0.0,0.0,0.0,0.0,0.0,0.0,0.0,0.0,0.0,0.0,0.0,0.0,0.0,0.0,0.0,22.0,144.0,180.954064,0.0,4071.142,151.408306,263.1,200.0,0.0,1648.0,8.0,91.73133,906.2,1077.1416,6.0,282.0,161.128288,74.0,0.0,0.0,0.0,10.0608,71.633128,82.0,74.0,8.0,3591.763162,-18.9,-8.571426,2,0.0,High
0.0,2.0,2.0,0.0,0.0,0.0,0.0,2.0,0.0,0.0,16.0,0.0,0.0,0.0,0.0,0.0,0.0,0.0,0.0,0.0,0.0,0.0,0.0,0.0,0.0,0.0,0.0,0.0,22.0,102.0,140.37858,0.0,3285.738,121.470094,215.55028,152.0,0.0,1296.0,10.0,68.592044,856.9200000000001,860.5926,6.0,222.0,138.955888,56.0,0.0,0.0,0.0,7.9036,54.931698,70.0,56.0,10.0,2514.887554,-17.1,-8.616452,1,1.0,Medium
1.0,0.0,0.0,0.0,0.0,0.0,5.0,0.0,0.0,0.0,8.0,0.0,0.0,0.0,0.0,0.0,0.0,0.0,0.0,0.0,8.0,0.0,0.0,0.0,0.0,0.0,0.0,0.0,22.0,81.0,144.368382,0.0,3206.596,113.197853,207.056179,163.0,0.0,1290.0,6.0,71.84461,702.28,870.6426,6.0,222.0,112.52628,52.0,0.0,0.0,0.0,16.1005,71.175306,59.0,52.0,6.0,2662.531338,-17.65,-8.515294,1,1.0,Medium
0.0,0.0,0.0,0.0,2.0,0.0,0.0,2.0,2.0,0.0,16.0,0.0,0.0,0.0,0.0,0.0,0.0,0.0,0.0,0.0,0.0,0.0,0.0,0.0,0.0,0.0,0.0,0.0,22.0,112.0,148.345984,0.0,3366.294,116.529602,215.74,168.0,0.0,1360.0,8.0,75.987634,758.52,904.0376,6.0,234.0,137.609296,58.0,0.0,0.0,0.0,9.7952,69.570696,66.0,58.0,8.0,2702.502522,-18.26,-8.59303,1,1.0,Medium
0.0,0.0,0.0,0.0,2.0,2.0,0.0,0.0,2.0,0.0,0.0,0.0,0.0,0.0,0.0,16.0,0.0,0.0,0.0,0.0,0.0,0.0,0.0,0.0,0.0,0.0,0.0,0.0,22.0,80.0,138.26342799999998,0.0,3169.916,91.817632,201.74,154.0,0.0,1276.0,24.0,69.21585400000001,934.52,836.6284,6.0,220.0,102.181024,58.0,0.0,0.0,0.0,0.1098000000000001,75.73821799999999,66.0,58.0,8.0,2894.1361180000004,-18.26,-8.773108,0,6.0,Low
0.0,0.0,0.0,0.0,2.0,0.0,0.0,2.0,2.0,0.0,0.0,0.0,0.0,0.0,16.0,0.0,0.0,0.0,0.0,0.0,0.0,0.0,0.0,0.0,0.0,0.0,0.0,0.0,22.0,80.0,151.810048,0.0,3350.55,97.006338,215.74,168.0,0.0,1360.0,40.0,77.015762,979.32,933.7256,6.0,234.0,101.904736,42.0,0.0,0.0,0.0,-1.2863999999999995,77.07652,66.0,42.0,24.0,3200.465498,-18.26,-8.774403,0,6.0,Low
2.0,0.0,0.0,0.0,0.0,0.0,2.0,0.0,2.0,0.0,0.0,0.0,15.0,0.0,0.0,0.0,0.0,0.0,0.0,0.0,0.0,0.0,0.0,0.0,0.0,0.0,0.0,0.0,21.0,135.0,168.168269,0.0,3843.625,143.152007,250.962358,183.0,0.0,1540.0,8.0,84.418611,907.84,1004.9444,6.0,263.0,157.008026,70.0,0.0,0.0,0.0,8.7765,61.052161,80.0,70.0,8.0,3290.652851,-17.450000000000003,-8.6013775,2,0.0,High
2.0,0.0,0.0,0.0,0.0,0.0,2.0,0.0,2.0,0.0,0.0,0.0,0.0,0.0,16.0,0.0,0.0,0.0,0.0,0.0,0.0,0.0,0.0,0.0,0.0,0.0,0.0,0.0,22.0,78.0,147.19278,0.0,3311.2560000000003,96.239428,215.732358,160.0,0.0,1328.0,40.0,73.777794,1025.72,909.9964,6.0,228.0,105.54681,42.0,0.0,0.0,0.0,-1.802,69.658328,68.0,42.0,24.0,3064.352824,-17.68,-8.789069,0,6.0,Low
0.0,2.0,2.0,0.0,0.0,0.0,0.0,0.0,2.0,0.0,16.0,0.0,0.0,0.0,0.0,0.0,0.0,0.0,0.0,0.0,0.0,0.0,0.0,0.0,0.0,0.0,0.0,0.0,22.0,106.0,143.39051,0.0,3339.878,120.662692,219.55028,156.0,0.0,1320.0,12.0,71.056194,862.52,883.162,6.0,226.0,142.67449599999998,54.0,0.0,0.0,0.0,8.61,55.347236,70.0,54.0,12.0,2556.26645,-17.1,-8.618822,1,1.0,Medium
2.0,0.0,0.0,0.0,0.0,0.0,2.0,2.0,0.0,0.0,0.0,0.0,0.0,0.0,16.0,0.0,0.0,0.0,0.0,0.0,0.0,0.0,0.0,0.0,0.0,0.0,0.0,0.0,22.0,74.0,144.18085,0.0,3257.116,97.04683,211.732358,156.0,0.0,1304.0,38.0,71.31364400000001,1020.12,887.427,6.0,224.0,101.828202,44.0,0.0,0.0,0.0,-2.5084,69.24279,68.0,44.0,22.0,3022.973928,-17.68,-8.807156,1,4.0,Medium
2.0,0.0,0.0,0.0,0.0,0.0,4.0,0.0,0.0,0.0,4.0,0.0,0.0,0.0,12.0,0.0,0.0,0.0,0.0,0.0,0.0,0.0,0.0,0.0,0.0,0.0,0.0,0.0,22.0,86.0,146.143262,0.0,3317.16,101.120244,215.732358,160.0,0.0,1328.0,30.0,73.299254,964.92,898.473,6.0,228.0,114.47295,48.0,0.0,0.0,0.0,1.8224,67.78187199999999,68.0,48.0,18.0,2939.86208,-17.68,-8.820638,0,5.0,Low
0.0,2.0,0.0,0.0,0.0,0.0,0.0,0.0,2.0,2.0,0.0,0.0,0.0,0.0,16.0,0.0,0.0,0.0,0.0,0.0,0.0,0.0,0.0,0.0,0.0,0.0,0.0,0.0,22.0,74.0,148.866504,2.0,3365.308,94.212364,215.80468,162.0,0.0,1348.0,42.0,75.138834,1049.78,922.2738,6.0,232.0,103.389328,42.0,0.0,2.0,2.0,-3.895,67.008928,70.0,42.0,26.0,3200.2501999999995,-17.759999999999998,-8.777431,0,6.0,Low
0.0,2.0,2.0,0.0,2.0,0.0,0.0,0.0,0.0,0.0,0.0,0.0,0.0,0.0,0.0,16.0,0.0,0.0,0.0,0.0,0.0,0.0,0.0,0.0,0.0,0.0,0.0,0.0,22.0,74.0,136.605424,0.0,3201.576,96.693318,209.55028,146.0,0.0,1260.0,26.0,65.593768,1032.92,830.0314000000001,6.0,216.0,106.949018,56.0,0.0,0.0,0.0,1.3326,62.138514,70.0,56.0,10.0,2829.503072,-17.1,-8.792562,1,4.0,Medium
2.0,0.0,0.0,0.0,1.0,0.0,3.0,0.0,0.0,0.0,0.0,0.0,0.0,0.0,0.0,0.0,0.0,0.0,0.0,0.0,0.0,0.0,16.0,0.0,0.0,0.0,0.0,0.0,22.0,142.0,202.303806,0.0,4237.225,124.074501,283.372358,243.0,0.0,1730.0,6.0,111.27885899999998,651.64,1232.894,6.0,295.0,161.914351,44.0,0.0,0.0,0.0,52.4207,73.55931100000001,52.0,44.0,6.0,3844.058359,-17.04,-8.42484,1,3.0,Medium
0.0,2.0,2.0,0.0,2.0,0.0,0.0,0.0,0.0,0.0,0.0,0.0,0.0,0.0,16.0,0.0,0.0,0.0,0.0,0.0,0.0,0.0,0.0,0.0,0.0,0.0,0.0,0.0,22.0,74.0,151.997344,0.0,3410.264,102.475494,225.55028,162.0,0.0,1356.0,42.0,74.206936,1077.72,936.3626,6.0,232.0,106.494586,40.0,0.0,0.0,0.0,0.7165999999999999,63.881522,70.0,40.0,26.0,3198.62552,-17.1,-8.744705,0,5.0,Low
2.0,0.0,0.0,0.0,0.0,0.0,2.0,0.0,2.0,0.0,0.0,0.0,0.0,16.0,0.0,0.0,0.0,0.0,0.0,0.0,0.0,0.0,0.0,0.0,0.0,0.0,0.0,0.0,22.0,158.0,172.888108,0.0,4031.848,175.46762,263.092358,192.0,0.0,1616.0,8.0,91.38781,952.6,1053.4124000000002,6.0,276.0,188.090538,74.0,0.0,0.0,0.0,9.5452,61.464728,84.0,74.0,8.0,3128.490344,-18.32,-8.574103,2,0.0,High
5.0,0.0,0.0,0.0,0.0,0.0,1.0,0.0,0.0,0.0,14.0,0.0,0.0,0.0,0.0,0.0,0.0,0.0,0.0,0.0,0.0,0.0,2.0,0.0,0.0,0.0,0.0,0.0,22.0,105.0,147.37801,0.0,3420.38,118.783001,226.80089500000005,161.0,0.0,1346.0,6.0,72.520756,850.46,897.1922000000001,6.0,230.0,143.036126,58.0,0.0,0.0,0.0,15.660899999999998,53.306174,69.0,58.0,6.0,2667.4304420000003,-16.729999999999997,-8.569239,2,0.0,High
2.0,0.0,0.0,0.0,0.0,0.0,0.0,4.0,0.0,0.0,8.0,0.0,8.0,0.0,0.0,0.0,0.0,0.0,0.0,0.0,0.0,0.0,0.0,0.0,0.0,0.0,0.0,0.0,22.0,118.0,154.19239799999997,0.0,3569.176,134.816848,231.412358,168.0,0.0,1424.0,6.0,75.914722,873.1599999999999,925.823,6.0,244.0,145.57365,68.0,0.0,0.0,0.0,7.145600000000001,62.352644,76.0,68.0,6.0,2928.262376,-18.0,-8.588961,2,0.0,High
0.0,2.0,0.0,0.0,2.0,0.0,0.0,0.0,2.0,0.0,0.0,0.0,0.0,0.0,16.0,0.0,0.0,0.0,0.0,0.0,0.0,0.0,0.0,0.0,0.0,0.0,0.0,0.0,22.0,78.0,152.702554,0.0,3393.4500000000003,97.575494,221.732358,166.0,0.0,1364.0,42.0,76.343424,1031.32,941.7118,6.0,234.0,105.07146,40.0,0.0,0.0,0.0,-0.3217999999999998,70.68679,68.0,40.0,26.0,3208.748918,-17.68,-8.756417,0,5.0,Low
0.0,2.0,0.0,0.0,0.0,0.0,0.0,2.0,2.0,0.0,0.0,0.0,0.0,0.0,16.0,0.0,0.0,0.0,0.0,0.0,0.0,0.0,0.0,0.0,0.0,0.0,0.0,0.0,22.0,74.0,144.547854,0.0,3253.1800000000003,97.04683,211.732358,156.0,0.0,1304.0,42.0,71.75666000000001,1031.32,895.6297999999999,6.0,224.0,101.828202,40.0,0.0,0.0,0.0,-4.2164,69.24279,68.0,40.0,26.0,3022.973928,-17.68,-8.761951,0,5.0,Low
3.0,0.0,0.0,3.0,0.0,0.0,0.0,0.0,0.0,0.0,8.0,0.0,8.0,0.0,0.0,0.0,0.0,0.0,0.0,0.0,0.0,0.0,0.0,0.0,0.0,0.0,0.0,0.0,22.0,123.0,161.55748899999998,0.0,3717.853,135.41883199999998,243.408537,176.0,0.0,1480.0,6.0,80.05165199999999,896.3599999999999,969.3184,6.0,253.0,152.154757,68.0,0.0,0.0,0.0,11.5658,60.207245,77.0,68.0,6.0,3091.371221,-17.71,-8.588419,2,0.0,High
2.0,0.0,0.0,0.0,0.0,2.0,0.0,0.0,2.0,0.0,0.0,0.0,0.0,0.0,16.0,0.0,0.0,0.0,0.0,0.0,0.0,0.0,0.0,0.0,0.0,0.0,0.0,0.0,22.0,74.0,146.209652,0.0,3283.202,97.6403,213.732358,158.0,0.0,1316.0,40.0,72.348412,1025.72,900.7624,6.0,226.0,101.650058,42.0,0.0,0.0,0.0,-2.5822000000000003,69.647496,68.0,42.0,24.0,3085.766996,-17.68,-8.784456,0,5.0,Low
2.0,0.0,0.0,0.0,2.0,0.0,2.0,0.0,0.0,0.0,0.0,16.0,0.0,0.0,0.0,0.0,0.0,0.0,0.0,0.0,0.0,0.0,0.0,0.0,0.0,0.0,0.0,0.0,22.0,94.0,137.557774,0.0,3188.698,112.694342,205.732358,150.0,0.0,1268.0,6.0,66.87228,799.3199999999999,829.949,6.0,218.0,125.049156,60.0,0.0,0.0,0.0,6.2262,63.687046,68.0,60.0,6.0,2535.70191,-17.68,-8.594736,1,2.0,Medium
0.0,0.0,3.0,0.0,3.0,0.0,0.0,0.0,0.0,0.0,15.0,0.0,0.0,0.0,1.0,0.0,0.0,0.0,0.0,0.0,0.0,0.0,0.0,0.0,0.0,0.0,0.0,0.0,22.0,108.0,153.087988,0.0,3487.736,122.520029,228.466883,169.0,0.0,1390.0,11.0,76.372617,844.7200000000001,932.195,6.0,238.0,140.993383,56.0,0.0,0.0,0.0,12.9607,60.761677,69.0,56.0,10.0,2832.0170540000004,-17.389999999999997,-8.630348,1,1.0,Medium
2.0,0.0,0.0,0.0,0.0,0.0,4.0,0.0,0.0,0.0,0.0,0.0,14.0,0.0,0.0,2.0,0.0,0.0,0.0,0.0,0.0,0.0,0.0,0.0,0.0,0.0,0.0,0.0,22.0,134.0,170.586302,0.0,3917.656,143.118378,255.17235800000003,186.0,0.0,1568.0,8.0,85.35576200000001,950.54,1018.0926,6.0,268.0,157.424222,74.0,0.0,0.0,0.0,9.0578,64.677484,82.0,74.0,6.0,3360.597974,-18.24,-8.595197,2,0.0,High
0.0,2.0,0.0,0.0,0.0,0.0,2.0,0.0,0.0,2.0,0.0,0.0,0.0,0.0,16.0,0.0,0.0,0.0,0.0,0.0,0.0,0.0,0.0,0.0,0.0,0.0,0.0,0.0,22.0,74.0,148.683002,2.0,3367.276,94.212364,215.80468,162.0,0.0,1348.0,40.0,74.917326,1044.18,918.1724,6.0,232.0,103.389328,44.0,0.0,2.0,2.0,-3.0410000000000004,67.008928,70.0,44.0,24.0,3200.2501999999995,-17.759999999999998,-8.799869,0,5.0,Low
3.0,0.0,0.0,0.0,0.0,0.0,2.0,0.0,1.0,0.0,0.0,0.0,0.0,0.0,16.0,0.0,0.0,0.0,0.0,0.0,0.0,0.0,0.0,0.0,0.0,0.0,0.0,0.0,22.0,75.0,146.041317,0.0,3306.62,96.927707,216.728537,157.0,0.0,1318.0,39.0,72.098796,1046.12,900.6541,6.0,226.0,105.270868,43.0,0.0,0.0,0.0,-1.2458999999999998,66.255694,69.0,43.0,23.0,3047.805086,-17.39,-8.799562,0,5.0,Low
2.0,2.0,2.0,0.0,0.0,0.0,0.0,0.0,0.0,0.0,0.0,0.0,0.0,0.0,16.0,0.0,0.0,0.0,0.0,0.0,0.0,0.0,0.0,0.0,0.0,0.0,0.0,0.0,22.0,68.0,144.551648,0.0,3314.862,102.515986,221.542638,150.0,0.0,1300.0,42.0,68.726326,1124.12,894.1654000000001,6.0,222.0,106.418052,40.0,0.0,0.0,0.0,-1.3594,56.047792,72.0,40.0,26.0,3021.13395,-16.52,-8.73628,0,5.0,Low
0.0,3.0,0.0,0.0,0.0,0.0,0.0,0.0,3.0,0.0,8.0,0.0,0.0,8.0,0.0,0.0,0.0,0.0,0.0,0.0,0.0,0.0,0.0,0.0,0.0,0.0,0.0,0.0,22.0,131.0,157.615704,0.0,3669.868,146.303435,240.408537,173.0,0.0,1462.0,12.0,80.94351,913.16,967.7716,6.0,250.0,164.395012,62.0,0.0,0.0,0.0,7.8335,58.405982,77.0,62.0,12.0,2830.892358,-17.71,-8.591174,2,0.0,High
2.0,2.0,0.0,0.0,2.0,0.0,0.0,0.0,0.0,0.0,0.0,0.0,0.0,0.0,0.0,16.0,0.0,0.0,0.0,0.0,0.0,0.0,0.0,0.0,0.0,0.0,0.0,0.0,22.0,72.0,135.00770799999998,0.0,3175.49,93.169876,207.724716,144.0,0.0,1248.0,24.0,64.37226,1027.3200000000002,816.696,6.0,214.0,104.974008,58.0,0.0,0.0,0.0,1.4064,62.138514,70.0,58.0,8.0,2806.530994,-17.1,-8.763043,1,4.0,Medium
2.0,2.0,0.0,16.0,0.0,0.0,0.0,0.0,2.0,0.0,0.0,0.0,0.0,0.0,0.0,0.0,0.0,0.0,0.0,0.0,0.0,0.0,0.0,0.0,0.0,0.0,0.0,0.0,22.0,120.0,185.336922,0.0,3987.472,118.832082,265.724716,202.0,0.0,1596.0,26.0,96.787982,780.2800000000001,1110.3978,22.0,272.0,146.593198,40.0,0.0,0.0,0.0,-2.8634,63.52026,70.0,40.0,26.0,3562.809764,-17.099999999999998,-8.748997,0,5.0,Low
2.0,0.0,0.0,0.0,0.0,0.0,5.0,0.0,0.0,0.0,0.0,0.0,0.0,0.0,0.0,13.0,1.0,0.0,0.0,0.0,0.0,0.0,0.0,0.0,0.0,0.0,0.0,0.0,21.0,76.0,125.9926,0.0,2957.41,87.389381,190.602358,138.0,0.0,1174.0,20.0,62.566896,906.6,764.2591,6.0,202.0,102.109115,55.0,0.0,0.0,0.0,-2.0634,64.340612,64.0,55.0,7.0,2540.193601,-16.81,-8.758445,0,5.0,Low
2.0,0.0,0.0,4.0,0.0,0.0,0.0,0.0,0.0,0.0,12.0,0.0,0.0,0.0,4.0,0.0,0.0,0.0,0.0,0.0,0.0,0.0,0.0,0.0,0.0,0.0,0.0,0.0,22.0,102.0,148.10182600000002,0.0,3381.14,112.919888,219.732358,164.0,0.0,1352.0,14.0,74.41171,854.52,902.097,6.0,232.0,131.551674,56.0,0.0,0.0,0.0,8.923599999999999,64.597172,68.0,56.0,10.0,2820.07898,-17.68,-8.680968,1,4.0,Medium
2.0,0.0,0.0,0.0,0.0,0.0,2.0,0.0,0.0,0.0,14.0,0.0,0.0,0.0,0.0,4.0,0.0,0.0,0.0,0.0,0.0,0.0,0.0,0.0,0.0,0.0,0.0,0.0,22.0,100.0,136.965532,0.0,3216.704,110.243734,207.732358,152.0,0.0,1280.0,8.0,68.075996,852.9,836.2088,4.0,220.0,131.315346,62.0,0.0,0.0,0.0,9.740799999999998,62.85568599999999,68.0,62.0,4.0,2534.50975,-17.68,-8.5504675,1,4.0,Medium
0.0,3.0,0.0,0.0,3.0,0.0,0.0,0.0,0.0,0.0,15.0,0.0,0.0,0.0,0.0,1.0,0.0,0.0,0.0,0.0,0.0,0.0,0.0,0.0,0.0,0.0,0.0,0.0,22.0,105.0,150.004672,0.0,3432.612,116.87348,224.728537,165.0,0.0,1366.0,10.0,74.334294,841.9200000000001,911.6983,6.0,234.0,138.05927,57.0,0.0,0.0,0.0,11.8289,60.652739,69.0,57.0,9.0,2774.488784,-17.389999999999997,-8.631708,1,1.0,Medium
1.0,2.0,0.0,0.0,0.0,0.0,3.0,0.0,0.0,0.0,0.0,0.0,0.0,0.0,0.0,0.0,0.0,0.0,0.0,0.0,0.0,0.0,0.0,0.0,0.0,0.0,15.0,0.0,21.0,117.0,211.63604200000003,15.0,5398.92,95.017581,325.349262,225.0,0.0,2130.0,68.0,113.659077,2144.84,1253.0158,6.0,366.0,155.392749,130.0,0.0,15.0,15.0,-33.7919,46.015242,141.0,130.0,8.0,5934.375918,-19.56,-8.754665,0,6.0,Low
3.0,0.0,0.0,0.0,0.0,0.0,4.0,0.0,0.0,0.0,0.0,0.0,0.0,0.0,0.0,0.0,1.0,0.0,0.0,13.0,0.0,0.0,0.0,0.0,0.0,0.0,0.0,0.0,21.0,60.0,134.239887,0.0,2926.154,88.557425,192.118537,148.0,0.0,1164.0,7.0,64.710139,666.81,798.3491000000001,6.0,200.0,91.285753,42.0,0.0,0.0,0.0,16.474999999999998,64.231866,52.0,42.0,7.0,2619.929856,-16.0,-8.486605,1,4.0,Medium
2.0,0.0,0.0,0.0,0.0,0.0,4.0,0.0,0.0,0.0,0.0,0.0,0.0,0.0,0.0,14.0,0.0,0.0,2.0,0.0,0.0,0.0,0.0,0.0,0.0,0.0,0.0,0.0,22.0,80.0,132.291844,0.0,3100.592,93.151292,199.812358,146.0,0.0,1232.0,20.0,65.911616,934.86,805.9742,6.0,212.0,108.520102,58.0,0.0,0.0,0.0,2.5034,67.258228,66.0,58.0,6.0,2654.466162,-17.6,-8.740986,0,5.0,Low
0.0,0.0,2.0,0.0,2.0,0.0,0.0,2.0,0.0,0.0,16.0,0.0,0.0,0.0,0.0,0.0,0.0,0.0,0.0,0.0,0.0,0.0,0.0,0.0,0.0,0.0,0.0,0.0,22.0,108.0,147.64077400000002,0.0,3383.108,121.429602,219.557922,164.0,0.0,1352.0,8.0,73.851146,804.9200000000001,898.6884,6.0,232.0,139.032422,58.0,0.0,0.0,0.0,10.8336,62.765428,68.0,58.0,8.0,2692.379124,-17.68,-8.598724,2,0.0,High
3.0,0.0,0.0,0.0,0.0,0.0,2.0,0.0,0.0,2.0,0.0,0.0,0.0,0.0,0.0,0.0,15.0,0.0,0.0,0.0,0.0,0.0,0.0,0.0,0.0,0.0,0.0,0.0,22.0,44.0,92.831063,2.0,2310.721,82.528156,144.400859,101.0,0.0,900.0,7.0,43.593427,905.19,550.8351,-8.0,157.0,67.816597,46.0,0.0,2.0,2.0,-19.5351,59.033211,56.0,46.0,7.0,1915.202941,-16.87,-8.653662,0,8.0,Low
3.0,0.0,0.0,0.0,0.0,0.0,3.0,0.0,0.0,0.0,0.0,0.0,0.0,0.0,0.0,12.0,0.0,0.0,0.0,0.0,0.0,0.0,0.0,0.0,0.0,0.0,4.0,0.0,22.0,87.0,153.565626,4.0,3747.48,93.172179,236.139397,165.0,0.0,1478.0,34.0,77.422714,1315.12,922.8058,6.0,254.0,120.060424,80.0,0.0,4.0,4.0,-8.906099999999999,60.48511400000001,89.0,80.0,6.0,3578.193214,-18.19,-8.692634,0,5.0,Low
0.0,0.0,2.0,0.0,2.0,0.0,0.0,2.0,0.0,0.0,0.0,0.0,0.0,0.0,0.0,16.0,0.0,0.0,0.0,0.0,0.0,0.0,0.0,0.0,0.0,0.0,0.0,0.0,22.0,76.0,135.712918,0.0,3158.676,96.124162,203.557922,148.0,0.0,1256.0,24.0,66.26610600000001,980.92,822.0452,6.0,216.0,103.782294,58.0,0.0,0.0,0.0,0.3680000000000003,68.528244,68.0,58.0,8.0,2821.219652,-17.68,-8.784062,0,5.0,Low
0.0,2.0,0.0,0.0,2.0,0.0,0.0,2.0,0.0,0.0,0.0,0.0,0.0,0.0,16.0,0.0,0.0,0.0,0.0,0.0,0.0,0.0,0.0,0.0,0.0,0.0,0.0,0.0,22.0,74.0,149.690624,0.0,3339.3100000000004,98.382896,217.732358,162.0,0.0,1340.0,40.0,73.87927400000001,1025.72,919.1424,6.0,230.0,101.35285199999998,42.0,0.0,0.0,0.0,-1.0281999999999998,70.271252,68.0,42.0,24.0,3167.370022,-17.68,-8.782533,0,5.0,Low
3.0,0.0,0.0,0.0,0.0,0.0,3.0,0.0,0.0,0.0,8.0,0.0,0.0,8.0,0.0,0.0,0.0,0.0,0.0,0.0,0.0,0.0,0.0,0.0,0.0,0.0,0.0,0.0,22.0,131.0,157.065198,0.0,3675.772,146.303435,240.408537,173.0,0.0,1462.0,6.0,80.278986,896.3599999999999,955.4674,6.0,250.0,164.395012,68.0,0.0,0.0,0.0,10.3955,58.405982,77.0,68.0,6.0,2830.892358,-17.71,-8.5947275,2,0.0,High
2.0,0.0,0.0,0.0,0.0,0.0,4.0,0.0,0.0,0.0,14.0,0.0,0.0,0.0,0.0,0.0,0.0,0.0,2.0,0.0,0.0,0.0,0.0,0.0,0.0,0.0,0.0,0.0,22.0,108.0,142.728718,0.0,3296.97,115.293552,213.812358,160.0,0.0,1316.0,6.0,72.54852600000001,780.86,873.037,6.0,226.0,139.36396399999998,58.0,0.0,0.0,0.0,11.660799999999998,62.21576399999999,66.0,58.0,6.0,2541.7307,-17.6,-8.562711,2,0.0,High
0.0,2.0,0.0,0.0,2.0,0.0,0.0,0.0,0.0,0.0,0.0,0.0,0.0,0.0,10.0,8.0,0.0,0.0,0.0,0.0,0.0,0.0,0.0,0.0,0.0,0.0,0.0,0.0,22.0,72.0,141.65838200000002,0.0,3232.95,93.0514,209.73235800000003,154.0,0.0,1292.0,34.0,69.387946,1040.5,867.3184,4.0,222.0,99.712114,50.0,0.0,0.0,0.0,1.6786,70.01599200000001,68.0,50.0,16.0,3022.342836,-17.68,-8.815408,1,3.0,Medium
0.0,4.0,0.0,0.0,0.0,0.0,0.0,0.0,2.0,0.0,8.0,0.0,0.0,8.0,0.0,0.0,0.0,0.0,0.0,0.0,0.0,0.0,0.0,0.0,0.0,0.0,0.0,0.0,22.0,128.0,156.555992,0.0,3664.248,146.991714,241.404716,170.0,0.0,1452.0,12.0,79.375266,936.36,960.48,6.0,248.0,164.11907,62.0,0.0,0.0,0.0,7.962600000000001,55.003348,78.0,62.0,12.0,2814.34462,-17.42,-8.599135,2,0.0,High
2.0,0.0,0.0,0.0,0.0,0.0,4.0,0.0,0.0,0.0,14.0,0.0,0.0,0.0,0.0,0.0,0.0,2.0,0.0,0.0,0.0,0.0,0.0,0.0,0.0,0.0,0.0,0.0,22.0,108.0,144.57401800000002,0.0,3325.024,113.393908,215.812358,162.0,0.0,1328.0,6.0,73.36178600000001,780.86,882.271,6.0,228.0,138.72950199999997,58.0,0.0,0.0,0.0,12.441,62.709696,66.0,58.0,6.0,2601.990716,-17.6,-8.56407,2,0.0,High
0.0,0.0,2.0,0.0,0.0,0.0,2.0,0.0,0.0,2.0,0.0,0.0,0.0,0.0,16.0,0.0,0.0,0.0,0.0,0.0,0.0,0.0,0.0,0.0,0.0,0.0,0.0,0.0,22.0,76.0,150.097216,2.0,3395.33,97.735806,217.630244,164.0,0.0,1360.0,40.0,75.917326,1044.18,927.4064,6.0,234.0,105.364338,44.0,0.0,2.0,2.0,-2.2608,67.008928,70.0,44.0,24.0,3223.222278,-17.759999999999998,-8.795409,0,5.0,Low
2.0,0.0,0.0,0.0,0.0,0.0,6.0,0.0,0.0,0.0,0.0,0.0,0.0,0.0,0.0,0.0,2.0,0.0,0.0,12.0,0.0,0.0,0.0,0.0,0.0,0.0,0.0,0.0,22.0,68.0,139.72897999999998,0.0,3046.906,92.22013,198.292358,156.0,0.0,1220.0,8.0,68.850072,688.1800000000001,832.8704,6.0,210.0,96.65944,44.0,0.0,0.0,0.0,13.3944,70.594514,54.0,44.0,8.0,2708.977118,-17.12,-8.518611,1,3.0,Medium
0.0,0.0,2.0,0.0,2.0,0.0,0.0,2.0,0.0,0.0,0.0,0.0,0.0,0.0,0.0,0.0,0.0,16.0,0.0,0.0,0.0,0.0,0.0,0.0,0.0,0.0,0.0,0.0,22.0,92.0,155.871206,0.0,3351.556,102.47933,220.197922,180.0,0.0,1352.0,8.0,80.52017000000001,657.24,947.2004,6.0,232.0,118.857478,42.0,0.0,0.0,0.0,29.2928,67.222964,52.0,42.0,8.0,2977.186068,-17.04,-8.479972,1,2.0,Medium
3.0,0.0,0.0,0.0,0.0,0.0,4.0,0.0,0.0,0.0,0.0,0.0,0.0,0.0,0.0,0.0,1.0,0.0,0.0,14.0,0.0,0.0,0.0,0.0,0.0,0.0,0.0,0.0,22.0,62.0,140.340841,0.0,3054.325,92.32221,200.328537,155.0,0.0,1216.0,7.0,67.612343,693.1099999999999,834.3911,6.0,209.0,94.563679,44.0,0.0,0.0,0.0,17.9891,67.87929100000001,54.0,44.0,7.0,2744.807697,-16.79,-8.456512,1,4.0,Medium
0.0,3.0,0.0,0.0,0.0,0.0,3.0,0.0,0.0,0.0,12.0,0.0,0.0,0.0,0.0,4.0,0.0,0.0,0.0,0.0,0.0,0.0,0.0,0.0,0.0,0.0,0.0,0.0,22.0,99.0,139.778791,0.0,3264.288,110.124611,212.728537,153.0,0.0,1294.0,13.0,69.395916,874.92,855.9067,6.0,222.0,132.162896,57.0,0.0,0.0,0.0,6.3653,60.190574,69.0,57.0,9.0,2582.052242,-17.389999999999997,-8.67887,1,3.0,Medium
0.0,3.0,0.0,0.0,4.0,0.0,0.0,0.0,0.0,0.0,14.0,0.0,0.0,0.0,0.0,0.0,1.0,0.0,0.0,0.0,0.0,0.0,0.0,0.0,0.0,0.0,0.0,0.0,22.0,104.0,151.68259,0.0,3443.6829999999995,116.619932,225.768537,167.0,0.0,1372.0,10.0,75.272773,830.73,918.2692,6.0,235.0,135.815601,55.0,0.0,0.0,0.0,10.7085,61.346487,68.0,55.0,10.0,2817.173969,-17.349999999999998,-8.641709,1,1.0,Medium
3.0,0.0,0.0,0.0,0.0,0.0,3.0,0.0,0.0,0.0,16.0,0.0,0.0,0.0,0.0,1.0,0.0,0.0,0.0,0.0,0.0,0.0,0.0,0.0,0.0,0.0,0.0,0.0,23.0,110.0,147.870533,0.0,3453.491,120.178851,224.898537,163.0,0.0,1370.0,7.0,73.576619,869.05,901.7742,6.0,235.0,145.064694,63.0,0.0,0.0,0.0,10.3607,62.143919,72.0,63.0,6.0,2667.31349,-18.22,-8.571934,2,0.0,High
4.0,5.0,0.0,0.0,0.0,0.0,5.0,0.0,0.0,0.0,0.0,0.0,0.0,0.0,0.0,0.0,8.0,0.0,0.0,0.0,0.0,0.0,0.0,0.0,0.0,0.0,0.0,0.0,22.0,65.0,122.740313,0.0,2924.412,100.555277,199.025611,123.0,0.0,1114.0,19.0,56.443044,974.2,739.2089000000001,6.0,190.0,105.64676,39.0,0.0,0.0,0.0,-14.6305,42.65161,67.0,39.0,19.0,2278.87305,-15.33,-8.671937,0,6.0,Low
2.0,0.0,0.0,0.0,0.0,0.0,4.0,0.0,0.0,0.0,0.0,0.0,0.0,0.0,0.0,0.0,0.0,0.0,0.0,8.0,8.0,0.0,0.0,0.0,0.0,0.0,0.0,0.0,22.0,54.0,143.072126,0.0,3072.984,101.528652,200.372358,160.0,0.0,1232.0,6.0,68.767838,651.64,850.495,6.0,212.0,88.134554,44.0,0.0,0.0,0.0,22.3256,72.681088,52.0,44.0,6.0,2769.655552,-17.04,-8.459989,1,4.0,Medium
0.0,0.0,2.0,0.0,2.0,0.0,0.0,2.0,0.0,0.0,0.0,0.0,0.0,0.0,0.0,0.0,0.0,0.0,0.0,16.0,0.0,0.0,0.0,0.0,0.0,0.0,0.0,0.0,22.0,60.0,147.167686,0.0,3127.124,96.714642,204.197922,164.0,0.0,1256.0,8.0,70.83409,657.24,872.9764,6.0,216.0,90.800854,42.0,0.0,0.0,0.0,23.0256,72.58226,52.0,42.0,8.0,2939.7230280000003,-17.04,-8.514205,1,2.0,Medium
4.0,0.0,0.0,3.0,0.0,0.0,0.0,0.0,0.0,0.0,0.0,0.0,0.0,0.0,14.0,0.0,1.0,0.0,0.0,0.0,0.0,0.0,0.0,0.0,0.0,0.0,0.0,0.0,22.0,73.0,145.494084,0.0,3300.996,99.081732,217.764716,155.0,0.0,1308.0,35.0,70.803525,1038.73,889.4254999999999,6.0,224.0,104.668702,44.0,0.0,0.0,0.0,-1.0759,62.880684,69.0,44.0,21.0,3044.450438,-17.06,-8.819707,1,4.0,Medium
1.0,3.0,0.0,0.0,0.0,0.0,2.0,0.0,0.0,0.0,0.0,0.0,0.0,0.0,16.0,0.0,0.0,0.0,0.0,0.0,0.0,0.0,0.0,0.0,0.0,0.0,0.0,0.0,22.0,72.0,145.16510699999998,0.0,3299.032,97.615986,217.724716,154.0,0.0,1308.0,41.0,70.75206,1074.92,897.4639,6.0,224.0,104.994926,41.0,0.0,0.0,0.0,-1.9708,62.85306,70.0,41.0,25.0,3031.257348,-17.1,-8.771368,0,5.0,Low
3.0,0.0,0.0,8.0,0.0,0.0,3.0,0.0,0.0,0.0,0.0,0.0,0.0,0.0,0.0,0.0,8.0,0.0,0.0,0.0,0.0,0.0,0.0,0.0,0.0,0.0,0.0,0.0,22.0,83.0,136.021022,0.0,3075.268,100.501627,201.048537,149.0,0.0,1222.0,14.0,68.55177799999998,821.0,809.6410000000001,6.0,210.0,105.7553,44.0,0.0,0.0,0.0,-10.1493,64.203838,61.0,44.0,14.0,2636.556254,-17.07,-8.753908,0,5.0,Low
0.0,3.0,0.0,0.0,5.0,0.0,0.0,0.0,0.0,0.0,12.0,0.0,0.0,0.0,0.0,0.0,2.0,0.0,0.0,0.0,0.0,0.0,0.0,0.0,0.0,0.0,0.0,0.0,22.0,101.0,152.61501700000002,0.0,3440.7270000000003,114.784794,225.808537,168.0,0.0,1372.0,11.0,75.737187,830.54,920.0499,6.0,235.0,131.36879899999997,53.0,0.0,0.0,0.0,8.934,62.400411,67.0,53.0,11.0,2867.911687,-17.31,-8.6654625,1,2.0,Medium
4.0,0.0,0.0,6.0,0.0,0.0,4.0,0.0,0.0,0.0,0.0,0.0,0.0,0.0,0.0,0.0,8.0,0.0,0.0,0.0,0.0,0.0,0.0,0.0,0.0,0.0,0.0,0.0,22.0,80.0,133.116012,0.0,3041.594,100.1709,200.044716,144.0,0.0,1200.0,14.0,66.17027399999999,844.2,793.1154000000001,6.0,206.0,105.866136,44.0,0.0,0.0,0.0,-10.8004,60.517098,62.0,44.0,14.0,2555.409322,-16.78,-8.738546,0,5.0,Low
2.0,0.0,0.0,0.0,0.0,0.0,4.0,0.0,0.0,0.0,8.0,0.0,0.0,0.0,0.0,0.0,0.0,0.0,0.0,0.0,7.0,0.0,0.0,0.0,0.0,0.0,0.0,0.0,21.0,77.0,137.207716,0.0,3072.8049999999994,108.81123200000002,199.842358,153.0,0.0,1228.0,6.0,67.46706999999999,699.18,827.309,6.0,211.0,109.583068,50.0,0.0,0.0,0.0,14.7155,64.036278,58.0,50.0,6.0,2526.615534,-16.57,-8.557767,1,3.0,Medium
1.0,0.0,0.0,16.0,0.0,0.0,2.0,3.0,0.0,0.0,0.0,0.0,0.0,0.0,0.0,0.0,0.0,0.0,0.0,0.0,0.0,0.0,0.0,0.0,0.0,0.0,0.0,0.0,22.0,123.0,183.906412,0.0,3924.106,117.978348,256.736179,205.0,0.0,1590.0,22.0,97.685735,699.48,1096.3678,22.0,272.0,141.84311200000002,44.0,0.0,0.0,0.0,-3.8833,73.104855,67.0,44.0,22.0,3550.384634,-17.97,-8.747466,0,5.0,Low
0.0,3.0,0.0,0.0,3.0,0.0,0.0,0.0,0.0,0.0,12.0,0.0,0.0,0.0,0.0,3.0,0.0,0.0,0.0,0.0,0.0,0.0,0.0,0.0,0.0,0.0,0.0,0.0,21.0,96.0,142.383168,0.0,3260.388,108.40082999999998,213.558537,156.0,0.0,1296.0,12.0,70.295394,828.39,864.4689000000001,6.0,222.0,127.360605,54.0,0.0,0.0,0.0,9.7686,58.339218,66.0,54.0,9.0,2681.175003,-16.56,-8.679994,1,3.0,Medium
2.0,0.0,0.0,2.0,0.0,0.0,2.0,0.0,0.0,0.0,0.0,0.0,0.0,0.0,0.0,0.0,0.0,0.0,0.0,16.0,0.0,0.0,0.0,0.0,0.0,0.0,0.0,0.0,22.0,62.0,144.91742399999998,0.0,3101.038,92.066738,202.372358,162.0,0.0,1244.0,6.0,70.324362,651.64,859.729,6.0,214.0,92.633024,44.0,0.0,0.0,0.0,23.1058,72.253442,52.0,44.0,6.0,2878.332946,-17.04,-8.361961,1,4.0,Medium
0.0,3.0,0.0,0.0,0.0,0.0,0.0,0.0,3.0,0.0,0.0,0.0,8.0,0.0,0.0,8.0,0.0,0.0,0.0,0.0,0.0,0.0,0.0,0.0,0.0,0.0,0.0,0.0,22.0,107.0,153.37612,0.0,3557.652,121.237603,232.408537,165.0,0.0,1414.0,20.0,75.703766,1001.16,929.45,6.0,242.0,135.10986000000003,62.0,0.0,0.0,0.0,2.6007,62.662494,77.0,62.0,12.0,3058.892694,-17.71,-8.676195,1,4.0,Medium
2.0,2.0,0.0,0.0,0.0,0.0,2.0,0.0,0.0,0.0,0.0,0.0,0.0,0.0,0.0,0.0,0.0,0.0,0.0,16.0,0.0,0.0,0.0,0.0,0.0,0.0,0.0,0.0,22.0,56.0,141.136204,0.0,3059.776,92.42429,202.364716,154.0,0.0,1212.0,8.0,66.596122,703.6400000000001,840.0132000000001,6.0,208.0,92.467918,42.0,0.0,0.0,0.0,21.7298,65.164068,54.0,42.0,8.0,2780.638276,-16.46,-8.459958,1,4.0,Medium
2.0,0.0,0.0,0.0,0.0,0.0,4.0,0.0,0.0,0.0,0.0,0.0,0.0,0.0,0.0,4.0,0.0,0.0,0.0,12.0,0.0,0.0,0.0,0.0,0.0,0.0,0.0,0.0,22.0,66.0,140.20843399999998,0.0,3080.872,90.900112,200.212358,156.0,0.0,1232.0,10.0,68.36910599999999,732.56,837.7622,6.0,212.0,96.265162,48.0,0.0,0.0,0.0,16.6612,70.955832,56.0,48.0,6.0,2784.107908,-17.200000000000003,-8.46837,1,4.0,Medium
2.0,0.0,0.0,0.0,0.0,0.0,4.0,0.0,0.0,0.0,10.0,0.0,0.0,0.0,0.0,6.0,0.0,0.0,0.0,0.0,0.0,0.0,0.0,0.0,0.0,0.0,0.0,0.0,22.0,98.0,139.072268,0.0,3244.806,106.273152,209.732358,154.0,0.0,1292.0,12.0,69.683768,865.3199999999999,847.4658,6.0,222.0,128.032572,60.0,0.0,0.0,0.0,6.209,64.31356,68.0,60.0,6.0,2614.705046,-17.68,-8.662073,1,3.0,Medium
2.0,0.0,0.0,0.0,0.0,0.0,4.0,0.0,0.0,0.0,0.0,0.0,0.0,0.0,0.0,6.0,0.0,0.0,0.0,10.0,0.0,0.0,0.0,0.0,0.0,0.0,0.0,0.0,22.0,68.0,138.776588,0.0,3084.816,90.826302,200.132358,154.0,0.0,1232.0,12.0,67.79810799999998,773.02,831.3958,6.0,212.0,97.887842,50.0,0.0,0.0,0.0,13.829,70.44908,58.0,50.0,6.0,2769.294986,-17.28,-8.5437155,1,4.0,Medium
0.0,0.0,3.0,0.0,2.0,0.0,0.0,1.0,0.0,0.0,0.0,0.0,0.0,0.0,0.0,0.0,0.0,0.0,0.0,16.0,0.0,0.0,0.0,0.0,0.0,0.0,0.0,0.0,22.0,60.0,148.321046,0.0,3162.601,98.760941,208.106883,164.0,0.0,1264.0,9.0,70.99792099999999,683.24,881.5865000000001,6.0,217.0,93.371721,41.0,0.0,0.0,0.0,23.898,69.387395,53.0,41.0,9.0,2955.350777,-16.75,-8.5332365,1,2.0,Medium
1.0,3.0,0.0,0.0,0.0,0.0,2.0,0.0,0.0,0.0,17.0,0.0,0.0,0.0,0.0,0.0,0.0,0.0,0.0,0.0,0.0,0.0,0.0,0.0,0.0,0.0,0.0,0.0,23.0,109.0,147.831565,0.0,3458.946,122.44872,226.894716,161.0,0.0,1366.0,9.0,72.814702,889.65,905.4249,6.0,234.0,146.991885,60.0,0.0,0.0,0.0,9.8629,58.381109,73.0,60.0,9.0,2642.713219,-17.93,-8.586773,2,0.0,High
2.0,0.0,0.0,0.0,0.0,0.0,4.0,0.0,0.0,0.0,0.0,0.0,0.0,0.0,0.0,0.0,0.0,8.0,8.0,0.0,0.0,0.0,0.0,0.0,0.0,0.0,0.0,0.0,22.0,94.0,144.394446,0.0,3185.2,104.410996,208.372358,168.0,0.0,1280.0,6.0,75.944142,651.64,887.7829999999999,6.0,220.0,123.614274,44.0,0.0,0.0,0.0,25.472,64.634312,52.0,44.0,6.0,2610.156728,-17.04,-8.417616,1,2.0,Medium
0.0,1.0,0.0,0.0,1.0,0.0,0.0,0.0,0.0,4.0,16.0,0.0,0.0,0.0,0.0,0.0,0.0,0.0,0.0,0.0,0.0,0.0,0.0,0.0,0.0,0.0,0.0,0.0,22.0,105.0,150.340257,4.0,3487.725,111.688318,217.880823,170.0,0.0,1396.0,7.0,77.658281,815.84,915.7083,6.0,241.0,136.974673,63.0,0.0,4.0,4.0,8.2666,60.770569,71.0,63.0,7.0,2926.930385,-18.13,-8.635991,2,0.0,High
0.0,2.0,0.0,10.0,4.0,0.0,0.0,0.0,0.0,0.0,0.0,0.0,0.0,0.0,0.0,6.0,0.0,0.0,0.0,0.0,0.0,0.0,0.0,0.0,0.0,0.0,0.0,0.0,22.0,108.0,177.12339400000002,0.0,3832.212,110.003304,251.732358,196.0,0.0,1544.0,24.0,91.43933,823.02,1057.1522,16.0,264.0,130.765442,48.0,0.0,0.0,0.0,2.8064,71.478624,68.0,48.0,18.0,3546.944354,-17.68,-8.749037,1,4.0,Medium
2.0,0.0,0.0,0.0,0.0,0.0,4.0,0.0,0.0,0.0,12.0,0.0,0.0,0.0,0.0,0.0,0.0,0.0,0.0,4.0,0.0,0.0,0.0,0.0,0.0,0.0,0.0,0.0,22.0,98.0,143.426942,0.0,3264.972,109.583952,211.892358,160.0,0.0,1304.0,6.0,71.773894,762.4000000000001,869.779,6.0,224.0,129.193478,56.0,0.0,0.0,0.0,13.1816,64.60671199999999,64.0,56.0,6.0,2628.225824,-17.52,-8.561437,1,1.0,Medium
3.0,0.0,0.0,0.0,0.0,0.0,3.0,0.0,0.0,0.0,0.0,0.0,8.0,0.0,0.0,8.0,0.0,0.0,0.0,0.0,0.0,0.0,0.0,0.0,0.0,0.0,0.0,0.0,22.0,107.0,152.82561399999997,0.0,3563.5560000000005,121.237603,232.408537,165.0,0.0,1414.0,14.0,75.039242,984.36,917.1458,6.0,242.0,135.10986000000003,68.0,0.0,0.0,0.0,5.1627,62.662494,77.0,68.0,6.0,3058.892694,-17.71,-8.665951,1,3.0,Medium
0.0,0.0,2.0,0.0,4.0,0.0,0.0,0.0,0.0,2.0,14.0,0.0,0.0,0.0,0.0,0.0,0.0,0.0,0.0,0.0,0.0,0.0,0.0,0.0,0.0,0.0,0.0,0.0,22.0,110.0,160.88341400000002,2.0,3635.554,119.12380000000002,233.630244,180.0,0.0,1456.0,10.0,82.13334400000001,813.8,973.7838,8.0,250.0,141.24169,58.0,0.0,2.0,2.0,11.2656,62.29755,70.0,58.0,10.0,3078.14172,-17.759999999999998,-8.643612,2,0.0,High
0.0,0.0,2.0,0.0,4.0,0.0,0.0,0.0,0.0,0.0,0.0,0.0,0.0,0.0,8.0,8.0,0.0,0.0,0.0,0.0,0.0,0.0,0.0,0.0,0.0,0.0,0.0,0.0,22.0,80.0,151.563578,0.0,3403.29,99.543914,221.557922,166.0,0.0,1364.0,32.0,75.159454,1003.32,921.2928,6.0,234.0,106.798336,50.0,0.0,0.0,0.0,3.9546,70.843748,68.0,50.0,16.0,3191.555866,-17.68,-8.829705,0,5.0,Low
0.0,0.0,2.0,0.0,0.0,0.0,4.0,0.0,0.0,0.0,8.0,0.0,0.0,0.0,8.0,0.0,0.0,0.0,0.0,0.0,0.0,0.0,0.0,0.0,0.0,0.0,0.0,0.0,22.0,96.0,146.87496199999998,0.0,3347.182,109.524502,217.557922,162.0,0.0,1340.0,24.0,74.26373,915.32,904.3864,6.0,230.0,125.3741,50.0,0.0,0.0,0.0,4.518999999999999,65.905416,68.0,50.0,16.0,2838.343414,-17.68,-8.779966,0,5.0,Low
0.0,0.0,3.0,0.0,3.0,0.0,0.0,0.0,0.0,0.0,8.0,0.0,0.0,0.0,8.0,0.0,0.0,0.0,0.0,0.0,0.0,0.0,0.0,0.0,0.0,0.0,0.0,0.0,22.0,94.0,154.603516,0.0,3480.848,113.978601,228.466883,169.0,0.0,1390.0,25.0,76.822423,941.32,945.1835,6.0,238.0,125.372638,49.0,0.0,0.0,0.0,8.1125,64.04547500000001,69.0,49.0,17.0,3049.875856,-17.39,-8.776509,0,5.0,Low
3.0,0.0,0.0,0.0,0.0,0.0,1.0,0.0,0.0,2.0,0.0,0.0,0.0,0.0,16.0,0.0,0.0,0.0,0.0,0.0,0.0,0.0,0.0,0.0,0.0,0.0,0.0,0.0,22.0,71.0,147.439788,2.0,3363.624,94.900643,216.800859,159.0,0.0,1338.0,38.0,73.12757400000001,1061.78,906.7794,6.0,230.0,103.113386,46.0,0.0,2.0,2.0,-2.0579,63.606294,71.0,46.0,22.0,3183.702462,-17.47,-8.81437,1,4.0,Medium
2.0,0.0,2.0,0.0,0.0,0.0,2.0,0.0,0.0,0.0,17.0,0.0,0.0,0.0,0.0,0.0,0.0,0.0,0.0,0.0,0.0,0.0,0.0,0.0,0.0,0.0,0.0,0.0,23.0,111.0,149.15402799999998,0.0,3487.984,125.972162,228.72028,163.0,0.0,1378.0,8.0,73.703948,886.85,912.6082,6.0,236.0,148.966895,61.0,0.0,0.0,0.0,11.0701,58.381109,73.0,61.0,8.0,2665.685297,-17.93,-8.578525,2,0.0,High
1.0,0.0,0.0,0.0,0.0,0.0,5.0,0.0,0.0,0.0,6.0,0.0,10.0,0.0,0.0,0.0,0.0,0.0,0.0,0.0,0.0,0.0,0.0,0.0,0.0,0.0,0.0,0.0,22.0,133.0,164.98497600000002,0.0,3775.118,136.873603,244.336179,183.0,0.0,1518.0,6.0,83.93621200000001,868.42,991.6886,6.0,260.0,156.22668199999998,70.0,0.0,0.0,0.0,10.1705,66.844158,77.0,70.0,6.0,3138.725486,-18.37,-8.587326,2,0.0,High
0.0,0.0,2.0,0.0,0.0,8.0,4.0,0.0,0.0,0.0,9.0,0.0,0.0,0.0,0.0,0.0,0.0,0.0,0.0,0.0,0.0,0.0,0.0,0.0,0.0,0.0,0.0,0.0,23.0,109.0,161.731812,0.0,3611.632,126.969484,234.727922,177.0,0.0,1446.0,16.0,81.346516,802.1299999999999,973.605,14.0,248.0,138.42573900000002,53.0,0.0,0.0,0.0,-1.2033000000000005,68.093137,71.0,53.0,16.0,3040.7983810000005,-18.51,-8.674706,1,3.0,Medium
0.0,0.0,2.0,0.0,0.0,0.0,4.0,0.0,0.0,0.0,10.0,0.0,0.0,0.0,0.0,0.0,6.0,0.0,0.0,0.0,0.0,0.0,0.0,0.0,0.0,0.0,0.0,0.0,22.0,88.0,123.965522,0.0,2916.364,106.689314,187.797922,138.0,0.0,1160.0,8.0,61.83607799999999,832.52,754.8724000000001,0.0,200.0,114.60114199999998,52.0,0.0,0.0,0.0,-0.9190000000000004,63.178096,62.0,52.0,8.0,2268.329262,-17.439999999999998,-8.635831,1,3.0,Medium
0.0,0.0,3.0,0.0,3.0,0.0,0.0,0.0,0.0,0.0,12.0,0.0,0.0,0.0,4.0,0.0,0.0,0.0,0.0,0.0,0.0,0.0,0.0,0.0,0.0,0.0,0.0,0.0,22.0,102.0,153.7375,0.0,3484.784,118.859417,228.466883,169.0,0.0,1390.0,17.0,76.565391,886.1199999999999,937.7615,6.0,238.0,134.298778,53.0,0.0,0.0,0.0,10.8829,62.169019000000006,69.0,53.0,13.0,2925.3851119999995,-17.389999999999997,-8.694691,1,4.0,Medium
0.0,0.0,2.0,0.0,2.0,0.0,0.0,0.0,0.0,2.0,0.0,0.0,0.0,0.0,16.0,0.0,0.0,0.0,0.0,0.0,0.0,0.0,0.0,0.0,0.0,0.0,0.0,0.0,22.0,76.0,155.423488,2.0,3479.492,99.071872,223.630244,170.0,0.0,1396.0,40.0,78.261448,1044.18,955.0204,6.0,240.0,104.888988,44.0,0.0,2.0,2.0,0.0734000000000001,68.03739,70.0,44.0,24.0,3367.618372,-17.759999999999998,-8.791675,0,5.0,Low
2.0,0.0,2.0,0.0,0.0,0.0,2.0,0.0,0.0,0.0,0.0,0.0,0.0,0.0,15.0,0.0,0.0,0.0,0.0,0.0,0.0,0.0,0.0,0.0,0.0,0.0,0.0,0.0,21.0,71.0,140.14054399999998,0.0,3184.884,97.050162,210.38028000000003,149.0,0.0,1262.0,38.0,68.486278,1022.79,865.1427,6.0,216.0,102.90907199999998,40.0,0.0,0.0,0.0,-0.8231,59.350073,67.0,40.0,23.0,2913.687893,-16.27,-8.824825,0,5.0,Low
2.0,0.0,0.0,0.0,0.0,0.0,4.0,0.0,0.0,0.0,0.0,0.0,0.0,0.0,8.0,0.0,0.0,8.0,0.0,0.0,0.0,0.0,0.0,0.0,0.0,0.0,0.0,0.0,22.0,86.0,149.392462,0.0,3305.32,96.525924,216.05235800000003,168.0,0.0,1328.0,22.0,76.376734,835.88,915.307,6.0,228.0,113.311618,44.0,0.0,0.0,0.0,13.8224,68.134184,60.0,44.0,14.0,2957.774808,-17.36,-8.727913,0,5.0,Low
0.0,0.0,2.0,0.0,4.0,0.0,0.0,0.0,0.0,0.0,10.0,0.0,0.0,0.0,6.0,0.0,0.0,0.0,0.0,0.0,0.0,0.0,0.0,0.0,0.0,0.0,0.0,0.0,22.0,100.0,157.094498,0.0,3517.474,114.637042,229.557922,174.0,0.0,1412.0,20.0,78.823458,887.72,955.9034,6.0,242.0,128.88647,52.0,0.0,0.0,0.0,10.5726,67.024112,68.0,52.0,14.0,3064.89023,-17.68,-8.725841,0,5.0,Low
0.0,2.0,0.0,0.0,2.0,0.0,2.0,0.0,0.0,0.0,0.0,0.0,0.0,0.0,16.0,0.0,0.0,0.0,0.0,0.0,0.0,0.0,0.0,0.0,0.0,0.0,0.0,0.0,22.0,78.0,152.519052,0.0,3395.418,97.575494,221.732358,166.0,0.0,1364.0,40.0,76.121916,1025.72,937.6104,6.0,234.0,105.07146,42.0,0.0,0.0,0.0,0.5322,70.68679,68.0,42.0,24.0,3208.748918,-17.68,-8.780148,0,5.0,Low
0.0,0.0,0.0,0.0,4.0,0.0,0.0,4.0,0.0,6.0,0.0,0.0,0.0,0.0,0.0,0.0,8.0,0.0,0.0,0.0,0.0,0.0,0.0,0.0,0.0,0.0,0.0,0.0,22.0,72.0,141.28532,6.0,3204.0800000000004,92.56651,194.276966,160.0,0.0,1288.0,14.0,73.62502599999999,806.78,837.3998000000001,6.0,224.0,93.269876,50.0,0.0,6.0,6.0,-15.8268,66.552964,64.0,50.0,14.0,3041.5292160000004,-18.18,-8.812887,0,5.0,Low
0.0,4.0,0.0,0.0,4.0,0.0,0.0,0.0,0.0,0.0,12.0,0.0,0.0,0.0,0.0,0.0,2.0,0.0,0.0,0.0,0.0,0.0,0.0,0.0,0.0,0.0,0.0,0.0,22.0,98.0,148.98392,0.0,3392.042,114.80504,223.804716,162.0,0.0,1344.0,12.0,73.10763600000001,856.54,901.002,6.0,230.0,131.33053199999998,52.0,0.0,0.0,0.0,7.468999999999999,58.483546,68.0,52.0,12.0,2779.165902,-17.02,-8.663227,1,2.0,Medium
2.0,0.0,0.0,0.0,0.0,0.0,4.0,0.0,0.0,0.0,0.0,8.0,0.0,0.0,8.0,0.0,0.0,0.0,0.0,0.0,0.0,0.0,0.0,0.0,0.0,0.0,0.0,0.0,22.0,86.0,139.62039,0.0,3208.88,103.798852,207.73235800000003,152.0,0.0,1280.0,22.0,69.042222,909.72,854.115,6.0,220.0,115.53565799999998,52.0,0.0,0.0,0.0,1.4719999999999998,66.158456,68.0,52.0,14.0,2727.82932,-17.68,-8.773516,0,5.0,Low
0.0,0.0,2.0,0.0,4.0,0.0,0.0,0.0,0.0,0.0,0.0,0.0,0.0,0.0,0.0,0.0,0.0,0.0,6.0,0.0,0.0,0.0,10.0,0.0,0.0,0.0,0.0,0.0,22.0,126.0,188.405646,0.0,3968.744,125.328206,264.197922,224.0,0.0,1616.0,8.0,101.985664,657.24,1149.5603999999998,6.0,276.0,149.676372,42.0,0.0,0.0,0.0,45.0098,71.207068,52.0,42.0,8.0,3557.59571,-17.04,-8.495514,1,2.0,Medium
0.0,0.0,2.0,0.0,4.0,0.0,0.0,0.0,0.0,8.0,0.0,0.0,0.0,0.0,0.0,8.0,0.0,0.0,0.0,0.0,0.0,0.0,0.0,0.0,0.0,0.0,0.0,0.0,22.0,88.0,170.18330600000002,8.0,3859.866,97.967682,237.84721,190.0,0.0,1540.0,24.0,89.427126,928.44,1022.5024,14.0,266.0,120.514656,58.0,0.0,8.0,8.0,-4.355,59.443324,76.0,58.0,16.0,3742.524802,-18.0,-8.812284,1,4.0,Medium
0.0,0.0,2.0,0.0,4.0,0.0,0.0,0.0,0.0,0.0,8.0,0.0,0.0,0.0,8.0,0.0,0.0,0.0,0.0,0.0,0.0,0.0,0.0,0.0,0.0,0.0,0.0,0.0,22.0,96.0,157.52750600000002,0.0,3515.5060000000003,112.196634,229.557922,174.0,0.0,1412.0,24.0,78.951974,915.32,959.6144,6.0,242.0,124.4234,50.0,0.0,0.0,0.0,9.1874,67.96234,68.0,50.0,16.0,3127.135602,-17.68,-8.756416,0,5.0,Low
3.0,0.0,0.0,0.0,0.0,0.0,2.0,0.0,0.0,1.0,15.0,0.0,0.0,0.0,0.0,0.0,0.0,0.0,0.0,0.0,0.0,0.0,0.0,0.0,0.0,0.0,0.0,0.0,21.0,100.0,137.100091,1.0,3207.188,110.127969,207.594698,151.0,0.0,1270.0,6.0,68.43890999999999,796.22,835.3544,6.0,218.0,133.604288,58.0,0.0,1.0,1.0,8.8911,54.391297,67.0,58.0,6.0,2508.371951,-16.6,-8.612213,1,1.0,Medium
4.0,0.0,0.0,0.0,0.0,0.0,2.0,0.0,0.0,0.0,14.0,0.0,0.0,0.0,2.0,0.0,0.0,0.0,0.0,0.0,0.0,0.0,0.0,0.0,0.0,0.0,0.0,0.0,22.0,100.0,141.858798,0.0,3315.76,114.698842,217.724716,154.0,0.0,1308.0,10.0,69.520186,873.32,865.3348000000001,6.0,224.0,136.236416,58.0,0.0,0.0,0.0,9.006599999999999,56.285464,70.0,58.0,8.0,2595.539744,-17.099999999999998,-8.6342945,1,2.0,Medium
2.0,0.0,0.0,9.0,0.0,0.0,4.0,0.0,0.0,0.0,0.0,0.0,0.0,0.0,0.0,6.0,0.0,0.0,0.0,0.0,0.0,0.0,0.0,0.0,0.0,0.0,0.0,0.0,21.0,102.0,157.435318,0.0,3479.581,101.9159,227.562358,174.0,0.0,1396.0,21.0,81.754227,786.68,945.1381,15.0,239.0,125.055386,48.0,0.0,0.0,0.0,-1.0384,65.877013,65.0,48.0,15.0,3084.388607,-16.85,-8.792455,1,4.0,Medium
0.0,2.0,2.0,0.0,2.0,0.0,0.0,0.0,0.0,16.0,0.0,0.0,0.0,0.0,0.0,0.0,0.0,0.0,0.0,0.0,0.0,0.0,0.0,0.0,0.0,0.0,0.0,0.0,22.0,90.0,189.2368,16.0,4323.416,99.32303,258.128856,210.0,0.0,1708.0,26.0,102.74228,927.96,1138.7818,22.0,296.0,133.927226,56.0,0.0,16.0,16.0,-15.9026,41.080674,86.0,56.0,26.0,4300.563392,-17.740000000000002,-8.904549,1,4.0,Medium
3.0,0.0,0.0,0.0,0.0,0.0,3.0,0.0,0.0,2.0,0.0,0.0,0.0,0.0,13.0,0.0,0.0,0.0,0.0,0.0,0.0,0.0,0.0,0.0,0.0,0.0,0.0,0.0,21.0,74.0,144.257472,2.0,3278.562,92.44438300000002,211.630859,156.0,0.0,1304.0,34.0,72.399932,975.27,884.4013,8.0,224.0,104.639084,44.0,0.0,2.0,2.0,-2.9558,59.902601,68.0,44.0,21.0,3045.005787,-16.64,-8.851901,1,4.0,Medium
2.0,0.0,0.0,0.0,0.0,0.0,4.0,0.0,0.0,0.0,0.0,0.0,0.0,0.0,12.0,4.0,0.0,0.0,0.0,0.0,0.0,0.0,0.0,0.0,0.0,0.0,0.0,0.0,22.0,78.0,143.161298,0.0,3261.052,94.793884,211.732358,156.0,0.0,1304.0,34.0,71.402994,1008.92,879.3122,6.0,224.0,105.660418,48.0,0.0,0.0,0.0,-0.7940000000000002,69.22257599999999,68.0,48.0,18.0,2972.072212,-17.68,-8.833893,1,4.0,Medium
0.0,0.0,2.0,0.0,4.0,0.0,0.0,0.0,0.0,0.0,0.0,0.0,8.0,0.0,0.0,7.0,0.0,0.0,0.0,0.0,0.0,0.0,0.0,0.0,0.0,0.0,0.0,0.0,21.0,109.0,160.75055500000002,0.0,3633.443,123.017018,237.067922,176.0,0.0,1456.0,15.0,79.900533,920.23,960.142,6.0,249.0,132.32084600000002,63.0,0.0,0.0,0.0,9.5302,64.728003,73.0,63.0,8.0,3269.733318,-17.169999999999998,-8.700374,1,4.0,Medium
0.0,2.0,0.0,0.0,2.0,0.0,0.0,0.0,0.0,2.0,0.0,0.0,0.0,0.0,16.0,0.0,0.0,0.0,0.0,0.0,0.0,0.0,0.0,0.0,0.0,0.0,0.0,0.0,22.0,74.0,154.009274,2.0,3451.438,95.54843,221.80468,168.0,0.0,1384.0,40.0,77.261448,1044.18,945.7864,6.0,238.0,102.913978,44.0,0.0,2.0,2.0,-0.7067999999999999,68.03739,70.0,44.0,24.0,3344.646294,-17.759999999999998,-8.797785,0,5.0,Low
1.0,0.0,0.0,0.0,0.0,8.0,5.0,0.0,0.0,0.0,0.0,0.0,8.0,0.0,0.0,0.0,0.0,0.0,0.0,0.0,0.0,0.0,0.0,0.0,0.0,0.0,0.0,0.0,22.0,121.0,171.367326,0.0,3799.42,134.887645,246.416179,187.0,0.0,1530.0,14.0,86.47433000000001,811.64,1016.4642,14.0,262.0,142.193768,60.0,0.0,0.0,0.0,-1.8779,69.49311399999999,75.0,60.0,14.0,3369.5855140000003,-18.29,-8.639732,1,3.0,Medium
3.0,0.0,0.0,0.0,0.0,0.0,3.0,0.0,0.0,4.0,13.0,0.0,0.0,0.0,0.0,0.0,0.0,0.0,0.0,0.0,0.0,0.0,0.0,0.0,0.0,0.0,0.0,0.0,23.0,108.0,158.791904,4.0,3691.87,116.091509,234.043181,176.0,0.0,1464.0,10.0,81.441552,875.81,964.5912,10.0,252.0,145.199847,63.0,0.0,4.0,4.0,4.089600000000001,57.959987,76.0,63.0,10.0,3059.236169,-18.38,-8.640622,1,2.0,Medium
0.0,2.0,0.0,0.0,4.0,0.0,0.0,0.0,0.0,0.0,8.0,0.0,0.0,0.0,8.0,0.0,0.0,0.0,0.0,0.0,0.0,0.0,0.0,0.0,0.0,0.0,0.0,0.0,22.0,94.0,156.113292,0.0,3487.452,108.673192,227.73235800000003,172.0,0.0,1400.0,24.0,77.951974,915.32,950.3804,6.0,240.0,122.44839,50.0,0.0,0.0,0.0,8.4072,67.96234,68.0,50.0,16.0,3104.163524,-17.68,-8.760058,0,5.0,Low
0.0,3.0,0.0,0.0,0.0,0.0,3.0,0.0,0.0,4.0,12.0,0.0,0.0,0.0,0.0,0.0,0.0,0.0,0.0,0.0,0.0,0.0,0.0,0.0,0.0,0.0,0.0,0.0,22.0,103.0,152.93663500000002,4.0,3544.748,110.782039,224.873181,169.0,0.0,1406.0,13.0,78.683044,848.6800000000001,933.0943,10.0,242.0,138.907448,57.0,0.0,4.0,4.0,2.0565,54.926114,73.0,57.0,13.0,2949.817322,-17.549999999999997,-8.68597,1,3.0,Medium
6.0,0.0,0.0,0.0,0.0,0.0,0.0,0.0,0.0,0.0,2.0,0.0,0.0,0.0,8.0,6.0,0.0,0.0,0.0,0.0,0.0,0.0,0.0,0.0,0.0,0.0,0.0,0.0,22.0,70.0,136.565452,0.0,3214.454,99.264636,213.717074,142.0,0.0,1252.0,28.0,63.924856000000005,1068.52,833.1434000000002,6.0,214.0,109.076524,52.0,0.0,0.0,0.0,1.1846,54.455936,72.0,52.0,14.0,2797.495582,-16.52,-8.769123,0,5.0,Low
2.0,0.0,4.0,0.0,0.0,0.0,0.0,0.0,0.0,0.0,10.0,0.0,0.0,0.0,6.0,0.0,0.0,0.0,0.0,0.0,0.0,0.0,0.0,0.0,0.0,0.0,0.0,0.0,22.0,90.0,143.80082199999998,0.0,3352.756,118.241468,223.368202,152.0,0.0,1312.0,22.0,69.08374599999999,986.12,884.8444,6.0,224.0,130.708412,50.0,0.0,0.0,0.0,6.3468,51.356652,72.0,50.0,16.0,2732.879168,-16.52,-8.724436,0,5.0,Low
2.0,0.0,0.0,7.0,0.0,0.0,4.0,0.0,0.0,0.0,8.0,0.0,0.0,0.0,0.0,0.0,0.0,0.0,0.0,0.0,0.0,0.0,0.0,0.0,0.0,0.0,0.0,0.0,21.0,112.0,156.465248,0.0,3479.5329999999994,111.193836,227.562358,174.0,0.0,1396.0,13.0,81.229455,730.26,943.8079,13.0,239.0,137.53746999999998,50.0,0.0,0.0,0.0,4.3296,62.694329,65.0,50.0,13.0,2907.3839850000004,-16.849999999999998,-8.706826,1,2.0,Medium
3.0,0.0,0.0,0.0,0.0,0.0,3.0,0.0,0.0,0.0,11.0,0.0,0.0,0.0,4.0,0.0,0.0,0.0,0.0,0.0,0.0,0.0,0.0,0.0,0.0,0.0,0.0,0.0,21.0,94.0,137.220996,0.0,3175.242,106.260685,207.558537,150.0,0.0,1260.0,14.0,68.126176,842.19,838.6884,6.0,216.0,125.756889,53.0,0.0,0.0,0.0,6.7402,57.592453000000006,66.0,53.0,10.0,2564.914007,-16.56,-8.71055,1,4.0,Medium
3.0,0.0,0.0,0.0,0.0,0.0,3.0,0.0,0.0,0.0,6.0,0.0,0.0,0.0,10.0,0.0,0.0,0.0,0.0,0.0,0.0,0.0,0.0,0.0,0.0,0.0,0.0,0.0,22.0,87.0,144.650542,0.0,3313.508,104.248931,216.728537,157.0,0.0,1318.0,26.0,71.60249400000001,960.52,887.4704,6.0,226.0,118.66007799999998,50.0,0.0,0.0,0.0,3.3367,63.441010000000006,69.0,50.0,16.0,2861.06897,-17.39,-8.809266,0,5.0,Low
3.0,0.0,0.0,0.0,0.0,14.0,4.0,0.0,0.0,0.0,0.0,0.0,0.0,0.0,0.0,0.0,1.0,0.0,0.0,0.0,0.0,0.0,0.0,0.0,0.0,0.0,0.0,0.0,22.0,90.0,159.05692299999998,0.0,3475.025,118.10209,227.768537,169.0,0.0,1384.0,21.0,78.137907,755.27,938.1129,20.0,237.0,117.353481,44.0,0.0,0.0,0.0,-13.7055,64.376393,68.0,44.0,21.0,3126.9125950000007,-17.349999999999998,-8.761862,0,5.0,Low
2.0,0.0,0.0,0.0,0.0,8.0,4.0,0.0,0.0,8.0,0.0,0.0,0.0,0.0,0.0,0.0,0.0,0.0,0.0,0.0,0.0,0.0,0.0,0.0,0.0,0.0,0.0,0.0,22.0,94.0,174.355334,8.0,3890.08,106.798708,240.021646,192.0,0.0,1552.0,22.0,91.815974,796.52,1038.6742,22.0,268.0,126.02237,52.0,0.0,8.0,8.0,-15.732,57.411752,76.0,52.0,22.0,3708.357880000001,-18.0,-8.825021,1,4.0,Medium
3.0,0.0,0.0,0.0,0.0,0.0,3.0,0.0,0.0,0.0,9.0,0.0,0.0,0.0,6.0,0.0,0.0,0.0,0.0,0.0,0.0,0.0,0.0,0.0,0.0,0.0,0.0,0.0,21.0,90.0,137.654004,0.0,3173.274,103.820277,207.558537,150.0,0.0,1260.0,18.0,68.254692,869.79,842.3994,6.0,216.0,121.293819,51.0,0.0,0.0,0.0,5.355,58.530681,66.0,51.0,12.0,2627.159379,-16.56,-8.756061,0,5.0,Low
2.0,0.0,0.0,0.0,0.0,0.0,0.0,4.0,0.0,0.0,0.0,0.0,0.0,0.0,8.0,8.0,0.0,0.0,0.0,0.0,0.0,0.0,0.0,0.0,0.0,0.0,0.0,0.0,22.0,70.0,133.65646199999998,0.0,3096.664,94.963144,199.732358,144.0,0.0,1232.0,30.0,64.76441799999999,997.72,815.7934,6.0,212.0,98.33681,52.0,0.0,0.0,0.0,-3.7608,67.955748,68.0,52.0,14.0,2797.033808,-17.68,-8.80812,0,5.0,Low
0.0,1.0,1.0,0.0,0.0,0.0,4.0,0.0,0.0,0.0,0.0,0.0,0.0,0.0,15.0,0.0,0.0,0.0,0.0,0.0,0.0,0.0,0.0,0.0,0.0,0.0,0.0,0.0,21.0,76.0,141.552861,0.0,3182.097,93.911883,207.47514,154.0,0.0,1276.0,38.0,71.122766,976.39,875.1089,6.0,219.0,102.47345099999998,40.0,0.0,0.0,0.0,-1.4714,66.155341,65.0,40.0,23.0,2935.29733,-16.85,-8.833257,0,5.0,Low
1.0,0.0,0.0,3.0,0.0,0.0,2.0,0.0,0.0,0.0,0.0,0.0,0.0,0.0,0.0,0.0,0.0,16.0,0.0,0.0,0.0,0.0,0.0,0.0,0.0,0.0,0.0,0.0,22.0,97.0,155.60330499999998,0.0,3345.117,97.65265,218.376179,182.0,0.0,1356.0,6.0,81.985316,628.44,945.8616,6.0,233.0,120.772201,44.0,0.0,0.0,0.0,29.634,70.438833,51.0,44.0,6.0,2964.643321,-17.33,-8.347375,1,4.0,Medium
4.0,0.0,0.0,0.0,0.0,0.0,4.0,0.0,0.0,2.0,0.0,0.0,0.0,12.0,0.0,0.0,0.0,0.0,0.0,0.0,0.0,0.0,0.0,0.0,0.0,0.0,0.0,0.0,22.0,140.0,171.980992,2.0,4014.696,158.276078,261.317038,188.0,0.0,1592.0,10.0,89.621614,955.78,1041.3026,10.0,272.0,175.918364,70.0,0.0,2.0,2.0,4.904800000000001,53.657048,84.0,70.0,10.0,3218.94758,-17.66,-8.6014,1,1.0,Medium
2.0,0.0,2.0,2.0,0.0,0.0,0.0,0.0,0.0,0.0,16.0,0.0,0.0,0.0,0.0,0.0,0.0,0.0,0.0,0.0,0.0,0.0,0.0,0.0,0.0,0.0,0.0,0.0,22.0,106.0,144.868804,0.0,3371.8679999999995,121.681698,221.55028,158.0,0.0,1332.0,8.0,71.42643799999999,851.32,884.1931999999999,6.0,228.0,142.28771799999998,58.0,0.0,0.0,0.0,11.0982,55.631342,70.0,58.0,8.0,2620.865644,-17.1,-8.602714,2,0.0,High
3.0,0.0,0.0,0.0,0.0,0.0,3.0,0.0,0.0,0.0,10.0,0.0,6.0,0.0,0.0,0.0,0.0,0.0,0.0,0.0,0.0,0.0,0.0,0.0,0.0,0.0,0.0,0.0,22.0,119.0,154.713532,0.0,3587.666,129.530485,234.488537,169.0,0.0,1426.0,6.0,76.8638,877.9000000000001,933.8294,6.0,244.0,149.79505,66.0,0.0,0.0,0.0,10.3623,59.523282,75.0,66.0,6.0,2883.31485,-17.63,-8.5858555,2,0.0,High
3.0,0.0,0.0,0.0,0.0,0.0,3.0,0.0,0.0,6.0,12.0,0.0,0.0,0.0,0.0,0.0,0.0,0.0,0.0,0.0,0.0,0.0,0.0,0.0,0.0,0.0,0.0,0.0,24.0,111.0,170.010366,6.0,3948.216,118.566513,247.285503,189.0,0.0,1566.0,12.0,88.227756,920.22,1031.2536,12.0,270.0,150.458256,66.0,0.0,6.0,6.0,1.3791000000000002,59.081982,81.0,66.0,12.0,3368.6426220000003,-19.29,-8.637773,1,2.0,Medium
1.0,0.0,0.0,0.0,0.0,0.0,2.0,0.0,0.0,5.0,14.0,0.0,0.0,0.0,0.0,0.0,0.0,0.0,0.0,0.0,0.0,0.0,0.0,0.0,0.0,0.0,0.0,0.0,22.0,105.0,151.928199,5.0,3530.794,109.199351,218.916984,172.0,0.0,1412.0,8.0,79.50113400000001,812.69,924.776,8.0,244.0,137.25709899999998,63.0,0.0,5.0,5.0,4.683399999999999,59.66916,72.0,63.0,8.0,2986.771256,-18.17,-8.653108,1,2.0,Medium
2.0,0.0,0.0,2.0,0.0,0.0,0.0,0.0,2.0,0.0,16.0,0.0,0.0,0.0,0.0,0.0,0.0,0.0,0.0,0.0,0.0,0.0,0.0,0.0,0.0,0.0,0.0,0.0,22.0,110.0,145.574014,0.0,3355.054,116.781698,217.732358,162.0,0.0,1340.0,8.0,73.562926,804.9200000000001,889.5424,6.0,230.0,140.864592,58.0,0.0,0.0,0.0,10.0598,62.43661,68.0,58.0,8.0,2630.989042,-17.68,-8.597001,2,0.0,High
3.0,0.0,0.0,0.0,0.0,0.0,3.0,0.0,0.0,0.0,0.0,0.0,0.0,0.0,6.0,10.0,0.0,0.0,0.0,0.0,0.0,0.0,0.0,0.0,0.0,0.0,0.0,0.0,22.0,75.0,136.329616,0.0,3177.174,93.313847,206.728537,147.0,0.0,1258.0,28.0,66.604812,1015.32,832.1464000000001,6.0,216.0,105.554888,54.0,0.0,0.0,0.0,-0.4338999999999999,65.166314,69.0,54.0,12.0,2817.103556,-17.39,-8.813419,0,5.0,Low
3.0,0.0,0.0,0.0,0.0,0.0,2.0,0.0,1.0,0.0,16.0,0.0,0.0,0.0,0.0,0.0,0.0,0.0,0.0,0.0,0.0,0.0,0.0,0.0,0.0,0.0,0.0,0.0,22.0,107.0,142.57725299999998,0.0,3322.364,116.450971,216.728537,157.0,0.0,1318.0,7.0,71.070668,825.3199999999999,870.9661000000001,6.0,226.0,140.975428,59.0,0.0,0.0,0.0,9.8357,58.74987,69.0,59.0,7.0,2549.84211,-17.39,-8.5880995,2,0.0,High
3.0,0.0,0.0,0.0,0.0,0.0,3.0,0.0,0.0,1.0,15.0,0.0,0.0,0.0,0.0,0.0,0.0,0.0,0.0,0.0,0.0,0.0,0.0,0.0,0.0,0.0,0.0,0.0,22.0,106.0,145.029472,1.0,3379.436,115.033738,218.764698,160.0,0.0,1340.0,7.0,72.807631,826.96,883.4221,7.0,230.0,140.458433,60.0,0.0,1.0,1.0,8.5314,57.793931,70.0,60.0,7.0,2649.835913,-17.43,-8.626588,2,0.0,High
1.0,0.0,0.0,0.0,0.0,0.0,5.0,0.0,0.0,0.0,6.0,0.0,9.0,0.0,0.0,0.0,0.0,0.0,0.0,0.0,0.0,0.0,0.0,0.0,0.0,0.0,0.0,0.0,21.0,126.0,156.816449,0.0,3586.895,129.384214,232.206179,174.0,0.0,1442.0,6.0,79.861461,823.66,943.2206,6.0,247.0,148.46434599999998,66.0,0.0,0.0,0.0,9.4018,63.681383,73.0,66.0,6.0,2973.727849,-17.5,-8.617275,2,0.0,High
3.0,0.0,0.0,0.0,0.0,0.0,3.0,0.0,0.0,2.0,13.0,0.0,0.0,0.0,0.0,0.0,0.0,0.0,0.0,0.0,0.0,0.0,0.0,0.0,0.0,0.0,0.0,0.0,21.0,100.0,141.44292000000002,2.0,3291.354,108.307035,211.630859,156.0,0.0,1304.0,8.0,71.564578,795.87,860.2798,8.0,224.0,133.64903900000002,57.0,0.0,2.0,2.0,6.048,53.804119,68.0,57.0,8.0,2640.4108690000003,-16.64,-8.6607275,1,2.0,Medium
2.0,0.0,0.0,0.0,0.0,0.0,5.0,0.0,0.0,0.0,0.0,0.0,0.0,0.0,13.0,0.0,1.0,0.0,0.0,0.0,0.0,0.0,0.0,0.0,0.0,0.0,0.0,0.0,21.0,76.0,138.498535,0.0,3126.969,92.087399,203.602358,151.0,0.0,1252.0,33.0,69.565095,943.0,850.6532,6.0,215.0,101.739889,42.0,0.0,0.0,0.0,-2.5639000000000003,65.756806,64.0,42.0,20.0,2840.10559,-16.81,-8.840311,1,4.0,Medium
4.0,0.0,0.0,0.0,0.0,0.0,2.0,0.0,0.0,2.0,14.0,0.0,0.0,0.0,0.0,0.0,0.0,0.0,0.0,0.0,0.0,0.0,0.0,0.0,0.0,0.0,0.0,0.0,22.0,102.0,146.51373,2.0,3429.9039999999995,114.304784,221.797038,160.0,0.0,1352.0,8.0,73.087104,854.6,890.6372,8.0,232.0,139.665496,60.0,0.0,2.0,2.0,6.929199999999999,53.435358,72.0,60.0,8.0,2733.281978,-17.18,-8.62784,1,1.0,Medium
2.0,0.0,0.0,0.0,0.0,0.0,4.0,0.0,0.0,0.0,13.0,0.0,0.0,0.0,0.0,0.0,0.0,0.0,0.0,0.0,2.0,0.0,0.0,0.0,0.0,0.0,0.0,0.0,21.0,97.0,137.355556,0.0,3152.8,109.984082,204.642358,153.0,0.0,1258.0,6.0,68.87443999999999,745.33,835.344,6.0,216.0,127.708713,55.0,0.0,0.0,0.0,10.9055,60.523673,63.0,55.0,6.0,2476.869439,-16.77,-8.58035,1,1.0,Medium
3.0,0.0,0.0,0.0,0.0,0.0,3.0,0.0,0.0,0.0,13.0,0.0,0.0,0.0,0.0,4.0,0.0,0.0,0.0,0.0,0.0,0.0,0.0,0.0,0.0,0.0,0.0,0.0,23.0,104.0,145.63406,0.0,3411.41,115.434081,221.898537,160.0,0.0,1352.0,10.0,72.154424,902.05,887.4036,6.0,232.0,138.455295,63.0,0.0,0.0,0.0,8.3984,63.224447,72.0,63.0,6.0,2691.471089,-18.22,-8.616267,1,3.0,Medium
3.0,0.0,0.0,2.0,0.0,0.0,1.0,0.0,0.0,0.0,16.0,0.0,0.0,0.0,0.0,0.0,0.0,0.0,0.0,0.0,0.0,0.0,0.0,0.0,0.0,0.0,0.0,0.0,22.0,107.0,144.3308,0.0,3351.402,117.469977,218.728537,159.0,0.0,1330.0,6.0,71.773174,822.52,878.1494,6.0,228.0,140.58865,60.0,0.0,0.0,0.0,11.0429,59.033976,69.0,60.0,6.0,2614.441304,-17.39,-8.57542,2,0.0,High
2.0,0.0,0.0,0.0,0.0,0.0,4.0,0.0,0.0,0.0,9.0,6.0,0.0,0.0,0.0,0.0,0.0,0.0,0.0,0.0,0.0,0.0,0.0,0.0,0.0,0.0,0.0,0.0,21.0,99.0,133.17205,0.0,3100.6359999999995,108.801566,200.562358,147.0,0.0,1234.0,6.0,66.437388,763.79,810.856,6.0,212.0,129.061397,57.0,0.0,0.0,0.0,7.0409,59.30841099999999,65.0,57.0,6.0,2391.314489,-16.85,-8.598546,1,2.0,Medium
3.0,0.0,0.0,1.0,0.0,0.0,0.0,0.0,2.0,0.0,16.0,0.0,0.0,0.0,0.0,0.0,0.0,0.0,0.0,0.0,0.0,0.0,0.0,0.0,0.0,0.0,0.0,0.0,22.0,107.0,143.591653,0.0,3335.407,116.960474,217.728537,158.0,0.0,1324.0,8.0,71.588052,828.12,877.6338000000001,6.0,227.0,140.782039,58.0,0.0,0.0,0.0,9.7988,58.891923,69.0,58.0,8.0,2582.141707,-17.39,-8.601907,2,0.0,High
2.0,0.0,0.0,0.0,0.0,8.0,4.0,0.0,0.0,0.0,0.0,0.0,8.0,0.0,0.0,0.0,0.0,0.0,0.0,0.0,0.0,0.0,0.0,0.0,0.0,0.0,0.0,0.0,22.0,118.0,170.307614,0.0,3793.8,135.575924,247.412358,184.0,0.0,1520.0,14.0,84.90608599999999,834.8399999999999,1009.1726,14.0,260.0,141.917826,60.0,0.0,0.0,0.0,-1.7488,66.09048,76.0,60.0,14.0,3353.037776,-18.0,-8.639083,1,3.0,Medium
1.0,0.0,0.0,4.0,0.0,0.0,1.0,0.0,0.0,0.0,16.0,0.0,0.0,0.0,0.0,0.0,0.0,0.0,0.0,0.0,0.0,0.0,0.0,0.0,0.0,0.0,0.0,0.0,22.0,113.0,148.295522,0.0,3390.696,117.112425,218.736179,167.0,0.0,1362.0,6.0,75.722922,776.12,901.9666,6.0,234.0,140.753756,60.0,0.0,0.0,0.0,11.5649,66.12335,67.0,60.0,6.0,2712.135974,-17.97,-8.571381,2,0.0,High
3.0,0.0,0.0,0.0,0.0,0.0,3.0,0.0,0.0,0.0,13.0,0.0,0.0,0.0,0.0,2.0,0.0,0.0,0.0,0.0,0.0,0.0,0.0,0.0,0.0,0.0,0.0,0.0,21.0,98.0,134.863998,0.0,3151.124,107.978321,205.558537,148.0,0.0,1248.0,8.0,66.921014,808.99,821.6859999999999,6.0,214.0,130.276763,57.0,0.0,0.0,0.0,8.2024,56.436349,66.0,57.0,6.0,2456.528329,-16.56,-8.622318,1,2.0,Medium
0.0,0.0,4.0,0.0,0.0,0.0,0.0,0.0,3.0,0.0,13.0,0.0,0.0,0.0,0.0,0.0,1.0,0.0,0.0,0.0,0.0,0.0,0.0,0.0,0.0,0.0,0.0,0.0,21.0,100.0,137.035244,0.0,3177.7409999999995,116.373493,209.245844,149.0,0.0,1256.0,14.0,68.368531,829.6,844.7714,6.0,215.0,134.14798,48.0,0.0,0.0,0.0,5.2695,52.853056,66.0,48.0,14.0,2448.359352,-16.23,-8.68029,1,4.0,Medium
4.0,0.0,0.0,0.0,0.0,0.0,5.0,0.0,5.0,0.0,0.0,0.0,0.0,0.0,0.0,0.0,8.0,0.0,0.0,0.0,0.0,0.0,0.0,0.0,0.0,0.0,0.0,0.0,22.0,80.0,128.03887300000002,0.0,2952.512,97.113882,194.044716,138.0,0.0,1164.0,19.0,64.284264,858.2,775.6668999999999,6.0,200.0,107.02647,39.0,0.0,0.0,0.0,-15.276,59.66477999999999,62.0,39.0,19.0,2361.6117400000003,-16.78,-8.732468,0,6.0,Low
2.0,0.0,0.0,0.0,0.0,0.0,0.0,0.0,4.0,0.0,8.0,0.0,8.0,0.0,0.0,0.0,0.0,0.0,0.0,0.0,0.0,0.0,0.0,0.0,0.0,0.0,0.0,0.0,22.0,126.0,160.21625799999998,0.0,3677.456,133.202044,239.41235800000004,176.0,0.0,1472.0,10.0,80.84302199999999,884.3599999999999,970.9618,6.0,252.0,153.010866,64.0,0.0,0.0,0.0,8.5584,63.18372,76.0,64.0,10.0,3011.020168,-18.0,-8.601311,1,1.0,Medium
2.0,0.0,0.0,0.0,0.0,0.0,4.0,0.0,0.0,0.0,0.0,0.0,0.0,0.0,0.0,6.0,0.0,0.0,0.0,0.0,0.0,0.0,0.0,10.0,0.0,0.0,0.0,0.0,22.0,118.0,164.90542800000003,0.0,3645.896,116.959782,240.132358,194.0,0.0,1472.0,12.0,89.104118,773.02,1015.5958,6.0,252.0,143.492282,50.0,0.0,0.0,0.0,28.008,69.76414,58.0,50.0,6.0,3042.209266,-17.28,-8.545241,1,3.0,Medium
0.0,2.0,0.0,0.0,0.0,0.0,4.0,0.0,0.0,5.0,11.0,0.0,0.0,0.0,0.0,0.0,0.0,0.0,0.0,0.0,0.0,0.0,0.0,0.0,0.0,0.0,0.0,0.0,22.0,105.0,156.44856600000003,5.0,3607.44,108.676527,225.913163,175.0,0.0,1438.0,13.0,81.98825099999999,827.12,952.8419,11.0,248.0,138.666395,58.0,0.0,5.0,5.0,0.6230999999999991,57.372809,73.0,58.0,13.0,3066.3588630000004,-17.88,-8.699946,1,3.0,Medium
3.0,0.0,0.0,0.0,0.0,0.0,3.0,0.0,0.0,0.0,12.0,0.0,4.0,0.0,0.0,0.0,0.0,0.0,0.0,0.0,0.0,0.0,0.0,0.0,0.0,0.0,0.0,0.0,22.0,115.0,150.637522,0.0,3499.5599999999995,125.170647,228.568537,165.0,0.0,1390.0,6.0,74.895838,859.4399999999999,912.1914000000002,6.0,238.0,146.855176,64.0,0.0,0.0,0.0,10.3291,59.265478,73.0,64.0,6.0,2772.15727,-17.549999999999997,-8.58586,2,0.0,High
3.0,0.0,0.0,0.0,0.0,0.0,3.0,0.0,0.0,0.0,12.0,0.0,0.0,4.0,0.0,0.0,0.0,0.0,0.0,0.0,0.0,0.0,0.0,0.0,0.0,0.0,0.0,0.0,22.0,119.0,149.77535,0.0,3499.5599999999995,131.377203,228.568537,165.0,0.0,1390.0,6.0,75.61945,859.4399999999999,912.1914000000002,6.0,238.0,152.68522,64.0,0.0,0.0,0.0,10.3291,58.577926000000005,73.0,64.0,6.0,2690.367234,-17.549999999999997,-8.579441,2,0.0,High
2.0,0.0,0.0,0.0,0.0,0.0,4.0,0.0,0.0,0.0,11.0,0.0,4.0,0.0,0.0,0.0,0.0,0.0,0.0,0.0,0.0,0.0,0.0,0.0,0.0,0.0,0.0,0.0,21.0,113.0,145.566712,0.0,3361.01,119.172898,218.402358,161.0,0.0,1342.0,6.0,73.373312,800.71,881.8340000000001,6.0,230.0,140.838719,61.0,0.0,0.0,0.0,9.4479,59.634239,69.0,61.0,6.0,2679.286161,-17.009999999999998,-8.606905,2,0.0,High
2.0,2.0,2.0,0.0,0.0,0.0,0.0,0.0,0.0,0.0,16.0,0.0,0.0,0.0,0.0,0.0,0.0,0.0,0.0,0.0,0.0,0.0,0.0,0.0,0.0,0.0,0.0,0.0,22.0,100.0,141.087584,0.0,3330.606,122.03925,221.542638,150.0,0.0,1300.0,10.0,67.69819799999999,903.32,864.4774,6.0,222.0,142.122612,56.0,0.0,0.0,0.0,9.7222,48.541968,72.0,56.0,10.0,2523.170974,-16.52,-8.599937,1,1.0,Medium
2.0,0.0,0.0,0.0,0.0,0.0,0.0,0.0,4.0,0.0,0.0,0.0,0.0,0.0,8.0,8.0,0.0,0.0,0.0,0.0,0.0,0.0,0.0,0.0,0.0,0.0,0.0,0.0,22.0,78.0,139.680322,0.0,3204.9440000000004,93.34834,207.73235800000003,152.0,0.0,1280.0,34.0,69.692718,1008.92,860.9322,6.0,220.0,105.774026,48.0,0.0,0.0,0.0,-2.348,68.786824,68.0,48.0,18.0,2879.7916,-17.68,-8.835084,1,4.0,Medium
3.0,0.0,0.0,0.0,0.0,0.0,1.0,0.0,0.0,2.0,0.0,0.0,0.0,16.0,0.0,0.0,0.0,0.0,0.0,0.0,0.0,0.0,0.0,0.0,0.0,0.0,0.0,0.0,22.0,151.0,173.13511599999998,2.0,4084.216,174.128835,264.160859,191.0,0.0,1626.0,6.0,90.73759,988.66,1050.1954,6.0,278.0,185.657114,78.0,0.0,2.0,2.0,9.2893,55.412694,87.0,78.0,6.0,3247.839982,-18.11,-8.576515,2,0.0,High
2.0,0.0,4.0,0.0,0.0,0.0,0.0,0.0,0.0,0.0,8.0,0.0,8.0,0.0,0.0,0.0,0.0,0.0,0.0,0.0,0.0,0.0,0.0,0.0,0.0,0.0,0.0,0.0,22.0,118.0,158.805838,0.0,3711.084,143.00204399999998,247.048202,168.0,0.0,1456.0,10.0,76.57004599999999,977.16,960.2634,6.0,248.0,155.857118,64.0,0.0,0.0,0.0,10.6352,49.573184,80.0,64.0,10.0,2990.773372,-16.84,-8.60568,1,1.0,Medium
3.0,0.0,0.0,0.0,0.0,0.0,0.0,0.0,3.0,0.0,0.0,0.0,8.0,0.0,0.0,8.0,0.0,0.0,0.0,0.0,0.0,0.0,0.0,0.0,0.0,0.0,0.0,0.0,22.0,107.0,153.100867,0.0,3560.6040000000003,121.237603,232.408537,165.0,0.0,1414.0,17.0,75.371504,992.76,923.2979,6.0,242.0,135.10986000000003,65.0,0.0,0.0,0.0,3.8817,62.662494,77.0,65.0,9.0,3058.892694,-17.71,-8.666535,1,3.0,Medium
0.0,4.0,0.0,0.0,0.0,0.0,0.0,0.0,3.0,0.0,0.0,0.0,0.0,0.0,0.0,13.0,1.0,0.0,0.0,0.0,0.0,0.0,0.0,0.0,0.0,0.0,0.0,0.0,21.0,70.0,124.515433,0.0,2939.282,88.76593899999999,192.594716,132.0,0.0,1154.0,27.0,60.205686,972.6,764.0308,6.0,198.0,101.557231,48.0,0.0,0.0,0.0,-4.7942,57.535344,66.0,48.0,14.0,2507.098125,-16.23,-8.77818,0,5.0,Low
4.0,0.0,0.0,0.0,0.0,0.0,2.0,0.0,0.0,0.0,12.0,0.0,4.0,0.0,0.0,0.0,0.0,0.0,0.0,0.0,0.0,0.0,0.0,0.0,0.0,0.0,0.0,0.0,22.0,112.0,149.57781,0.0,3493.94,125.858926,229.564716,162.0,0.0,1380.0,6.0,73.327594,882.64,904.8998,6.0,236.0,146.579234,64.0,0.0,0.0,0.0,10.4582,55.862844,74.0,64.0,6.0,2755.6095319999995,-17.259999999999998,-8.58316,2,0.0,High
3.0,0.0,0.0,0.0,0.0,0.0,0.0,0.0,3.0,0.0,9.0,0.0,8.0,0.0,0.0,0.0,0.0,0.0,0.0,0.0,0.0,0.0,0.0,0.0,0.0,0.0,0.0,0.0,23.0,128.0,165.195317,0.0,3816.99,139.199793,249.578537,180.0,0.0,1520.0,9.0,82.254794,940.29,999.2685,6.0,260.0,159.027323,68.0,0.0,0.0,0.0,9.866600000000002,62.814959,80.0,68.0,9.0,3103.891277,-18.54,-8.582199,2,0.0,High
1.0,3.0,0.0,0.0,0.0,0.0,2.0,0.0,0.0,0.0,0.0,0.0,16.0,0.0,0.0,0.0,0.0,0.0,0.0,0.0,0.0,0.0,0.0,0.0,0.0,0.0,0.0,0.0,22.0,136.0,174.309123,0.0,4019.624,152.017954,265.084716,186.0,0.0,1596.0,9.0,85.46762799999999,1001.8,1040.8799,6.0,272.0,164.218478,73.0,0.0,0.0,0.0,9.3764,57.409668,86.0,73.0,9.0,3422.555012,-17.740000000000002,-8.588036,2,0.0,High
8.0,0.0,0.0,0.0,0.0,0.0,0.0,0.0,0.0,0.0,8.0,0.0,4.0,0.0,0.0,0.0,2.0,0.0,0.0,0.0,0.0,0.0,0.0,0.0,0.0,0.0,0.0,0.0,22.0,94.0,141.877544,0.0,3381.386,123.6057,227.629432,146.0,0.0,1304.0,8.0,65.639324,975.06,851.6808,6.0,222.0,137.057212,60.0,0.0,0.0,0.0,5.0914,43.331694,76.0,60.0,8.0,2646.497922,-16.020000000000003,-8.599284,2,0.0,High
0.0,2.0,0.0,0.0,0.0,0.0,0.0,0.0,4.0,0.0,0.0,0.0,10.0,0.0,0.0,6.0,0.0,0.0,0.0,0.0,0.0,0.0,0.0,0.0,0.0,0.0,0.0,0.0,22.0,118.0,160.00282399999998,0.0,3679.432,128.072342,239.332358,174.0,0.0,1472.0,18.0,80.188102,974.42,967.96,6.0,252.0,142.731942,64.0,0.0,0.0,0.0,3.8130000000000006,65.60258,78.0,64.0,12.0,3170.4929459999994,-18.08,-8.637356,0,5.0,Low
3.0,0.0,0.0,0.0,0.0,0.0,3.0,0.0,0.0,2.0,0.0,0.0,13.0,0.0,0.0,0.0,0.0,0.0,0.0,0.0,0.0,0.0,0.0,0.0,0.0,0.0,0.0,0.0,21.0,126.0,167.936985,2.0,3864.0430000000006,136.645982,250.110859,182.0,0.0,1538.0,8.0,84.356331,915.86,1000.9268,8.0,263.0,152.75822,70.0,0.0,2.0,2.0,6.2638,55.479845,81.0,70.0,8.0,3362.935139,-17.16,-8.605701,2,0.0,High
0.0,2.0,0.0,0.0,0.0,0.0,4.0,0.0,0.0,0.0,10.0,0.0,6.0,0.0,0.0,0.0,0.0,0.0,0.0,0.0,0.0,0.0,0.0,0.0,0.0,0.0,0.0,0.0,22.0,122.0,155.956746,0.0,3591.318,128.842206,233.492358,172.0,0.0,1436.0,8.0,78.65355199999999,860.3,945.2224,6.0,246.0,150.070992,64.0,0.0,0.0,0.0,9.3792,62.925916,74.0,64.0,8.0,2899.862588,-17.919999999999998,-8.603354,2,0.0,High
2.0,0.0,0.0,2.0,0.0,0.0,2.0,0.0,0.0,0.0,0.0,0.0,0.0,0.0,15.0,0.0,0.0,0.0,0.0,0.0,0.0,0.0,0.0,0.0,0.0,0.0,0.0,0.0,21.0,75.0,142.50754999999998,0.0,3198.092,93.169168,208.562358,155.0,0.0,1282.0,36.0,71.214518,970.79,875.6245,6.0,220.0,101.099168,42.0,0.0,0.0,0.0,-0.2273000000000001,66.439447,65.0,42.0,21.0,2988.4104849999994,-16.85,-8.841421,1,4.0,Medium
3.0,0.0,0.0,0.0,0.0,0.0,0.0,0.0,3.0,6.0,10.0,0.0,0.0,0.0,0.0,0.0,0.0,0.0,0.0,0.0,0.0,0.0,0.0,0.0,0.0,0.0,0.0,0.0,22.0,101.0,158.024575,6.0,3656.924,107.947573,228.945503,175.0,0.0,1450.0,15.0,82.378478,857.56,962.1077,12.0,250.0,137.873458,57.0,0.0,6.0,6.0,-1.4060999999999997,53.014236,75.0,57.0,15.0,3149.8049280000005,-17.629999999999995,-8.710901,1,4.0,Medium
5.0,4.0,0.0,0.0,0.0,0.0,5.0,0.0,0.0,0.0,0.0,0.0,0.0,0.0,0.0,0.0,8.0,0.0,0.0,0.0,0.0,0.0,0.0,0.0,0.0,0.0,0.0,0.0,22.0,65.0,122.648562,0.0,2925.396,100.555277,199.025611,123.0,0.0,1114.0,18.0,56.33229,971.4,737.1582000000001,6.0,190.0,105.64676,40.0,0.0,0.0,0.0,-14.203500000000002,42.65161,67.0,40.0,18.0,2278.87305,-15.33,-8.664792,0,6.0,Low
3.0,0.0,0.0,0.0,0.0,0.0,3.0,0.0,0.0,0.0,14.0,0.0,2.0,0.0,0.0,0.0,0.0,0.0,0.0,0.0,0.0,0.0,0.0,0.0,0.0,0.0,0.0,0.0,22.0,111.0,146.561512,0.0,3411.454,120.810809,222.648537,161.0,0.0,1354.0,6.0,72.927876,840.98,890.5534000000001,6.0,232.0,143.915302,62.0,0.0,0.0,0.0,10.2959,59.007674,71.0,62.0,6.0,2660.99969,-17.47,-8.58198,2,0.0,High
3.0,0.0,0.0,14.0,0.0,0.0,4.0,0.0,0.0,0.0,0.0,0.0,0.0,0.0,0.0,0.0,1.0,0.0,0.0,0.0,0.0,0.0,0.0,0.0,0.0,0.0,0.0,0.0,22.0,118.0,178.85590499999998,0.0,3867.781,115.429028,255.768537,197.0,0.0,1552.0,21.0,93.836401,755.27,1067.3889,20.0,265.0,141.923299,44.0,0.0,0.0,0.0,-2.7827,66.44095899999999,68.0,44.0,21.0,3429.207749,-17.349999999999998,-8.74563,0,5.0,Low
5.0,0.0,1.0,0.0,0.0,0.0,0.0,0.0,0.0,0.0,10.0,0.0,0.0,0.0,0.0,6.0,0.0,0.0,0.0,0.0,0.0,0.0,0.0,0.0,0.0,0.0,0.0,0.0,22.0,87.0,135.632278,0.0,3235.369,110.787989,214.629856,143.0,0.0,1258.0,13.0,64.021546,960.92,824.9671000000001,6.0,215.0,127.916309,59.0,0.0,0.0,0.0,6.6885,50.703024,72.0,59.0,7.0,2560.000133,-16.52,-8.6391,1,3.0,Medium
0.0,2.0,0.0,0.0,0.0,0.0,0.0,0.0,4.0,0.0,0.0,0.0,8.0,0.0,0.0,0.0,0.0,8.0,0.0,0.0,0.0,0.0,0.0,0.0,0.0,0.0,0.0,0.0,22.0,118.0,164.514976,0.0,3659.712,123.726908,239.73235800000003,184.0,0.0,1472.0,12.0,84.399042,816.12,999.3192,6.0,252.0,142.923394,54.0,0.0,0.0,0.0,16.934,65.412488,68.0,54.0,12.0,3153.42364,-17.68,-8.631021,1,2.0,Medium
0.0,0.0,1.0,0.0,0.0,0.0,1.0,0.0,0.0,4.0,16.0,0.0,0.0,0.0,0.0,0.0,0.0,0.0,0.0,0.0,0.0,0.0,0.0,0.0,0.0,0.0,0.0,0.0,22.0,106.0,148.384228,4.0,3459.671,112.782006,215.793605,168.0,0.0,1384.0,7.0,76.98622,815.84,906.5183,6.0,239.0,138.199853,63.0,0.0,4.0,4.0,7.4896,60.256338,71.0,63.0,7.0,2866.218377,-18.13,-8.629877,2,0.0,High
3.0,0.0,0.0,0.0,0.0,0.0,0.0,0.0,4.0,0.0,0.0,0.0,0.0,0.0,0.0,13.0,1.0,0.0,0.0,0.0,0.0,0.0,0.0,0.0,0.0,0.0,0.0,0.0,21.0,73.0,125.299892,0.0,2947.854,88.07766,191.598537,135.0,0.0,1164.0,24.0,61.441668,941.0,765.1703,6.0,200.0,101.833173,51.0,0.0,0.0,0.0,-3.6423,60.937978,65.0,51.0,11.0,2523.645863,-16.52,-8.7848015,0,5.0,Low
0.0,2.0,0.0,0.0,0.0,0.0,0.0,0.0,4.0,0.0,8.0,0.0,0.0,0.0,0.0,8.0,0.0,0.0,0.0,0.0,0.0,0.0,0.0,0.0,0.0,0.0,0.0,0.0,22.0,94.0,138.13179200000002,0.0,3210.848,103.109972,207.73235800000003,152.0,0.0,1280.0,20.0,69.400162,904.12,850.1896,6.0,220.0,123.626306,54.0,0.0,0.0,0.0,2.3388,65.03391199999999,68.0,54.0,12.0,2630.810112,-17.68,-8.752912,0,6.0,Low
3.0,0.0,0.0,0.0,0.0,0.0,3.0,0.0,0.0,0.0,10.0,0.0,0.0,0.0,0.0,6.0,0.0,0.0,0.0,0.0,0.0,0.0,0.0,0.0,0.0,0.0,0.0,0.0,22.0,95.0,138.01255600000002,0.0,3239.186,106.961431,210.728537,151.0,0.0,1282.0,12.0,68.115524,888.52,840.1742000000002,6.0,220.0,127.75663,60.0,0.0,0.0,0.0,6.3381,60.910926,69.0,60.0,6.0,2598.157308,-17.389999999999997,-8.66087,1,3.0,Medium
0.0,2.0,0.0,8.0,0.0,0.0,4.0,0.0,0.0,0.0,0.0,0.0,8.0,0.0,0.0,0.0,0.0,0.0,0.0,0.0,0.0,0.0,0.0,0.0,0.0,0.0,0.0,0.0,22.0,134.0,181.80482,0.0,4016.264,134.04846,263.412358,200.0,0.0,1616.0,16.0,94.098162,840.4399999999999,1087.1460000000002,14.0,276.0,155.957722,58.0,0.0,0.0,0.0,3.6388000000000007,67.270232,76.0,58.0,16.0,3525.777864,-18.0,-8.627034,1,3.0,Medium
3.0,3.0,0.0,0.0,0.0,0.0,0.0,0.0,0.0,0.0,8.0,0.0,0.0,0.0,0.0,8.0,0.0,0.0,0.0,0.0,0.0,0.0,0.0,0.0,0.0,0.0,0.0,0.0,22.0,82.0,133.61769099999998,0.0,3191.32,105.863088,211.71707400000005,140.0,0.0,1240.0,17.0,62.794924,988.52,814.8711000000001,6.0,212.0,122.522538,57.0,0.0,0.0,0.0,4.1362,51.423376,72.0,57.0,9.0,2564.61916,-16.52,-8.69874,0,6.0,Low
2.0,0.0,0.0,0.0,0.0,0.0,4.0,0.0,0.0,0.0,2.0,0.0,0.0,0.0,14.0,0.0,0.0,0.0,0.0,0.0,0.0,0.0,0.0,0.0,0.0,0.0,0.0,0.0,22.0,82.0,146.57627,0.0,3315.192,98.679836,215.732358,160.0,0.0,1328.0,34.0,73.42777,992.52,902.184,6.0,228.0,110.00988,46.0,0.0,0.0,0.0,0.4371999999999998,68.7201,68.0,46.0,20.0,3002.107452,-17.68,-8.821215,1,4.0,Medium
2.0,0.0,0.0,0.0,0.0,0.0,4.0,0.0,0.0,0.0,7.0,0.0,8.0,0.0,0.0,0.0,0.0,0.0,0.0,0.0,0.0,0.0,0.0,0.0,0.0,0.0,0.0,0.0,21.0,121.0,153.718732,0.0,3537.222,127.892574,230.242358,169.0,0.0,1414.0,6.0,77.309236,837.6299999999999,925.11,6.0,242.0,146.718467,65.0,0.0,0.0,0.0,9.5143,60.149847,73.0,65.0,6.0,2901.601321,-17.17,-8.618344,2,0.0,High
4.0,0.0,0.0,0.0,0.0,0.0,2.0,0.0,0.0,4.0,12.0,0.0,0.0,0.0,0.0,0.0,0.0,0.0,0.0,0.0,0.0,0.0,0.0,0.0,0.0,0.0,0.0,0.0,22.0,100.0,151.60167,4.0,3542.08,111.470318,225.86936,166.0,0.0,1396.0,10.0,76.782538,863.48,919.6506,10.0,240.0,138.631506,60.0,0.0,4.0,4.0,3.4666,51.52348,74.0,60.0,10.0,2933.269584,-17.259999999999998,-8.6562395,1,2.0,Medium
0.0,0.0,2.0,0.0,0.0,0.0,4.0,0.0,0.0,0.0,0.0,0.0,10.0,0.0,6.0,0.0,0.0,0.0,0.0,0.0,0.0,0.0,0.0,0.0,0.0,0.0,0.0,0.0,22.0,120.0,166.822004,0.0,3789.68,133.7641,247.157922,182.0,0.0,1520.0,20.0,83.97502399999999,980.02,1008.8654,6.0,260.0,144.53654,62.0,0.0,0.0,0.0,6.070200000000001,66.256208,78.0,62.0,14.0,3331.885942,-18.08,-8.637602,1,4.0,Medium
0.0,3.0,0.0,0.0,0.0,0.0,1.0,0.0,0.0,2.0,16.0,0.0,0.0,0.0,0.0,0.0,0.0,0.0,0.0,0.0,0.0,0.0,0.0,0.0,0.0,0.0,0.0,0.0,22.0,103.0,144.250977,2.0,3376.416,114.423907,216.800859,159.0,0.0,1338.0,9.0,72.431708,849.38,883.2435,6.0,230.0,138.817946,59.0,0.0,2.0,2.0,7.7427,56.10047,71.0,59.0,9.0,2685.739486,-17.47,-8.626892,1,1.0,Medium
2.0,0.0,0.0,0.0,0.0,0.0,0.0,0.0,2.0,2.0,15.0,0.0,0.0,0.0,0.0,0.0,0.0,0.0,0.0,0.0,0.0,0.0,0.0,0.0,0.0,0.0,0.0,0.0,21.0,101.0,139.088416,2.0,3238.8499999999995,108.426158,206.63468,155.0,0.0,1290.0,8.0,70.798428,787.85,850.8353999999999,6.0,222.0,132.801489,57.0,0.0,2.0,2.0,7.2885,56.46923099999999,67.0,57.0,8.0,2592.868377,-16.93,-8.655792,1,2.0,Medium
3.0,0.0,0.0,0.0,0.0,0.0,3.0,0.0,0.0,0.0,8.0,0.0,0.0,0.0,8.0,0.0,0.0,0.0,0.0,0.0,0.0,0.0,0.0,0.0,0.0,0.0,0.0,0.0,22.0,91.0,144.217534,0.0,3315.476,106.689339,216.728537,157.0,0.0,1318.0,22.0,71.473978,932.92,883.7594000000001,6.0,226.0,123.123148,52.0,0.0,0.0,0.0,4.7219,62.502782,69.0,52.0,14.0,2798.823598,-17.39,-8.774197,0,5.0,Low
0.0,0.0,2.0,0.0,0.0,4.0,0.0,0.0,8.0,0.0,0.0,0.0,0.0,0.0,0.0,0.0,8.0,0.0,0.0,0.0,0.0,0.0,0.0,0.0,0.0,0.0,0.0,0.0,22.0,80.0,130.06501,0.0,2930.778,102.06251,189.877922,142.0,0.0,1172.0,24.0,66.115758,825.8,791.2696000000001,6.0,202.0,101.75986,34.0,0.0,0.0,0.0,-18.4494,66.448384,60.0,34.0,24.0,2460.507638,-17.36,-8.754795,0,5.0,Low
1.0,2.0,0.0,0.0,0.0,0.0,0.0,0.0,3.0,0.0,16.0,0.0,0.0,0.0,0.0,0.0,0.0,0.0,0.0,0.0,0.0,0.0,0.0,0.0,0.0,0.0,0.0,0.0,22.0,107.0,142.944257,0.0,3318.428,116.450971,216.728537,157.0,0.0,1318.0,11.0,71.513684,836.52,879.1689,6.0,226.0,140.975428,55.0,0.0,0.0,0.0,8.1277,58.74987,69.0,55.0,11.0,2549.84211,-17.39,-8.630157,1,1.0,Medium
0.0,0.0,1.0,0.0,0.0,0.0,5.0,0.0,0.0,0.0,8.0,0.0,8.0,0.0,0.0,0.0,0.0,0.0,0.0,0.0,0.0,0.0,0.0,0.0,0.0,0.0,0.0,0.0,22.0,130.0,161.70782400000002,0.0,3700.055,134.275486,239.328961,180.0,0.0,1488.0,7.0,82.579004,852.76,976.7183,6.0,255.0,154.274313,67.0,0.0,0.0,0.0,10.1004,66.586354,75.0,67.0,7.0,3039.053945,-18.29,-8.594801,2,0.0,High
2.0,0.0,0.0,2.0,0.0,0.0,0.0,0.0,2.0,0.0,0.0,0.0,16.0,0.0,0.0,0.0,0.0,0.0,0.0,0.0,0.0,0.0,0.0,0.0,0.0,0.0,0.0,0.0,22.0,142.0,178.18209399999998,0.0,4059.902,151.660402,265.092358,194.0,0.0,1628.0,8.0,89.306622,952.6,1062.6464,6.0,278.0,164.383584,74.0,0.0,0.0,0.0,10.325400000000002,64.499042,84.0,74.0,8.0,3520.249682,-18.32,-8.581921,2,0.0,High
0.0,0.0,3.0,0.0,0.0,0.0,0.0,0.0,4.0,0.0,14.0,0.0,0.0,0.0,0.0,0.0,1.0,0.0,0.0,0.0,0.0,0.0,0.0,0.0,0.0,0.0,0.0,0.0,22.0,107.0,143.518371,0.0,3313.5039999999995,119.232963,216.506883,158.0,0.0,1318.0,14.0,72.52754499999999,841.93,885.095,6.0,226.0,139.728816,51.0,0.0,0.0,0.0,5.502399999999999,59.289563,68.0,51.0,14.0,2562.839898,-17.349999999999998,-8.649404,1,4.0,Medium
0.0,0.0,3.0,0.0,0.0,0.0,0.0,0.0,3.0,0.0,0.0,0.0,8.0,0.0,0.0,8.0,0.0,0.0,0.0,0.0,0.0,0.0,0.0,0.0,0.0,0.0,0.0,0.0,22.0,110.0,155.49744099999998,0.0,3599.733,126.522766,235.146883,168.0,0.0,1432.0,20.0,77.203766,1001.16,943.301,6.0,245.0,138.07237500000002,62.0,0.0,0.0,0.0,3.771,62.662494,77.0,62.0,12.0,3093.350811,-17.71,-8.663095,0,5.0,Low
0.0,3.0,0.0,0.0,0.0,0.0,0.0,0.0,3.0,0.0,14.0,0.0,0.0,0.0,0.0,2.0,0.0,0.0,0.0,0.0,0.0,0.0,0.0,0.0,0.0,0.0,0.0,0.0,22.0,103.0,141.545026,0.0,3289.39,113.287791,214.728537,155.0,0.0,1306.0,14.0,70.676308,861.3199999999999,871.6392000000001,6.0,224.0,136.56916199999998,54.0,0.0,0.0,0.0,6.392499999999998,59.470222,69.0,54.0,12.0,2565.947176,-17.389999999999997,-8.666493,1,4.0,Medium
3.0,0.0,0.0,0.0,0.0,0.0,3.0,0.0,0.0,0.0,6.0,0.0,10.0,0.0,0.0,0.0,0.0,0.0,0.0,0.0,0.0,0.0,0.0,0.0,0.0,0.0,0.0,0.0,22.0,127.0,162.86555199999998,0.0,3763.878,138.250161,246.328537,177.0,0.0,1498.0,6.0,80.799724,914.82,977.1054,6.0,256.0,155.674798,70.0,0.0,0.0,0.0,10.4287,60.03889,79.0,70.0,6.0,3105.63001,-17.79,-8.59601,2,0.0,High
0.0,2.0,0.0,0.0,0.0,0.0,0.0,0.0,4.0,0.0,14.0,0.0,0.0,0.0,0.0,2.0,0.0,0.0,0.0,0.0,0.0,0.0,0.0,0.0,0.0,0.0,0.0,0.0,22.0,106.0,142.604738,0.0,3295.01,112.599512,213.732358,158.0,0.0,1316.0,14.0,72.24455200000001,838.1199999999999,878.9308000000001,6.0,226.0,136.84510399999996,54.0,0.0,0.0,0.0,6.263399999999999,62.87285599999999,68.0,54.0,12.0,2582.494914,-17.68,-8.671434,1,4.0,Medium
2.0,0.0,0.0,2.0,0.0,0.0,0.0,0.0,2.0,0.0,0.0,0.0,0.0,0.0,0.0,16.0,0.0,0.0,0.0,0.0,0.0,0.0,0.0,0.0,0.0,0.0,0.0,0.0,22.0,78.0,133.646158,0.0,3130.6220000000003,91.476258,201.732358,146.0,0.0,1244.0,24.0,65.977886,980.92,812.8992000000001,6.0,214.0,105.614464,58.0,0.0,0.0,0.0,-0.4057999999999997,68.199426,68.0,58.0,8.0,2759.82957,-17.68,-8.774632,0,5.0,Low
2.0,0.0,0.0,4.0,0.0,0.0,0.0,0.0,0.0,0.0,10.0,0.0,0.0,0.0,0.0,6.0,0.0,0.0,0.0,0.0,0.0,0.0,0.0,0.0,0.0,0.0,0.0,0.0,22.0,98.0,142.76286399999998,0.0,3300.914,108.311164,213.732358,158.0,0.0,1316.0,12.0,71.310288,865.3199999999999,865.9338,6.0,226.0,127.259016,60.0,0.0,0.0,0.0,7.7694,64.881772,68.0,60.0,6.0,2743.903434,-17.68,-8.6630125,1,3.0,Medium
0.0,0.0,2.0,0.0,0.0,0.0,0.0,0.0,4.0,0.0,0.0,0.0,8.0,0.0,0.0,8.0,0.0,0.0,0.0,0.0,0.0,0.0,0.0,0.0,0.0,0.0,0.0,0.0,22.0,112.0,155.850046,0.0,3591.326,124.072766,233.23792200000003,170.0,0.0,1436.0,20.0,78.27201,977.96,945.9756,6.0,246.0,137.360812,62.0,0.0,0.0,0.0,3.2518,66.06512799999999,76.0,62.0,12.0,3098.41251,-18.0,-8.679164,0,5.0,Low
0.0,3.0,0.0,0.0,0.0,0.0,0.0,0.0,3.0,0.0,12.0,0.0,0.0,0.0,0.0,4.0,0.0,0.0,0.0,0.0,0.0,0.0,0.0,0.0,0.0,0.0,0.0,0.0,22.0,99.0,140.054044,0.0,3261.336,110.124611,212.728537,153.0,0.0,1294.0,16.0,69.728178,883.32,862.0588,6.0,222.0,132.162896,54.0,0.0,0.0,0.0,5.0843,60.190574,69.0,54.0,12.0,2582.052242,-17.389999999999997,-8.699123,1,4.0,Medium
3.0,0.0,0.0,0.0,0.0,0.0,1.0,0.0,2.0,0.0,0.0,0.0,0.0,0.0,16.0,0.0,0.0,0.0,0.0,0.0,0.0,0.0,0.0,0.0,0.0,0.0,0.0,0.0,22.0,75.0,146.13306799999998,0.0,3305.636,96.927707,216.728537,157.0,0.0,1318.0,40.0,72.20955000000001,1048.92,902.7048,6.0,226.0,105.270868,42.0,0.0,0.0,0.0,-1.6728999999999998,66.255694,69.0,42.0,24.0,3047.805086,-17.39,-8.787871,0,6.0,Low
0.0,0.0,0.0,2.0,0.0,0.0,0.0,0.0,4.0,0.0,10.0,0.0,0.0,0.0,0.0,6.0,0.0,0.0,0.0,0.0,0.0,0.0,0.0,0.0,0.0,0.0,0.0,0.0,22.0,104.0,143.403994,0.0,3280.164,105.9156,209.74,162.0,0.0,1324.0,16.0,74.076532,830.1200000000001,879.4858000000002,6.0,228.0,128.197678,56.0,0.0,0.0,0.0,5.023000000000001,71.402934,66.0,56.0,10.0,2712.399716,-18.26,-8.690706,1,3.0,Medium
0.0,0.0,0.0,0.0,0.0,0.0,4.0,3.0,0.0,0.0,14.0,0.0,0.0,0.0,0.0,0.0,1.0,0.0,0.0,0.0,0.0,0.0,0.0,0.0,0.0,0.0,0.0,0.0,22.0,107.0,139.691287,0.0,3211.009,113.094066,204.78,158.0,0.0,1294.0,7.0,71.593036,752.73,851.0618999999999,6.0,223.0,132.016215,58.0,0.0,0.0,0.0,4.5932,68.874158,65.0,58.0,7.0,2515.956651,-18.22,-8.61071,1,2.0,Medium
4.0,0.0,0.0,4.0,0.0,0.0,0.0,0.0,0.0,0.0,0.0,0.0,0.0,0.0,0.0,0.0,2.0,0.0,12.0,0.0,0.0,0.0,0.0,0.0,0.0,0.0,0.0,0.0,22.0,86.0,136.755992,0.0,3091.7740000000003,111.35608,204.284716,154.0,0.0,1224.0,8.0,69.725104,734.5799999999999,837.0192000000001,6.0,210.0,120.18324,44.0,0.0,0.0,0.0,15.232200000000002,57.374394,56.0,44.0,8.0,2471.617214,-16.54,-8.60726,2,0.0,High
0.0,2.0,0.0,0.0,0.0,0.0,0.0,0.0,4.0,0.0,0.0,0.0,0.0,0.0,6.0,10.0,0.0,0.0,0.0,0.0,0.0,0.0,0.0,0.0,0.0,0.0,0.0,0.0,22.0,78.0,137.939834,0.0,3176.8900000000003,92.625568,205.732358,150.0,0.0,1268.0,34.0,68.83758,1008.92,851.7421999999999,6.0,218.0,105.83083,48.0,0.0,0.0,0.0,-3.125,68.56894799999999,68.0,48.0,18.0,2833.651294,-17.68,-8.833317,1,4.0,Medium
0.0,3.0,0.0,0.0,0.0,0.0,3.0,0.0,0.0,0.0,15.0,0.0,0.0,0.0,0.0,1.0,0.0,0.0,0.0,0.0,0.0,0.0,0.0,0.0,0.0,0.0,0.0,0.0,22.0,105.0,142.015264,0.0,3306.369,114.869381,215.728537,156.0,0.0,1312.0,10.0,70.81811099999999,841.9200000000001,870.2773,6.0,225.0,138.772295,57.0,0.0,0.0,0.0,8.3276,59.110046,69.0,57.0,9.0,2557.894643,-17.389999999999997,-8.637241,1,2.0,Medium
2.0,0.0,0.0,0.0,0.0,0.0,0.0,0.0,4.0,0.0,0.0,0.0,0.0,0.0,4.0,12.0,0.0,0.0,0.0,0.0,0.0,0.0,0.0,0.0,0.0,0.0,0.0,0.0,22.0,78.0,135.83234199999998,0.0,3152.772,91.902796,203.732358,148.0,0.0,1256.0,30.0,67.53942599999999,997.72,834.3494000000001,6.0,216.0,105.887634,52.0,0.0,0.0,0.0,-2.1939999999999995,68.351072,68.0,52.0,14.0,2787.510988,-17.68,-8.819262,0,5.0,Low
3.0,0.0,0.0,0.0,0.0,0.0,3.0,0.0,0.0,0.0,0.0,0.0,6.0,0.0,0.0,10.0,0.0,0.0,0.0,0.0,0.0,0.0,0.0,0.0,0.0,0.0,0.0,0.0,22.0,99.0,147.258622,0.0,3447.3960000000006,113.714585,224.488537,159.0,0.0,1366.0,16.0,72.12315,987.9,885.9274,6.0,234.0,127.76372,66.0,0.0,0.0,0.0,3.8213,63.12504199999999,75.0,66.0,6.0,2963.84018,-17.629999999999995,-8.6886425,1,3.0,Medium
2.0,0.0,0.0,0.0,0.0,0.0,0.0,0.0,2.0,2.0,0.0,0.0,0.0,0.0,0.0,16.0,0.0,0.0,0.0,0.0,0.0,0.0,0.0,0.0,0.0,0.0,0.0,0.0,22.0,74.0,133.291082,2.0,3158.588,88.430188,199.80468,146.0,0.0,1252.0,24.0,66.304158,999.38,811.8412000000001,6.0,216.0,103.84376,60.0,0.0,2.0,2.0,-2.4249999999999994,65.26592,70.0,60.0,8.0,2831.127752,-17.759999999999998,-8.786235,0,5.0,Low
0.0,0.0,4.0,0.0,0.0,0.0,2.0,0.0,0.0,0.0,12.0,0.0,0.0,0.0,0.0,4.0,0.0,0.0,0.0,0.0,0.0,0.0,0.0,0.0,0.0,0.0,0.0,0.0,22.0,100.0,141.639258,0.0,3313.792,117.859774,217.375844,154.0,0.0,1308.0,14.0,69.938426,900.92,869.1338000000001,6.0,224.0,135.836974,56.0,0.0,0.0,0.0,7.6278,56.78793999999999,70.0,56.0,10.0,2611.44866,-17.099999999999998,-8.665842,1,4.0,Medium
2.0,0.0,0.0,0.0,0.0,0.0,2.0,0.0,2.0,0.0,0.0,0.0,0.0,0.0,0.0,0.0,0.0,16.0,0.0,0.0,0.0,0.0,0.0,0.0,0.0,0.0,0.0,0.0,22.0,94.0,151.959148,0.0,3295.4480000000003,96.81242,216.372358,176.0,0.0,1328.0,8.0,79.41869,657.24,928.8204,6.0,228.0,121.076426,42.0,0.0,0.0,0.0,27.7388,66.61004,52.0,42.0,8.0,2851.196792,-17.04,-8.437522,1,2.0,Medium
4.0,0.0,0.0,0.0,0.0,0.0,5.0,0.0,0.0,0.0,10.0,0.0,0.0,0.0,0.0,0.0,3.0,0.0,0.0,0.0,0.0,0.0,0.0,0.0,0.0,0.0,0.0,0.0,22.0,95.0,136.233663,0.0,3182.617,109.629737,208.844716,148.0,0.0,1254.0,9.0,67.268729,845.15,825.5449,6.0,215.0,128.072105,54.0,0.0,0.0,0.0,1.5669999999999993,56.966315,67.0,54.0,9.0,2468.9133850000003,-16.98,-8.674006,1,3.0,Medium
0.0,0.0,0.0,3.0,0.0,0.0,0.0,0.0,3.0,0.0,12.0,0.0,0.0,0.0,0.0,4.0,0.0,0.0,0.0,0.0,0.0,0.0,0.0,0.0,0.0,0.0,0.0,0.0,22.0,108.0,145.725874,0.0,3323.2290000000003,109.588283,212.74,165.0,0.0,1342.0,13.0,75.320538,805.32,891.6325,6.0,231.0,132.410555,57.0,0.0,0.0,0.0,7.1483,70.824635,66.0,57.0,9.0,2728.5942469999995,-18.26,-8.652217,1,3.0,Medium
2.0,0.0,0.0,0.0,0.0,0.0,0.0,0.0,4.0,0.0,10.0,0.0,0.0,0.0,0.0,6.0,0.0,0.0,0.0,0.0,0.0,0.0,0.0,0.0,0.0,0.0,0.0,0.0,22.0,98.0,139.43927200000002,0.0,3240.87,106.273152,209.732358,154.0,0.0,1292.0,16.0,70.126784,876.52,855.6686,6.0,222.0,128.032572,56.0,0.0,0.0,0.0,4.501,64.31356,68.0,56.0,10.0,2614.705046,-17.68,-8.710456,1,3.0,Medium
0.0,2.0,0.0,0.0,0.0,2.0,0.0,0.0,2.0,0.0,0.0,0.0,0.0,0.0,0.0,15.0,0.0,0.0,0.0,0.0,0.0,0.0,0.0,0.0,0.0,0.0,0.0,0.0,21.0,71.0,125.616203,0.0,2942.403,88.130244,189.562358,136.0,0.0,1168.0,25.0,61.340047,939.99,765.6738,6.0,201.0,98.015224,53.0,0.0,0.0,0.0,-2.9182,64.51043899999999,65.0,53.0,10.0,2599.1731680000003,-16.85,-8.785079,1,4.0,Medium
2.0,0.0,0.0,0.0,0.0,0.0,4.0,0.0,0.0,8.0,0.0,0.0,0.0,0.0,8.0,0.0,0.0,0.0,0.0,0.0,0.0,0.0,0.0,0.0,0.0,0.0,0.0,0.0,22.0,86.0,165.629006,8.0,3769.8,94.663196,232.02164600000003,184.0,0.0,1504.0,30.0,87.823958,945.24,1007.1046,14.0,260.0,119.26313,52.0,0.0,8.0,8.0,-9.2576,58.257904,76.0,52.0,22.0,3615.32176,-18.0,-8.816021,1,4.0,Medium
1.0,0.0,0.0,0.0,0.0,0.0,5.0,0.0,0.0,0.0,10.0,0.0,6.0,0.0,0.0,0.0,0.0,0.0,0.0,0.0,0.0,0.0,0.0,0.0,0.0,0.0,0.0,0.0,22.0,125.0,156.83295600000002,0.0,3598.906,128.153927,232.496179,175.0,0.0,1446.0,6.0,80.00028800000001,831.5,948.4126,6.0,248.0,150.346934,66.0,0.0,0.0,0.0,10.1041,66.32855,73.0,66.0,6.0,2916.410326,-18.21,-8.586924,2,0.0,High
4.0,0.0,0.0,0.0,0.0,0.0,0.0,0.0,2.0,0.0,0.0,0.0,0.0,0.0,0.0,10.0,0.0,6.0,0.0,0.0,0.0,0.0,0.0,0.0,0.0,0.0,0.0,0.0,22.0,78.0,137.240794,0.0,3163.6580000000004,94.216998,207.964716,150.0,0.0,1248.0,18.0,67.373412,905.94,836.0152,6.0,214.0,111.102552,52.0,0.0,0.0,0.0,9.919,60.620572,64.0,52.0,8.0,2720.622306,-16.86,-8.7275505,0,6.0,Low
2.0,0.0,0.0,2.0,0.0,0.0,0.0,0.0,2.0,0.0,0.0,0.0,0.0,0.0,16.0,0.0,0.0,0.0,0.0,0.0,0.0,0.0,0.0,0.0,0.0,0.0,0.0,0.0,22.0,78.0,149.03807799999998,0.0,3339.3100000000004,97.258434,217.732358,162.0,0.0,1340.0,40.0,74.591054,1025.72,919.2304,6.0,230.0,105.160032,42.0,0.0,0.0,0.0,-1.0217999999999998,69.942434,68.0,42.0,24.0,3128.952018,-17.68,-8.787126,0,5.0,Low
1.0,0.0,0.0,0.0,0.0,0.0,3.0,0.0,0.0,2.0,0.0,0.0,0.0,16.0,0.0,0.0,0.0,0.0,0.0,0.0,0.0,0.0,0.0,0.0,0.0,0.0,0.0,0.0,22.0,157.0,175.25454,2.0,4095.456,172.75227700000002,262.168501,197.0,0.0,1646.0,6.0,93.874078,942.26,1064.7786,6.0,282.0,186.208998,78.0,0.0,2.0,2.0,9.031100000000002,62.217962,85.0,78.0,6.0,3280.935458,-18.69,-8.560743,2,0.0,High
3.0,0.0,0.0,0.0,0.0,0.0,3.0,0.0,0.0,2.0,0.0,0.0,0.0,0.0,0.0,14.0,0.0,0.0,0.0,0.0,0.0,0.0,0.0,0.0,0.0,0.0,0.0,0.0,22.0,77.0,137.136568,2.0,3239.146,91.474245,206.800859,149.0,0.0,1278.0,22.0,68.018438,985.4,830.866,8.0,220.0,109.097576,60.0,0.0,2.0,2.0,-2.3572999999999995,61.880456,71.0,60.0,8.0,2862.565178,-17.47,-8.797131,0,6.0,Low
0.0,2.0,0.0,0.0,0.0,0.0,0.0,0.0,4.0,0.0,8.0,0.0,8.0,0.0,0.0,0.0,0.0,0.0,0.0,0.0,0.0,0.0,0.0,0.0,0.0,0.0,0.0,0.0,22.0,126.0,160.39976,0.0,3675.488,133.202044,239.41235800000004,176.0,0.0,1472.0,12.0,81.06452999999999,889.96,975.0632,6.0,252.0,153.010866,62.0,0.0,0.0,0.0,7.704400000000001,63.18372,76.0,62.0,12.0,3011.020168,-18.0,-8.6061,1,1.0,Medium
2.0,0.0,0.0,8.0,0.0,0.0,4.0,0.0,0.0,0.0,0.0,0.0,0.0,0.0,8.0,0.0,0.0,0.0,0.0,0.0,0.0,0.0,0.0,0.0,0.0,0.0,0.0,0.0,22.0,102.0,167.04931,0.0,3657.9360000000006,106.847476,239.732358,184.0,0.0,1472.0,30.0,86.51886999999999,871.3999999999999,1011.3366,14.0,252.0,126.345946,44.0,0.0,0.0,0.0,-1.1808,69.991928,68.0,44.0,22.0,3330.129032,-17.68,-8.779539,1,4.0,Medium
0.0,3.0,0.0,0.0,0.0,0.0,3.0,0.0,0.0,0.0,10.0,0.0,0.0,0.0,0.0,6.0,0.0,0.0,0.0,0.0,0.0,0.0,0.0,0.0,0.0,0.0,0.0,0.0,22.0,95.0,138.28780899999998,0.0,3236.2339999999995,106.961431,210.728537,151.0,0.0,1282.0,15.0,68.447786,896.9200000000001,846.3263,6.0,220.0,127.75663,57.0,0.0,0.0,0.0,5.0571,60.910926,69.0,57.0,9.0,2598.157308,-17.389999999999997,-8.702958,1,4.0,Medium
2.0,0.0,0.0,0.0,0.0,0.0,0.0,0.0,4.0,0.0,8.0,0.0,0.0,0.0,0.0,8.0,0.0,0.0,0.0,0.0,0.0,0.0,0.0,0.0,0.0,0.0,0.0,0.0,22.0,94.0,137.94829,0.0,3212.816,103.109972,207.73235800000003,152.0,0.0,1280.0,18.0,69.178654,898.52,846.0882,6.0,220.0,123.626306,56.0,0.0,0.0,0.0,3.1928,65.03391199999999,68.0,56.0,10.0,2630.810112,-17.68,-8.733404,0,5.0,Low
0.0,1.0,0.0,0.0,0.0,0.0,5.0,0.0,0.0,0.0,14.0,0.0,0.0,0.0,0.0,3.0,0.0,0.0,0.0,0.0,0.0,0.0,0.0,0.0,0.0,0.0,0.0,0.0,23.0,112.0,148.590726,0.0,3435.693,115.639113,220.906179,167.0,0.0,1378.0,10.0,75.875731,847.45,908.8277,6.0,237.0,141.210312,62.0,0.0,0.0,0.0,8.3673,69.669539,70.0,62.0,7.0,2716.514032,-18.8,-8.604204,1,3.0,Medium
3.0,0.0,0.0,0.0,0.0,0.0,0.0,0.0,4.0,0.0,0.0,0.0,0.0,0.0,0.0,14.0,1.0,0.0,0.0,0.0,0.0,0.0,0.0,0.0,0.0,0.0,0.0,0.0,22.0,76.0,130.684923,0.0,3077.997,91.80554,199.768537,141.0,0.0,1216.0,25.0,64.058373,987.53,798.0291,6.0,209.0,105.922439,54.0,0.0,0.0,0.0,-3.5443,64.332027,68.0,54.0,11.0,2641.117243,-17.349999999999998,-8.786604,0,5.0,Low
0.0,0.0,2.0,0.0,0.0,0.0,5.0,0.0,0.0,0.0,0.0,0.0,0.0,0.0,0.0,14.0,1.0,0.0,0.0,0.0,0.0,0.0,0.0,0.0,0.0,0.0,0.0,0.0,22.0,81.0,132.975347,0.0,3113.639,94.640703,200.597922,146.0,0.0,1238.0,23.0,66.405109,958.73,810.4533,6.0,213.0,108.173391,56.0,0.0,0.0,0.0,-2.0392,67.73466099999999,67.0,56.0,9.0,2680.637059,-17.639999999999997,-8.781529,0,5.0,Low
2.0,0.0,0.0,0.0,0.0,0.0,4.0,0.0,0.0,0.0,0.0,0.0,0.0,12.0,0.0,4.0,0.0,0.0,0.0,0.0,0.0,0.0,0.0,0.0,0.0,0.0,0.0,0.0,22.0,138.0,162.432794,0.0,3801.496000000001,154.21502800000002,247.252358,180.0,0.0,1520.0,10.0,84.610506,954.08,986.8742,6.0,260.0,167.56821399999998,72.0,0.0,0.0,0.0,7.716400000000001,63.07737599999999,80.0,72.0,6.0,3020.175352,-18.16,-8.596141,2,0.0,High
0.0,0.0,2.0,0.0,0.0,0.0,0.0,0.0,4.0,0.0,8.0,0.0,0.0,0.0,0.0,8.0,0.0,0.0,0.0,0.0,0.0,0.0,0.0,0.0,0.0,0.0,0.0,0.0,22.0,96.0,139.54600599999998,0.0,3238.902,106.633414,209.557922,154.0,0.0,1292.0,20.0,70.400162,904.12,859.4236000000001,6.0,222.0,125.601316,54.0,0.0,0.0,0.0,3.119,65.03391199999999,68.0,54.0,12.0,2653.78219,-17.68,-8.749601,0,7.0,Low
1.0,0.0,0.0,0.0,0.0,1.0,4.0,0.0,0.0,0.0,16.0,0.0,0.0,0.0,0.0,0.0,0.0,0.0,0.0,0.0,0.0,0.0,0.0,0.0,0.0,0.0,0.0,0.0,22.0,111.0,144.113362,0.0,3320.561,115.774849,213.736179,162.0,0.0,1332.0,6.0,73.381711,776.12,878.8816,6.0,229.0,139.578936,60.0,0.0,0.0,0.0,9.6144,65.549722,67.0,60.0,6.0,2593.644672,-17.97,-8.574061,2,0.0,High
0.0,2.0,0.0,0.0,0.0,0.0,0.0,0.0,4.0,0.0,0.0,0.0,0.0,0.0,0.0,8.0,0.0,0.0,0.0,8.0,0.0,0.0,0.0,0.0,0.0,0.0,0.0,0.0,22.0,70.0,137.89524799999998,0.0,3082.856,90.752492,200.05235800000003,152.0,0.0,1232.0,20.0,67.891634,830.28,837.3336,6.0,212.0,99.510522,46.0,0.0,0.0,0.0,8.4348,69.942328,60.0,46.0,12.0,2754.482064,-17.36,-8.73847,1,4.0,Medium
1.0,0.0,2.0,0.0,0.0,0.0,3.0,0.0,0.0,0.0,0.0,0.0,0.0,0.0,0.0,15.0,0.0,0.0,0.0,0.0,0.0,0.0,0.0,0.0,0.0,0.0,0.0,0.0,21.0,74.0,126.770331,0.0,2994.859,90.941093,194.384101,137.0,0.0,1182.0,23.0,61.979677,957.59,772.7488000000001,6.0,203.0,103.611044,55.0,0.0,0.0,0.0,-0.3747,61.11863699999999,66.0,55.0,8.0,2584.183336,-16.56,-8.771905,0,5.0,Low
2.0,0.0,0.0,0.0,0.0,0.0,0.0,0.0,4.0,0.0,0.0,0.0,0.0,0.0,6.0,10.0,0.0,0.0,0.0,0.0,0.0,0.0,0.0,0.0,0.0,0.0,0.0,0.0,22.0,78.0,137.756332,0.0,3178.858,92.625568,205.732358,150.0,0.0,1268.0,32.0,68.616072,1003.32,847.6407999999999,6.0,218.0,105.83083,50.0,0.0,0.0,0.0,-2.2709999999999995,68.56894799999999,68.0,50.0,16.0,2833.651294,-17.68,-8.829332,1,4.0,Medium
2.0,0.0,0.0,0.0,0.0,0.0,4.0,0.0,0.0,0.0,0.0,0.0,9.0,0.0,0.0,7.0,0.0,0.0,0.0,0.0,0.0,0.0,0.0,0.0,0.0,0.0,0.0,0.0,22.0,114.0,156.66882199999998,0.0,3627.256,124.310833,235.372358,171.0,0.0,1448.0,13.0,78.06553199999999,959.39,940.0466,6.0,248.0,139.058872,69.0,0.0,0.0,0.0,5.7043,65.833854,77.0,69.0,6.0,3122.9666890000003,-18.04,-8.660983,1,2.0,Medium
1.0,0.0,0.0,16.0,0.0,0.0,4.0,0.0,1.0,0.0,0.0,0.0,0.0,0.0,0.0,0.0,0.0,0.0,0.0,0.0,0.0,0.0,0.0,0.0,0.0,0.0,0.0,0.0,22.0,129.0,188.240805,0.0,4007.284000000001,116.767245,262.736179,211.0,0.0,1626.0,23.0,101.160452,702.28,1126.1205000000002,22.0,278.0,147.421024,43.0,0.0,0.0,0.0,-1.9697,73.72816200000001,67.0,43.0,23.0,3612.452978,-17.97,-8.739167,0,5.0,Low
0.0,0.0,2.0,0.0,0.0,0.0,4.0,0.0,0.0,0.0,4.0,0.0,0.0,0.0,12.0,0.0,0.0,0.0,0.0,0.0,0.0,0.0,0.0,0.0,0.0,0.0,0.0,0.0,22.0,88.0,147.74097799999998,0.0,3343.246,104.643686,217.557922,162.0,0.0,1340.0,32.0,74.520762,970.52,911.8084,6.0,230.0,116.44796,46.0,0.0,0.0,0.0,1.7485999999999997,67.78187199999999,68.0,46.0,20.0,2962.834158,-17.68,-8.814857,0,5.0,Low
2.0,0.0,0.0,0.0,0.0,0.0,0.0,0.0,4.0,0.0,0.0,0.0,8.0,0.0,0.0,8.0,0.0,0.0,0.0,0.0,0.0,0.0,0.0,0.0,0.0,0.0,0.0,0.0,22.0,110.0,154.25232999999997,0.0,3565.24,120.54932399999998,231.41235800000004,168.0,0.0,1424.0,18.0,77.050502,972.36,932.6402,6.0,244.0,135.385802,64.0,0.0,0.0,0.0,3.325600000000001,66.06512799999999,76.0,64.0,10.0,3075.440432,-18.0,-8.679117,1,4.0,Medium
0.0,1.0,0.0,0.0,0.0,0.0,0.0,0.0,5.0,0.0,10.0,0.0,0.0,0.0,0.0,6.0,0.0,0.0,0.0,0.0,0.0,0.0,0.0,0.0,0.0,0.0,0.0,0.0,22.0,101.0,140.68248599999998,0.0,3244.522,105.58487300000002,208.736179,157.0,0.0,1302.0,18.0,71.91653600000001,858.9200000000001,867.0616,6.0,224.0,128.308514,54.0,0.0,0.0,0.0,3.517900000000001,67.716194,67.0,54.0,12.0,2631.252784,-17.97,-8.7213335,0,6.0,Low
6.0,0.0,0.0,0.0,0.0,0.0,0.0,0.0,0.0,0.0,11.0,0.0,4.0,0.0,0.0,1.0,0.0,0.0,0.0,0.0,0.0,0.0,0.0,0.0,0.0,0.0,0.0,0.0,22.0,104.0,146.712895,0.0,3468.673,125.653894,230.557074,155.0,0.0,1354.0,7.0,69.717041,940.04,885.5264,6.0,231.0,143.824217,64.0,0.0,0.0,0.0,10.0623,49.417752,76.0,64.0,6.0,2730.566589,-16.68,-8.597281,2,0.0,High
2.0,0.0,0.0,0.0,0.0,0.0,4.0,0.0,0.0,0.0,0.0,0.0,8.0,0.0,0.0,7.0,0.0,0.0,0.0,0.0,0.0,0.0,0.0,0.0,0.0,0.0,0.0,0.0,21.0,107.0,148.500295,0.0,3439.0330000000004,116.821444,223.242358,162.0,0.0,1372.0,13.0,73.990781,914.63,891.5786,6.0,235.0,131.296536,65.0,0.0,0.0,0.0,4.9356,62.67107899999999,73.0,65.0,6.0,2957.969052,-17.169999999999998,-8.688464,1,3.0,Medium
0.0,2.0,0.0,0.0,0.0,0.0,4.0,0.0,0.0,0.0,12.0,0.0,0.0,0.0,0.0,3.0,0.0,0.0,0.0,0.0,0.0,0.0,0.0,0.0,0.0,0.0,0.0,0.0,21.0,99.0,135.36172100000002,0.0,3140.749,105.708452,203.562358,150.0,0.0,1252.0,11.0,68.236701,802.39,828.2888,6.0,215.0,128.349572,55.0,0.0,0.0,0.0,6.565200000000001,60.199159,65.0,55.0,8.0,2481.1286,-16.849999999999998,-8.667152,1,3.0,Medium
2.0,0.0,0.0,0.0,0.0,0.0,0.0,0.0,4.0,0.0,10.0,0.0,0.0,0.0,0.0,5.0,0.0,0.0,0.0,0.0,0.0,0.0,0.0,0.0,0.0,0.0,0.0,0.0,21.0,95.0,134.054241,0.0,3110.727,102.545272,201.562358,148.0,0.0,1240.0,15.0,67.51007899999999,829.99,822.8098,6.0,213.0,123.943306,53.0,0.0,0.0,0.0,4.4030000000000005,60.91951099999999,65.0,53.0,10.0,2497.233666,-16.849999999999998,-8.71563,0,5.0,Low
1.0,0.0,0.0,0.0,0.0,0.0,0.0,0.0,5.0,0.0,0.0,0.0,0.0,0.0,8.0,8.0,0.0,0.0,0.0,0.0,0.0,0.0,0.0,0.0,0.0,0.0,0.0,0.0,22.0,81.0,140.831785,0.0,3209.58,92.660061,206.736179,155.0,0.0,1290.0,35.0,71.371716,988.52,870.2745,6.0,222.0,106.049968,47.0,0.0,0.0,0.0,-2.9041,72.189458,67.0,47.0,19.0,2896.339338,-17.97,-8.827288,0,5.0,Low
0.0,2.0,0.0,0.0,0.0,0.0,0.0,0.0,2.0,2.0,0.0,0.0,0.0,0.0,0.0,16.0,0.0,0.0,0.0,0.0,0.0,0.0,0.0,0.0,0.0,0.0,0.0,0.0,22.0,74.0,133.474584,2.0,3156.62,88.430188,199.80468,146.0,0.0,1252.0,26.0,66.525666,1004.98,815.9426000000001,6.0,216.0,103.84376,58.0,0.0,2.0,2.0,-3.2789999999999995,65.26592,70.0,58.0,10.0,2831.127752,-17.759999999999998,-8.799483,1,4.0,Medium
2.0,0.0,0.0,1.0,0.0,0.0,3.0,0.0,0.0,0.0,0.0,0.0,0.0,0.0,16.0,0.0,0.0,0.0,0.0,0.0,0.0,0.0,0.0,0.0,0.0,0.0,0.0,0.0,22.0,78.0,147.931927,0.0,3327.251,96.748931,216.732358,161.0,0.0,1334.0,38.0,73.962916,1020.12,910.512,6.0,229.0,105.353421,44.0,0.0,0.0,0.0,-0.5579000000000001,69.800381,68.0,44.0,22.0,3096.652421,-17.68,-8.807959,1,4.0,Medium
2.0,0.0,0.0,0.0,0.0,0.0,1.0,0.0,0.0,3.0,0.0,0.0,0.0,0.0,0.0,16.0,0.0,0.0,0.0,0.0,0.0,0.0,0.0,0.0,0.0,0.0,0.0,0.0,22.0,72.0,133.852691,3.0,3188.566,87.416656,199.840841,147.0,0.0,1262.0,22.0,66.652416,1003.01,811.8278,6.0,218.0,102.765019,63.0,0.0,3.0,3.0,-2.1905,63.94122,71.0,63.0,6.0,2899.07644,-17.799999999999997,-8.7719965,1,4.0,Medium
3.0,0.0,0.0,8.0,0.0,0.0,3.0,0.0,0.0,0.0,8.0,0.0,0.0,0.0,0.0,0.0,0.0,0.0,0.0,0.0,0.0,0.0,0.0,0.0,0.0,0.0,0.0,0.0,22.0,115.0,164.257566,0.0,3660.188,117.297387,240.728537,181.0,0.0,1462.0,14.0,84.43656199999998,784.2,989.201,14.0,250.0,143.922284,52.0,0.0,0.0,0.0,4.4891000000000005,62.836382,69.0,52.0,14.0,3064.599806,-17.39,-8.696354,1,2.0,Medium
2.0,0.0,0.0,0.0,0.0,0.0,0.0,4.0,0.0,0.0,12.0,0.0,0.0,0.0,4.0,0.0,0.0,0.0,0.0,0.0,0.0,0.0,0.0,0.0,0.0,0.0,0.0,0.0,22.0,94.0,138.75437399999998,0.0,3212.8160000000003,112.49668,207.732358,152.0,0.0,1280.0,14.0,68.29990600000001,854.52,846.693,6.0,220.0,124.88801399999998,56.0,0.0,0.0,0.0,4.2424,63.197884,68.0,56.0,10.0,2608.1228,-17.68,-8.701408,1,4.0,Medium
1.0,0.0,0.0,0.0,0.0,0.0,3.0,2.0,0.0,0.0,0.0,0.0,0.0,0.0,0.0,15.0,0.0,0.0,0.0,0.0,0.0,0.0,0.0,0.0,0.0,0.0,0.0,0.0,21.0,74.0,124.463611,0.0,2923.905,86.848495,186.566179,137.0,0.0,1166.0,21.0,61.652015,905.59,755.5286000000001,6.0,201.0,98.46931,57.0,0.0,0.0,0.0,-2.1194999999999995,67.50836699999999,64.0,57.0,6.0,2552.927838,-17.14,-8.74645,0,5.0,Low
1.0,0.0,0.0,0.0,0.0,0.0,1.0,4.0,0.0,0.0,16.0,0.0,0.0,0.0,0.0,0.0,0.0,0.0,0.0,0.0,0.0,0.0,0.0,0.0,0.0,0.0,0.0,0.0,22.0,105.0,138.94807,0.0,3222.372,116.689217,206.736179,155.0,0.0,1290.0,6.0,69.611118,776.12,846.5626,6.0,222.0,134.090096,60.0,0.0,0.0,0.0,6.8837,64.724062,67.0,60.0,6.0,2500.179794,-17.97,-8.582838,1,2.0,Medium
0.0,3.0,0.0,6.0,3.0,0.0,0.0,0.0,0.0,0.0,0.0,0.0,9.0,0.0,0.0,0.0,0.0,0.0,0.0,0.0,0.0,0.0,0.0,0.0,0.0,0.0,0.0,0.0,21.0,126.0,179.290734,0.0,3951.576000000001,133.39968299999998,261.198537,195.0,0.0,1584.0,15.0,90.680904,849.72,1066.4247,12.0,270.0,149.409579,57.0,0.0,0.0,0.0,7.5501,61.483692000000005,75.0,57.0,15.0,3543.294786,-16.92,-8.6479,1,3.0,Medium
3.0,0.0,0.0,0.0,1.0,0.0,2.0,0.0,0.0,0.0,16.0,0.0,0.0,0.0,0.0,0.0,0.0,0.0,0.0,0.0,0.0,0.0,0.0,0.0,0.0,0.0,0.0,0.0,22.0,107.0,145.148638,0.0,3365.429,117.119004,219.728537,160.0,0.0,1336.0,6.0,72.131975,822.52,882.7224,6.0,229.0,140.737753,60.0,0.0,0.0,0.0,11.4298,59.264101,69.0,60.0,6.0,2622.0401570000004,-17.39,-8.573918,2,0.0,High
2.0,0.0,0.0,0.0,2.0,0.0,2.0,0.0,0.0,16.0,0.0,0.0,0.0,0.0,0.0,0.0,0.0,0.0,0.0,0.0,0.0,0.0,0.0,0.0,0.0,0.0,0.0,0.0,22.0,94.0,189.57500600000003,16.0,4310.5380000000005,94.42303,254.310934,214.0,0.0,1716.0,22.0,104.435752,870.3599999999999,1135.9282,22.0,298.0,132.5041,60.0,0.0,16.0,16.0,-15.233,47.885942,84.0,60.0,22.0,4310.68679,-18.32,-8.916437,1,4.0,Medium
1.0,0.0,0.0,0.0,0.0,0.0,3.0,2.0,0.0,0.0,0.0,0.0,16.0,0.0,0.0,0.0,0.0,0.0,0.0,0.0,0.0,0.0,0.0,0.0,0.0,0.0,0.0,0.0,22.0,141.0,174.38457799999998,0.0,3983.328,150.760519,258.096179,191.0,0.0,1602.0,6.0,87.597456,923.8,1038.1346,6.0,274.0,161.327696,76.0,0.0,0.0,0.0,8.709700000000002,67.202032,83.0,76.0,6.0,3430.81933,-18.61,-8.58469,2,0.0,High
0.0,0.0,0.0,0.0,0.0,0.0,2.0,1.0,0.0,3.0,16.0,0.0,0.0,0.0,0.0,0.0,0.0,0.0,0.0,0.0,0.0,0.0,0.0,0.0,0.0,0.0,0.0,0.0,22.0,108.0,146.485757,3.0,3396.184,111.749239,211.848483,167.0,0.0,1366.0,6.0,76.252623,780.61,893.8202,6.0,236.0,136.70772699999998,63.0,0.0,3.0,3.0,7.2367,64.775903,69.0,63.0,6.0,2782.64194,-18.38,-8.632017,1,1.0,Medium
0.0,2.0,0.0,0.0,2.0,0.0,0.0,0.0,2.0,0.0,0.0,0.0,0.0,16.0,0.0,0.0,0.0,0.0,0.0,0.0,0.0,0.0,0.0,0.0,0.0,0.0,0.0,0.0,22.0,158.0,178.39788199999998,0.0,4114.042,176.80368600000003,269.092358,198.0,0.0,1652.0,10.0,93.95344,958.2,1085.1278,6.0,282.0,187.615188,72.0,0.0,0.0,0.0,11.0254,62.49319,84.0,72.0,10.0,3272.886438,-18.32,-8.560389,2,0.0,High
0.0,0.0,2.0,0.0,4.0,0.0,0.0,0.0,0.0,0.0,10.0,0.0,6.0,0.0,0.0,0.0,0.0,0.0,0.0,0.0,0.0,0.0,0.0,0.0,0.0,0.0,0.0,0.0,22.0,124.0,168.023504,0.0,3787.696,135.03778,247.317922,186.0,0.0,1520.0,8.0,84.341796,860.3,1009.6844,6.0,260.0,151.095302,64.0,0.0,0.0,0.0,14.8278,64.98284,74.0,64.0,8.0,3211.626854,-17.919999999999998,-8.597263,2,0.0,High
0.0,2.0,0.0,0.0,2.0,0.0,0.0,0.0,0.0,0.0,0.0,0.0,0.0,0.0,14.0,4.0,0.0,0.0,0.0,0.0,0.0,0.0,0.0,0.0,0.0,0.0,0.0,0.0,22.0,72.0,145.506362,0.0,3285.1220000000003,94.496944,213.732358,158.0,0.0,1316.0,38.0,71.541238,1051.7,893.9012,4.0,226.0,99.598506,46.0,0.0,0.0,0.0,1.5246,70.451744,68.0,46.0,20.0,3114.623448,-17.68,-8.807013,1,3.0,Medium
1.0,0.0,0.0,2.0,0.0,0.0,3.0,0.0,0.0,0.0,0.0,0.0,0.0,0.0,16.0,0.0,0.0,0.0,0.0,0.0,0.0,0.0,0.0,0.0,0.0,0.0,0.0,0.0,22.0,81.0,149.914288,0.0,3346.898,96.570155,216.736179,165.0,0.0,1350.0,38.0,75.93779,996.92,922.4206,6.0,232.0,105.435974,44.0,0.0,0.0,0.0,-0.2968999999999999,73.345068,67.0,44.0,22.0,3145.499756,-17.97,-8.803596,0,6.0,Low
0.0,0.0,2.0,0.0,4.0,0.0,0.0,0.0,0.0,0.0,6.0,0.0,0.0,0.0,0.0,10.0,0.0,0.0,0.0,0.0,0.0,0.0,0.0,0.0,0.0,0.0,0.0,0.0,22.0,92.0,148.340564,0.0,3383.108,106.14236599999998,219.557922,164.0,0.0,1352.0,18.0,73.69726,914.92,896.8684000000001,6.0,232.0,120.24435,58.0,0.0,0.0,0.0,8.1872,67.81118799999999,68.0,58.0,8.0,2958.679444,-17.68,-8.717896,0,5.0,Low
4.0,0.0,0.0,0.0,0.0,0.0,0.0,2.0,0.0,0.0,12.0,0.0,0.0,0.0,4.0,0.0,0.0,0.0,0.0,0.0,0.0,0.0,0.0,0.0,0.0,0.0,0.0,0.0,22.0,92.0,139.463378,0.0,3257.684,113.065836,213.724716,150.0,0.0,1284.0,14.0,67.40606000000001,900.92,850.5778,6.0,220.0,128.054738,56.0,0.0,0.0,0.0,6.061,56.808154,70.0,56.0,10.0,2616.40622,-17.099999999999998,-8.677685,1,4.0,Medium
2.0,0.0,0.0,0.0,0.0,0.0,0.0,4.0,0.0,0.0,0.0,0.0,8.0,0.0,0.0,8.0,0.0,0.0,0.0,0.0,0.0,0.0,0.0,0.0,0.0,0.0,0.0,0.0,22.0,102.0,148.22847,0.0,3456.96,122.164128,223.412358,160.0,0.0,1376.0,14.0,72.122202,961.16,887.5014000000001,6.0,236.0,127.948586,68.0,0.0,0.0,0.0,1.912800000000001,65.23405199999999,76.0,68.0,6.0,2992.68264,-18.0,-8.672342,1,4.0,Medium
0.0,2.0,0.0,0.0,4.0,0.0,0.0,0.0,0.0,0.0,0.0,0.0,0.0,0.0,6.0,10.0,0.0,0.0,0.0,0.0,0.0,0.0,0.0,0.0,0.0,0.0,0.0,0.0,22.0,78.0,148.225374,0.0,3349.15,95.2977,217.732358,162.0,0.0,1340.0,30.0,73.082808,997.72,898.7674,6.0,230.0,104.88013,52.0,0.0,0.0,0.0,3.2514,70.62587199999999,68.0,52.0,14.0,3122.443482,-17.68,-8.824582,0,5.0,Low
2.0,0.0,0.0,0.0,0.0,0.0,2.0,2.0,0.0,15.0,0.0,0.0,0.0,0.0,0.0,0.0,0.0,0.0,0.0,0.0,0.0,0.0,0.0,0.0,0.0,0.0,0.0,0.0,21.0,86.0,172.74581400000002,15.0,3970.01,90.002129,233.104773,194.0,0.0,1576.0,21.0,94.910501,830.3899999999999,1037.6905000000002,21.0,274.0,123.48543800000002,57.0,0.0,15.0,15.0,-18.1484,44.364008,80.0,57.0,21.0,3915.49915,-17.450000000000003,-8.908669,1,4.0,Medium
4.0,0.0,0.0,0.0,0.0,0.0,0.0,2.0,0.0,0.0,4.0,0.0,0.0,0.0,0.0,12.0,0.0,0.0,0.0,0.0,0.0,0.0,0.0,0.0,0.0,0.0,0.0,0.0,22.0,76.0,129.65147000000002,0.0,3093.296,98.967572,201.724716,138.0,0.0,1212.0,18.0,61.46024800000001,977.72,785.6734,6.0,208.0,110.543282,60.0,0.0,0.0,0.0,0.9822000000000002,59.25381,70.0,60.0,6.0,2588.545872,-17.1,-8.715905,0,5.0,Low
2.0,0.0,0.0,6.0,0.0,0.0,4.0,0.0,0.0,0.0,0.0,10.0,0.0,0.0,0.0,0.0,0.0,0.0,0.0,0.0,0.0,0.0,0.0,0.0,0.0,0.0,0.0,0.0,22.0,106.0,152.803192,0.0,3441.3280000000004,113.644744,223.732358,168.0,0.0,1376.0,12.0,77.63564399999998,770.5799999999999,920.2512,12.0,236.0,133.632222,54.0,0.0,0.0,0.0,1.9024,65.533688,68.0,54.0,12.0,2843.0306,-17.68,-8.6871805,1,2.0,Medium
0.0,2.0,0.0,0.0,4.0,0.0,0.0,0.0,0.0,8.0,8.0,0.0,0.0,0.0,0.0,0.0,0.0,0.0,0.0,0.0,0.0,0.0,0.0,0.0,0.0,0.0,0.0,0.0,22.0,102.0,174.73302,8.0,3944.028,107.09696,244.02164600000003,196.0,0.0,1576.0,16.0,92.219646,840.44,1051.59,14.0,272.0,136.16471,58.0,0.0,8.0,8.0,0.0975999999999999,56.561916,76.0,58.0,16.0,3655.1324600000007,-18.0,-8.749791,1,4.0,Medium
2.0,0.0,0.0,0.0,0.0,0.0,2.0,2.0,0.0,16.0,0.0,0.0,0.0,0.0,0.0,0.0,0.0,0.0,0.0,0.0,0.0,0.0,0.0,0.0,0.0,0.0,0.0,0.0,22.0,90.0,181.420306,16.0,4170.268,93.894366,244.310934,204.0,0.0,1656.0,22.0,99.848988,870.3599999999999,1089.8462,22.0,288.0,129.260842,60.0,0.0,16.0,16.0,-19.1276,46.441942,84.0,60.0,22.0,4124.9118,-18.32,-8.908661,1,4.0,Medium
1.0,0.0,0.0,3.0,0.0,0.0,2.0,0.0,0.0,0.0,0.0,0.0,15.0,0.0,0.0,0.0,0.0,0.0,0.0,0.0,0.0,0.0,0.0,0.0,0.0,0.0,0.0,0.0,21.0,138.0,171.812426,0.0,3893.294,143.992237,252.966179,189.0,0.0,1568.0,6.0,86.985237,879.04,1021.9856,6.0,268.0,156.703801,72.0,0.0,0.0,0.0,10.6717,64.880954,79.0,72.0,6.0,3404.09938,-17.740000000000002,-8.593151,2,0.0,High
2.0,0.0,0.0,0.0,0.0,0.0,0.0,0.0,4.0,0.0,8.0,0.0,0.0,0.0,0.0,7.0,0.0,0.0,0.0,0.0,0.0,0.0,0.0,0.0,0.0,0.0,0.0,0.0,21.0,91.0,132.56325900000002,0.0,3082.673,99.382092,199.562358,146.0,0.0,1228.0,17.0,66.561949,851.99,813.2294,6.0,211.0,119.53704,53.0,0.0,0.0,0.0,3.0948,61.63986299999999,65.0,53.0,10.0,2513.338732,-16.849999999999998,-8.734502,0,5.0,Low
2.0,0.0,0.0,6.0,0.0,0.0,4.0,0.0,0.0,0.0,9.0,0.0,0.0,0.0,0.0,0.0,0.0,0.0,0.0,0.0,0.0,0.0,0.0,0.0,0.0,0.0,0.0,0.0,21.0,111.0,153.74374,0.0,3437.428,111.088034,224.562358,171.0,0.0,1378.0,12.0,79.544874,735.05,928.7722,12.0,236.0,137.16911299999998,51.0,0.0,0.0,0.0,5.0513,62.183515,65.0,51.0,12.0,2843.0392730000003,-16.849999999999998,-8.697198,1,2.0,Medium
0.0,0.0,0.0,2.0,0.0,0.0,0.0,2.0,2.0,0.0,0.0,0.0,0.0,0.0,0.0,16.0,0.0,0.0,0.0,0.0,0.0,0.0,0.0,0.0,0.0,0.0,0.0,0.0,22.0,80.0,132.937154,0.0,3085.754,90.907102,195.74,148.0,0.0,1240.0,24.0,66.87173200000001,934.52,809.0144,6.0,214.0,102.44774,58.0,0.0,0.0,0.0,-2.2244,74.589156,66.0,58.0,8.0,2751.54615,-18.26,-8.763924,0,6.0,Low
1.0,0.0,0.0,0.0,0.0,0.0,2.0,3.0,0.0,0.0,16.0,0.0,0.0,0.0,0.0,0.0,0.0,0.0,0.0,0.0,0.0,0.0,0.0,0.0,0.0,0.0,0.0,0.0,22.0,107.0,140.362284,0.0,3250.4259999999995,116.285516,208.736179,157.0,0.0,1302.0,6.0,70.732439,776.12,855.7966,6.0,224.0,135.9494,60.0,0.0,0.0,0.0,7.6639,64.93183099999999,67.0,60.0,6.0,2520.869242,-17.97,-8.58005,1,1.0,Medium
0.0,3.0,0.0,0.0,4.0,0.0,0.0,0.0,0.0,0.0,0.0,0.0,0.0,0.0,0.0,14.0,1.0,0.0,0.0,0.0,0.0,0.0,0.0,0.0,0.0,0.0,0.0,0.0,22.0,76.0,141.24571600000002,0.0,3247.305,94.477672,211.768537,153.0,0.0,1288.0,24.0,68.635863,984.73,851.2064,6.0,221.0,104.971739,55.0,0.0,0.0,0.0,1.5511,66.38895099999999,68.0,55.0,10.0,2929.909431,-17.349999999999998,-8.800942,0,6.0,Low
2.0,0.0,0.0,4.0,0.0,0.0,0.0,0.0,0.0,0.0,0.0,0.0,0.0,0.0,0.0,6.0,0.0,0.0,9.0,0.0,0.0,0.0,0.0,0.0,0.0,0.0,0.0,0.0,21.0,84.0,132.95811,0.0,3012.753,100.890564,195.92235800000003,151.0,0.0,1204.0,12.0,68.311174,746.72,814.0198,6.0,207.0,112.47329,48.0,0.0,0.0,0.0,13.8897,62.132569,56.0,48.0,6.0,2523.518421,-16.49,-8.617966,0,5.0,Low
0.0,0.0,2.0,0.0,0.0,0.0,2.0,0.0,0.0,2.0,0.0,0.0,0.0,0.0,0.0,0.0,0.0,0.0,0.0,0.0,0.0,0.0,0.0,0.0,0.0,0.0,16.0,0.0,22.0,124.0,226.737216,18.0,5780.898,100.060222,343.273684,244.0,0.0,2288.0,72.0,123.495518,2265.78,1343.2096,6.0,394.0,163.159266,140.0,0.0,18.0,18.0,-36.4576,49.155632,150.0,140.0,8.0,6452.142134,-20.96,-8.778453,0,6.0,Low
0.0,4.0,0.0,2.0,0.0,0.0,0.0,0.0,0.0,0.0,0.0,0.0,4.0,0.0,0.0,12.0,0.0,0.0,0.0,0.0,0.0,0.0,0.0,0.0,0.0,0.0,0.0,0.0,22.0,88.0,142.84422,0.0,3349.734,107.898852,219.564716,152.0,0.0,1320.0,22.0,68.89509000000001,1025.84,864.8542,6.0,226.0,119.75486,60.0,0.0,0.0,0.0,1.6812000000000005,60.469062,74.0,60.0,10.0,2916.839122,-17.259999999999998,-8.7585125,0,5.0,Low
4.0,0.0,0.0,0.0,0.0,0.0,0.0,2.0,0.0,0.0,8.0,0.0,0.0,0.0,0.0,8.0,0.0,0.0,0.0,0.0,0.0,0.0,0.0,0.0,0.0,0.0,0.0,0.0,22.0,84.0,132.63343400000002,0.0,3149.4039999999995,105.29393199999998,205.724716,142.0,0.0,1236.0,14.0,63.356508000000005,933.72,804.8342,6.0,212.0,119.355814,60.0,0.0,0.0,0.0,3.5986,57.813106,70.0,60.0,6.0,2556.33574,-17.1,-8.682382,0,5.0,Low
1.0,0.0,0.0,8.0,0.0,0.0,5.0,0.0,0.0,0.0,8.0,0.0,0.0,0.0,0.0,0.0,0.0,0.0,0.0,0.0,0.0,0.0,0.0,0.0,0.0,0.0,0.0,0.0,22.0,121.0,166.37699,0.0,3671.428,115.920829,238.736179,187.0,0.0,1482.0,14.0,87.57305,737.8,1003.7842,14.0,254.0,144.474168,52.0,0.0,0.0,0.0,4.2309,69.64165,67.0,52.0,14.0,3097.695282,-17.97,-8.694282,1,2.0,Medium
2.0,0.0,0.0,0.0,0.0,2.0,10.0,0.0,0.0,0.0,0.0,0.0,0.0,0.0,0.0,0.0,8.0,0.0,0.0,0.0,0.0,0.0,0.0,0.0,0.0,0.0,0.0,0.0,22.0,82.0,128.716414,0.0,2940.618,97.138196,190.05235800000003,142.0,0.0,1172.0,14.0,65.4376,797.8,770.7626,6.0,202.0,103.681602,44.0,0.0,0.0,0.0,-14.1794,66.459216,60.0,44.0,14.0,2416.121388,-17.36,-8.727005,0,5.0,Low
1.0,0.0,0.0,0.0,0.0,2.0,1.0,0.0,0.0,0.0,18.0,0.0,0.0,0.0,0.0,0.0,0.0,0.0,0.0,0.0,0.0,0.0,0.0,0.0,0.0,0.0,0.0,0.0,22.0,107.0,140.02408,0.0,3250.378,117.282687,208.736179,157.0,0.0,1302.0,4.0,70.111118,785.6999999999999,853.4272000000001,4.0,224.0,136.507068,62.0,0.0,0.0,0.0,11.4479,64.806784,67.0,62.0,4.0,2540.261528,-17.97,-8.519505,1,3.0,Medium
2.0,0.0,0.0,0.0,0.0,0.0,4.0,0.0,0.0,8.0,0.0,0.0,0.0,0.0,0.0,0.0,0.0,7.0,0.0,0.0,0.0,0.0,0.0,0.0,0.0,0.0,0.0,0.0,21.0,90.0,161.367266,8.0,3619.698,90.824614,223.131646,184.0,0.0,1446.0,14.0,87.136822,734.6999999999999,975.8356,14.0,250.0,121.996473,50.0,0.0,8.0,8.0,3.607000000000001,53.421291,66.0,50.0,14.0,3381.524463,-16.89,-8.814962,1,3.0,Medium
0.0,4.0,0.0,0.0,0.0,0.0,4.0,0.0,0.0,0.0,12.0,0.0,0.0,0.0,0.0,0.0,2.0,0.0,0.0,0.0,0.0,0.0,0.0,0.0,0.0,0.0,0.0,0.0,22.0,98.0,138.331376,0.0,3223.7180000000003,112.132908,211.804716,150.0,0.0,1272.0,12.0,68.419392,856.54,845.774,6.0,218.0,132.281232,52.0,0.0,0.0,0.0,2.8006,56.426622,68.0,52.0,12.0,2490.373714,-17.02,-8.66567,1,2.0,Medium
2.0,0.0,0.0,0.0,0.0,0.0,2.0,2.0,0.0,0.0,0.0,0.0,0.0,0.0,0.0,0.0,0.0,16.0,0.0,0.0,0.0,0.0,0.0,0.0,0.0,0.0,0.0,0.0,22.0,90.0,148.947218,0.0,3241.308,97.619822,212.372358,172.0,0.0,1304.0,6.0,76.95454000000001,651.64,906.251,6.0,224.0,117.357818,44.0,0.0,0.0,0.0,27.0324,66.194502,52.0,44.0,6.0,2809.817896,-17.04,-8.381191,1,3.0,Medium
0.0,0.0,2.0,0.0,0.0,0.0,2.0,2.0,0.0,0.0,0.0,0.0,0.0,0.0,0.0,0.0,0.0,16.0,0.0,0.0,0.0,0.0,0.0,0.0,0.0,0.0,0.0,0.0,22.0,92.0,150.544934,0.0,3267.394,101.143264,214.197922,174.0,0.0,1316.0,8.0,78.17604800000001,657.24,919.5864,6.0,226.0,119.332828,42.0,0.0,0.0,0.0,26.9586,66.194502,52.0,42.0,8.0,2832.789974,-17.04,-8.468052,1,2.0,Medium
1.0,0.0,0.0,0.0,0.0,1.0,4.0,0.0,0.0,0.0,0.0,0.0,0.0,0.0,16.0,0.0,0.0,0.0,0.0,0.0,0.0,0.0,0.0,0.0,0.0,0.0,0.0,0.0,22.0,79.0,147.577426,0.0,3304.817,96.251585,213.736179,162.0,0.0,1332.0,38.0,74.409839,996.92,908.5696,6.0,229.0,103.874376,44.0,0.0,0.0,0.0,-1.4672,73.05554599999999,67.0,44.0,22.0,3091.607648,-17.97,-8.804295,0,5.0,Low
4.0,0.0,0.0,0.0,0.0,0.0,0.0,2.0,0.0,0.0,0.0,0.0,8.0,0.0,8.0,0.0,0.0,0.0,0.0,0.0,0.0,0.0,0.0,0.0,0.0,0.0,0.0,0.0,22.0,100.0,156.633434,0.0,3606.172000000001,125.624372,237.404716,166.0,0.0,1428.0,22.0,75.53494,1029.96,944.5518,6.0,244.0,130.888094,60.0,0.0,0.0,0.0,3.4234000000000004,59.715826,78.0,60.0,14.0,3185.527284,-17.42,-8.680034,0,5.0,Low
2.0,0.0,0.0,0.0,0.0,0.0,3.0,1.0,0.0,0.0,15.0,0.0,0.0,0.0,0.0,0.0,0.0,0.0,0.0,0.0,0.0,0.0,0.0,0.0,0.0,0.0,0.0,0.0,21.0,103.0,136.000478,0.0,3156.744,110.856923,204.562358,151.0,0.0,1258.0,6.0,68.316067,763.7900000000001,829.3240000000001,6.0,216.0,133.09966699999998,57.0,0.0,0.0,0.0,8.601299999999998,58.910862,65.0,57.0,6.0,2436.281553,-16.849999999999998,-8.5921335,1,2.0,Medium
0.0,0.0,0.0,2.0,0.0,0.0,0.0,2.0,0.0,2.0,0.0,0.0,0.0,0.0,0.0,16.0,0.0,0.0,0.0,0.0,0.0,0.0,0.0,0.0,0.0,0.0,0.0,0.0,22.0,76.0,134.243874,2.0,3143.742,88.880038,195.812322,150.0,0.0,1260.0,22.0,67.789756,947.38,813.089,6.0,218.0,100.290258,62.0,0.0,2.0,2.0,-2.6093999999999995,71.93975599999999,68.0,62.0,6.0,2887.443526,-18.34,-8.769277,0,5.0,Low
2.0,0.0,0.0,0.0,0.0,1.0,3.0,0.0,0.0,0.0,15.0,0.0,0.0,0.0,0.0,0.0,0.0,0.0,0.0,0.0,0.0,0.0,0.0,0.0,0.0,0.0,0.0,0.0,21.0,103.0,136.92312800000002,0.0,3170.771,111.153658,205.562358,152.0,0.0,1264.0,6.0,68.722697,763.7900000000001,833.941,6.0,217.0,133.010595,57.0,0.0,0.0,0.0,8.991399999999999,59.113215,65.0,57.0,6.0,2467.678087,-16.85,-8.591671,1,1.0,Medium
0.0,0.0,2.0,0.0,0.0,0.0,4.0,0.0,0.0,0.0,0.0,0.0,8.0,0.0,0.0,8.0,0.0,0.0,0.0,0.0,0.0,0.0,0.0,0.0,0.0,0.0,0.0,0.0,22.0,112.0,155.483042,0.0,3595.262,124.072766,233.23792200000003,170.0,0.0,1436.0,16.0,77.828994,966.76,937.7728,6.0,246.0,137.360812,66.0,0.0,0.0,0.0,4.9598,66.06512799999999,76.0,66.0,8.0,3098.41251,-18.0,-8.6725,0,5.0,Low
0.0,2.0,0.0,0.0,0.0,0.0,4.0,0.0,0.0,0.0,0.0,8.0,0.0,0.0,0.0,8.0,0.0,0.0,0.0,0.0,0.0,0.0,0.0,0.0,0.0,0.0,0.0,0.0,22.0,86.0,132.107932,0.0,3102.568,100.907764,199.73235800000003,144.0,0.0,1232.0,16.0,64.957146,892.9200000000001,805.0508,6.0,212.0,115.762874,58.0,0.0,0.0,0.0,0.926,65.286952,68.0,58.0,8.0,2543.268096,-17.68,-8.716393,1,4.0,Medium
1.0,0.0,0.0,0.0,0.0,0.0,5.0,0.0,0.0,0.0,8.0,8.0,0.0,0.0,0.0,0.0,0.0,0.0,0.0,0.0,0.0,0.0,0.0,0.0,0.0,0.0,0.0,0.0,22.0,105.0,138.94807000000003,0.0,3222.3720000000003,112.872205,206.736179,155.0,0.0,1290.0,6.0,70.09640200000001,776.12,846.5626,6.0,222.0,133.66388,60.0,0.0,0.0,0.0,6.883699999999999,65.808178,67.0,60.0,6.0,2495.39557,-17.97,-8.584186,1,2.0,Medium
0.0,0.0,4.0,0.0,0.0,5.0,5.0,0.0,0.0,0.0,0.0,0.0,0.0,0.0,0.0,0.0,8.0,0.0,0.0,0.0,0.0,0.0,0.0,0.0,0.0,0.0,0.0,0.0,22.0,74.0,128.31773,0.0,2939.469,107.662946,192.695844,137.0,0.0,1158.0,18.0,62.600055,855.3999999999999,768.9992,6.0,199.0,101.23461,40.0,0.0,0.0,0.0,-15.2391,59.6377,62.0,40.0,18.0,2461.091326,-16.78,-8.735183,0,5.0,Low
0.0,2.0,0.0,0.0,0.0,0.0,2.0,0.0,0.0,2.0,15.0,0.0,0.0,0.0,0.0,0.0,0.0,0.0,0.0,0.0,0.0,0.0,0.0,0.0,0.0,0.0,0.0,0.0,21.0,101.0,139.088416,2.0,3238.8499999999995,108.426158,206.63468,155.0,0.0,1290.0,8.0,70.798428,787.85,850.8353999999999,6.0,222.0,132.801489,57.0,0.0,2.0,2.0,7.288499999999999,56.46923099999999,67.0,57.0,8.0,2592.868377,-16.93,-8.655792,1,2.0,Medium
0.0,0.0,0.0,0.0,0.0,0.0,6.0,2.0,0.0,0.0,12.0,0.0,0.0,0.0,0.0,0.0,2.0,0.0,0.0,0.0,0.0,0.0,0.0,0.0,0.0,0.0,0.0,0.0,22.0,106.0,139.374792,0.0,3194.026,110.187194,203.82,158.0,0.0,1288.0,8.0,72.00671000000001,752.54,848.2696,6.0,222.0,129.666392,56.0,0.0,0.0,0.0,2.4318,69.62162,64.0,56.0,8.0,2515.18577,-18.18,-8.640788,1,2.0,Medium
0.0,0.0,0.0,0.0,0.0,0.0,4.0,2.0,0.0,0.0,12.0,3.0,0.0,0.0,0.0,0.0,0.0,0.0,0.0,0.0,0.0,0.0,0.0,0.0,0.0,0.0,0.0,0.0,21.0,104.0,134.584367,0.0,3097.849,109.058238,197.57,152.0,0.0,1248.0,6.0,68.83123400000001,717.39,820.8222000000001,6.0,215.0,128.84346,57.0,0.0,0.0,0.0,6.3926,65.603251,63.0,57.0,6.0,2415.859325,-17.429999999999996,-8.595258,1,2.0,Medium
1.0,3.0,0.0,0.0,0.0,0.0,2.0,0.0,0.0,0.0,15.0,0.0,0.0,0.0,0.0,0.0,0.0,0.0,0.0,0.0,0.0,0.0,0.0,0.0,0.0,0.0,0.0,0.0,21.0,99.0,135.570521,0.0,3170.606,111.82978,208.554716,147.0,0.0,1250.0,9.0,66.633162,818.59,830.1269,6.0,214.0,134.407087,54.0,0.0,0.0,0.0,8.358699999999999,52.313363,67.0,54.0,9.0,2423.8755250000004,-16.27,-8.636226,1,2.0,Medium
0.0,2.0,0.0,0.0,0.0,0.0,4.0,0.0,0.0,0.0,8.0,8.0,0.0,0.0,0.0,0.0,0.0,0.0,0.0,0.0,0.0,0.0,0.0,0.0,0.0,0.0,0.0,0.0,22.0,102.0,138.07186000000002,0.0,3214.784,113.560484,207.73235800000003,152.0,0.0,1280.0,8.0,68.74966599999999,804.9200000000001,843.3724,6.0,220.0,133.387938,58.0,0.0,0.0,0.0,6.158799999999999,62.40554399999999,68.0,58.0,8.0,2478.847832,-17.68,-8.615677,1,2.0,Medium
0.0,2.0,2.0,0.0,0.0,0.0,0.0,0.0,2.0,0.0,17.0,0.0,0.0,0.0,0.0,0.0,0.0,0.0,0.0,0.0,0.0,0.0,0.0,0.0,0.0,0.0,0.0,0.0,23.0,111.0,149.521032,0.0,3484.048,125.972162,228.72028,163.0,0.0,1378.0,12.0,74.146964,898.05,920.811,6.0,236.0,148.966895,57.0,0.0,0.0,0.0,9.3621,58.381109,73.0,57.0,12.0,2665.685297,-17.93,-8.591969,2,0.0,High
3.0,0.0,0.0,0.0,0.0,0.0,3.0,0.0,0.0,2.0,0.0,0.0,0.0,14.0,0.0,0.0,0.0,0.0,0.0,0.0,0.0,0.0,0.0,0.0,0.0,0.0,0.0,0.0,22.0,147.0,173.08791,2.0,4052.266000000001,165.85831700000003,262.240859,191.0,0.0,1614.0,8.0,90.963724,960.62,1049.3948,8.0,276.0,180.92571,74.0,0.0,2.0,2.0,7.032500000000001,56.236188,85.0,74.0,8.0,3241.6676500000003,-18.03,-8.581396,2,0.0,High
2.0,0.0,0.0,0.0,0.0,0.0,4.0,0.0,0.0,0.0,0.0,8.0,0.0,0.0,0.0,7.0,0.0,0.0,0.0,0.0,0.0,0.0,0.0,0.0,0.0,0.0,0.0,0.0,21.0,83.0,126.539399,0.0,2974.393,97.179884,191.562358,138.0,0.0,1180.0,13.0,62.118933,840.79,768.0906,6.0,203.0,111.673608,57.0,0.0,0.0,0.0,1.682,61.892903,65.0,57.0,6.0,2425.7967160000003,-16.849999999999998,-8.696393,1,4.0,Medium
0.0,0.0,2.0,2.0,0.0,0.0,0.0,0.0,2.0,0.0,0.0,0.0,0.0,0.0,0.0,16.0,0.0,0.0,0.0,0.0,0.0,0.0,0.0,0.0,0.0,0.0,0.0,0.0,22.0,80.0,135.243874,0.0,3156.708,94.9997,203.557922,148.0,0.0,1256.0,26.0,67.199394,986.52,826.2346,6.0,216.0,107.589474,56.0,0.0,0.0,0.0,-0.4796,68.199426,68.0,56.0,10.0,2782.801648,-17.68,-8.795687,1,4.0,Medium
0.0,0.0,2.0,0.0,0.0,0.0,0.0,0.0,4.0,0.0,12.0,0.0,0.0,0.0,0.0,4.0,0.0,0.0,0.0,0.0,0.0,0.0,0.0,0.0,0.0,0.0,0.0,0.0,22.0,104.0,142.52797,0.0,3295.01,112.959774,213.557922,158.0,0.0,1316.0,16.0,72.296422,860.12,878.5844000000001,6.0,226.0,134.413848,54.0,0.0,0.0,0.0,5.7354,63.59320799999999,68.0,54.0,12.0,2621.572058,-17.68,-8.695603,1,4.0,Medium
4.0,0.0,0.0,0.0,0.0,0.0,3.0,0.0,0.0,0.0,0.0,0.0,0.0,0.0,0.0,13.0,1.0,0.0,0.0,0.0,0.0,0.0,0.0,0.0,0.0,0.0,0.0,0.0,21.0,70.0,123.873176,0.0,2946.17,88.76593899999999,192.594716,132.0,0.0,1154.0,20.0,59.430408,953.0,749.6759,6.0,198.0,101.557231,55.0,0.0,0.0,0.0,-1.8052,57.535344,66.0,55.0,7.0,2507.098125,-16.23,-8.737113,1,4.0,Medium
0.0,2.0,0.0,0.0,0.0,0.0,4.0,0.0,0.0,0.0,8.0,0.0,0.0,8.0,0.0,0.0,0.0,0.0,0.0,0.0,0.0,0.0,0.0,0.0,0.0,0.0,0.0,0.0,22.0,134.0,158.308412,0.0,3679.424,145.615156,239.41235800000004,176.0,0.0,1472.0,8.0,82.068738,878.76,966.8604,6.0,252.0,164.670954,66.0,0.0,0.0,0.0,9.4124,61.808616,76.0,66.0,8.0,2847.4400960000003,-18.0,-8.590223,2,0.0,High
2.0,2.0,0.0,0.0,0.0,0.0,2.0,0.0,0.0,0.0,0.0,16.0,0.0,0.0,0.0,0.0,0.0,0.0,0.0,0.0,0.0,0.0,0.0,0.0,0.0,0.0,0.0,0.0,22.0,88.0,130.29558,0.0,3091.328,112.734834,201.724716,138.0,0.0,1212.0,8.0,61.613178,851.32,791.8532,6.0,208.0,124.972622,58.0,0.0,0.0,0.0,3.2962,55.853316,70.0,58.0,8.0,2358.21034,-17.1,-8.608336,1,2.0,Medium
0.0,4.0,0.0,0.0,0.0,0.0,0.0,0.0,4.0,0.0,0.0,0.0,12.0,0.0,0.0,0.0,2.0,0.0,0.0,0.0,0.0,0.0,0.0,0.0,0.0,0.0,0.0,0.0,22.0,122.0,163.15444,0.0,3748.4180000000006,138.291936,247.324716,174.0,0.0,1488.0,16.0,80.67018,978.5,983.8048,6.0,254.0,149.920476,60.0,0.0,0.0,0.0,1.2918000000000012,57.973446,80.0,60.0,16.0,3157.319194,-17.5,-8.611527,1,2.0,Medium
2.0,0.0,2.0,0.0,0.0,0.0,0.0,0.0,2.0,0.0,0.0,0.0,0.0,0.0,0.0,16.0,0.0,0.0,0.0,0.0,0.0,0.0,0.0,0.0,0.0,0.0,0.0,0.0,22.0,74.0,131.279152,0.0,3117.414,95.357252,203.55028,140.0,0.0,1224.0,26.0,63.249646,1032.92,802.4174,6.0,210.0,107.424368,56.0,0.0,0.0,0.0,-1.0015999999999998,61.110052,70.0,56.0,10.0,2685.106978,-17.1,-8.771968,1,4.0,Medium
4.0,0.0,0.0,0.0,0.0,0.0,0.0,0.0,2.0,0.0,0.0,0.0,8.0,0.0,0.0,8.0,0.0,0.0,0.0,0.0,0.0,0.0,0.0,0.0,0.0,0.0,0.0,0.0,22.0,104.0,151.949404,0.0,3555.968,121.925882,233.404716,162.0,0.0,1404.0,16.0,73.692506,1013.16,913.9556,6.0,240.0,134.83391799999998,66.0,0.0,0.0,0.0,4.4378,59.25986,78.0,66.0,8.0,3042.3449560000004,-17.42,-8.653828,1,3.0,Medium
0.0,3.0,0.0,0.0,0.0,0.0,0.0,0.0,3.0,0.0,12.0,0.0,0.0,0.0,3.0,0.0,0.0,0.0,0.0,0.0,0.0,0.0,0.0,0.0,0.0,0.0,0.0,0.0,21.0,96.0,137.554998,0.0,3170.322,107.480889,207.558537,150.0,0.0,1260.0,18.0,68.726442,845.19,849.1371,6.0,216.0,127.988424,48.0,0.0,0.0,0.0,4.870799999999999,57.123339,66.0,48.0,15.0,2533.791321,-16.56,-8.7339,0,5.0,Low
2.0,0.0,0.0,0.0,0.0,0.0,4.0,0.0,0.0,0.0,0.0,0.0,5.0,0.0,0.0,12.0,0.0,0.0,0.0,0.0,0.0,0.0,0.0,0.0,0.0,0.0,0.0,0.0,23.0,101.0,150.919869,0.0,3525.079,112.992677,227.702358,165.0,0.0,1404.0,18.0,74.850053,1013.0,910.4686,6.0,241.0,128.455858,68.0,0.0,0.0,0.0,3.1195000000000004,70.152999,76.0,68.0,6.0,3050.333041,-18.71,-8.686506,1,4.0,Medium
4.0,0.0,0.0,0.0,0.0,0.0,2.0,0.0,0.0,0.0,3.0,0.0,12.0,0.0,0.0,0.0,0.0,0.0,0.0,0.0,0.0,0.0,0.0,0.0,0.0,0.0,0.0,0.0,21.0,123.0,159.751328,0.0,3702.194,137.988808,244.074716,171.0,0.0,1466.0,6.0,78.108672,920.95,953.8028,6.0,250.0,152.046331,69.0,0.0,0.0,0.0,9.8389,53.860187,79.0,69.0,6.0,3090.821005,-16.75,-8.611873,2,0.0,High
0.0,0.0,0.0,4.0,0.0,0.0,0.0,0.0,4.0,0.0,0.0,0.0,12.0,0.0,0.0,0.0,2.0,0.0,0.0,0.0,0.0,0.0,0.0,0.0,0.0,0.0,0.0,0.0,22.0,134.0,170.71688,0.0,3830.942000000001,137.576832,247.34,190.0,0.0,1552.0,12.0,88.12666,874.5,1023.2364,6.0,266.0,150.250688,64.0,0.0,0.0,0.0,4.043800000000001,72.152194,76.0,64.0,12.0,3352.7085340000003,-18.66,-8.599743,1,1.0,Medium
0.0,0.0,4.0,0.0,0.0,0.0,0.0,0.0,4.0,0.0,0.0,0.0,0.0,0.0,0.0,12.0,2.0,0.0,0.0,0.0,0.0,0.0,0.0,0.0,0.0,0.0,0.0,0.0,22.0,78.0,132.580916,0.0,3107.5660000000003,100.200712,203.455844,142.0,0.0,1224.0,28.0,65.17362800000001,999.74,814.9624,6.0,210.0,109.793656,48.0,0.0,0.0,0.0,-5.1962,60.748734,68.0,48.0,16.0,2632.948266,-17.02,-8.80602,1,4.0,Medium
0.0,4.0,0.0,0.0,0.0,0.0,0.0,0.0,4.0,0.0,0.0,0.0,0.0,0.0,0.0,12.0,2.0,0.0,0.0,0.0,0.0,0.0,0.0,0.0,0.0,0.0,0.0,0.0,22.0,74.0,129.752488,0.0,3051.458,93.153828,199.804716,138.0,0.0,1200.0,28.0,63.173628,999.74,796.4944,6.0,206.0,105.84363600000002,48.0,0.0,0.0,0.0,-6.7566,60.748734,68.0,48.0,16.0,2587.00411,-17.02,-8.783724,0,5.0,Low
0.0,3.0,1.0,0.0,0.0,0.0,0.0,0.0,2.0,0.0,16.0,0.0,0.0,0.0,0.0,0.0,0.0,0.0,0.0,0.0,0.0,0.0,0.0,0.0,0.0,0.0,0.0,0.0,22.0,105.0,142.683403,0.0,3325.851,118.900971,218.637498,155.0,0.0,1314.0,12.0,70.556194,862.52,878.5450000000001,6.0,225.0,141.68699099999998,54.0,0.0,0.0,0.0,8.219899999999999,55.347236,70.0,54.0,12.0,2544.780411,-17.1,-8.62105,1,1.0,Medium
0.0,2.0,2.0,0.0,0.0,0.0,2.0,0.0,0.0,0.0,0.0,0.0,0.0,15.0,0.0,0.0,0.0,0.0,0.0,0.0,0.0,0.0,0.0,0.0,0.0,0.0,0.0,0.0,21.0,146.0,164.41341599999998,0.0,3858.471000000001,171.326592,254.78028,179.0,0.0,1532.0,10.0,85.217176,959.84,1003.6966,6.0,261.0,180.293817,68.0,0.0,0.0,0.0,8.960899999999999,51.668573,82.0,68.0,10.0,2973.816818,-16.87,-8.5997095,2,0.0,High
3.0,0.0,0.0,0.0,0.0,0.0,3.0,0.0,0.0,0.0,0.0,0.0,0.0,0.0,1.0,15.0,0.0,0.0,0.0,0.0,0.0,0.0,0.0,0.0,0.0,0.0,0.0,0.0,22.0,75.0,131.51964099999998,0.0,3111.959,91.506917,201.728537,142.0,0.0,1228.0,23.0,63.913197,1001.32,798.9179000000001,6.0,211.0,105.696898,59.0,0.0,0.0,0.0,-0.2413999999999998,64.621624,69.0,59.0,7.0,2701.752791,-17.39,-8.753937,0,5.0,Low
3.0,0.0,0.0,0.0,0.0,0.0,3.0,0.0,0.0,0.0,15.0,0.0,1.0,0.0,0.0,0.0,0.0,0.0,0.0,0.0,0.0,0.0,0.0,0.0,0.0,0.0,0.0,0.0,22.0,109.0,144.52350700000002,0.0,3367.401,118.63089,219.688537,159.0,0.0,1336.0,6.0,71.94389500000001,831.75,879.7343999999999,6.0,229.0,142.44536499999998,61.0,0.0,0.0,0.0,10.2793,58.878772,70.0,61.0,6.0,2605.4209,-17.43,-8.579122,2,0.0,High
0.0,3.0,3.0,0.0,0.0,0.0,0.0,0.0,0.0,0.0,0.0,0.0,13.0,0.0,0.0,2.0,0.0,0.0,0.0,0.0,0.0,0.0,0.0,0.0,0.0,0.0,0.0,0.0,21.0,118.0,160.850754,0.0,3743.13,143.667268,249.76542,168.0,0.0,1470.0,14.0,77.172559,1015.38,966.6134,6.0,250.0,151.520633,64.0,0.0,0.0,0.0,7.4138,47.90417299999999,82.0,64.0,12.0,3163.867502,-16.21,-8.609122,1,1.0,Medium
2.0,0.0,0.0,0.0,0.0,0.0,4.0,0.0,0.0,0.0,10.0,0.0,0.0,6.0,0.0,0.0,0.0,0.0,0.0,0.0,0.0,0.0,0.0,0.0,0.0,0.0,0.0,0.0,22.0,128.0,154.479986,0.0,3593.286,138.15204,233.492358,172.0,0.0,1436.0,6.0,79.517462,854.7,941.121,6.0,246.0,158.816058,66.0,0.0,0.0,0.0,10.2332,61.89458799999999,74.0,66.0,6.0,2777.1775340000004,-17.919999999999998,-8.579715,2,0.0,High
5.0,0.0,5.0,0.0,0.0,0.0,4.0,0.0,0.0,0.0,0.0,0.0,0.0,0.0,0.0,0.0,8.0,0.0,0.0,0.0,0.0,0.0,0.0,0.0,0.0,0.0,0.0,0.0,22.0,67.0,125.216136,0.0,2988.927,110.05216099999998,204.5857,125.0,0.0,1134.0,19.0,57.37479999999999,997.4,755.0023000000001,6.0,193.0,110.308343,39.0,0.0,0.0,0.0,-12.5509,39.248976,68.0,39.0,19.0,2319.7555070000003,-15.04,-8.682673,0,5.0,Low
2.0,0.0,0.0,0.0,0.0,0.0,4.0,0.0,0.0,0.0,0.0,8.0,0.0,0.0,0.0,0.0,0.0,8.0,0.0,0.0,0.0,0.0,0.0,0.0,0.0,0.0,0.0,0.0,22.0,94.0,142.003574,0.0,3200.976,104.085348,208.05235800000003,160.0,0.0,1280.0,6.0,71.86267,725.4799999999999,863.5269999999999,6.0,220.0,123.300466,52.0,0.0,0.0,0.0,16.2424,64.634312,60.0,52.0,6.0,2621.2513040000003,-17.36,-8.526378,1,2.0,Medium
0.0,2.0,2.0,0.0,0.0,0.0,2.0,0.0,0.0,0.0,0.0,0.0,0.0,0.0,16.0,0.0,0.0,0.0,0.0,0.0,0.0,0.0,0.0,0.0,0.0,0.0,0.0,0.0,22.0,74.0,146.67107199999998,0.0,3326.102,101.139428,219.55028,156.0,0.0,1320.0,42.0,71.862814,1077.72,908.7486,6.0,226.0,106.969936,40.0,0.0,0.0,0.0,-1.6176000000000004,62.85306,70.0,40.0,26.0,3054.229426,-17.1,-8.751428,0,6.0,Low
0.0,3.0,3.0,0.0,0.0,0.0,0.0,0.0,0.0,0.0,12.0,0.0,0.0,0.0,0.0,0.0,0.0,0.0,0.0,0.0,0.0,0.0,4.0,0.0,0.0,0.0,0.0,0.0,22.0,109.0,156.002057,0.0,3559.209,125.711915,238.61542,171.0,0.0,1402.0,12.0,77.814366,872.0,958.9158,6.0,239.0,148.33528099999998,50.0,0.0,0.0,0.0,19.5383,51.265112,68.0,50.0,12.0,2836.024629,-16.36,-8.626494,1,1.0,Medium
4.0,0.0,0.0,0.0,0.0,0.0,2.0,0.0,0.0,6.0,0.0,0.0,0.0,10.0,0.0,0.0,0.0,0.0,0.0,0.0,0.0,0.0,0.0,0.0,0.0,0.0,0.0,0.0,22.0,128.0,174.91422999999998,6.0,4094.786,145.951432,259.54168200000004,192.0,0.0,1620.0,12.0,92.126812,964.66,1056.854,12.0,278.0,166.871996,70.0,0.0,6.0,6.0,0.1700000000000008,49.181742,86.0,70.0,12.0,3484.57,-17.74,-8.603647,1,1.0,Medium
0.0,2.0,2.0,0.0,0.0,0.0,2.0,0.0,0.0,0.0,0.0,0.0,0.0,16.0,0.0,0.0,0.0,0.0,0.0,0.0,0.0,0.0,0.0,0.0,0.0,0.0,0.0,0.0,22.0,154.0,172.3664,0.0,4046.694,180.36762,266.91028,188.0,0.0,1608.0,10.0,89.47282999999999,1004.6,1052.1646,6.0,274.0,189.513664,72.0,0.0,0.0,0.0,9.7296,54.65946,86.0,72.0,10.0,3118.366946,-17.740000000000002,-8.583181,2,0.0,High
2.0,0.0,0.0,0.0,0.0,0.0,2.0,0.0,0.0,0.0,16.0,0.0,2.0,0.0,0.0,0.0,0.0,0.0,0.0,0.0,0.0,0.0,0.0,0.0,0.0,0.0,0.0,0.0,22.0,112.0,144.023506,0.0,3360.918,120.929932,217.652358,160.0,0.0,1340.0,4.0,71.940218,827.36,877.0076,4.0,230.0,143.067752,64.0,0.0,0.0,0.0,12.3904,61.672786,70.0,64.0,4.0,2613.457198,-17.759999999999998,-8.526024,1,3.0,Medium
2.0,0.0,0.0,0.0,0.0,12.0,4.0,0.0,0.0,0.0,4.0,0.0,0.0,0.0,0.0,0.0,0.0,0.0,0.0,0.0,0.0,0.0,0.0,0.0,0.0,0.0,0.0,0.0,22.0,98.0,159.232754,0.0,3497.5799999999995,119.323512,227.732358,172.0,0.0,1400.0,18.0,79.287278,741.84,945.8274,18.0,240.0,124.61181,48.0,0.0,0.0,0.0,-7.889200000000001,66.512644,68.0,48.0,18.0,3079.4162600000004,-17.68,-8.731083,0,5.0,Low
0.0,2.0,2.0,0.0,0.0,0.0,0.0,0.0,2.0,0.0,0.0,0.0,0.0,16.0,0.0,0.0,0.0,0.0,0.0,0.0,0.0,0.0,0.0,0.0,0.0,0.0,0.0,0.0,22.0,154.0,172.549902,0.0,4044.726,180.36762,266.91028,188.0,0.0,1608.0,12.0,89.69433799999999,1010.2,1056.266,6.0,274.0,189.513664,70.0,0.0,0.0,0.0,8.8756,54.65946,86.0,70.0,12.0,3118.366946,-17.740000000000002,-8.583862,2,0.0,High
0.0,3.0,3.0,0.0,0.0,0.0,0.0,0.0,0.0,0.0,13.0,0.0,0.0,0.0,2.0,0.0,0.0,0.0,0.0,0.0,0.0,0.0,0.0,0.0,0.0,0.0,0.0,0.0,21.0,92.0,136.28067900000002,0.0,3196.527,116.051093,213.28542,144.0,0.0,1248.0,16.0,65.457452,900.99,839.2578000000001,6.0,213.0,132.354648,49.0,0.0,0.0,0.0,7.121,46.446323,69.0,49.0,14.0,2487.4835380000004,-15.69,-8.690569,1,4.0,Medium
1.0,0.0,0.0,0.0,0.0,0.0,5.0,0.0,0.0,0.0,12.0,0.0,4.0,0.0,0.0,0.0,0.0,0.0,0.0,0.0,0.0,0.0,0.0,0.0,0.0,0.0,0.0,0.0,22.0,121.0,152.756946,0.0,3510.8,123.794089,226.576179,171.0,0.0,1410.0,6.0,78.032326,813.04,926.7746,6.0,242.0,147.40706,64.0,0.0,0.0,0.0,10.0709,66.070746,71.0,64.0,6.0,2805.252746,-18.13,-8.585056,2,0.0,High
0.0,2.0,0.0,0.0,0.0,2.0,2.0,0.0,0.0,0.0,0.0,0.0,16.0,0.0,0.0,0.0,0.0,0.0,0.0,0.0,0.0,0.0,0.0,0.0,0.0,0.0,0.0,0.0,22.0,138.0,175.35366799999997,0.0,4003.794,152.042268,261.092358,190.0,0.0,1604.0,8.0,87.06398,952.6,1044.1784,6.0,274.0,160.87361,74.0,0.0,0.0,0.0,8.765,64.204104,84.0,74.0,8.0,3477.06466,-18.32,-8.584736,2,0.0,High
2.0,0.0,0.0,15.0,0.0,0.0,2.0,0.0,2.0,0.0,0.0,0.0,0.0,0.0,0.0,0.0,0.0,0.0,0.0,0.0,0.0,0.0,0.0,0.0,0.0,0.0,0.0,0.0,21.0,120.0,178.42081399999998,0.0,3814.405,112.040252,251.562358,198.0,0.0,1540.0,23.0,94.927611,697.5400000000001,1068.1949,21.0,263.0,140.484326,40.0,0.0,0.0,0.0,-2.298,66.780841,65.0,40.0,23.0,3422.141681,-16.849999999999998,-8.766337,1,4.0,Medium
0.0,2.0,2.0,0.0,0.0,0.0,0.0,0.0,2.0,0.0,15.0,0.0,0.0,0.0,0.0,0.0,0.0,0.0,0.0,0.0,0.0,0.0,0.0,0.0,0.0,0.0,0.0,0.0,21.0,101.0,137.25998800000002,0.0,3195.708,115.353222,210.38028000000003,149.0,0.0,1262.0,12.0,67.965424,826.99,845.513,6.0,216.0,136.382097,51.0,0.0,0.0,0.0,7.857899999999999,52.313363,67.0,51.0,12.0,2446.847603,-16.27,-8.660133,1,2.0,Medium
0.0,0.0,0.0,2.0,2.0,0.0,0.0,0.0,2.0,0.0,0.0,0.0,0.0,0.0,0.0,16.0,0.0,0.0,0.0,0.0,0.0,0.0,0.0,0.0,0.0,0.0,0.0,0.0,22.0,84.0,141.091854,0.0,3226.0240000000003,91.435766,205.74,158.0,0.0,1300.0,24.0,71.458496,934.52,855.0964,6.0,224.0,105.690998,58.0,0.0,0.0,0.0,1.6702,76.03315599999999,66.0,58.0,8.0,2937.32114,-18.26,-8.770579,0,6.0,Low
4.0,0.0,0.0,8.0,0.0,0.0,2.0,0.0,0.0,0.0,8.0,0.0,0.0,0.0,0.0,0.0,0.0,0.0,0.0,0.0,0.0,0.0,0.0,0.0,0.0,0.0,0.0,0.0,22.0,112.0,163.197854,0.0,3654.568,117.985666,241.724716,178.0,0.0,1452.0,14.0,82.86831799999999,807.4,981.9094,14.0,248.0,143.646342,52.0,0.0,0.0,0.0,4.6182,59.433748,70.0,52.0,14.0,3048.052068,-17.1,-8.6921625,1,2.0,Medium
0.0,2.0,2.0,16.0,0.0,0.0,0.0,0.0,2.0,0.0,0.0,0.0,0.0,0.0,0.0,0.0,0.0,0.0,0.0,0.0,0.0,0.0,0.0,0.0,0.0,0.0,0.0,0.0,22.0,122.0,186.934638,0.0,4013.558,122.355524,267.55028,204.0,0.0,1608.0,28.0,98.00949,785.88,1123.7332,22.0,274.0,148.568208,38.0,0.0,0.0,0.0,-2.9372,63.52026,70.0,38.0,28.0,3585.781842,-17.099999999999998,-8.740034,1,4.0,Medium
3.0,0.0,0.0,0.0,0.0,0.0,3.0,0.0,0.0,0.0,12.0,0.0,0.0,0.0,0.0,6.0,0.0,0.0,0.0,0.0,0.0,0.0,0.0,0.0,0.0,0.0,0.0,0.0,24.0,105.0,150.2736,0.0,3527.526,117.580371,229.068537,165.0,0.0,1398.0,12.0,74.297064,959.58,915.4722000000002,6.0,240.0,140.341428,66.0,0.0,0.0,0.0,7.8423,66.978672,75.0,66.0,6.0,2816.995002,-19.05,-8.619941,1,3.0,Medium
2.0,0.0,0.0,10.0,0.0,0.0,4.0,0.0,0.0,0.0,8.0,0.0,0.0,0.0,0.0,0.0,0.0,0.0,0.0,0.0,0.0,0.0,0.0,0.0,0.0,0.0,0.0,0.0,24.0,130.0,183.021338,0.0,4038.3579999999993,127.439652,264.072358,204.0,0.0,1624.0,16.0,95.555508,822.48,1101.862,16.0,278.0,157.51973800000002,56.0,0.0,0.0,0.0,4.4208,73.32839,74.0,56.0,16.0,3428.6746620000004,-19.34,-8.619741,2,0.0,High
2.0,0.0,0.0,0.0,0.0,0.0,4.0,0.0,0.0,0.0,10.0,0.0,0.0,0.0,0.0,0.0,0.0,0.0,0.0,0.0,0.0,0.0,0.0,0.0,0.0,0.0,6.0,0.0,22.0,116.0,173.584238,6.0,4217.652,109.313124,262.848648,190.0,0.0,1676.0,30.0,90.755528,1340.22,1043.2662,6.0,288.0,149.535258,90.0,0.0,6.0,6.0,-6.8458,58.27220199999999,98.0,90.0,6.0,3963.97091,-18.88,-8.588035,0,5.0,Low
1.0,1.0,0.0,0.0,0.0,16.0,4.0,0.0,0.0,0.0,0.0,0.0,0.0,0.0,0.0,0.0,0.0,0.0,0.0,0.0,0.0,0.0,0.0,0.0,0.0,0.0,0.0,0.0,22.0,94.0,164.553685,0.0,3552.8,120.510452,231.732358,176.0,0.0,1424.0,23.0,81.651072,725.48,971.0849,22.0,244.0,119.06529,43.0,0.0,0.0,0.0,-14.3238,67.966024,68.0,43.0,23.0,3250.4250640000005,-17.68,-8.774666,0,5.0,Low
0.0,2.0,2.0,0.0,0.0,0.0,0.0,0.0,2.0,0.0,0.0,0.0,15.0,0.0,0.0,0.0,0.0,0.0,0.0,0.0,0.0,0.0,0.0,0.0,0.0,0.0,0.0,0.0,21.0,131.0,167.830063,0.0,3856.503,148.052007,254.78028,179.0,0.0,1532.0,12.0,82.725139,965.44,1007.798,6.0,261.0,158.431152,66.0,0.0,0.0,0.0,8.1069,54.246893,82.0,66.0,12.0,3280.529453,-16.87,-8.601676,1,1.0,Medium
0.0,2.0,2.0,0.0,0.0,0.0,0.0,0.0,2.0,0.0,0.0,0.0,0.0,0.0,16.0,0.0,0.0,0.0,0.0,0.0,0.0,0.0,0.0,0.0,0.0,0.0,0.0,0.0,22.0,74.0,146.854574,0.0,3324.134,101.139428,219.55028,156.0,0.0,1320.0,44.0,72.084322,1083.32,912.85,6.0,226.0,106.969936,38.0,0.0,0.0,0.0,-2.4716,62.85306,70.0,38.0,28.0,3054.229426,-17.1,-8.726737,0,6.0,Low
2.0,0.0,0.0,0.0,0.0,2.0,2.0,0.0,0.0,0.0,0.0,0.0,0.0,0.0,15.0,0.0,0.0,0.0,0.0,0.0,0.0,0.0,0.0,0.0,0.0,0.0,0.0,0.0,21.0,71.0,139.679124,0.0,3141.984,93.551034,204.562358,151.0,0.0,1258.0,36.0,68.97187600000001,970.79,857.1565,6.0,216.0,97.589194,42.0,0.0,0.0,0.0,-1.7877,66.144509,65.0,42.0,21.0,2945.225463,-16.85,-8.835028,1,4.0,Medium
0.0,2.0,2.0,2.0,0.0,0.0,0.0,0.0,0.0,0.0,0.0,0.0,0.0,0.0,0.0,16.0,0.0,0.0,0.0,0.0,0.0,0.0,0.0,0.0,0.0,0.0,0.0,0.0,22.0,74.0,133.12445,0.0,3145.468,96.376258,205.55028,142.0,0.0,1236.0,26.0,64.062906,1032.92,811.6514,6.0,212.0,107.03759,56.0,0.0,0.0,0.0,-0.2214,61.394158,70.0,56.0,10.0,2749.706172,-17.1,-8.78034,1,4.0,Medium
0.0,2.0,2.0,0.0,0.0,0.0,2.0,0.0,0.0,0.0,0.0,0.0,0.0,0.0,0.0,0.0,0.0,0.0,0.0,0.0,0.0,0.0,0.0,0.0,0.0,0.0,15.0,0.0,21.0,116.0,212.17404600000003,15.0,5419.386,99.229302,328.17100500000004,224.0,0.0,2132.0,70.0,113.312341,2173.64,1259.0596,6.0,366.0,157.091817,128.0,0.0,15.0,15.0,-33.7366,42.612608,142.0,128.0,10.0,5940.800257999999,-19.270000000000003,-8.761899,0,5.0,Low
0.0,2.0,2.0,0.0,0.0,0.0,0.0,0.0,2.0,0.0,0.0,0.0,0.0,0.0,0.0,16.0,0.0,0.0,0.0,0.0,0.0,0.0,0.0,0.0,0.0,0.0,0.0,0.0,22.0,74.0,131.462654,0.0,3115.446,95.357252,203.55028,140.0,0.0,1224.0,28.0,63.471154,1038.52,806.5188,6.0,210.0,107.424368,54.0,0.0,0.0,0.0,-1.8556,61.110052,70.0,54.0,12.0,2685.106978,-17.1,-8.783878,0,5.0,Low
2.0,0.0,0.0,0.0,0.0,0.0,4.0,0.0,0.0,0.0,9.0,0.0,8.0,0.0,0.0,0.0,0.0,0.0,0.0,0.0,0.0,0.0,0.0,0.0,0.0,0.0,0.0,0.0,23.0,131.0,165.97977600000002,0.0,3825.562,138.511514,248.582358,183.0,0.0,1530.0,6.0,83.490776,908.6899999999998,1000.408,6.0,262.0,159.303265,71.0,0.0,0.0,0.0,11.0185,66.217593,79.0,71.0,6.0,3120.439015,-18.83,-8.582235,2,0.0,High
2.0,0.0,0.0,1.0,0.0,0.0,3.0,0.0,0.0,0.0,0.0,0.0,0.0,0.0,0.0,0.0,0.0,0.0,0.0,0.0,0.0,0.0,0.0,0.0,0.0,0.0,16.0,0.0,22.0,126.0,224.571927,16.0,5712.819,99.073347,342.37579800000003,241.0,0.0,2262.0,70.0,121.541108,2241.7200000000003,1326.3152,6.0,389.0,163.148349,140.0,0.0,16.0,16.0,-34.7547,51.947085,148.0,140.0,6.0,6325.572276999999,-20.880000000000003,-8.763011,0,5.0,Low
2.0,0.0,0.0,0.0,0.0,0.0,4.0,0.0,0.0,0.0,8.0,0.0,0.0,7.0,0.0,0.0,0.0,0.0,0.0,0.0,0.0,0.0,0.0,0.0,0.0,0.0,0.0,0.0,21.0,126.0,150.17192599999998,0.0,3493.169,136.57412800000003,227.28235800000004,167.0,0.0,1396.0,6.0,77.591576,828.3999999999999,914.291,6.0,239.0,155.45110699999998,64.0,0.0,0.0,0.0,9.4977,58.81772899999999,72.0,64.0,6.0,2702.889968,-17.13,-8.591741,2,0.0,High
3.0,0.0,0.0,14.0,0.0,0.0,3.0,0.0,0.0,2.0,0.0,0.0,0.0,0.0,0.0,0.0,0.0,0.0,0.0,0.0,0.0,0.0,0.0,0.0,0.0,0.0,0.0,0.0,22.0,119.0,185.674554,2.0,4024.994,115.097733,262.800859,205.0,0.0,1614.0,22.0,98.239482,764.3399999999999,1108.4286,22.0,276.0,145.098436,46.0,0.0,2.0,2.0,-3.3037,63.989388000000005,71.0,46.0,22.0,3650.655684,-17.47,-8.759684,0,5.0,Low
0.0,2.0,0.0,2.0,0.0,0.0,2.0,0.0,0.0,0.0,0.0,0.0,15.0,0.0,0.0,0.0,0.0,0.0,0.0,0.0,0.0,0.0,0.0,0.0,0.0,0.0,0.0,0.0,21.0,135.0,170.013567,0.0,3871.679,144.171013,252.962358,185.0,0.0,1552.0,8.0,85.231871,907.84,1014.1784,6.0,265.0,156.621248,70.0,0.0,0.0,0.0,9.5567,61.33626700000001,80.0,70.0,8.0,3355.252045,-17.450000000000003,-8.598572,2,0.0,High
2.0,0.0,0.0,0.0,0.0,0.0,3.0,0.0,1.0,0.0,0.0,0.0,16.0,0.0,0.0,0.0,0.0,0.0,0.0,0.0,0.0,0.0,0.0,0.0,0.0,0.0,0.0,0.0,22.0,142.0,176.245045,0.0,4032.832,150.641396,263.092358,192.0,0.0,1616.0,7.0,88.382608,949.8,1051.3617,6.0,276.0,164.770362,75.0,0.0,0.0,0.0,9.9722,64.214936,84.0,75.0,7.0,3455.650488,-18.32,-8.58554,2,0.0,High
0.0,0.0,0.0,3.0,0.0,0.0,3.0,0.0,0.0,8.0,0.0,0.0,0.0,0.0,0.0,8.0,0.0,0.0,0.0,0.0,0.0,0.0,0.0,0.0,0.0,0.0,0.0,0.0,22.0,92.0,162.82041700000002,8.0,3718.777,91.924059,225.029288,185.0,0.0,1494.0,22.0,87.873752,876.44,982.3732,14.0,259.0,119.462063,60.0,0.0,8.0,8.0,-8.0375,64.617827,74.0,60.0,14.0,3560.7548030000003,-18.58,-8.813255,1,4.0,Medium
0.0,2.0,4.0,0.0,0.0,0.0,0.0,0.0,0.0,0.0,0.0,0.0,8.0,0.0,0.0,0.0,0.0,0.0,0.0,0.0,0.0,0.0,0.0,0.0,0.0,8.0,0.0,0.0,22.0,174.0,208.359388,0.0,4591.068,194.032684,311.368202,240.0,0.0,1840.0,12.0,112.126066,908.92,1284.1088,6.0,312.0,206.808654,54.0,0.0,0.0,0.0,43.9772,49.900776,72.0,54.0,12.0,3884.517396,-16.52,-8.531884,1,3.0,Medium
3.0,0.0,0.0,0.0,0.0,0.0,3.0,0.0,0.0,4.0,0.0,0.0,0.0,0.0,0.0,11.0,0.0,0.0,0.0,0.0,0.0,0.0,0.0,0.0,0.0,0.0,0.0,0.0,21.0,76.0,138.330459,4.0,3249.233,88.07507899999999,204.703181,151.0,0.0,1282.0,21.0,70.045297,925.75,836.6010000000001,10.0,221.0,108.380586,57.0,0.0,4.0,4.0,-4.609699999999999,55.854177,70.0,57.0,10.0,2928.976338,-16.72,-8.803137,0,7.0,Low
2.0,2.0,0.0,15.0,0.0,0.0,2.0,0.0,0.0,0.0,0.0,0.0,0.0,0.0,0.0,0.0,0.0,0.0,0.0,0.0,0.0,0.0,0.0,0.0,0.0,0.0,0.0,0.0,21.0,114.0,176.30139,0.0,3803.165,113.41681,253.554716,192.0,0.0,1520.0,23.0,91.791123,743.94,1053.6117,21.0,259.0,139.932442,40.0,0.0,0.0,0.0,-2.0398,59.975573,67.0,40.0,23.0,3389.046205,-16.27,-8.771405,0,5.0,Low
1.0,0.0,0.0,0.0,2.0,0.0,3.0,0.0,0.0,0.0,0.0,0.0,0.0,0.0,0.0,0.0,0.0,0.0,0.0,0.0,0.0,0.0,16.0,0.0,0.0,0.0,0.0,0.0,22.0,145.0,206.026654,0.0,4284.926,124.054255,285.376179,249.0,0.0,1758.0,6.0,114.019164,628.44,1253.9926,6.0,300.0,161.952618,44.0,0.0,0.0,0.0,53.4587,77.47617600000001,51.0,44.0,6.0,3932.804144,-17.33,-8.434451,1,3.0,Medium
0.0,2.0,0.0,8.0,0.0,0.0,0.0,0.0,4.0,0.0,0.0,0.0,8.0,0.0,0.0,0.0,0.0,0.0,0.0,0.0,0.0,0.0,0.0,0.0,0.0,0.0,0.0,0.0,22.0,134.0,182.171824,0.0,4012.328,134.04846,263.412358,200.0,0.0,1616.0,20.0,94.541178,851.6399999999999,1095.3488,14.0,276.0,155.957722,54.0,0.0,0.0,0.0,1.9308000000000003,67.270232,76.0,54.0,20.0,3525.777864,-18.0,-8.637217,0,5.0,Low
0.0,3.0,0.0,0.0,0.0,0.0,0.0,0.0,3.0,0.0,1.0,0.0,0.0,0.0,0.0,14.0,0.0,0.0,0.0,0.0,0.0,0.0,0.0,0.0,0.0,0.0,0.0,0.0,21.0,74.0,126.468612,0.0,2976.896,88.999241,193.558537,136.0,0.0,1176.0,26.0,61.896758,957.79,776.5078000000001,6.0,202.0,103.839167,51.0,0.0,0.0,0.0,-2.2088,60.758461,66.0,51.0,12.0,2553.158725,-16.56,-8.793816,0,5.0,Low
2.0,0.0,0.0,8.0,0.0,0.0,4.0,0.0,0.0,8.0,0.0,0.0,0.0,0.0,0.0,0.0,0.0,0.0,0.0,0.0,0.0,0.0,0.0,0.0,0.0,0.0,0.0,0.0,22.0,110.0,185.669038,8.0,4114.512000000001,105.271244,256.021646,208.0,0.0,1648.0,22.0,100.786542,796.52,1112.5462,22.0,284.0,140.062266,52.0,0.0,8.0,8.0,-9.4904,58.591504,76.0,52.0,22.0,3881.097968,-18.0,-8.816203,1,4.0,Medium
0.0,2.0,0.0,0.0,0.0,4.0,0.0,0.0,0.0,0.0,0.0,0.0,0.0,6.0,0.0,0.0,0.0,10.0,0.0,0.0,0.0,0.0,0.0,0.0,0.0,0.0,0.0,0.0,22.0,110.0,157.841252,0.0,3515.49,129.10986400000002,229.892358,178.0,0.0,1412.0,8.0,81.048346,768.0,957.0744,6.0,242.0,138.41321399999998,54.0,0.0,0.0,0.0,19.3558,64.658884,64.0,54.0,8.0,2998.0102180000004,-17.520000000000003,-8.559382,2,0.0,High
4.0,0.0,0.0,0.0,0.0,0.0,2.0,0.0,0.0,0.0,12.0,0.0,0.0,0.0,0.0,5.0,0.0,0.0,0.0,0.0,0.0,0.0,0.0,0.0,0.0,0.0,0.0,0.0,23.0,99.0,143.828857,0.0,3391.763,114.54077,221.894716,156.0,0.0,1336.0,11.0,70.112115,936.25,875.3218,6.0,229.0,135.97622,63.0,0.0,0.0,0.0,7.8734,60.181989,73.0,63.0,6.0,2682.9758839999995,-17.93,-8.620815,1,3.0,Medium
4.0,0.0,0.0,12.0,0.0,0.0,4.0,0.0,0.0,0.0,0.0,0.0,0.0,0.0,0.0,0.0,2.0,0.0,0.0,0.0,0.0,0.0,0.0,0.0,0.0,0.0,0.0,0.0,22.0,110.0,170.622468,0.0,3732.914,113.402532,247.804716,186.0,0.0,1488.0,20.0,88.191348,787.86,1017.9996,18.0,254.0,136.701516,44.0,0.0,0.0,0.0,-4.1518,62.55639000000001,68.0,44.0,20.0,3262.510258,-17.02,-8.746836,0,5.0,Low
0.0,2.0,0.0,0.0,4.0,0.0,0.0,0.0,0.0,0.0,10.0,0.0,0.0,0.0,0.0,5.0,0.0,0.0,0.0,0.0,0.0,0.0,0.0,0.0,0.0,0.0,0.0,0.0,21.0,95.0,144.523283,0.0,3281.019,105.217404,213.562358,160.0,0.0,1312.0,13.0,71.976815,824.39,873.9363999999999,6.0,225.0,122.992606,55.0,0.0,0.0,0.0,9.9254,62.976435,65.0,55.0,8.0,2786.0258540000004,-16.849999999999998,-8.682638,1,3.0,Medium
2.0,0.0,0.0,15.0,0.0,0.0,2.0,0.0,0.0,2.0,0.0,0.0,0.0,0.0,0.0,0.0,0.0,0.0,0.0,0.0,0.0,0.0,0.0,0.0,0.0,0.0,0.0,0.0,21.0,116.0,179.727534,2.0,3872.393,110.013188,251.63468,200.0,0.0,1560.0,21.0,95.845635,710.4000000000001,1072.2695,21.0,267.0,138.326844,44.0,0.0,2.0,2.0,-2.683,64.131441,67.0,44.0,21.0,3558.039057,-16.93,-8.778798,1,4.0,Medium
0.0,0.0,4.0,0.0,2.0,0.0,0.0,0.0,0.0,0.0,1.0,0.0,0.0,0.0,0.0,15.0,0.0,0.0,0.0,0.0,0.0,0.0,0.0,0.0,0.0,0.0,0.0,0.0,22.0,78.0,138.765129,0.0,3243.657,101.79835,212.375844,149.0,0.0,1278.0,25.0,67.067833,1021.92,844.0556000000001,6.0,219.0,111.127161,56.0,0.0,0.0,0.0,2.7669,61.77833799999999,70.0,56.0,10.0,2844.422617,-17.1,-8.799961,0,5.0,Low
2.0,0.0,0.0,0.0,0.0,4.0,0.0,0.0,0.0,0.0,8.0,0.0,0.0,0.0,0.0,8.0,0.0,0.0,0.0,0.0,0.0,0.0,0.0,0.0,0.0,0.0,0.0,0.0,22.0,86.0,135.61503,0.0,3160.644,105.91171599999998,203.73235800000003,148.0,0.0,1256.0,14.0,65.876874,887.3199999999999,819.4174,6.0,216.0,115.832802,60.0,0.0,0.0,0.0,3.3404,65.012248,68.0,60.0,6.0,2673.638456,-17.68,-8.698546,1,4.0,Medium
3.0,0.0,0.0,1.0,0.0,0.0,2.0,0.0,0.0,0.0,15.0,0.0,0.0,0.0,0.0,0.0,0.0,0.0,0.0,0.0,0.0,0.0,0.0,0.0,0.0,0.0,0.0,0.0,21.0,102.0,137.277629,0.0,3193.205,111.651004,208.558537,151.0,0.0,1266.0,6.0,68.275774,786.99,835.8834,6.0,217.0,134.48963999999998,57.0,0.0,0.0,0.0,9.9007,55.85805,66.0,57.0,6.0,2472.72286,-16.56,-8.591314,2,0.0,High
2.0,0.0,0.0,0.0,0.0,15.0,2.0,0.0,0.0,2.0,0.0,0.0,0.0,0.0,0.0,0.0,0.0,0.0,0.0,0.0,0.0,0.0,0.0,0.0,0.0,0.0,0.0,0.0,21.0,86.0,158.514339,2.0,3451.583,112.877183,221.63468,170.0,0.0,1380.0,21.0,79.02582000000001,710.4000000000001,933.7595,21.0,237.0,112.002039,44.0,0.0,2.0,2.0,-14.386,61.919406,67.0,44.0,21.0,3234.151392,-16.93,-8.792031,0,5.0,Low
4.0,0.0,0.0,0.0,2.0,0.0,0.0,0.0,0.0,0.0,0.0,0.0,0.0,0.0,0.0,3.0,0.0,0.0,0.0,0.0,0.0,0.0,12.0,0.0,0.0,0.0,0.0,0.0,21.0,117.0,180.456659,0.0,3865.271,114.153908,260.034716,210.0,0.0,1556.0,9.0,95.406807,732.4300000000001,1094.3782,6.0,265.0,142.99783,45.0,0.0,0.0,0.0,40.851600000000005,62.591785,55.0,45.0,6.0,3496.532066,-15.79,-8.509532,1,2.0,Medium
2.0,0.0,0.0,0.0,2.0,0.0,2.0,0.0,0.0,0.0,0.0,0.0,15.0,0.0,0.0,0.0,0.0,0.0,0.0,0.0,0.0,0.0,0.0,0.0,0.0,0.0,0.0,0.0,21.0,135.0,173.311039,0.0,3929.755,144.488073,256.962358,189.0,0.0,1576.0,6.0,86.541225,902.24,1028.457,6.0,269.0,156.532676,72.0,0.0,0.0,0.0,11.9647,62.080623,80.0,72.0,6.0,3435.048945,-17.450000000000003,-8.596128,2,0.0,High
0.0,2.0,0.0,8.0,0.0,0.0,4.0,0.0,0.0,0.0,0.0,0.0,0.0,0.0,0.0,8.0,0.0,0.0,0.0,0.0,0.0,0.0,0.0,0.0,0.0,0.0,0.0,0.0,22.0,102.0,159.536852,0.0,3551.624,103.956388,231.732358,176.0,0.0,1424.0,24.0,82.43379399999999,854.5999999999999,962.2724,14.0,244.0,126.573162,50.0,0.0,0.0,0.0,-1.7267999999999997,69.120424,68.0,50.0,16.0,3145.567808,-17.68,-8.784229,1,4.0,Medium
0.0,2.0,0.0,0.0,0.0,0.0,4.0,0.0,0.0,0.0,0.0,0.0,0.0,0.0,6.0,0.0,0.0,10.0,0.0,0.0,0.0,0.0,0.0,0.0,0.0,0.0,0.0,0.0,22.0,88.0,150.17176,0.0,3301.376,96.597548,216.132358,170.0,0.0,1328.0,20.0,77.303354,795.4200000000001,921.7614,6.0,228.0,115.25282,42.0,0.0,0.0,0.0,16.661,67.753148,58.0,42.0,14.0,2931.1303040000003,-17.28,-8.698886,0,6.0,Low
0.0,0.0,3.0,0.0,3.0,0.0,0.0,0.0,0.0,0.0,9.0,0.0,0.0,0.0,0.0,7.0,0.0,0.0,0.0,0.0,0.0,0.0,0.0,0.0,0.0,0.0,0.0,0.0,22.0,96.0,147.65304700000002,0.0,3390.531,112.669103,221.466883,162.0,0.0,1348.0,16.0,72.989904,907.92,896.8081000000001,6.0,231.0,127.802987,57.0,0.0,0.0,0.0,9.0746,62.813795,69.0,57.0,9.0,2857.262099,-17.389999999999997,-8.704649,1,4.0,Medium
0.0,4.0,0.0,0.0,5.0,0.0,0.0,0.0,0.0,0.0,0.0,0.0,0.0,0.0,0.0,10.0,3.0,0.0,0.0,0.0,0.0,0.0,0.0,0.0,0.0,0.0,0.0,0.0,22.0,75.0,142.461437,0.0,3248.816,97.154002,213.844716,153.0,0.0,1284.0,23.0,68.8314,966.35,854.8807,6.0,220.0,104.8524,50.0,0.0,0.0,0.0,-0.8465000000000003,63.13923,67.0,50.0,13.0,2910.42895,-16.98,-8.801561,0,5.0,Low
1.0,0.0,0.0,0.0,3.0,0.0,2.0,0.0,0.0,0.0,15.0,0.0,0.0,0.0,0.0,0.0,0.0,0.0,0.0,0.0,0.0,0.0,0.0,0.0,0.0,0.0,0.0,0.0,21.0,108.0,146.46381200000002,0.0,3316.661,111.769042,214.566179,165.0,0.0,1334.0,6.0,74.521815,740.59,887.2706000000001,6.0,229.0,134.521888,57.0,0.0,0.0,0.0,12.7537,64.063958,64.0,57.0,6.0,2690.11288,-17.14,-8.580683,1,1.0,Medium
0.0,0.0,0.0,2.0,0.0,0.0,2.0,0.0,0.0,2.0,0.0,0.0,0.0,15.0,0.0,0.0,0.0,0.0,0.0,0.0,0.0,0.0,0.0,0.0,0.0,0.0,0.0,0.0,21.0,152.0,170.206566,2.0,3940.907,164.041976,251.042322,193.0,0.0,1592.0,6.0,91.999928,874.3,1032.8362000000002,6.0,273.0,176.878315,74.0,0.0,2.0,2.0,8.913499999999999,62.913815,80.0,74.0,6.0,3217.532262,-18.11,-8.575383,2,0.0,High
0.0,2.0,0.0,0.0,2.0,0.0,0.0,0.0,2.0,0.0,0.0,0.0,0.0,0.0,15.0,0.0,0.0,0.0,0.0,0.0,0.0,0.0,0.0,0.0,0.0,0.0,0.0,0.0,21.0,75.0,146.355528,0.0,3250.264,93.486228,212.562358,159.0,0.0,1306.0,40.0,73.18839600000001,981.99,902.2073,6.0,224.0,101.010596,38.0,0.0,0.0,0.0,-0.3812999999999998,67.18380300000001,65.0,38.0,25.0,3068.207385,-16.85,-8.815613,0,5.0,Low
0.0,0.0,0.0,0.0,5.0,0.0,0.0,2.0,0.0,0.0,0.0,0.0,0.0,0.0,0.0,0.0,1.0,0.0,0.0,0.0,0.0,0.0,14.0,0.0,0.0,0.0,0.0,0.0,22.0,137.0,203.504705,0.0,4207.372,122.71883400000002,278.34,245.0,0.0,1732.0,7.0,111.455972,623.51,1229.3509,6.0,296.0,150.975218,44.0,0.0,0.0,0.0,47.1889,81.18408600000001,51.0,44.0,7.0,3952.42299,-17.66,-8.532138,1,3.0,Medium
2.0,0.0,0.0,0.0,0.0,0.0,2.0,0.0,0.0,10.0,0.0,0.0,0.0,0.0,0.0,0.0,8.0,0.0,0.0,0.0,0.0,0.0,0.0,0.0,0.0,0.0,0.0,0.0,22.0,66.0,137.150652,10.0,3248.7720000000004,85.602004,192.413968,154.0,0.0,1284.0,14.0,72.564642,890.0999999999999,820.8766,6.0,224.0,96.790944,54.0,0.0,10.0,10.0,-19.5942,53.22304799999999,70.0,54.0,14.0,3074.194096,-17.759999999999998,-8.793333,0,5.0,Low
0.0,2.0,0.0,0.0,2.0,16.0,2.0,0.0,0.0,0.0,0.0,0.0,0.0,0.0,0.0,0.0,0.0,0.0,0.0,0.0,0.0,0.0,0.0,0.0,0.0,0.0,0.0,0.0,22.0,94.0,169.971708,0.0,3635.978,121.846518,237.732358,182.0,0.0,1460.0,24.0,84.105948,728.28,1000.7496,22.0,250.0,118.58994,42.0,0.0,0.0,0.0,-12.4166,68.99448600000001,68.0,42.0,24.0,3394.821158,-17.68,-8.788841,0,5.0,Low
1.0,0.0,0.0,0.0,0.0,0.0,2.0,0.0,0.0,3.0,0.0,0.0,0.0,0.0,0.0,15.0,0.0,0.0,0.0,0.0,0.0,0.0,0.0,0.0,0.0,0.0,0.0,0.0,21.0,72.0,129.527372,3.0,3064.043,83.000497,190.674662,144.0,0.0,1220.0,21.0,65.603955,933.28,786.2606000000001,6.0,211.0,98.951695,60.0,0.0,3.0,3.0,-2.4176,63.949805,67.0,60.0,6.0,2798.152798,-17.259999999999998,-8.7696495,1,4.0,Medium
2.0,0.0,0.0,0.0,3.0,0.0,1.0,0.0,0.0,0.0,0.0,0.0,0.0,0.0,0.0,16.0,0.0,0.0,0.0,0.0,0.0,0.0,0.0,0.0,0.0,0.0,0.0,0.0,22.0,78.0,139.606766,0.0,3230.779,92.461351,208.732358,153.0,0.0,1286.0,22.0,68.45930100000001,975.32,840.9848,6.0,221.0,105.288217,60.0,0.0,0.0,0.0,3.1693,69.458013,68.0,60.0,6.0,2911.824517,-17.68,-8.761269,0,5.0,Low
2.0,0.0,0.0,0.0,0.0,0.0,2.0,10.0,0.0,0.0,8.0,0.0,0.0,0.0,0.0,0.0,0.0,0.0,0.0,0.0,0.0,0.0,0.0,0.0,0.0,0.0,0.0,0.0,22.0,98.0,143.793946,0.0,3273.052,116.570094,211.73235800000003,156.0,0.0,1304.0,14.0,71.538556,761.0,867.2166,14.0,224.0,127.152298,52.0,0.0,0.0,0.0,-6.562799999999999,63.024902,68.0,52.0,14.0,2615.856288,-17.68,-8.690161,0,5.0,Low
2.0,0.0,0.0,0.0,0.0,0.0,4.0,0.0,0.0,0.0,0.0,0.0,11.0,0.0,0.0,4.0,0.0,0.0,0.0,0.0,0.0,0.0,0.0,0.0,0.0,0.0,0.0,0.0,21.0,119.0,156.85078299999998,0.0,3613.273,128.105971,235.122358,171.0,0.0,1444.0,10.0,78.364919,909.32,938.4062,6.0,247.0,142.31574600000002,68.0,0.0,0.0,0.0,6.9477,61.977257,76.0,68.0,6.0,3100.547823,-17.29,-8.645759,2,0.0,High
2.0,0.0,0.0,0.0,2.0,0.0,0.0,0.0,0.0,2.0,0.0,0.0,0.0,0.0,0.0,15.0,0.0,0.0,0.0,0.0,0.0,0.0,0.0,0.0,0.0,0.0,0.0,0.0,21.0,71.0,133.048821,2.0,3114.575,86.038374,197.63468,146.0,0.0,1236.0,21.0,65.810067,947.25,802.4950000000001,6.0,213.0,99.279144,59.0,0.0,2.0,2.0,0.6652,62.900333,67.0,59.0,6.0,2858.052466,-16.93,-8.774923,1,4.0,Medium
2.0,0.0,0.0,0.0,2.0,0.0,2.0,0.0,0.0,0.0,0.0,0.0,0.0,0.0,0.0,0.0,0.0,15.0,0.0,0.0,0.0,0.0,0.0,0.0,0.0,0.0,0.0,0.0,21.0,90.0,150.456994,0.0,3239.38,94.023408,213.162358,174.0,0.0,1306.0,6.0,78.03372,625.3399999999999,911.652,6.0,224.0,115.569611,42.0,0.0,0.0,0.0,29.0212,64.326033,50.0,42.0,6.0,2868.373605,-16.25,-8.397395,1,3.0,Medium
2.0,0.0,0.0,0.0,0.0,0.0,4.0,0.0,0.0,0.0,0.0,0.0,0.0,0.0,0.0,4.0,0.0,12.0,0.0,0.0,0.0,0.0,0.0,0.0,0.0,0.0,0.0,0.0,22.0,90.0,146.73607399999997,0.0,3249.196,95.223628,212.212358,168.0,0.0,1304.0,10.0,75.633666,732.56,893.4302,6.0,224.0,117.30763,48.0,0.0,0.0,0.0,21.3616,66.93636000000001,56.0,48.0,6.0,2812.205188,-17.200000000000003,-8.487883,1,3.0,Medium
0.0,0.0,0.0,0.0,2.0,0.0,4.0,0.0,0.0,0.0,0.0,0.0,6.0,0.0,0.0,10.0,0.0,0.0,0.0,0.0,0.0,0.0,0.0,0.0,0.0,0.0,0.0,0.0,22.0,108.0,155.76403,0.0,3548.4180000000006,112.985814,227.5,174.0,0.0,1432.0,16.0,79.172004,918.3,935.4162,6.0,246.0,128.116196,66.0,0.0,0.0,0.0,5.7682,74.36140599999999,72.0,66.0,6.0,3157.879488,-18.5,-8.692933,1,3.0,Medium
0.0,0.0,0.0,0.0,2.0,0.0,2.0,0.0,0.0,2.0,0.0,0.0,0.0,0.0,0.0,16.0,0.0,0.0,0.0,0.0,0.0,0.0,0.0,0.0,0.0,0.0,0.0,0.0,22.0,80.0,140.55327599999998,2.0,3255.958,88.389696,203.812322,158.0,0.0,1308.0,22.0,71.56326,947.38,849.937,6.0,226.0,103.920294,62.0,0.0,2.0,2.0,0.5050000000000001,73.09965,68.0,62.0,6.0,3008.619322,-18.34,-8.772692,0,5.0,Low
2.0,0.0,0.0,0.0,0.0,0.0,4.0,0.0,0.0,0.0,0.0,0.0,11.0,0.0,0.0,5.0,0.0,0.0,0.0,0.0,0.0,0.0,0.0,0.0,0.0,0.0,0.0,0.0,22.0,122.0,162.23581399999998,0.0,3743.416,131.833851,243.292358,177.0,0.0,1496.0,11.0,80.981624,955.85,971.265,6.0,256.0,146.405012,71.0,0.0,0.0,0.0,7.0457,65.371306,79.0,71.0,6.0,3218.019203,-18.12,-8.618454,2,0.0,High
4.0,0.0,0.0,0.0,0.0,0.0,6.0,0.0,0.0,0.0,0.0,0.0,0.0,0.0,0.0,0.0,4.0,8.0,0.0,0.0,0.0,0.0,0.0,0.0,0.0,0.0,0.0,0.0,22.0,84.0,138.61817000000002,0.0,3121.804,97.65143,206.204716,154.0,0.0,1236.0,10.0,69.89559399999999,771.12,837.7746,6.0,212.0,113.775506,44.0,0.0,0.0,0.0,7.854999999999999,59.734776,58.0,44.0,10.0,2589.8565280000003,-16.62,-8.693097,1,2.0,Medium
1.0,0.0,0.0,0.0,4.0,0.0,1.0,0.0,0.0,0.0,0.0,0.0,0.0,16.0,0.0,0.0,0.0,0.0,0.0,0.0,0.0,0.0,0.0,0.0,0.0,0.0,0.0,0.0,22.0,161.0,184.416862,0.0,4207.76,177.45147300000002,274.096179,207.0,0.0,1698.0,6.0,97.42279,923.8,1111.8306,6.0,290.0,187.41578,76.0,0.0,0.0,0.0,14.9385,66.924286,83.0,76.0,6.0,3433.8302700000004,-18.61,-8.553324,2,0.0,High
0.0,1.0,0.0,0.0,2.0,0.0,0.0,0.0,0.0,3.0,15.0,0.0,0.0,0.0,0.0,0.0,0.0,0.0,0.0,0.0,0.0,0.0,0.0,0.0,0.0,0.0,0.0,0.0,21.0,102.0,146.12776000000002,3.0,3357.626,108.060413,211.674662,165.0,0.0,1346.0,7.0,75.169806,771.08,887.7783000000001,6.0,232.0,131.52334,59.0,0.0,3.0,3.0,9.3011,59.575627,67.0,59.0,7.0,2821.760897,-17.259999999999998,-8.658501,1,1.0,Medium
5.0,0.0,0.0,0.0,2.0,0.0,0.0,0.0,0.0,0.0,0.0,0.0,0.0,0.0,0.0,13.0,1.0,0.0,0.0,0.0,0.0,0.0,0.0,0.0,0.0,0.0,0.0,0.0,21.0,67.0,128.139736,0.0,3024.7119999999995,90.790284,199.590895,135.0,0.0,1180.0,20.0,60.206286,976.2,769.9983,6.0,202.0,100.805939,55.0,0.0,0.0,0.0,0.6580999999999999,55.161172,67.0,55.0,7.0,2634.946481,-15.939999999999998,-8.737321,1,4.0,Medium
0.0,1.0,0.0,0.0,0.0,0.0,2.0,0.0,0.0,3.0,0.0,0.0,0.0,0.0,0.0,16.0,0.0,0.0,0.0,0.0,0.0,0.0,0.0,0.0,0.0,0.0,0.0,0.0,22.0,75.0,135.004154,3.0,3193.202,86.728377,198.844662,150.0,0.0,1272.0,23.0,68.331414,982.61,821.1701,6.0,220.0,103.040961,62.0,0.0,3.0,3.0,-2.7465999999999995,67.343854,70.0,62.0,7.0,2915.624178,-18.09,-8.786631,0,5.0,Low
1.0,0.0,0.0,0.0,0.0,0.0,3.0,0.0,0.0,2.0,0.0,0.0,15.0,0.0,0.0,0.0,0.0,0.0,0.0,0.0,0.0,0.0,0.0,0.0,0.0,0.0,0.0,0.0,21.0,134.0,170.53470099999998,2.0,3907.233,140.436664,250.038501,188.0,0.0,1570.0,6.0,86.904879,897.5,1016.3106,6.0,269.0,155.126486,74.0,0.0,2.0,2.0,8.2624,61.805395,81.0,74.0,6.0,3443.097965,-17.82,-8.59606,2,0.0,High
0.0,0.0,2.0,0.0,0.0,0.0,4.0,0.0,0.0,0.0,0.0,0.0,7.0,0.0,0.0,8.0,0.0,0.0,0.0,0.0,0.0,0.0,0.0,0.0,0.0,0.0,0.0,0.0,21.0,105.0,147.31451499999997,0.0,3407.039,116.58337699999998,221.10792200000003,161.0,0.0,1360.0,16.0,73.754243,922.0,889.3048000000001,6.0,233.0,129.598476,62.0,0.0,0.0,0.0,4.1911000000000005,62.902353,72.0,62.0,8.0,2933.414873,-17.13,-8.709309,1,4.0,Medium
2.0,0.0,0.0,2.0,0.0,0.0,4.0,0.0,0.0,0.0,0.0,0.0,14.0,0.0,0.0,0.0,0.0,0.0,0.0,0.0,0.0,0.0,0.0,0.0,0.0,0.0,0.0,0.0,22.0,140.0,177.5203,0.0,4029.92,146.49316199999998,263.17235800000003,194.0,0.0,1616.0,8.0,89.67305400000001,918.96,1057.7444,8.0,276.0,162.567202,72.0,0.0,0.0,0.0,8.922600000000001,64.97876,82.0,72.0,8.0,3473.1823320000003,-18.24,-8.588256,2,0.0,High
0.0,1.0,0.0,0.0,2.0,0.0,3.0,0.0,0.0,0.0,0.0,0.0,0.0,0.0,0.0,16.0,0.0,0.0,0.0,0.0,0.0,0.0,0.0,0.0,0.0,0.0,0.0,0.0,22.0,81.0,138.095093,0.0,3193.334,91.105039,204.736179,153.0,0.0,1278.0,23.0,68.966238,954.92,836.5201000000001,6.0,220.0,105.801834,59.0,0.0,0.0,0.0,1.4461000000000002,72.346416,67.0,59.0,7.0,2856.174208,-17.97,-8.766377,0,6.0,Low
3.0,0.0,0.0,0.0,0.0,0.0,5.0,0.0,0.0,0.0,0.0,0.0,0.0,0.0,12.0,0.0,2.0,0.0,0.0,0.0,0.0,0.0,0.0,0.0,0.0,0.0,0.0,0.0,22.0,77.0,141.622132,0.0,3221.466,96.802181,210.808537,153.0,0.0,1282.0,32.0,70.31571600000001,987.74,867.1288000000001,6.0,220.0,105.778754,44.0,0.0,0.0,0.0,-3.9317000000000006,65.458624,67.0,44.0,20.0,2880.393684,-17.31,-8.827641,0,5.0,Low
2.0,0.0,0.0,1.0,0.0,0.0,3.0,0.0,0.0,0.0,0.0,0.0,15.0,0.0,0.0,0.0,0.0,0.0,0.0,0.0,0.0,0.0,0.0,0.0,0.0,0.0,0.0,0.0,21.0,135.0,168.90741599999998,0.0,3859.62,143.66151,251.962358,184.0,0.0,1546.0,6.0,84.603733,902.24,1005.46,6.0,264.0,156.814637,72.0,0.0,0.0,0.0,10.0206,61.194214,80.0,72.0,6.0,3322.952448,-17.450000000000003,-8.602733,2,0.0,High
2.0,0.0,0.0,0.0,0.0,0.0,4.0,0.0,0.0,0.0,4.0,0.0,0.0,12.0,0.0,0.0,0.0,0.0,0.0,0.0,0.0,0.0,0.0,0.0,0.0,0.0,0.0,0.0,22.0,146.0,165.414758,0.0,3857.604,160.541388,251.252358,184.0,0.0,1544.0,6.0,86.506766,910.08,1006.035,6.0,264.0,176.380746,72.0,0.0,0.0,0.0,10.3328,61.63667199999999,80.0,72.0,6.0,2987.96522,-18.16,-8.587421,2,0.0,High
0.0,0.0,3.0,0.0,0.0,0.0,4.0,0.0,0.0,0.0,0.0,0.0,0.0,0.0,0.0,14.0,1.0,0.0,0.0,0.0,0.0,0.0,0.0,0.0,0.0,0.0,0.0,0.0,22.0,79.0,132.714493,0.0,3121.0619999999994,97.090703,202.506883,144.0,0.0,1234.0,24.0,65.44761899999999,984.73,809.8294000000001,6.0,212.0,108.884954,55.0,0.0,0.0,0.0,-1.947,64.332027,68.0,55.0,10.0,2675.5753600000003,-17.349999999999998,-8.79431,0,5.0,Low
0.0,2.0,0.0,0.0,4.0,0.0,0.0,0.0,0.0,0.0,0.0,0.0,14.0,0.0,0.0,2.0,0.0,0.0,0.0,0.0,0.0,0.0,0.0,0.0,0.0,0.0,0.0,0.0,22.0,134.0,181.422348,0.0,4084.0120000000006,145.79050999999998,267.17235800000003,198.0,0.0,1640.0,10.0,90.265514,956.14,1077.422,6.0,280.0,156.473522,72.0,0.0,0.0,0.0,12.8722,66.734408,82.0,72.0,8.0,3649.390162,-18.24,-8.57999,2,0.0,High
1.0,0.0,2.0,0.0,0.0,0.0,1.0,0.0,0.0,0.0,18.0,0.0,0.0,0.0,0.0,0.0,0.0,0.0,0.0,0.0,0.0,0.0,0.0,0.0,0.0,0.0,0.0,0.0,22.0,107.0,140.4855,0.0,3293.278,120.781815,214.554101,155.0,0.0,1306.0,6.0,69.62552,837.7,861.4134,4.0,224.0,141.826946,60.0,0.0,0.0,0.0,12.4125,58.012348,69.0,60.0,6.0,2508.723958,-17.39,-8.556323,1,3.0,Medium
2.0,0.0,0.0,0.0,0.0,0.0,4.0,0.0,0.0,0.0,12.0,0.0,0.0,0.0,0.0,0.0,0.0,0.0,0.0,0.0,0.0,0.0,0.0,0.0,0.0,0.0,4.0,0.0,22.0,114.0,163.57123,4.0,3921.424,111.46298,247.143218,180.0,0.0,1560.0,22.0,84.679738,1159.92,987.5798,6.0,268.0,146.77396199999998,80.0,0.0,4.0,4.0,-1.186,59.565636,88.0,80.0,6.0,3498.110556,-18.48,-8.630569,1,4.0,Medium
0.0,0.0,0.0,2.0,0.0,0.0,4.0,0.0,0.0,0.0,10.0,0.0,0.0,0.0,0.0,5.0,0.0,0.0,0.0,0.0,0.0,0.0,0.0,0.0,0.0,0.0,0.0,0.0,21.0,101.0,137.65195899999998,0.0,3153.957,102.18772,201.57,156.0,0.0,1272.0,11.0,71.01681099999999,772.39,838.4242,6.0,219.0,124.108412,57.0,0.0,0.0,0.0,6.633,68.00888499999999,63.0,57.0,6.0,2594.928336,-17.429999999999996,-8.645938,1,4.0,Medium
0.0,4.0,0.0,12.0,4.0,0.0,0.0,0.0,0.0,0.0,0.0,0.0,0.0,0.0,0.0,0.0,2.0,0.0,0.0,0.0,0.0,0.0,0.0,0.0,0.0,0.0,0.0,0.0,22.0,110.0,181.642016,0.0,3897.302,116.074664,259.804716,198.0,0.0,1560.0,24.0,93.322608,799.0600000000001,1081.4304,18.0,266.0,135.750816,40.0,0.0,0.0,0.0,-1.1914000000000002,64.613314,68.0,40.0,24.0,3551.302446,-17.02,-8.765258,0,5.0,Low
0.0,0.0,2.0,0.0,0.0,0.0,4.0,0.0,0.0,0.0,16.0,0.0,0.0,0.0,0.0,0.0,0.0,0.0,0.0,0.0,0.0,0.0,0.0,0.0,0.0,0.0,0.0,0.0,22.0,112.0,145.14293,0.0,3355.054,119.286134,217.557922,162.0,0.0,1340.0,8.0,73.74966599999999,804.9200000000001,889.5424,6.0,230.0,143.22638,58.0,0.0,0.0,0.0,10.0598,62.15250399999999,68.0,58.0,8.0,2589.361926,-17.68,-8.592734,2,0.0,High
0.0,0.0,3.0,0.0,0.0,0.0,3.0,0.0,0.0,0.0,7.0,0.0,8.0,0.0,0.0,0.0,0.0,0.0,0.0,0.0,0.0,0.0,0.0,0.0,0.0,0.0,0.0,0.0,21.0,121.0,155.055594,0.0,3570.731,133.866016,233.976883,169.0,0.0,1422.0,9.0,77.57325399999999,869.23,937.8215,6.0,243.0,149.40504,62.0,0.0,0.0,0.0,9.5327,56.747213,74.0,62.0,9.0,2919.5117,-16.88,-8.609207,2,0.0,High
0.0,0.0,1.0,0.0,0.0,0.0,5.0,0.0,0.0,0.0,14.0,0.0,2.0,0.0,0.0,0.0,0.0,0.0,0.0,0.0,0.0,0.0,0.0,0.0,0.0,0.0,0.0,0.0,22.0,118.0,149.479794,0.0,3435.737,121.195972,221.568961,168.0,0.0,1380.0,7.0,76.675118,797.38,911.8043,6.0,237.0,145.454691,61.0,0.0,0.0,0.0,10.000799999999998,65.81294199999999,69.0,61.0,7.0,2705.581205,-18.05,-8.587588,2,0.0,High
2.0,0.0,0.0,0.0,0.0,0.0,4.0,0.0,0.0,0.0,0.0,0.0,6.0,0.0,10.0,0.0,0.0,0.0,0.0,0.0,0.0,0.0,0.0,0.0,0.0,0.0,0.0,0.0,22.0,102.0,157.938284,0.0,3583.4460000000004,116.640166,233.492358,172.0,0.0,1436.0,26.0,79.074624,992.7,959.676,6.0,246.0,127.755642,56.0,0.0,0.0,0.0,3.3072,67.617056,74.0,56.0,16.0,3211.089448,-17.92,-8.783215,0,5.0,Low
0.0,3.0,0.0,0.0,0.0,0.0,3.0,0.0,0.0,0.0,12.0,0.0,0.0,0.0,5.0,0.0,0.0,0.0,0.0,0.0,0.0,0.0,0.0,0.0,0.0,0.0,0.0,0.0,23.0,102.0,149.973797,0.0,3459.646,115.659421,225.898537,164.0,0.0,1376.0,19.0,74.70423600000001,935.45,921.994,6.0,236.0,136.110152,55.0,0.0,0.0,0.0,6.2708,64.129313,72.0,55.0,14.0,2814.874387,-18.22,-8.687116,0,5.0,Low
0.0,3.0,0.0,0.0,0.0,0.0,3.0,0.0,0.0,0.0,13.0,0.0,2.0,0.0,0.0,0.0,0.0,0.0,0.0,0.0,0.0,0.0,0.0,0.0,0.0,0.0,0.0,0.0,21.0,106.0,140.706243,0.0,3264.3319999999994,115.501339,213.478537,154.0,0.0,1296.0,9.0,70.169368,813.8499999999999,859.0565,6.0,222.0,137.622903,56.0,0.0,0.0,0.0,8.2628,55.973801,68.0,56.0,9.0,2551.580843,-16.639999999999997,-8.640793,1,1.0,Medium
0.0,0.0,2.0,0.0,0.0,0.0,4.0,0.0,0.0,0.0,8.0,0.0,0.0,7.0,0.0,0.0,0.0,0.0,0.0,0.0,0.0,0.0,0.0,0.0,0.0,0.0,0.0,0.0,21.0,128.0,151.769642,0.0,3519.255,140.09757000000002,229.10792200000003,169.0,0.0,1408.0,8.0,78.813084,834.0,927.6264,6.0,241.0,157.42611699999998,62.0,0.0,0.0,0.0,9.4239,58.81772899999999,72.0,62.0,8.0,2725.862046,-17.13,-8.591936,2,0.0,High
0.0,2.0,0.0,0.0,0.0,0.0,3.0,0.0,0.0,0.0,15.0,0.0,0.0,0.0,0.0,0.0,1.0,0.0,0.0,0.0,0.0,0.0,0.0,0.0,0.0,0.0,0.0,0.0,21.0,100.0,132.269767,0.0,3081.637,108.75745299999998,199.602358,147.0,0.0,1228.0,7.0,66.395347,778.7800000000001,809.7956999999999,4.0,211.0,129.626352,55.0,0.0,0.0,0.0,7.8095,58.920802,64.0,55.0,7.0,2371.420442,-16.81,-8.582927,1,4.0,Medium
0.0,0.0,3.0,0.0,0.0,0.0,0.0,0.0,4.0,0.0,0.0,0.0,13.0,0.0,0.0,0.0,1.0,0.0,0.0,0.0,0.0,0.0,0.0,0.0,0.0,0.0,0.0,0.0,21.0,128.0,163.881914,0.0,3742.023,142.26244,245.816883,177.0,0.0,1494.0,14.0,82.228528,926.39,988.093,6.0,255.0,152.54559799999998,61.0,0.0,0.0,0.0,4.9661,57.93141599999999,78.0,61.0,14.0,3175.945321,-17.04,-8.618994,1,2.0,Medium
