A3413,A3407,A3400,M0562,D5915,M0082,D5927,A1235,D5795,M2901,M3342,A1405,D1531,E0652,H1770,M0085,A0141,M0081,A0142,M0280,A1389,M0326,M0591,A0144,D4129,M0083,GluMA,GalAM,DP,total_num_valence_electrons,total_bertzct,total_hbd,total_n_carbon,total_hba,total_kappa2,total_tpsa,total_molar_ref,total_arom_rings,total_mw,total_heavy_atom_count,total_chi1v,total_num_sat_rings,total_num_rings,charge,total_balabanj,total_num_aromatic_heterocycles,total_n_nitrogen,total_n_oxygen,total_chi0v,total_rot_bonds,total_kappa3,total_kappa1,total_num_aliphatic_rings,total_num_heteroatoms,total_logp,total_hallkieralpha,predicted_docking_score,Consensus_Class,score,fluorescence
0.0,0.0,0.0,0.0,6.0,0.0,0.0,0.0,0.0,0.0,0.0,0.0,0.0,0.0,0.0,0.0,5.0,0.0,0.0,0.0,0.0,0.0,6.0,0.0,0.0,0.0,4.0,0.0,21.0,1624.0,4039.499671,22.0,207.0,66.0,123.590778,1045.61,1063.7109999999998,0.0,4000.221,279.0,95.921822,4.0,4.0,1.0,71.361793,0.0,6.0,66.0,178.926904,107.0,101.154216,253.42086,4.0,72.0,11.0773,-17.79,-8.786579,0,5.0,Low
5.0,0.0,0.0,0.0,0.0,0.0,0.0,0.0,0.0,6.0,0.0,0.0,0.0,0.0,0.0,0.0,5.0,6.0,0.0,0.0,0.0,0.0,0.0,0.0,0.0,0.0,0.0,0.0,22.0,1268.0,2923.939721,11.0,153.0,50.0,105.339859,867.97,836.9207,0.0,3243.151,219.0,70.204671,6.0,6.0,6.0,48.366443,0.0,11.0,50.0,139.269611,68.0,92.12413,204.377861,6.0,66.0,-0.9819000000000012,-16.61,-8.756779,1,4.0,Medium
6.0,0.0,0.0,0.0,0.0,0.0,0.0,0.0,0.0,0.0,0.0,0.0,0.0,0.0,0.0,6.0,4.0,6.0,0.0,0.0,0.0,0.0,0.0,0.0,0.0,0.0,0.0,0.0,22.0,1132.0,2441.294922,12.0,132.0,50.0,100.279708,921.14,746.7114,0.0,2918.034,194.0,57.969284,0.0,0.0,2.0,53.058328,0.0,6.0,50.0,123.80156,64.0,93.522036,194.117074,0.0,62.0,6.328399999999999,-16.119999999999997,-8.624897,1,4.0,Medium
6.0,0.0,0.0,0.0,0.0,0.0,6.0,0.0,0.0,0.0,0.0,0.0,0.0,0.0,0.0,6.0,4.0,0.0,0.0,0.0,0.0,0.0,0.0,0.0,0.0,0.0,0.0,0.0,22.0,1204.0,2526.763008,18.0,138.0,50.0,111.215788,947.78,791.0316,0.0,3098.334,206.0,63.136106,0.0,0.0,8.0,53.599318,0.0,12.0,50.0,131.508302,76.0,98.206182,205.877074,0.0,68.0,-7.2646,-16.36,-8.738639,0,5.0,Low
6.0,0.0,0.0,0.0,0.0,0.0,0.0,0.0,0.0,0.0,0.0,0.0,0.0,0.0,0.0,5.0,6.0,5.0,0.0,0.0,0.0,0.0,0.0,0.0,0.0,0.0,0.0,0.0,22.0,1078.0,2308.4310670000004,11.0,124.0,49.0,94.202029,928.57,703.5796,0.0,2787.803,185.0,54.055339,0.0,0.0,0.0,52.76142,0.0,6.0,49.0,116.973513,59.0,92.089078,185.157074,0.0,61.0,2.169199999999999,-16.08,-8.587166,1,4.0,Medium
8.0,0.0,0.0,0.0,0.0,0.0,0.0,0.0,0.0,0.0,0.0,0.0,0.0,0.0,0.0,4.0,5.0,0.0,0.0,0.0,0.0,0.0,5.0,0.0,0.0,0.0,0.0,0.0,22.0,1238.0,2672.5860820000003,12.0,147.0,48.0,114.583768,949.79,829.059,0.0,3200.4010000000003,211.0,65.593671,0.0,0.0,3.0,48.173516,0.0,8.0,48.0,137.684686,76.0,104.649934,217.10943200000003,0.0,64.0,9.769199999999998,-15.54,-8.70341,1,2.0,Medium
8.0,0.0,0.0,0.0,0.0,0.0,0.0,0.0,0.0,3.0,0.0,0.0,0.0,0.0,0.0,0.0,8.0,3.0,0.0,0.0,0.0,0.0,0.0,0.0,0.0,0.0,0.0,0.0,22.0,1118.0,2456.5328090000003,11.0,126.0,47.0,97.218439,951.37,726.3509,0.0,2928.832,192.0,56.583405,3.0,3.0,3.0,41.809649,0.0,11.0,47.0,121.723232,56.0,94.484329,192.257915,3.0,66.0,-7.6866,-15.62,-8.644686,1,4.0,Medium
0.0,5.0,0.0,0.0,0.0,0.0,0.0,0.0,0.0,0.0,0.0,0.0,0.0,0.0,0.0,6.0,5.0,6.0,0.0,0.0,0.0,0.0,0.0,0.0,0.0,0.0,0.0,0.0,22.0,1100.0,2372.292101,16.0,129.0,45.0,95.223031,921.33,731.3928,0.0,2817.541,189.0,56.827749,0.0,0.0,0.0,56.263133,0.0,10.0,45.0,119.9916,62.0,91.137988,186.160895,0.0,60.0,3.3462999999999994,-16.369999999999997,-8.658805,1,4.0,Medium
5.0,0.0,0.0,0.0,0.0,0.0,5.0,0.0,0.0,0.0,0.0,0.0,0.0,0.0,0.0,5.0,7.0,0.0,0.0,0.0,0.0,0.0,0.0,0.0,0.0,0.0,0.0,0.0,22.0,1106.0,2310.651651,15.0,126.0,49.0,98.25875200000002,936.96,714.941,0.0,2842.48,190.0,56.665719,0.0,0.0,3.0,56.41704999999999,0.0,10.0,49.0,119.12708299999998,67.0,93.608485,187.000895,0.0,64.0,-10.005400000000002,-16.53,-8.674347,0,5.0,Low
0.0,5.0,0.0,0.0,0.0,0.0,0.0,0.0,0.0,0.0,0.0,0.0,0.0,0.0,0.0,5.0,6.0,0.0,0.0,6.0,0.0,0.0,0.0,0.0,0.0,0.0,0.0,0.0,22.0,1040.0,2296.685484,15.0,120.0,44.0,82.13405700000001,914.93,685.904,0.0,2674.291,179.0,51.683936,0.0,0.0,-1.0,58.083625,0.0,10.0,44.0,113.943703,48.0,88.45835,176.200895,0.0,59.0,-0.1796000000000006,-16.33,-8.628958,0,5.0,Low
6.0,0.0,0.0,0.0,0.0,0.0,0.0,0.0,0.0,4.0,0.0,0.0,0.0,0.0,0.0,0.0,4.0,0.0,0.0,0.0,0.0,0.0,0.0,0.0,8.0,0.0,0.0,0.0,22.0,1592.0,3309.688284,10.0,208.0,48.0,174.862906,854.4399999999999,1098.0954000000002,0.0,4008.116,272.0,97.78513,4.0,4.0,6.0,44.9995,0.0,10.0,48.0,177.352822,134.0,167.129868,264.341718,4.0,64.0,27.4808,-16.200000000000003,-8.628589,1,1.0,Medium
4.0,0.0,0.0,0.0,0.0,0.0,4.0,0.0,0.0,0.0,0.0,0.0,0.0,0.0,0.0,0.0,6.0,0.0,0.0,0.0,0.0,0.0,7.0,0.0,0.0,0.0,0.0,0.0,21.0,1262.0,2694.326419,8.0,162.0,42.0,116.04937800000002,763.6,860.1522,0.0,3169.976,216.0,73.38386899999999,0.0,0.0,2.0,58.841979,0.0,8.0,42.0,142.25734,91.0,101.76971,211.074716,0.0,54.0,14.4273,-15.75,-8.637702,1,3.0,Medium
6.0,0.0,0.0,0.0,0.0,0.0,0.0,0.0,0.0,4.0,0.0,0.0,0.0,0.0,0.0,6.0,8.0,0.0,0.0,0.0,0.0,0.0,0.0,0.0,0.0,0.0,0.0,0.0,24.0,1216.0,2739.283448,16.0,136.0,58.0,99.278638,1083.74,772.0642,0.0,3150.098,210.0,61.098416,4.0,4.0,2.0,54.31447,0.0,10.0,58.0,129.0338,60.0,97.180516,200.521718,4.0,74.0,-13.334,-18.02,-8.6453285,0,5.0,Low
5.0,5.0,0.0,0.0,0.0,0.0,5.0,0.0,0.0,0.0,0.0,0.0,0.0,0.0,0.0,0.0,6.0,0.0,0.0,0.0,0.0,0.0,0.0,0.0,0.0,0.0,0.0,0.0,21.0,1118.0,2291.962468,20.0,123.0,37.0,109.181911,947.88,749.5770000000001,0.0,2948.93,190.0,57.033177,0.0,0.0,9.0,36.242,0.0,20.0,37.0,124.40807400000004,66.0,99.729325,202.77179,0.0,67.0,-12.7057,-14.29,-8.70545,0,5.0,Low
5.0,0.0,0.0,0.0,0.0,0.0,0.0,0.0,0.0,0.0,5.0,0.0,0.0,0.0,0.0,0.0,5.0,0.0,0.0,0.0,0.0,0.0,6.0,0.0,0.0,0.0,0.0,0.0,21.0,1222.0,2559.806876,5.0,152.0,47.0,117.55278,805.8,822.6195,0.0,3099.101,209.0,67.618705,0.0,0.0,0.0,53.48134399999999,0.0,5.0,47.0,135.824653,87.0,105.290826,206.990895,0.0,57.0,17.151600000000002,-15.54,-8.562837,0,5.0,Low
5.0,0.0,0.0,0.0,0.0,0.0,0.0,0.0,0.0,5.0,0.0,0.0,0.0,0.0,0.0,0.0,5.0,0.0,0.0,0.0,0.0,0.0,0.0,0.0,7.0,0.0,0.0,0.0,22.0,1540.0,3262.7372720000003,10.0,200.0,49.0,162.30588699999998,854.3,1051.679,0.0,3872.414,264.0,93.927358,5.0,5.0,5.0,47.298671,0.0,10.0,49.0,170.37947100000002,124.0,155.493478,251.3817,5.0,64.0,21.018,-16.53,-8.634407,1,3.0,Medium
7.0,0.0,0.0,0.0,0.0,0.0,7.0,0.0,0.0,0.0,0.0,0.0,0.0,0.0,0.0,3.0,5.0,0.0,0.0,0.0,0.0,0.0,0.0,0.0,0.0,0.0,0.0,0.0,22.0,1206.0,2496.642457,17.0,138.0,47.0,113.901864,933.0,796.503,0.0,3117.836,206.0,63.560361,0.0,0.0,9.0,50.02461,0.0,14.0,47.0,132.75321300000002,77.0,100.732359,208.913253,0.0,68.0,-9.2266,-16.03,-8.724604,0,5.0,Low
4.0,0.0,0.0,0.0,0.0,0.0,0.0,0.0,0.0,0.0,0.0,0.0,0.0,0.0,0.0,6.0,4.0,8.0,0.0,0.0,0.0,0.0,0.0,0.0,0.0,0.0,0.0,0.0,22.0,1128.0,2445.901036,10.0,136.0,50.0,97.186232,865.86,746.5212,0.0,2869.174,194.0,59.383498,0.0,0.0,0.0,59.683266,0.0,4.0,50.0,123.35207,66.0,90.584096,188.204716,0.0,58.0,10.6012,-16.62,-8.558972,1,4.0,Medium
4.0,0.0,0.0,0.0,0.0,0.0,6.0,0.0,0.0,0.0,0.0,0.0,0.0,0.0,0.0,6.0,6.0,0.0,0.0,0.0,0.0,0.0,0.0,0.0,0.0,0.0,0.0,0.0,22.0,1140.0,2388.757366,16.0,132.0,50.0,101.102434,920.16,739.8874000000001,0.0,2907.188,196.0,59.745496,0.0,0.0,4.0,60.008928,0.0,10.0,50.0,122.970872,72.0,93.438086,189.964716,0.0,64.0,-8.9588,-16.86,-8.719301,0,5.0,Low
0.0,0.0,0.0,0.0,0.0,0.0,8.0,0.0,0.0,4.0,0.0,0.0,0.0,0.0,0.0,0.0,6.0,0.0,0.0,4.0,0.0,0.0,0.0,0.0,0.0,0.0,0.0,0.0,22.0,1256.0,2804.3540780000003,12.0,158.0,48.0,100.175636,751.78,828.5564,0.0,3118.03,218.0,72.943564,4.0,4.0,6.0,69.351338,0.0,12.0,48.0,138.142556,78.0,89.13423999999999,192.284644,4.0,60.0,-7.2042,-18.02,-8.787842,1,4.0,Medium
0.0,5.0,0.0,0.0,0.0,0.0,0.0,0.0,0.0,0.0,0.0,0.0,0.0,0.0,0.0,0.0,4.0,0.0,0.0,0.0,0.0,0.0,6.0,0.0,0.0,6.0,0.0,0.0,21.0,1540.0,3283.620338,10.0,210.0,37.0,160.537305,759.8199999999999,1095.126,0.0,3828.76,262.0,96.658957,0.0,0.0,1.0,53.556106,0.0,10.0,37.0,176.840512,133.0,145.663276,260.190895,0.0,52.0,42.4934,-15.340000000000002,-8.575037,1,3.0,Medium
4.0,0.0,0.0,0.0,0.0,0.0,4.0,0.0,0.0,0.0,0.0,0.0,0.0,0.0,0.0,0.0,8.0,5.0,0.0,0.0,0.0,0.0,0.0,0.0,0.0,0.0,0.0,0.0,21.0,1034.0,2148.924373,8.0,124.0,42.0,91.058925,791.26,680.4122,0.0,2634.934,178.0,55.056088,0.0,0.0,0.0,55.811321,0.0,8.0,42.0,113.228452,64.0,88.30465800000002,173.07471600000002,0.0,54.0,-1.453800000000001,-15.75,-8.613365,0,5.0,Low
5.0,0.0,0.0,0.0,0.0,0.0,0.0,0.0,0.0,0.0,0.0,0.0,0.0,0.0,0.0,6.0,5.0,6.0,0.0,0.0,0.0,0.0,0.0,0.0,0.0,0.0,0.0,0.0,22.0,1100.0,2372.292101,11.0,129.0,50.0,95.223031,907.33,721.1393,0.0,2822.461,189.0,56.273979,0.0,0.0,0.0,56.263133,0.0,5.0,50.0,119.532845,62.0,91.137988,186.160895,0.0,60.0,5.481299999999999,-16.369999999999997,-8.572593,1,4.0,Medium
5.0,0.0,0.0,0.0,0.0,0.0,6.0,0.0,0.0,0.0,0.0,0.0,0.0,0.0,0.0,6.0,5.0,0.0,0.0,0.0,0.0,0.0,0.0,0.0,0.0,0.0,0.0,0.0,22.0,1172.0,2457.7601870000003,17.0,135.0,50.0,106.159111,933.97,765.4594999999999,0.0,3002.761,201.0,61.440801,0.0,0.0,6.0,56.804123,0.0,11.0,50.0,127.239587,74.0,95.822134,197.920895,0.0,66.0,-8.1117,-16.61,-8.72916,0,5.0,Low
5.0,0.0,0.0,0.0,0.0,0.0,0.0,0.0,0.0,0.0,0.0,0.0,0.0,0.0,0.0,5.0,5.0,0.0,0.0,0.0,0.0,0.0,6.0,0.0,0.0,0.0,0.0,0.0,21.0,1192.0,2600.069541,10.0,147.0,47.0,106.537115,860.8,798.6685,0.0,3028.9660000000003,204.0,65.24838,0.0,0.0,0.0,55.282224,0.0,5.0,47.0,132.097198,77.0,97.382876,201.990895,0.0,57.0,13.8811,-15.54,-8.608608,1,4.0,Medium
0.0,6.0,0.0,0.0,0.0,0.0,0.0,0.0,0.0,0.0,6.0,0.0,0.0,0.0,0.0,0.0,4.0,0.0,0.0,0.0,0.0,0.0,6.0,0.0,0.0,0.0,0.0,0.0,22.0,1312.0,2738.228544,12.0,162.0,44.0,128.901856,871.94,898.1448,0.0,3332.9400000000005,224.0,73.06930399999999,0.0,0.0,2.0,53.310412,0.0,12.0,44.0,146.77439600000002,94.0,112.984344,224.117074,0.0,62.0,16.1888,-16.119999999999997,-8.6886,1,3.0,Medium
4.0,0.0,0.0,0.0,0.0,0.0,4.0,0.0,0.0,0.0,0.0,0.0,0.0,0.0,0.0,0.0,8.0,0.0,0.0,0.0,0.0,0.0,6.0,0.0,0.0,0.0,0.0,0.0,22.0,1236.0,2621.392474,8.0,156.0,44.0,111.49374,817.56,831.4812,0.0,3113.78,212.0,70.154778,0.0,0.0,0.0,61.53693,0.0,8.0,44.0,137.82276000000002,86.0,102.402504,206.284716,0.0,56.0,8.9498,-16.54,-8.64333,1,4.0,Medium
6.0,0.0,0.0,0.0,0.0,0.0,0.0,0.0,0.0,0.0,0.0,0.0,0.0,0.0,0.0,5.0,4.0,0.0,0.0,0.0,0.0,0.0,6.0,0.0,0.0,0.0,0.0,0.0,21.0,1224.0,2669.072362,11.0,150.0,47.0,111.593792,874.6099999999999,824.2406000000001,0.0,3124.539,209.0,66.94368499999999,0.0,0.0,2.0,52.077419,0.0,6.0,47.0,136.365913,79.0,99.766924,209.947074,0.0,59.0,14.7282,-15.29,-8.646343,1,4.0,Medium
6.0,0.0,0.0,0.0,0.0,0.0,5.0,0.0,0.0,0.0,0.0,0.0,0.0,0.0,0.0,6.0,5.0,0.0,0.0,0.0,0.0,0.0,0.0,0.0,0.0,0.0,0.0,0.0,22.0,1162.0,2441.212449,17.0,132.0,50.0,105.883169,957.17,758.1678999999999,0.0,2997.141,199.0,59.87255700000001,0.0,0.0,6.0,53.401489,0.0,11.0,50.0,126.179875,71.0,96.510413,198.917074,0.0,67.0,-7.982600000000001,-16.32,-8.7067585,0,6.0,Low
6.0,0.0,0.0,0.0,0.0,0.0,0.0,0.0,0.0,0.0,0.0,0.0,0.0,0.0,0.0,5.0,6.0,0.0,0.0,0.0,0.0,0.0,5.0,0.0,0.0,0.0,0.0,0.0,22.0,1198.0,2596.138417,11.0,144.0,49.0,107.038154,928.57,795.5696,0.0,3068.3430000000003,205.0,63.71459399999999,0.0,0.0,0.0,54.77237,0.0,6.0,49.0,131.931333,74.0,100.399718,205.157074,0.0,61.0,9.250699999999998,-16.08,-8.643734,1,4.0,Medium
0.0,0.0,0.0,0.0,5.0,0.0,0.0,0.0,0.0,0.0,0.0,0.0,0.0,0.0,0.0,6.0,5.0,0.0,0.0,0.0,0.0,0.0,6.0,0.0,0.0,0.0,0.0,0.0,22.0,1384.0,3161.269846,11.0,183.0,50.0,110.817716,791.3299999999999,937.0203,0.0,3397.614,238.0,81.56661,0.0,0.0,0.0,78.260598,0.0,5.0,50.0,156.096469,95.0,101.009526,220.18,0.0,55.0,19.1691,-17.82,-8.5632925,0,6.0,Low
5.0,0.0,0.0,0.0,0.0,0.0,5.0,0.0,0.0,0.0,0.0,0.0,0.0,0.0,0.0,6.0,6.0,0.0,0.0,0.0,0.0,0.0,0.0,0.0,0.0,0.0,0.0,0.0,22.0,1130.0,2372.209628,16.0,129.0,50.0,100.826492,943.36,732.5958,0.0,2901.568,194.0,58.177252,0.0,0.0,4.0,56.606294000000005,0.0,10.0,50.0,121.91116,69.0,94.126365,190.960895,0.0,65.0,-8.8297,-16.57,-8.695455,0,5.0,Low
0.0,0.0,0.0,0.0,0.0,0.0,0.0,0.0,0.0,7.0,0.0,0.0,0.0,0.0,0.0,5.0,5.0,0.0,0.0,0.0,0.0,0.0,5.0,0.0,0.0,0.0,0.0,0.0,22.0,1370.0,3256.6162200000003,12.0,175.0,56.0,106.475238,844.5899999999999,900.7989,0.0,3399.3260000000005,238.0,80.375969,7.0,7.0,2.0,66.113103,0.0,7.0,56.0,148.83380900000003,83.0,90.871089,206.393127,7.0,63.0,4.857599999999998,-18.14,-8.799569,1,4.0,Medium
6.0,0.0,0.0,0.0,0.0,0.0,6.0,0.0,0.0,0.0,0.0,0.0,0.0,0.0,0.0,4.0,6.0,0.0,0.0,0.0,0.0,0.0,0.0,0.0,0.0,0.0,0.0,0.0,22.0,1156.0,2403.647054,16.0,132.0,48.0,106.080308,934.98,755.7220000000001,0.0,2980.158,198.0,60.11303999999999,0.0,0.0,6.0,53.22083000000001,0.0,12.0,48.0,125.940148,72.0,97.170422,197.957074,0.0,66.0,-9.616,-16.28,-8.703291,0,6.0,Low
6.0,0.0,0.0,0.0,0.0,0.0,0.0,0.0,0.0,0.0,0.0,0.0,0.0,0.0,0.0,5.0,5.0,0.0,0.0,0.0,0.0,0.0,6.0,0.0,0.0,0.0,0.0,0.0,22.0,1252.0,2724.9857650000004,11.0,153.0,49.0,113.115318,914.74,839.4446,0.0,3195.594,214.0,68.048857,0.0,0.0,1.0,55.282224,0.0,6.0,49.0,138.966867,80.0,102.976924,214.157074,0.0,61.0,13.6505,-16.08,-8.63807,1,4.0,Medium
0.0,0.0,0.0,0.0,5.0,0.0,0.0,0.0,0.0,0.0,5.0,0.0,0.0,0.0,0.0,0.0,5.0,0.0,0.0,0.0,0.0,0.0,6.0,0.0,0.0,0.0,0.0,0.0,21.0,1362.0,3003.535801,5.0,182.0,47.0,117.744115,689.8,928.1125,0.0,3337.606,234.0,81.32023,0.0,0.0,0.0,73.065669,0.0,5.0,47.0,154.438893,102.0,105.189596,217.01,0.0,52.0,22.3416,-16.990000000000002,-8.5023,0,5.0,Low
4.0,0.0,0.0,0.0,0.0,0.0,4.0,0.0,0.0,0.0,0.0,0.0,0.0,0.0,0.0,0.0,8.0,0.0,0.0,0.0,0.0,0.0,5.0,0.0,0.0,0.0,0.0,0.0,21.0,1154.0,2436.631723,8.0,144.0,42.0,103.89505,791.26,772.4022,0.0,2915.474,198.0,64.715343,0.0,0.0,0.0,57.822271,0.0,8.0,42.0,128.186272,79.0,96.615298,193.074716,0.0,54.0,5.627699999999997,-15.75,-8.6541605,1,4.0,Medium
6.0,0.0,0.0,0.0,0.0,0.0,0.0,0.0,0.0,0.0,0.0,0.0,0.0,0.0,0.0,4.0,6.0,5.0,0.0,0.0,0.0,0.0,0.0,0.0,0.0,0.0,0.0,0.0,21.0,1026.0,2190.959687,10.0,118.0,46.0,90.112763,882.04,670.7208,0.0,2657.66,176.0,51.43863399999999,0.0,0.0,0.0,49.367371,0.0,6.0,46.0,111.588482,56.0,88.361198,176.987074,0.0,58.0,2.0712,-15.25,-8.57518,1,4.0,Medium
6.0,0.0,0.0,0.0,0.0,0.0,0.0,0.0,0.0,0.0,0.0,0.0,0.0,0.0,0.0,5.0,4.0,0.0,0.0,6.0,0.0,0.0,0.0,0.0,0.0,0.0,0.0,0.0,21.0,1044.0,2309.774902,11.0,120.0,47.0,85.669208,874.6099999999999,686.0186000000001,0.0,2703.729,179.0,51.720299,0.0,0.0,2.0,51.674015,0.0,6.0,47.0,115.152709,49.0,87.632398,179.947074,0.0,59.0,3.8802,-15.29,-8.577329,1,4.0,Medium
0.0,0.0,0.0,0.0,6.0,0.0,0.0,0.0,0.0,0.0,0.0,0.0,0.0,0.0,0.0,5.0,6.0,5.0,0.0,0.0,0.0,0.0,0.0,0.0,0.0,0.0,0.0,0.0,22.0,1246.0,2840.905777,11.0,160.0,49.0,94.431631,789.3700000000001,830.1712,0.0,3074.009,215.0,70.497169,0.0,0.0,0.0,76.26261,0.0,6.0,49.0,139.31060100000002,77.0,91.967602,197.18,0.0,55.0,8.3972,-17.82,-8.639297,1,4.0,Medium
5.0,0.0,0.0,0.0,0.0,0.0,0.0,0.0,0.0,0.0,0.0,0.0,0.0,0.0,0.0,6.0,4.0,0.0,0.0,0.0,0.0,0.0,6.0,0.0,0.0,0.0,0.0,0.0,21.0,1216.0,2661.627518,11.0,150.0,48.0,109.104855,867.2,816.3233,0.0,3088.054,208.0,66.759913,0.0,0.0,1.0,55.471468,0.0,5.0,48.0,134.88127500000002,79.0,97.900756,205.950895,0.0,58.0,15.0568,-15.58,-8.617054,1,4.0,Medium
5.0,0.0,0.0,0.0,0.0,0.0,0.0,0.0,0.0,6.0,0.0,0.0,0.0,0.0,0.0,6.0,5.0,0.0,0.0,0.0,0.0,0.0,0.0,0.0,0.0,0.0,0.0,0.0,22.0,1232.0,2865.452315,17.0,141.0,56.0,99.686665,989.35,789.9875,0.0,3170.821,213.0,64.859397,6.0,6.0,6.0,48.855923,0.0,11.0,56.0,131.710253,62.0,89.740942,198.137861,6.0,72.0,-11.8287,-16.849999999999998,-8.724184,1,4.0,Medium
6.0,0.0,0.0,0.0,0.0,0.0,0.0,0.0,0.0,0.0,0.0,0.0,0.0,0.0,0.0,6.0,4.0,0.0,0.0,0.0,0.0,0.0,6.0,0.0,0.0,0.0,0.0,0.0,22.0,1276.0,2786.543742,12.0,156.0,50.0,115.683058,921.14,857.0994000000001,0.0,3254.682,218.0,69.56038999999998,0.0,0.0,2.0,55.471468,0.0,6.0,50.0,141.750944,82.0,103.494804,218.117074,0.0,62.0,14.8262,-16.119999999999997,-8.643647,1,4.0,Medium
5.0,0.0,0.0,0.0,0.0,0.0,0.0,0.0,0.0,0.0,0.0,0.0,0.0,0.0,0.0,5.0,5.0,0.0,0.0,6.0,0.0,0.0,0.0,0.0,0.0,0.0,0.0,0.0,21.0,1012.0,2240.772081,10.0,117.0,47.0,80.612531,860.8,660.4465,0.0,2608.156,174.0,50.024994,0.0,0.0,0.0,54.878820000000005,0.0,5.0,47.0,110.883994,47.0,85.24834999999999,171.990895,0.0,57.0,3.0330999999999992,-15.54,-8.54769,1,4.0,Medium
5.0,0.0,0.0,0.0,0.0,0.0,0.0,0.0,0.0,0.0,0.0,0.0,0.0,0.0,0.0,5.0,4.0,0.0,0.0,0.0,0.0,0.0,8.0,0.0,0.0,0.0,0.0,0.0,22.0,1328.0,2913.67764,10.0,168.0,49.0,120.21296900000002,873.27,901.6225,0.0,3354.523,227.0,75.022078,0.0,0.0,1.0,59.506737,0.0,5.0,49.0,148.76922000000002,90.0,105.747288,224.200895,0.0,59.0,21.603,-16.33,-8.561724,0,5.0,Low
5.0,0.0,0.0,0.0,0.0,0.0,0.0,0.0,0.0,6.0,0.0,0.0,0.0,0.0,0.0,0.0,5.0,0.0,0.0,0.0,0.0,0.0,6.0,0.0,0.0,0.0,0.0,0.0,22.0,1412.0,3269.1885410000004,11.0,177.0,50.0,120.743209,867.97,947.3087,0.0,3579.799,243.0,81.795777,6.0,6.0,6.0,50.779583,0.0,11.0,50.0,157.218995,86.0,102.096898,228.377861,6.0,66.0,7.5159,-16.61,-8.76936,1,1.0,Medium
5.0,0.0,0.0,0.0,0.0,0.0,5.0,0.0,0.0,0.0,0.0,0.0,0.0,0.0,0.0,0.0,5.0,0.0,0.0,0.0,0.0,0.0,6.0,0.0,0.0,0.0,0.0,0.0,21.0,1282.0,2720.032451,10.0,162.0,42.0,120.36151,781.8499999999999,874.713,0.0,3239.491,219.0,74.00846,0.0,0.0,5.0,55.325149,0.0,10.0,42.0,144.818948,92.0,103.272321,216.990895,0.0,57.0,11.5926,-15.54,-8.711466,1,4.0,Medium
5.0,0.0,0.0,0.0,0.0,0.0,0.0,0.0,0.0,0.0,0.0,0.0,0.0,0.0,0.0,4.0,5.0,0.0,0.0,0.0,0.0,0.0,8.0,0.0,0.0,0.0,0.0,0.0,22.0,1304.0,2852.1196630000004,9.0,165.0,48.0,117.645229,866.87,883.9676999999999,0.0,3295.4350000000004,223.0,73.51054500000001,0.0,0.0,0.0,59.317493,0.0,5.0,48.0,145.985143,88.0,105.229408,220.240895,0.0,58.0,20.4273,-16.29,-8.563091,0,6.0,Low
7.0,0.0,0.0,0.0,0.0,0.0,0.0,0.0,0.0,0.0,0.0,0.0,0.0,0.0,0.0,5.0,5.0,0.0,0.0,6.0,0.0,0.0,0.0,0.0,0.0,0.0,0.0,0.0,23.0,1132.0,2490.604529,12.0,129.0,51.0,93.768937,968.68,741.9987000000001,0.0,2941.412,194.0,55.625948,0.0,0.0,2.0,54.878820000000005,0.0,7.0,51.0,124.623332,53.0,96.436446,196.323253,0.0,65.0,2.5718999999999994,-16.619999999999997,-8.5929,1,4.0,Medium
6.0,0.0,0.0,0.0,0.0,0.0,0.0,0.0,0.0,0.0,0.0,0.0,0.0,0.0,0.0,4.0,4.0,0.0,0.0,0.0,0.0,0.0,8.0,0.0,0.0,0.0,0.0,0.0,22.0,1336.0,2921.122484,10.0,168.0,48.0,122.701906,880.68,909.5398,0.0,3391.008,228.0,75.20585,0.0,0.0,2.0,56.112688,0.0,6.0,48.0,150.25385799999998,90.0,107.613456,228.197074,0.0,60.0,21.2744,-16.04,-8.58887,1,3.0,Medium
4.0,0.0,0.0,0.0,0.0,0.0,4.0,0.0,0.0,0.0,0.0,0.0,0.0,0.0,0.0,0.0,8.0,0.0,0.0,0.0,0.0,0.0,7.0,0.0,0.0,0.0,0.0,0.0,23.0,1318.0,2806.153225,8.0,168.0,46.0,119.09243,843.86,890.5602,0.0,3312.086,226.0,75.594213,0.0,0.0,0.0,65.251589,0.0,8.0,46.0,147.459248,93.0,108.18971000000002,219.494716,0.0,58.0,12.2719,-17.330000000000002,-8.615611,1,4.0,Medium
5.0,0.0,0.0,0.0,0.0,0.0,0.0,0.0,0.0,0.0,6.0,0.0,0.0,0.0,0.0,0.0,5.0,0.0,0.0,0.0,0.0,0.0,6.0,0.0,0.0,0.0,0.0,0.0,22.0,1280.0,2669.225723,5.0,159.0,50.0,123.845179,841.3299999999999,860.2684999999999,0.0,3243.271,219.0,70.709475,0.0,0.0,0.0,56.51521699999999,0.0,5.0,50.0,141.955175,92.0,110.600296,216.160895,0.0,60.0,17.9037,-16.369999999999997,-8.550904,0,5.0,Low
6.0,0.0,0.0,0.0,0.0,0.0,0.0,0.0,0.0,0.0,0.0,0.0,0.0,0.0,0.0,5.0,6.0,0.0,0.0,4.0,0.0,0.0,0.0,0.0,0.0,0.0,0.0,0.0,21.0,996.0,2171.846026,11.0,112.0,47.0,82.156408,902.27,644.3426,0.0,2589.4970000000003,171.0,48.126235,0.0,0.0,0.0,50.788775,0.0,6.0,47.0,108.15270900000002,47.0,86.52282799999999,171.947074,0.0,59.0,-1.3034000000000008,-15.29,-8.541157,1,4.0,Medium
5.0,0.0,0.0,0.0,0.0,0.0,0.0,0.0,0.0,0.0,0.0,0.0,0.0,0.0,0.0,6.0,5.0,7.0,0.0,0.0,0.0,0.0,0.0,0.0,0.0,0.0,0.0,0.0,23.0,1158.0,2499.511382,11.0,137.0,52.0,100.25449600000002,933.63,761.8203000000001,0.0,2964.659,199.0,59.781563000000006,0.0,0.0,0.0,59.575602,0.0,5.0,52.0,126.177769,66.0,95.263066,195.370895,0.0,62.0,7.3871,-17.16,-8.580562,1,4.0,Medium
0.0,0.0,0.0,0.0,0.0,0.0,7.0,0.0,0.0,0.0,0.0,0.0,0.0,0.0,0.0,5.0,5.0,0.0,0.0,0.0,0.0,0.0,5.0,0.0,0.0,0.0,0.0,0.0,22.0,1300.0,2780.9754040000003,12.0,168.0,49.0,114.026425,779.98,872.1829,0.0,3203.2560000000003,224.0,76.387607,0.0,0.0,2.0,75.386003,0.0,7.0,49.0,143.61803200000003,97.0,97.965813,206.14,0.0,56.0,9.1941,-17.86,-8.641172,1,4.0,Medium
4.0,4.0,0.0,0.0,0.0,0.0,0.0,0.0,0.0,0.0,0.0,0.0,0.0,0.0,0.0,0.0,8.0,0.0,0.0,0.0,0.0,0.0,6.0,0.0,0.0,0.0,0.0,0.0,22.0,1196.0,2555.2015220000003,12.0,144.0,40.0,110.389972,921.56,810.5176,0.0,3087.364,204.0,64.324818,0.0,0.0,0.0,47.926394,0.0,12.0,40.0,133.950916,74.0,105.15562,210.269432,0.0,60.0,7.7582,-15.38,-8.728575,1,4.0,Medium
6.0,0.0,0.0,0.0,0.0,0.0,0.0,0.0,0.0,0.0,0.0,0.0,0.0,0.0,0.0,6.0,6.0,6.0,0.0,0.0,0.0,0.0,0.0,0.0,0.0,0.0,0.0,0.0,24.0,1188.0,2553.121728,12.0,138.0,54.0,103.32276,1001.4,777.1194,0.0,3060.144,204.0,60.179628,0.0,0.0,0.0,59.467938,0.0,6.0,54.0,129.003468,66.0,99.942036,202.537074,0.0,66.0,4.172999999999998,-17.7,-8.601682,1,4.0,Medium
5.0,0.0,0.0,0.0,0.0,0.0,0.0,0.0,0.0,6.0,0.0,0.0,0.0,0.0,0.0,0.0,4.0,0.0,0.0,0.0,0.0,0.0,6.0,0.0,0.0,0.0,0.0,0.0,21.0,1384.0,3213.275138,11.0,174.0,48.0,119.221683,827.8399999999999,932.1047,0.0,3508.744,238.0,80.690605,6.0,6.0,7.0,47.574778,0.0,11.0,48.0,154.618041,85.0,98.886898,224.167861,6.0,64.0,8.5936,-15.82,-8.77416,1,3.0,Medium
5.0,0.0,0.0,0.0,0.0,0.0,0.0,0.0,0.0,0.0,0.0,0.0,0.0,0.0,0.0,6.0,5.0,0.0,0.0,0.0,0.0,0.0,6.0,0.0,0.0,0.0,0.0,0.0,22.0,1244.0,2717.540921,11.0,153.0,50.0,110.626381,907.33,831.5273,0.0,3159.109,213.0,67.865085,0.0,0.0,0.0,58.676273,0.0,5.0,50.0,137.48222900000002,80.0,101.110756,210.160895,0.0,60.0,13.9791,-16.369999999999997,-8.607608,1,4.0,Medium
0.0,0.0,0.0,0.0,5.0,0.0,0.0,0.0,0.0,0.0,0.0,0.0,0.0,0.0,0.0,5.0,5.0,0.0,0.0,0.0,0.0,0.0,6.0,0.0,0.0,0.0,0.0,0.0,21.0,1332.0,3043.798466,10.0,177.0,47.0,106.72845,744.8,904.1615,0.0,3267.4710000000005,229.0,78.949905,0.0,0.0,0.0,74.86654899999999,0.0,5.0,47.0,150.71143800000002,92.0,97.281646,212.01,0.0,52.0,19.0711,-16.990000000000002,-8.572348,0,6.0,Low
5.0,0.0,0.0,0.0,0.0,0.0,5.0,0.0,0.0,0.0,0.0,0.0,0.0,0.0,0.0,0.0,6.0,6.0,0.0,0.0,0.0,0.0,0.0,0.0,0.0,0.0,0.0,0.0,22.0,1166.0,2430.6970340000003,10.0,141.0,44.0,106.479686,821.98,779.529,0.0,2973.898,200.0,63.522526,0.0,0.0,4.0,56.116814,0.0,10.0,44.0,129.470518,75.0,96.509553,197.200895,0.0,59.0,2.0170999999999992,-16.33,-8.70253,1,4.0,Medium
5.0,0.0,0.0,0.0,0.0,0.0,0.0,0.0,0.0,7.0,0.0,0.0,0.0,0.0,0.0,0.0,3.0,0.0,0.0,0.0,0.0,0.0,7.0,0.0,0.0,0.0,0.0,0.0,22.0,1518.0,3551.5351360000004,12.0,193.0,51.0,131.074251,853.98,1028.1354,0.0,3836.253,261.0,89.96335499999999,7.0,7.0,9.0,50.162566,0.0,12.0,51.0,170.32806700000003,95.0,105.356341,244.374022,7.0,68.0,12.0142,-16.69,-8.775969,2,0.0,High
5.0,0.0,0.0,0.0,0.0,0.0,0.0,0.0,0.0,7.0,0.0,0.0,0.0,0.0,0.0,3.0,0.0,0.0,0.0,0.0,0.0,0.0,0.0,7.0,0.0,0.0,0.0,0.0,22.0,1548.0,3508.068693,15.0,195.0,54.0,140.455231,873.1800000000001,1048.7808,0.0,3915.328,266.0,91.651544,7.0,7.0,12.0,49.780202,0.0,12.0,54.0,172.22174800000002,101.0,111.04647,249.254022,7.0,71.0,12.8106,-16.81,-8.742102,1,2.0,Medium
0.0,6.0,0.0,0.0,0.0,0.0,0.0,0.0,0.0,0.0,0.0,0.0,0.0,0.0,0.0,6.0,4.0,0.0,0.0,0.0,0.0,0.0,6.0,0.0,0.0,0.0,0.0,0.0,22.0,1276.0,2786.543742,18.0,156.0,44.0,115.683058,937.94,869.4036000000001,0.0,3248.778,218.0,70.22491399999998,0.0,0.0,2.0,55.471468,0.0,12.0,44.0,142.30145000000002,82.0,103.494804,218.117074,0.0,62.0,12.2642,-16.119999999999997,-8.742743,1,4.0,Medium
0.0,0.0,0.0,0.0,6.0,0.0,0.0,0.0,0.0,0.0,0.0,0.0,0.0,0.0,0.0,4.0,5.0,0.0,0.0,0.0,0.0,0.0,0.0,6.0,0.0,0.0,0.0,0.0,21.0,1332.0,2944.440203,10.0,177.0,46.0,110.693734,729.01,905.4754,0.0,3267.4950000000003,229.0,79.434202,0.0,0.0,1.0,74.574997,0.0,6.0,46.0,150.383024,95.0,102.67313,212.01,0.0,52.0,17.439899999999998,-16.990000000000002,-8.58324,0,5.0,Low
6.0,0.0,0.0,0.0,0.0,0.0,0.0,0.0,0.0,6.0,0.0,0.0,0.0,0.0,0.0,0.0,4.0,0.0,0.0,0.0,0.0,0.0,6.0,0.0,0.0,0.0,0.0,0.0,22.0,1444.0,3338.1913620000005,12.0,180.0,50.0,125.799886,881.78,972.8808,0.0,3675.372,248.0,83.491082,6.0,6.0,8.0,47.574778,0.0,12.0,50.0,161.48771,88.0,104.480946,236.33404,6.0,68.0,8.363000000000001,-16.36,-8.761943,1,2.0,Medium
0.0,4.0,0.0,0.0,0.0,0.0,0.0,0.0,0.0,6.0,0.0,0.0,0.0,0.0,0.0,0.0,4.0,0.0,0.0,0.0,0.0,0.0,8.0,0.0,0.0,0.0,0.0,0.0,22.0,1488.0,3457.880416,14.0,192.0,46.0,127.84086,837.6999999999999,1017.6894,0.0,3734.792,256.0,89.212014,6.0,6.0,6.0,55.004096,0.0,14.0,46.0,167.388352,96.0,104.867262,238.421682,6.0,64.0,13.7604,-16.86,-8.8081875,1,2.0,Medium
6.0,0.0,0.0,0.0,0.0,0.0,0.0,0.0,0.0,7.0,0.0,0.0,0.0,0.0,0.0,0.0,3.0,0.0,0.0,0.0,0.0,0.0,6.0,0.0,0.0,0.0,0.0,0.0,22.0,1496.0,3491.690609,13.0,187.0,51.0,130.053764,881.6199999999999,1009.8325,0.0,3804.575,257.0,87.324397,7.0,7.0,10.0,46.447907,0.0,13.0,51.0,167.561248,91.0,105.163183,243.330201,7.0,70.0,8.461500000000001,-16.439999999999998,-8.773255,1,2.0,Medium
0.0,6.0,0.0,0.0,0.0,0.0,0.0,0.0,0.0,0.0,0.0,0.0,0.0,0.0,0.0,6.0,4.0,6.0,0.0,0.0,0.0,0.0,0.0,0.0,0.0,0.0,0.0,0.0,22.0,1132.0,2441.294922,18.0,132.0,44.0,100.279708,937.94,759.0156000000001,0.0,2912.13,194.0,58.633808,0.0,0.0,2.0,53.058328,0.0,12.0,44.0,124.352066,64.0,93.522036,194.117074,0.0,62.0,3.766399999999999,-16.119999999999997,-8.715026,1,3.0,Medium
0.0,6.0,0.0,0.0,0.0,0.0,0.0,0.0,0.0,0.0,5.0,0.0,0.0,0.0,0.0,0.0,4.0,0.0,0.0,0.0,0.0,0.0,7.0,0.0,0.0,0.0,0.0,0.0,22.0,1336.0,2813.570448,12.0,167.0,43.0,130.208147,862.71,919.5748,0.0,3387.076,228.0,75.41796899999999,0.0,0.0,2.0,53.991198,0.0,12.0,43.0,150.28036200000005,96.0,113.46208,228.157074,0.0,61.0,18.7588,-16.080000000000002,-8.678197,1,3.0,Medium
0.0,6.0,0.0,0.0,0.0,0.0,0.0,0.0,0.0,0.0,0.0,0.0,0.0,0.0,0.0,4.0,4.0,0.0,0.0,0.0,0.0,0.0,8.0,0.0,0.0,0.0,0.0,0.0,22.0,1336.0,2921.122484,16.0,168.0,42.0,122.701906,897.4799999999999,921.844,0.0,3385.1040000000003,228.0,75.870374,0.0,0.0,2.0,56.112688,0.0,12.0,42.0,150.80436400000002,90.0,107.613456,228.197074,0.0,60.0,18.7124,-16.04,-8.701278,0,5.0,Low
0.0,6.0,0.0,0.0,0.0,0.0,0.0,0.0,0.0,0.0,0.0,0.0,0.0,0.0,0.0,5.0,3.0,0.0,0.0,0.0,0.0,0.0,7.0,0.0,0.0,0.0,0.0,0.0,21.0,1278.0,2797.91971,17.0,159.0,41.0,117.670956,877.58,880.4198000000001,0.0,3245.8860000000004,218.0,71.942472,0.0,0.0,3.0,52.587273,0.0,12.0,41.0,143.951953,85.0,102.34413,218.947074,0.0,59.0,16.566,-15.29,-8.743238,0,6.0,Low
0.0,6.0,0.0,0.0,0.0,0.0,0.0,0.0,0.0,0.0,0.0,0.0,0.0,0.0,0.0,5.0,4.0,0.0,0.0,0.0,0.0,6.0,0.0,0.0,0.0,0.0,0.0,0.0,21.0,1080.0,2467.292362,17.0,126.0,41.0,83.17811,891.4100000000001,726.0248000000001,0.0,2781.987,185.0,54.267155,0.0,0.0,2.0,53.383961,0.0,12.0,41.0,121.239109,43.0,89.794156,185.947074,0.0,59.0,3.6588,-15.29,-8.701708,0,5.0,Low
0.0,6.0,0.0,0.0,0.0,0.0,0.0,0.0,0.0,0.0,0.0,0.0,0.0,0.0,0.0,6.0,4.0,0.0,0.0,0.0,0.0,0.0,0.0,0.0,0.0,6.0,0.0,0.0,22.0,1420.0,3004.800336,18.0,180.0,44.0,146.058964,937.94,980.6316,0.0,3585.426,242.0,82.63380799999999,0.0,0.0,2.0,51.632446,0.0,12.0,44.0,158.29319000000004,112.0,138.901368,242.117074,0.0,62.0,22.4912,-16.119999999999997,-8.701687,0,5.0,Low
0.0,0.0,0.0,0.0,0.0,0.0,5.0,0.0,0.0,6.0,0.0,0.0,0.0,0.0,0.0,0.0,3.0,0.0,0.0,0.0,0.0,0.0,0.0,7.0,0.0,0.0,0.0,0.0,21.0,1446.0,3196.7208020000007,11.0,191.0,48.0,128.356317,698.01,980.1187,0.0,3565.906,250.0,90.019678,6.0,6.0,8.0,64.147706,0.0,11.0,48.0,160.49358500000002,106.0,102.159198,221.186966,6.0,59.0,9.6172,-17.27,-8.762155,1,2.0,Medium
0.0,5.0,0.0,0.0,0.0,0.0,0.0,0.0,0.0,7.0,0.0,0.0,0.0,0.0,0.0,0.0,3.0,0.0,0.0,0.0,0.0,0.0,7.0,0.0,0.0,0.0,0.0,0.0,22.0,1518.0,3551.5351360000004,17.0,193.0,46.0,131.074251,867.98,1038.3889,0.0,3831.333,261.0,90.517125,7.0,7.0,9.0,50.162566,0.0,17.0,46.0,170.78682200000003,95.0,105.356341,244.374022,7.0,68.0,9.8792,-16.69,-8.811329,1,4.0,Medium
6.0,0.0,0.0,0.0,0.0,0.0,0.0,0.0,0.0,6.0,0.0,0.0,0.0,0.0,0.0,3.0,0.0,0.0,0.0,0.0,0.0,0.0,7.0,0.0,0.0,0.0,0.0,0.0,22.0,1570.0,3651.712641,15.0,198.0,53.0,139.58026999999998,887.1500000000001,1069.7202000000002,0.0,3979.887,269.0,92.359944,6.0,6.0,12.0,48.652364000000006,0.0,12.0,53.0,176.875475,100.0,108.611792,257.21403999999995,6.0,71.0,16.289900000000003,-16.48,-8.750121,1,1.0,Medium
0.0,6.0,0.0,0.0,0.0,0.0,0.0,0.0,0.0,0.0,0.0,0.0,0.0,0.0,0.0,5.0,4.0,6.0,0.0,0.0,0.0,0.0,0.0,0.0,0.0,0.0,0.0,0.0,21.0,1080.0,2323.823542,17.0,126.0,41.0,96.190442,891.4100000000001,726.1568000000001,0.0,2781.987,185.0,56.017103,0.0,0.0,2.0,49.664279,0.0,12.0,41.0,118.967035,61.0,89.794156,185.947074,0.0,59.0,3.668399999999999,-15.29,-8.696539,0,5.0,Low
0.0,0.0,0.0,0.0,5.0,0.0,0.0,0.0,0.0,0.0,0.0,0.0,0.0,0.0,0.0,4.0,7.0,0.0,0.0,0.0,0.0,0.0,0.0,0.0,6.0,0.0,0.0,0.0,22.0,1444.0,3053.754432,9.0,195.0,48.0,139.744572,778.53,985.2367,0.0,3531.9240000000004,248.0,88.51265799999999,0.0,0.0,-2.0,73.495564,0.0,5.0,48.0,160.984155,121.0,144.11800399999998,230.26,0.0,53.0,24.7041,-17.740000000000002,-8.584474,0,7.0,Low
0.0,0.0,0.0,0.0,0.0,0.0,5.0,0.0,0.0,7.0,0.0,0.0,0.0,0.0,0.0,0.0,3.0,0.0,0.0,0.0,0.0,0.0,7.0,0.0,0.0,0.0,0.0,0.0,22.0,1568.0,3634.273826,12.0,208.0,51.0,132.453961,737.98,1064.5934,0.0,3864.353,271.0,97.804575,7.0,7.0,9.0,67.175736,0.0,12.0,51.0,175.626627,110.0,101.914946,239.393127,7.0,63.0,11.3687,-18.14,-8.80895,2,0.0,High
0.0,4.0,0.0,0.0,0.0,0.0,0.0,0.0,0.0,0.0,0.0,0.0,0.0,0.0,0.0,4.0,3.0,0.0,0.0,0.0,0.0,11.0,0.0,0.0,0.0,0.0,0.0,0.0,22.0,1170.0,2799.728886,12.0,145.0,44.0,78.724627,822.77,795.6034,0.0,2960.491,201.0,60.802446,0.0,0.0,1.0,66.44718699999999,0.0,8.0,44.0,134.448299,38.0,92.29357,195.284716,0.0,56.0,15.474699999999997,-16.540000000000003,-8.638072,0,6.0,Low
0.0,4.0,0.0,0.0,0.0,0.0,0.0,0.0,0.0,6.0,0.0,0.0,0.0,0.0,0.0,0.0,3.0,0.0,0.0,0.0,0.0,0.0,8.0,0.0,0.0,0.0,0.0,0.0,21.0,1460.0,3401.9670130000004,14.0,189.0,44.0,126.319334,797.5699999999999,1002.4854,0.0,3663.737,251.0,88.106842,6.0,6.0,7.0,51.799291,0.0,14.0,44.0,164.787398,95.0,101.657262,234.211682,6.0,62.0,14.8381,-16.07,-8.8148365,1,2.0,Medium
0.0,5.0,0.0,0.0,0.0,0.0,0.0,0.0,0.0,6.0,0.0,0.0,0.0,0.0,0.0,0.0,4.0,0.0,0.0,0.0,0.0,0.0,7.0,0.0,0.0,0.0,0.0,0.0,22.0,1466.0,3398.035889,16.0,186.0,45.0,126.82037300000002,868.14,1001.4372,0.0,3702.13,252.0,86.68381,6.0,6.0,7.0,51.289437,0.0,16.0,45.0,164.71328400000002,92.0,104.674104,237.377861,6.0,66.0,9.7807,-16.61,-8.80047,1,4.0,Medium
0.0,4.0,0.0,0.0,0.0,0.0,0.0,0.0,0.0,0.0,0.0,0.0,0.0,0.0,0.0,5.0,3.0,0.0,0.0,0.0,0.0,0.0,10.0,0.0,0.0,0.0,0.0,0.0,22.0,1404.0,3102.3695150000003,13.0,183.0,45.0,127.31062,843.0,972.0032,0.0,3509.5160000000005,240.0,82.43831499999999,0.0,0.0,1.0,63.73125,0.0,8.0,45.0,158.938577,100.0,108.517652,234.244716,0.0,57.0,27.8475,-16.58,-8.550781,1,4.0,Medium
0.0,5.0,0.0,0.0,0.0,0.0,0.0,0.0,0.0,0.0,0.0,0.0,0.0,0.0,0.0,7.0,3.0,0.0,0.0,0.0,0.0,0.0,7.0,0.0,0.0,0.0,0.0,0.0,22.0,1322.0,2907.946246,17.0,165.0,46.0,119.271285,913.9,903.3106,0.0,3340.528,226.0,74.264651,0.0,0.0,2.0,59.375371,0.0,10.0,46.0,147.76059500000002,88.0,104.205842,223.120895,0.0,61.0,17.4196,-16.41,-8.695955,0,5.0,Low
5.0,0.0,0.0,0.0,0.0,0.0,0.0,0.0,0.0,7.0,0.0,0.0,0.0,0.0,0.0,3.0,0.0,0.0,0.0,0.0,0.0,0.0,7.0,0.0,0.0,0.0,0.0,0.0,22.0,1590.0,3736.209067,15.0,202.0,54.0,138.777471,873.1800000000001,1081.0998,0.0,4013.517,273.0,94.497954,7.0,7.0,12.0,50.730298000000005,0.0,12.0,54.0,178.680298,101.0,106.90998100000002,256.254022,7.0,71.0,15.5413,-16.81,-8.77099,1,1.0,Medium
4.0,0.0,0.0,0.0,0.0,0.0,4.0,0.0,0.0,7.0,0.0,0.0,0.0,0.0,0.0,0.0,0.0,0.0,0.0,0.0,0.0,0.0,7.0,0.0,0.0,0.0,0.0,0.0,22.0,1654.0,3824.734551,15.0,214.0,51.0,147.34805,802.61,1134.0181,0.0,4145.452,284.0,101.322246,7.0,7.0,15.0,54.158687,0.0,15.0,51.0,187.37306,113.0,109.755369,264.257843,7.0,70.0,14.0391,-17.1,-8.761123,1,2.0,Medium
0.0,0.0,0.0,5.0,0.0,0.0,0.0,0.0,0.0,0.0,0.0,0.0,0.0,0.0,0.0,5.0,3.0,0.0,0.0,0.0,0.0,0.0,0.0,8.0,0.0,0.0,0.0,0.0,21.0,1332.0,2841.269056,10.0,177.0,47.0,121.021648,717.14,909.0255,0.0,3269.487,229.0,80.538236,0.0,0.0,2.0,72.939543,0.0,5.0,47.0,148.698871,104.0,106.370824,212.01,0.0,52.0,20.8649,-16.99,-8.557362,1,4.0,Medium
0.0,5.0,0.0,0.0,0.0,0.0,0.0,0.0,0.0,0.0,5.0,0.0,0.0,0.0,0.0,0.0,6.0,0.0,0.0,0.0,0.0,0.0,6.0,0.0,0.0,0.0,0.0,0.0,22.0,1250.0,2615.720279,10.0,155.0,44.0,119.074306,859.9300000000001,848.077,0.0,3165.236,214.0,69.277647,0.0,0.0,-1.0,56.686149,0.0,10.0,44.0,138.884362,88.0,108.500826,211.200895,0.0,59.0,13.9389,-16.33,-8.650453,0,6.0,Low
0.0,5.0,0.0,0.0,0.0,0.0,0.0,0.0,0.0,7.0,0.0,0.0,0.0,0.0,0.0,0.0,0.0,3.0,0.0,0.0,0.0,0.0,7.0,0.0,0.0,0.0,0.0,0.0,22.0,1608.0,3765.45277,17.0,208.0,46.0,141.604068,826.49,1114.8199,0.0,4044.762,276.0,97.724361,7.0,7.0,12.0,50.485558,0.0,17.0,46.0,182.918732,104.0,108.101575,259.374022,7.0,68.0,18.8297,-16.69,-8.794197,1,1.0,Medium
0.0,5.0,0.0,0.0,0.0,0.0,0.0,0.0,0.0,0.0,0.0,0.0,0.0,0.0,0.0,7.0,3.0,7.0,0.0,0.0,0.0,0.0,0.0,0.0,0.0,0.0,0.0,0.0,22.0,1154.0,2505.155956,17.0,137.0,46.0,101.30071,913.9,774.5246,0.0,2947.772,198.0,60.74169400000001,0.0,0.0,2.0,56.560041,0.0,10.0,46.0,126.819647,67.0,92.570946,195.120895,0.0,61.0,7.5055,-16.41,-8.697739,1,4.0,Medium
4.0,0.0,0.0,0.0,0.0,0.0,6.0,0.0,0.0,7.0,0.0,0.0,0.0,0.0,0.0,0.0,0.0,0.0,0.0,0.0,0.0,0.0,6.0,0.0,0.0,0.0,0.0,0.0,23.0,1712.0,3922.901724,17.0,220.0,53.0,153.45765,837.79,1171.0745,0.0,4291.642,294.0,104.620253,7.0,7.0,17.0,57.249296,0.0,17.0,53.0,193.595334,118.0,113.779701,273.387843,7.0,74.0,9.9976,-17.97,-8.74111,2,0.0,High
0.0,0.0,0.0,0.0,0.0,0.0,5.0,0.0,0.0,7.0,0.0,0.0,0.0,0.0,0.0,0.0,3.0,0.0,0.0,0.0,0.0,0.0,6.0,0.0,0.0,0.0,0.0,0.0,21.0,1486.0,3449.513075,12.0,196.0,49.0,124.855271,711.6800000000001,1005.5144,0.0,3666.047000000001,257.0,92.36514,7.0,7.0,9.0,63.461077,0.0,12.0,49.0,165.990139,103.0,96.12774,226.183127,7.0,61.0,8.0466,-17.35,-8.82138,1,3.0,Medium
0.0,6.0,0.0,0.0,0.0,0.0,0.0,0.0,0.0,0.0,4.0,0.0,0.0,0.0,0.0,0.0,3.0,0.0,0.0,0.0,0.0,0.0,0.0,0.0,0.0,8.0,0.0,0.0,21.0,1524.0,3124.0077410000004,12.0,201.0,40.0,170.49412,813.35,1074.1048,0.0,3819.021,259.0,93.206654,0.0,0.0,3.0,46.348483,0.0,12.0,40.0,172.507694,137.0,157.93856799999998,259.987074,0.0,58.0,36.0425,-15.25,-8.625832,1,3.0,Medium
0.0,4.0,0.0,0.0,0.0,0.0,5.0,0.0,0.0,7.0,0.0,0.0,0.0,0.0,0.0,0.0,5.0,0.0,0.0,0.0,0.0,0.0,0.0,0.0,0.0,0.0,0.0,0.0,21.0,1290.0,2952.4402710000004,20.0,154.0,45.0,108.618995,861.0999999999999,852.7556,0.0,3280.8970000000004,223.0,73.583798,7.0,7.0,11.0,47.582733,0.0,20.0,45.0,141.21879900000002,75.0,90.200696,204.007843,7.0,69.0,-16.6718,-16.349999999999998,-8.800546,0,5.0,Low
0.0,0.0,0.0,0.0,0.0,0.0,6.0,0.0,0.0,6.0,0.0,0.0,0.0,0.0,0.0,0.0,4.0,0.0,0.0,0.0,0.0,0.0,6.0,0.0,0.0,0.0,0.0,0.0,22.0,1504.0,3437.47779,12.0,198.0,50.0,127.455538,742.5799999999999,1016.6304,0.0,3709.092000000001,260.0,92.900546,6.0,6.0,8.0,67.990582,0.0,12.0,50.0,167.84598200000002,106.0,100.351272,230.356966,6.0,62.0,7.5884,-18.1,-8.795259,1,3.0,Medium
0.0,5.0,0.0,0.0,0.0,0.0,0.0,0.0,0.0,7.0,0.0,0.0,0.0,0.0,0.0,0.0,3.0,0.0,0.0,0.0,0.0,0.0,6.0,0.0,0.0,0.0,0.0,0.0,21.0,1436.0,3366.7743850000006,17.0,181.0,44.0,123.475561,841.6800000000001,979.3099,0.0,3633.027,247.0,85.07768999999999,7.0,7.0,9.0,46.447907,0.0,17.0,44.0,161.15033400000002,88.0,99.569135,231.164022,7.0,66.0,6.5571,-15.9,-8.809336,1,4.0,Medium
0.0,5.0,0.0,0.0,0.0,0.0,0.0,0.0,0.0,6.0,0.0,0.0,0.0,0.0,0.0,0.0,4.0,0.0,0.0,0.0,0.0,0.0,6.0,0.0,0.0,0.0,0.0,0.0,21.0,1384.0,3213.275138,16.0,174.0,43.0,119.221683,841.8399999999999,942.3582,0.0,3503.8240000000005,238.0,81.24437499999999,6.0,6.0,7.0,47.574778,0.0,16.0,43.0,155.076796,85.0,98.886898,224.167861,6.0,64.0,6.458600000000001,-15.82,-8.799261,1,4.0,Medium
0.0,0.0,0.0,0.0,0.0,0.0,6.0,0.0,0.0,0.0,0.0,0.0,0.0,0.0,0.0,5.0,4.0,0.0,0.0,6.0,0.0,0.0,0.0,0.0,0.0,0.0,0.0,0.0,21.0,1104.0,2409.06133,11.0,138.0,47.0,87.32486,735.4100000000001,729.7682,0.0,2737.449,191.0,61.129763,0.0,0.0,2.0,72.089819,0.0,6.0,47.0,121.510981,67.0,83.502724,173.97000000000003,0.0,53.0,3.1056,-17.03,-8.596749,1,4.0,Medium
0.0,6.0,0.0,0.0,0.0,0.0,0.0,0.0,0.0,0.0,0.0,0.0,0.0,0.0,0.0,5.0,2.0,0.0,0.0,0.0,0.0,0.0,0.0,8.0,0.0,0.0,0.0,0.0,21.0,1284.0,2666.035202,17.0,160.0,41.0,125.66556,863.75,887.3588000000001,0.0,3260.9210000000003,219.0,73.023695,0.0,0.0,4.0,52.011303,0.0,12.0,41.0,143.606287,91.0,109.648752,219.947074,0.0,59.0,17.845,-15.29,-8.728852,0,6.0,Low
0.0,0.0,0.0,5.0,0.0,0.0,0.0,0.0,0.0,7.0,0.0,0.0,0.0,0.0,0.0,0.0,3.0,0.0,0.0,0.0,0.0,0.0,6.0,0.0,0.0,0.0,0.0,0.0,21.0,1516.0,3611.01106,12.0,201.0,49.0,123.888326,711.6800000000001,1028.5994,0.0,3736.182,262.0,94.39829,7.0,7.0,9.0,64.17134200000001,0.0,12.0,49.0,170.603384,103.0,98.675255,231.183127,7.0,61.0,9.9971,-17.35,-8.829394,1,3.0,Medium
3.0,0.0,0.0,0.0,0.0,0.0,5.0,0.0,0.0,8.0,0.0,0.0,0.0,0.0,0.0,0.0,0.0,0.0,0.0,0.0,0.0,0.0,5.0,0.0,0.0,0.0,0.0,0.0,21.0,1580.0,3681.173437,16.0,203.0,50.0,138.202016,766.78,1075.3074,0.0,3954.718,272.0,96.950107,8.0,8.0,16.0,52.209937,0.0,16.0,50.0,177.83428800000002,106.0,101.384915,248.047825,8.0,69.0,6.286599999999998,-16.68,-8.803171,1,3.0,Medium
0.0,4.0,0.0,0.0,0.0,0.0,0.0,0.0,0.0,6.0,0.0,0.0,0.0,0.0,0.0,0.0,3.0,0.0,0.0,0.0,0.0,0.0,0.0,8.0,0.0,0.0,0.0,0.0,21.0,1412.0,3141.235157,14.0,181.0,44.0,128.236774,797.5699999999999,965.5494,0.0,3551.521,243.0,84.853802,6.0,6.0,7.0,50.713467,0.0,14.0,44.0,157.40619800000002,95.0,106.384678,226.211682,6.0,62.0,11.7173,-16.07,-8.7700815,1,3.0,Medium
0.0,6.0,0.0,0.0,0.0,0.0,6.0,0.0,0.0,0.0,6.0,0.0,0.0,0.0,0.0,0.0,4.0,0.0,0.0,0.0,0.0,0.0,0.0,0.0,0.0,0.0,0.0,0.0,22.0,1240.0,2478.44781,18.0,144.0,44.0,124.434586,898.5799999999999,832.077,0.0,3176.592,212.0,66.64502,0.0,0.0,8.0,51.438262,0.0,18.0,44.0,136.531754,88.0,107.695722,211.877074,0.0,68.0,-5.902,-16.36,-8.737103,0,5.0,Low
5.0,0.0,0.0,0.0,0.0,0.0,5.0,0.0,0.0,7.0,0.0,0.0,0.0,0.0,0.0,0.0,4.0,0.0,0.0,0.0,0.0,0.0,0.0,0.0,0.0,0.0,0.0,0.0,21.0,1322.0,3021.4430920000004,17.0,157.0,49.0,113.67567200000002,863.7099999999999,870.1249,0.0,3380.406,228.0,74.836087,7.0,7.0,13.0,44.377928,0.0,17.0,49.0,145.12051000000002,77.0,92.584744,211.964022,7.0,71.0,-14.116700000000002,-16.1,-8.793538,1,4.0,Medium
0.0,0.0,0.0,6.0,0.0,0.0,0.0,0.0,0.0,0.0,0.0,0.0,0.0,0.0,0.0,4.0,3.0,0.0,0.0,0.0,0.0,0.0,0.0,8.0,0.0,0.0,0.0,0.0,21.0,1356.0,2897.561235,10.0,181.0,46.0,123.593138,701.35,928.8514,0.0,3325.619,233.0,82.69688199999999,0.0,0.0,3.0,73.090181,0.0,6.0,46.0,152.16586999999998,107.0,108.058216,216.01,0.0,52.0,20.7973,-16.99,-8.563655,1,4.0,Medium
4.0,0.0,0.0,0.0,0.0,0.0,5.0,0.0,0.0,6.0,0.0,0.0,0.0,0.0,0.0,0.0,0.0,0.0,0.0,0.0,0.0,0.0,6.0,0.0,0.0,0.0,0.0,0.0,21.0,1562.0,3572.0251120000003,15.0,201.0,48.0,140.828101,767.0799999999999,1070.8511,0.0,3919.136,268.0,95.313045,6.0,6.0,15.0,51.768728,0.0,15.0,48.0,176.99146100000002,108.0,104.981695,251.011682,6.0,67.0,11.3365,-16.27,-8.781847,1,2.0,Medium
0.0,5.0,0.0,0.0,0.0,0.0,0.0,0.0,0.0,0.0,0.0,0.0,0.0,0.0,0.0,4.0,3.0,0.0,0.0,9.0,0.0,0.0,0.0,0.0,0.0,0.0,0.0,0.0,21.0,1060.0,2386.1074180000005,14.0,126.0,41.0,83.313991,826.9100000000001,715.5592000000001,0.0,2715.496,182.0,54.458327,0.0,0.0,2.0,56.017436,0.0,10.0,41.0,119.058672,48.0,86.394825,180.03089500000002,0.0,56.0,7.497799999999999,-15.5,-8.638261,0,5.0,Low
0.0,0.0,0.0,0.0,0.0,0.0,4.0,0.0,0.0,0.0,0.0,0.0,0.0,0.0,0.0,5.0,4.0,0.0,0.0,0.0,0.0,0.0,8.0,0.0,0.0,0.0,0.0,0.0,21.0,1308.0,2854.952368,9.0,174.0,47.0,114.738534,726.53,890.0128,0.0,3210.375,225.0,78.49457699999999,0.0,0.0,0.0,73.117273,0.0,4.0,47.0,146.138399,99.0,97.400124,208.05,0.0,51.0,21.3172,-16.95,-8.527571,0,6.0,Low
4.0,0.0,0.0,0.0,0.0,0.0,0.0,0.0,0.0,8.0,0.0,0.0,0.0,0.0,0.0,0.0,3.0,0.0,0.0,0.0,0.0,0.0,7.0,0.0,0.0,0.0,0.0,0.0,22.0,1538.0,3636.031562,12.0,197.0,52.0,130.271452,840.01,1039.515,0.0,3869.883,265.0,92.101365,8.0,8.0,9.0,52.2405,0.0,12.0,52.0,172.13289000000003,96.0,103.65453,243.414004,8.0,68.0,11.2656,-17.020000000000003,-8.80052,2,0.0,High
0.0,3.0,0.0,0.0,0.0,0.0,0.0,0.0,0.0,6.0,0.0,0.0,0.0,0.0,0.0,0.0,4.0,0.0,0.0,0.0,0.0,0.0,8.0,0.0,0.0,0.0,0.0,0.0,21.0,1428.0,3332.9641920000004,12.0,186.0,45.0,121.262657,780.9599999999999,974.8626000000002,0.0,3569.148,246.0,86.300783,6.0,6.0,5.0,55.004096,0.0,12.0,45.0,160.42693200000002,93.0,99.273214,226.255503,6.0,60.0,14.418,-16.32,-8.808148,1,3.0,Medium
6.0,0.0,0.0,0.0,0.0,0.0,0.0,0.0,0.0,7.0,0.0,0.0,0.0,0.0,0.0,0.0,4.0,0.0,0.0,0.0,0.0,0.0,5.0,0.0,0.0,0.0,0.0,0.0,22.0,1442.0,3362.843261,13.0,178.0,51.0,123.9766,895.4499999999999,965.9575,0.0,3677.324,248.0,82.990134,7.0,7.0,9.0,45.938053,0.0,13.0,51.0,160.525714,85.0,102.585977,234.330201,7.0,70.0,4.061699999999998,-16.44,-8.774236,1,2.0,Medium
0.0,0.0,0.0,0.0,0.0,0.0,6.0,0.0,0.0,0.0,4.0,0.0,0.0,0.0,0.0,0.0,4.0,0.0,0.0,0.0,0.0,0.0,8.0,0.0,0.0,0.0,0.0,0.0,22.0,1420.0,2988.19878,6.0,190.0,48.0,133.17009000000002,697.48,972.4502,0.0,3480.836,244.0,86.511574,0.0,0.0,2.0,75.087788,0.0,6.0,48.0,159.594094,116.0,109.810142,226.22,0.0,54.0,23.1162,-17.78,-8.469027,1,3.0,Medium
0.0,5.0,0.0,0.0,0.0,0.0,5.0,0.0,0.0,0.0,0.0,0.0,0.0,0.0,0.0,0.0,4.0,0.0,0.0,0.0,0.0,0.0,7.0,0.0,0.0,0.0,0.0,0.0,21.0,1336.0,2848.8797990000003,15.0,171.0,37.0,126.43867400000002,782.02,928.8415,0.0,3361.822,228.0,78.89649299999999,0.0,0.0,6.0,55.835003,0.0,15.0,37.0,152.31323700000002,98.0,105.849527,225.990895,0.0,57.0,13.857399999999998,-15.54,-8.744641,1,4.0,Medium
0.0,0.0,0.0,0.0,0.0,0.0,6.0,0.0,0.0,0.0,0.0,0.0,0.0,0.0,0.0,5.0,5.0,0.0,0.0,0.0,0.0,0.0,5.0,0.0,0.0,0.0,0.0,0.0,21.0,1230.0,2639.511442,11.0,159.0,47.0,107.17228,749.24,824.1152,0.0,3031.0080000000003,212.0,72.018886,0.0,0.0,1.0,71.983369,0.0,6.0,47.0,135.688651,91.0,93.060044,194.97000000000003,0.0,53.0,9.5538,-17.029999999999998,-8.623084,1,4.0,Medium
5.0,0.0,0.0,0.0,0.0,0.0,0.0,0.0,0.0,6.0,0.0,0.0,0.0,0.0,0.0,0.0,3.0,0.0,0.0,0.0,0.0,0.0,8.0,0.0,0.0,0.0,0.0,0.0,22.0,1520.0,3526.883237,11.0,195.0,50.0,132.897537,840.31,1035.0587,0.0,3834.301,261.0,90.464303,6.0,6.0,8.0,51.799291,0.0,11.0,50.0,171.290063,98.0,107.25131,246.377861,6.0,66.0,16.3155,-16.61,-8.761934,1,1.0,Medium
0.0,0.0,6.0,0.0,0.0,0.0,0.0,0.0,0.0,0.0,0.0,0.0,0.0,0.0,0.0,5.0,4.0,0.0,0.0,0.0,0.0,0.0,7.0,0.0,0.0,0.0,0.0,0.0,22.0,1342.0,2922.749347,17.0,168.0,43.0,125.117512,917.71,923.3258,0.0,3401.103,229.0,76.04764399999999,0.0,0.0,2.0,55.792078,0.0,12.0,43.0,150.795549,92.0,116.124456,228.633766,0.0,61.0,17.828899999999997,-16.080000000000002,-8.72497,0,5.0,Low
0.0,5.0,0.0,0.0,0.0,0.0,0.0,0.0,0.0,0.0,0.0,0.0,0.0,0.0,0.0,5.0,4.0,0.0,0.0,0.0,0.0,0.0,8.0,0.0,0.0,0.0,0.0,0.0,22.0,1328.0,2913.67764,15.0,168.0,44.0,120.21296900000002,887.27,911.876,0.0,3349.603,227.0,75.575848,0.0,0.0,1.0,59.506737,0.0,10.0,44.0,149.227975,90.0,105.747288,224.200895,0.0,59.0,19.468,-16.33,-8.667221,0,6.0,Low
0.0,0.0,5.0,0.0,0.0,0.0,0.0,0.0,0.0,0.0,0.0,0.0,0.0,0.0,0.0,5.0,3.0,0.0,0.0,0.0,0.0,0.0,8.0,0.0,0.0,0.0,0.0,0.0,21.0,1330.0,2915.194432,15.0,170.0,42.0,123.628968,847.14,919.757,0.0,3348.683,227.0,76.970676,0.0,0.0,2.0,56.301932,0.0,10.0,42.0,150.162556,94.0,111.345893,224.554805,0.0,57.0,22.4962,-15.54,-8.677057,0,5.0,Low
0.0,5.0,0.0,0.0,0.0,0.0,0.0,0.0,0.0,6.0,0.0,0.0,0.0,0.0,0.0,0.0,3.0,0.0,0.0,0.0,0.0,0.0,7.0,0.0,0.0,0.0,0.0,0.0,21.0,1438.0,3342.122486,16.0,183.0,43.0,125.298847,828.01,986.2332,0.0,3631.075,247.0,85.578638,6.0,6.0,8.0,48.084632,0.0,16.0,43.0,162.11233,91.0,101.464104,233.167861,6.0,64.0,10.8584,-15.82,-8.802571,1,4.0,Medium
0.0,0.0,0.0,5.0,0.0,0.0,0.0,0.0,0.0,0.0,0.0,0.0,0.0,0.0,0.0,5.0,4.0,0.0,0.0,0.0,0.0,0.0,0.0,8.0,0.0,0.0,0.0,0.0,22.0,1360.0,2897.182459,10.0,180.0,49.0,122.543174,757.27,924.2295,0.0,3340.5420000000004,234.0,81.643408,0.0,0.0,1.0,76.14434800000001,0.0,5.0,49.0,151.299825,105.0,109.580824,216.22000000000003,0.0,54.0,19.7872,-17.78,-8.547779,1,4.0,Medium
3.0,0.0,0.0,0.0,0.0,0.0,8.0,0.0,0.0,6.0,0.0,0.0,0.0,0.0,0.0,0.0,0.0,0.0,0.0,0.0,0.0,0.0,6.0,0.0,0.0,0.0,0.0,0.0,23.0,1712.0,3871.500774,17.0,222.0,52.0,154.812333,805.3599999999999,1174.2781,0.0,4269.252,294.0,105.618731,6.0,6.0,17.0,61.97663,0.0,17.0,52.0,193.909935,123.0,114.104954,272.355503,6.0,72.0,10.488,-18.22,-8.731512,2,0.0,High
0.0,4.0,0.0,0.0,0.0,0.0,0.0,0.0,0.0,0.0,0.0,0.0,0.0,0.0,0.0,2.0,3.0,0.0,0.0,0.0,0.0,0.0,13.0,0.0,0.0,0.0,0.0,0.0,22.0,1494.0,3304.237628,10.0,201.0,42.0,137.838892,782.31,1050.6638,0.0,3714.005,255.0,90.906505,0.0,0.0,1.0,64.69308000000001,0.0,8.0,42.0,171.692948,112.0,114.69563,249.364716,0.0,54.0,37.5198,-16.46,-8.49403,1,4.0,Medium
0.0,4.0,0.0,0.0,0.0,0.0,0.0,0.0,0.0,0.0,0.0,0.0,0.0,0.0,0.0,6.0,3.0,0.0,0.0,0.0,0.0,0.0,0.0,8.0,0.0,0.0,0.0,0.0,21.0,1244.0,2589.5875370000003,14.0,157.0,44.0,118.119946,836.93,849.768,0.0,3130.831,213.0,70.92311,0.0,0.0,1.0,58.610157,0.0,8.0,44.0,137.66943200000003,89.0,105.398536,207.994716,0.0,56.0,18.1805,-15.83,-8.642172,0,5.0,Low
0.0,5.0,0.0,0.0,0.0,0.0,0.0,0.0,0.0,0.0,0.0,0.0,0.0,0.0,0.0,5.0,4.0,0.0,0.0,0.0,0.0,0.0,7.0,0.0,0.0,0.0,0.0,0.0,21.0,1246.0,2728.916889,15.0,156.0,42.0,112.614279,860.97,852.797,0.0,3151.297,213.0,70.13641299999999,0.0,0.0,1.0,55.792078,0.0,10.0,42.0,139.591487,83.0,99.960082,210.990895,0.0,57.0,16.145899999999997,-15.54,-8.706129,1,4.0,Medium
0.0,5.0,0.0,0.0,0.0,0.0,0.0,0.0,0.0,0.0,0.0,0.0,0.0,0.0,0.0,5.0,4.0,8.0,0.0,0.0,0.0,0.0,0.0,0.0,0.0,0.0,0.0,0.0,22.0,1136.0,2453.34588,15.0,136.0,44.0,99.675169,887.27,764.692,0.0,2900.739,195.0,60.12104,0.0,0.0,1.0,56.289217,0.0,10.0,44.0,125.295463,66.0,92.450264,192.200895,0.0,59.0,8.137599999999999,-16.33,-8.67218,1,4.0,Medium
0.0,5.0,0.0,0.0,0.0,0.0,0.0,0.0,0.0,0.0,0.0,0.0,0.0,0.0,0.0,4.0,3.0,0.0,0.0,0.0,0.0,0.0,10.0,0.0,0.0,0.0,0.0,0.0,22.0,1412.0,3109.814359,14.0,183.0,43.0,129.799557,853.21,981.9712,0.0,3545.017,241.0,82.732841,0.0,0.0,2.0,60.337201,0.0,10.0,43.0,160.51496600000002,100.0,110.38382,238.240895,0.0,58.0,27.091899999999995,-16.29,-8.596299,1,4.0,Medium
0.0,4.0,0.0,0.0,0.0,0.0,0.0,0.0,0.0,0.0,0.0,0.0,0.0,0.0,0.0,6.0,3.0,0.0,0.0,0.0,0.0,0.0,8.0,0.0,0.0,0.0,0.0,0.0,21.0,1292.0,2850.319393,14.0,165.0,44.0,116.202506,836.93,886.7040000000001,0.0,3243.047,221.0,74.17614999999999,0.0,0.0,1.0,59.695981,0.0,8.0,44.0,145.050632,89.0,100.67112,215.994716,0.0,56.0,21.3013,-15.83,-8.63006,0,6.0,Low
5.0,0.0,0.0,0.0,0.0,0.0,6.0,0.0,0.0,7.0,0.0,0.0,0.0,0.0,0.0,0.0,3.0,0.0,0.0,0.0,0.0,0.0,0.0,0.0,0.0,0.0,0.0,0.0,21.0,1364.0,3106.993651,18.0,163.0,49.0,119.008291,854.3199999999999,902.9886,0.0,3481.599,235.0,78.099636,7.0,7.0,15.0,44.575757,0.0,18.0,49.0,150.448937,82.0,94.280513,218.924022,7.0,72.0,-13.3987,-16.14,-8.798365,1,4.0,Medium
0.0,0.0,0.0,0.0,5.0,0.0,0.0,0.0,0.0,0.0,6.0,0.0,0.0,0.0,0.0,0.0,5.0,6.0,0.0,0.0,0.0,0.0,0.0,0.0,0.0,0.0,0.0,0.0,22.0,1276.0,2767.705828,5.0,165.0,50.0,108.633164,725.3299999999999,855.3734999999999,0.0,3145.128,220.0,72.819894,0.0,0.0,0.0,73.686402,0.0,5.0,50.0,142.620031,89.0,100.526298,202.18,0.0,55.0,14.5959,-17.82,-8.485652,1,4.0,Medium
0.0,0.0,0.0,0.0,0.0,0.0,5.0,0.0,0.0,0.0,0.0,0.0,0.0,0.0,0.0,5.0,5.0,0.0,0.0,0.0,0.0,0.0,6.0,0.0,0.0,0.0,0.0,0.0,21.0,1242.0,2682.808231,10.0,162.0,47.0,107.916825,744.8,835.1265000000001,0.0,3057.066,214.0,73.08959999999999,0.0,0.0,0.0,72.29539399999999,0.0,5.0,47.0,137.395758,92.0,93.941481,197.01,0.0,52.0,13.2356,-16.990000000000002,-8.581033,1,4.0,Medium
4.0,0.0,0.0,0.0,0.0,0.0,0.0,0.0,0.0,0.0,0.0,0.0,0.0,0.0,0.0,4.0,6.0,8.0,0.0,0.0,0.0,0.0,0.0,0.0,0.0,0.0,0.0,0.0,22.0,1080.0,2322.7850820000003,8.0,130.0,48.0,92.050752,853.0600000000001,711.2116,0.0,2750.998,186.0,56.360432,0.0,0.0,-2.0,59.304778,0.0,4.0,48.0,117.783916,62.0,89.548336,180.284716,0.0,56.0,8.249799999999999,-16.54,-8.5402,0,5.0,Low
0.0,6.0,0.0,0.0,0.0,0.0,0.0,0.0,0.0,6.0,0.0,0.0,0.0,0.0,0.0,0.0,0.0,5.0,0.0,0.0,0.0,0.0,0.0,4.0,0.0,0.0,0.0,0.0,21.0,1434.0,3250.746725,18.0,180.0,42.0,130.63244699999998,816.96,991.148,0.0,3643.518,246.0,84.767448,6.0,6.0,12.0,43.345673000000005,0.0,18.0,42.0,161.895444,90.0,103.055632,235.12404,6.0,66.0,11.4362,-15.57,-8.781507,1,2.0,Medium
5.0,0.0,0.0,0.0,0.0,0.0,5.0,0.0,0.0,7.0,0.0,0.0,0.0,0.0,0.0,0.0,0.0,0.0,0.0,0.0,0.0,0.0,4.0,0.0,0.0,0.0,0.0,0.0,21.0,1538.0,3536.8324840000005,17.0,193.0,49.0,137.984328,808.39,1045.6249,0.0,3889.41,264.0,92.173139,7.0,7.0,17.0,46.417344,0.0,17.0,49.0,173.26264600000002,101.0,102.893568,247.964022,7.0,71.0,3.482499999999998,-16.1,-8.78389,1,3.0,Medium
0.0,5.0,0.0,0.0,0.0,0.0,5.0,0.0,0.0,7.0,0.0,0.0,0.0,0.0,0.0,0.0,4.0,0.0,0.0,0.0,0.0,0.0,0.0,0.0,0.0,0.0,0.0,0.0,21.0,1322.0,3021.4430920000004,22.0,157.0,44.0,113.67567200000002,877.7099999999999,880.3784,0.0,3375.486,228.0,75.38985699999999,7.0,7.0,13.0,44.377928,0.0,22.0,44.0,145.57926500000002,77.0,92.584744,211.964022,7.0,71.0,-16.2517,-16.1,-8.814954,0,6.0,Low
0.0,0.0,5.0,0.0,0.0,0.0,0.0,0.0,0.0,0.0,0.0,0.0,0.0,0.0,0.0,4.0,3.0,0.0,0.0,0.0,0.0,0.0,10.0,0.0,0.0,0.0,0.0,0.0,22.0,1442.0,3167.244554,14.0,188.0,43.0,134.737082,853.21,1005.0562,0.0,3615.152,246.0,85.232841,0.0,0.0,2.0,60.337201,0.0,10.0,43.0,164.050501,105.0,119.192425,242.804805,0.0,58.0,29.0424,-16.29,-8.601454,0,5.0,Low
4.0,0.0,0.0,0.0,0.0,0.0,5.0,0.0,0.0,7.0,0.0,0.0,0.0,0.0,0.0,0.0,0.0,0.0,0.0,0.0,0.0,0.0,6.0,0.0,0.0,0.0,0.0,0.0,22.0,1642.0,3781.437762000001,16.0,211.0,51.0,146.60350499999998,807.05,1123.0068,0.0,4119.394,282.0,100.251532,7.0,7.0,16.0,53.846662,0.0,16.0,51.0,185.665953,112.0,108.873932,262.217843,7.0,71.0,10.3573,-17.14,-8.76535,1,1.0,Medium
5.0,0.0,0.0,0.0,0.0,0.0,0.0,0.0,0.0,6.0,0.0,0.0,0.0,0.0,0.0,0.0,3.0,8.0,0.0,0.0,0.0,0.0,0.0,0.0,0.0,0.0,0.0,0.0,22.0,1328.0,3066.551477,11.0,163.0,50.0,112.359737,840.31,887.8747,0.0,3385.437,229.0,75.009495,6.0,6.0,8.0,48.581771,0.0,11.0,50.0,147.357551,74.0,93.954286,214.377861,6.0,66.0,4.985099999999999,-16.61,-8.761684,1,2.0,Medium
5.0,0.0,0.0,0.0,0.0,0.0,0.0,0.0,0.0,0.0,0.0,0.0,0.0,0.0,0.0,4.0,3.0,0.0,0.0,0.0,0.0,0.0,9.0,0.0,0.0,0.0,0.0,0.0,21.0,1330.0,2925.053608,9.0,171.0,46.0,122.200867,812.9100000000001,912.6387,0.0,3351.6310000000003,227.0,76.739636,0.0,0.0,2.0,56.622542,0.0,5.0,46.0,150.419723,93.0,104.596614,225.030895,0.0,56.0,25.9048,-15.5,-8.556435,1,4.0,Medium
5.0,0.0,0.0,0.0,0.0,0.0,0.0,0.0,0.0,0.0,0.0,0.0,0.0,0.0,0.0,6.0,3.0,0.0,0.0,0.0,0.0,0.0,7.0,0.0,0.0,0.0,0.0,0.0,21.0,1270.0,2790.474866,11.0,159.0,48.0,115.182019,853.37,860.1983,0.0,3215.305,217.0,71.094176,0.0,0.0,2.0,55.981322000000006,0.0,5.0,48.0,141.916809,85.0,100.477962,214.950895,0.0,58.0,19.4566,-15.580000000000002,-8.597472,1,4.0,Medium
0.0,0.0,0.0,5.0,0.0,0.0,0.0,0.0,0.0,0.0,0.0,0.0,0.0,0.0,0.0,7.0,3.0,0.0,0.0,0.0,0.0,0.0,0.0,7.0,0.0,0.0,0.0,0.0,22.0,1360.0,2924.042547,12.0,178.0,51.0,121.36181000000002,783.9000000000001,920.2811,0.0,3345.494,234.0,80.73884100000001,0.0,0.0,2.0,76.14871000000001,0.0,5.0,51.0,150.755095,103.0,107.448451,216.14,0.0,56.0,18.1289,-17.86,-8.564903,1,4.0,Medium
4.0,0.0,0.0,0.0,0.0,0.0,0.0,0.0,0.0,6.0,0.0,0.0,0.0,0.0,0.0,0.0,2.0,0.0,0.0,0.0,0.0,0.0,9.0,0.0,0.0,0.0,0.0,0.0,21.0,1514.0,3530.814361,10.0,198.0,48.0,132.396498,772.5400000000001,1038.1576,0.0,3794.924,260.0,91.998089,6.0,6.0,8.0,52.309145,0.0,10.0,48.0,171.45592800000003,101.0,104.234468,243.211682,6.0,62.0,20.9459,-16.07,-8.772236,1,1.0,Medium
0.0,5.0,0.0,0.0,0.0,0.0,0.0,0.0,0.0,0.0,0.0,0.0,0.0,0.0,0.0,5.0,3.0,0.0,0.0,8.0,0.0,0.0,0.0,0.0,0.0,0.0,0.0,0.0,21.0,1060.0,2378.700957,15.0,125.0,42.0,84.125331,847.14,712.376,0.0,2717.468,182.0,54.172828,0.0,0.0,2.0,55.76406,0.0,10.0,42.0,118.342749,49.0,86.35792,179.990895,0.0,57.0,6.0817,-15.54,-8.645557,0,5.0,Low
0.0,5.0,0.0,0.0,0.0,0.0,0.0,0.0,0.0,0.0,0.0,0.0,0.0,0.0,0.0,4.0,3.0,0.0,0.0,10.0,0.0,0.0,0.0,0.0,0.0,0.0,0.0,0.0,22.0,1112.0,2510.985259,14.0,133.0,43.0,86.591917,853.21,751.6012000000001,0.0,2843.667,191.0,57.360531,0.0,0.0,2.0,59.664861,0.0,10.0,43.0,125.159626,50.0,90.15961,188.240895,0.0,58.0,9.0119,-16.29,-8.647157,0,5.0,Low
3.0,0.0,0.0,0.0,0.0,0.0,5.0,0.0,0.0,8.0,0.0,0.0,0.0,0.0,0.0,0.0,5.0,0.0,0.0,0.0,0.0,0.0,0.0,0.0,0.0,0.0,0.0,0.0,21.0,1310.0,3036.9366970000005,16.0,158.0,50.0,107.816196,835.93,855.9324,0.0,3318.463,227.0,75.278792,8.0,8.0,11.0,49.66066699999999,0.0,16.0,50.0,142.656618,76.0,88.498885,203.047825,8.0,69.0,-15.7124,-16.68,-8.805864,1,4.0,Medium
0.0,4.0,0.0,0.0,0.0,0.0,0.0,0.0,0.0,0.0,0.0,0.0,0.0,0.0,0.0,5.0,4.0,0.0,8.0,0.0,0.0,0.0,0.0,0.0,0.0,0.0,0.0,0.0,21.0,1028.0,2087.389592,13.0,122.0,43.0,95.634814,830.53,684.9292,0.0,2622.879,177.0,53.956769,0.0,0.0,0.0,54.313489,0.0,8.0,43.0,110.952843,63.0,94.454792,172.034716,0.0,55.0,5.6744,-15.79,-8.614508,0,5.0,Low
0.0,5.0,0.0,0.0,0.0,0.0,0.0,0.0,0.0,0.0,0.0,0.0,0.0,0.0,0.0,4.0,3.0,0.0,0.0,0.0,0.0,0.0,0.0,9.0,0.0,0.0,0.0,0.0,21.0,1276.0,2631.73027,14.0,162.0,41.0,124.357987,826.9100000000001,881.3392000000001,0.0,3220.468,218.0,73.633736,0.0,0.0,2.0,55.40098999999999,0.0,10.0,41.0,142.57462800000002,93.0,109.914957,216.030895,0.0,56.0,20.2589,-15.5,-8.67346,0,5.0,Low
5.0,0.0,0.0,0.0,0.0,0.0,6.0,0.0,0.0,0.0,0.0,0.0,0.0,0.0,0.0,0.0,3.0,0.0,0.0,0.0,0.0,0.0,7.0,0.0,0.0,0.0,0.0,0.0,21.0,1378.0,2934.430358,11.0,177.0,42.0,131.771293,758.63,951.4517,0.0,3467.9349999999995,235.0,81.60627199999999,0.0,0.0,8.0,56.032832,0.0,11.0,42.0,157.182909,103.0,107.545296,232.950895,0.0,58.0,16.7104,-15.580000000000002,-8.705735,1,3.0,Medium
0.0,0.0,0.0,0.0,0.0,5.0,0.0,0.0,0.0,7.0,0.0,0.0,0.0,0.0,0.0,0.0,3.0,0.0,0.0,0.0,0.0,0.0,6.0,0.0,0.0,0.0,0.0,0.0,21.0,1456.0,3503.0485050000007,12.0,191.0,49.0,115.113391,711.6800000000001,982.4294,0.0,3595.9120000000003,252.0,88.791685,7.0,7.0,9.0,63.433997,0.0,12.0,49.0,163.532319,93.0,99.62992,221.183127,7.0,61.0,6.0961,-17.35,-8.833025,1,2.0,Medium
0.0,0.0,0.0,0.0,0.0,0.0,6.0,0.0,0.0,0.0,0.0,0.0,0.0,0.0,0.0,4.0,5.0,0.0,0.0,0.0,0.0,0.0,7.0,0.0,0.0,0.0,0.0,0.0,22.0,1342.0,2891.561564,10.0,177.0,48.0,118.280394,755.3100000000001,909.4144,0.0,3297.477,231.0,80.28105099999999,0.0,0.0,1.0,76.018638,0.0,6.0,48.0,149.576596,102.0,100.906576,213.22,0.0,54.0,16.1,-17.78,-8.560886,1,4.0,Medium
0.0,4.0,0.0,0.0,0.0,0.0,5.0,0.0,0.0,7.0,0.0,0.0,0.0,0.0,0.0,0.0,0.0,0.0,0.0,0.0,0.0,0.0,6.0,0.0,0.0,0.0,0.0,0.0,22.0,1642.0,3781.437762000001,20.0,211.0,47.0,146.60350499999998,818.25,1131.2096,0.0,4115.4580000000005,282.0,100.694548,7.0,7.0,16.0,53.846662,0.0,20.0,47.0,186.032957,112.0,108.873932,262.217843,7.0,71.0,8.6493,-17.14,-8.776291,1,3.0,Medium
5.0,0.0,0.0,0.0,0.0,0.0,0.0,0.0,0.0,7.0,0.0,0.0,0.0,0.0,0.0,6.0,3.0,0.0,0.0,0.0,0.0,0.0,0.0,0.0,0.0,0.0,0.0,0.0,21.0,1256.0,2963.038159,18.0,145.0,55.0,102.419017,949.06,811.7352,0.0,3228.969,217.0,67.58754,7.0,7.0,9.0,44.524247,0.0,12.0,55.0,135.182837,64.0,87.213179,200.924022,7.0,72.0,-10.6525,-16.14,-8.76066,1,4.0,Medium
0.0,5.0,0.0,0.0,0.0,0.0,0.0,0.0,0.0,0.0,0.0,0.0,0.0,0.0,0.0,2.0,3.0,0.0,0.0,0.0,0.0,0.0,12.0,0.0,0.0,0.0,0.0,0.0,22.0,1472.0,3244.393101,12.0,195.0,41.0,136.81840499999998,812.75,1034.4116,0.0,3681.343,251.0,88.378301,0.0,0.0,2.0,60.978421,0.0,10.0,41.0,169.01788,108.0,114.502472,248.320895,0.0,56.0,33.5401,-16.21,-8.556234,1,4.0,Medium
6.0,0.0,0.0,0.0,0.0,0.0,5.0,0.0,0.0,6.0,0.0,0.0,0.0,0.0,0.0,0.0,4.0,0.0,0.0,0.0,0.0,0.0,0.0,0.0,0.0,0.0,0.0,0.0,21.0,1302.0,2936.9466660000003,17.0,153.0,48.0,114.478471,877.68,858.7453,0.0,3346.776,224.0,72.698077,6.0,6.0,13.0,42.299994,0.0,17.0,48.0,143.31568700000005,76.0,94.286555,212.92404,6.0,71.0,-13.3681,-15.77,-8.777813,1,4.0,Medium
0.0,5.0,0.0,0.0,0.0,0.0,0.0,0.0,0.0,0.0,4.0,0.0,0.0,0.0,0.0,0.0,4.0,0.0,0.0,0.0,0.0,0.0,0.0,8.0,0.0,0.0,0.0,0.0,21.0,1252.0,2503.2642720000003,10.0,158.0,41.0,126.853675,796.74,861.2420000000001,0.0,3163.352,214.0,71.602363,0.0,0.0,1.0,53.58616,0.0,10.0,41.0,139.44370800000002,95.0,113.073184,212.030895,0.0,56.0,18.8656,-15.5,-8.637395,1,4.0,Medium
0.0,5.0,0.0,0.0,0.0,0.0,0.0,0.0,0.0,6.0,0.0,0.0,0.0,0.0,0.0,0.0,4.0,0.0,0.0,0.0,0.0,0.0,0.0,6.0,0.0,0.0,0.0,0.0,21.0,1348.0,3017.726246,16.0,168.0,43.0,120.659763,841.8399999999999,914.6562,0.0,3419.6620000000003,232.0,78.804595,6.0,6.0,7.0,46.76040999999999,0.0,16.0,43.0,149.54089600000003,85.0,102.43246,218.167861,6.0,64.0,4.117999999999999,-15.82,-8.777001,1,4.0,Medium
0.0,4.0,0.0,0.0,0.0,0.0,0.0,0.0,0.0,0.0,0.0,0.0,0.0,0.0,0.0,6.0,4.0,0.0,0.0,0.0,0.0,0.0,7.0,0.0,0.0,0.0,0.0,0.0,21.0,1238.0,2721.472045,14.0,156.0,44.0,110.12534200000002,850.76,842.8290000000001,0.0,3115.7960000000003,212.0,69.84188699999999,0.0,0.0,0.0,59.186127,0.0,8.0,44.0,138.01509800000002,83.0,98.093914,206.994716,0.0,56.0,16.9015,-15.830000000000002,-8.652218,0,6.0,Low
0.0,5.0,0.0,0.0,0.0,0.0,6.0,0.0,0.0,7.0,0.0,0.0,0.0,0.0,0.0,0.0,4.0,0.0,0.0,0.0,0.0,0.0,0.0,0.0,0.0,0.0,0.0,0.0,22.0,1392.0,3162.907054,23.0,166.0,46.0,120.529817,908.45,928.4461,0.0,3547.7340000000004,240.0,79.75857799999999,7.0,7.0,14.0,47.780562,0.0,23.0,46.0,153.508646,83.0,97.490513,223.134022,7.0,74.0,-16.6114,-16.93,-8.810267,1,4.0,Medium
6.0,0.0,0.0,0.0,0.0,0.0,5.0,0.0,0.0,6.0,0.0,0.0,0.0,0.0,0.0,0.0,0.0,0.0,0.0,0.0,0.0,0.0,5.0,0.0,0.0,0.0,0.0,0.0,22.0,1600.0,3637.096809,17.0,201.0,50.0,146.385817,848.66,1093.3243,0.0,4054.086,274.0,95.474564,6.0,6.0,17.0,48.054069,0.0,17.0,50.0,181.094311,107.0,110.382585,262.13404,6.0,73.0,7.553199999999999,-16.56,-8.760258,1,3.0,Medium
0.0,0.0,0.0,0.0,0.0,0.0,6.0,0.0,0.0,0.0,0.0,0.0,0.0,0.0,0.0,5.0,4.0,0.0,0.0,0.0,0.0,0.0,0.0,6.0,0.0,0.0,0.0,0.0,21.0,1248.0,2572.8098980000004,11.0,162.0,47.0,114.687524,735.4100000000001,840.2882000000001,0.0,3074.097,215.0,73.91336899999999,0.0,0.0,2.0,71.678855,0.0,6.0,47.0,137.188285,97.0,99.182812,197.97000000000003,0.0,53.0,11.613,-17.03,-8.597984,1,4.0,Medium
0.0,4.0,0.0,0.0,0.0,0.0,0.0,0.0,0.0,6.0,0.0,0.0,0.0,0.0,0.0,0.0,4.0,0.0,0.0,0.0,0.0,0.0,7.0,0.0,0.0,0.0,0.0,0.0,21.0,1406.0,3273.119665,14.0,180.0,44.0,120.24217,811.4,958.6104,0.0,3536.486,242.0,83.772579,6.0,6.0,6.0,51.289437,0.0,14.0,44.0,157.751864,89.0,99.080056,225.211682,6.0,62.0,10.4383,-16.07,-8.8088045,1,4.0,Medium
0.0,4.0,0.0,0.0,0.0,0.0,0.0,0.0,0.0,0.0,0.0,0.0,0.0,0.0,0.0,6.0,2.0,0.0,0.0,10.0,0.0,0.0,0.0,0.0,0.0,0.0,0.0,0.0,22.0,1128.0,2565.098392,14.0,136.0,46.0,86.67072000000002,849.4,759.288,0.0,2867.254,194.0,58.577538,0.0,0.0,2.0,63.248154,0.0,8.0,46.0,126.367314,52.0,88.81132199999999,188.204716,0.0,58.0,10.9432,-16.619999999999997,-8.585233,0,5.0,Low
3.0,0.0,0.0,0.0,0.0,0.0,5.0,0.0,0.0,7.0,0.0,0.0,0.0,0.0,0.0,0.0,0.0,0.0,0.0,0.0,0.0,0.0,6.0,0.0,0.0,0.0,0.0,0.0,21.0,1582.0,3656.521538,15.0,205.0,49.0,140.025302,753.1099999999999,1082.2307,0.0,3952.766000000001,272.0,97.451055,7.0,7.0,15.0,53.846662,0.0,15.0,49.0,178.796284,109.0,103.279884,250.051664,7.0,67.0,10.5879,-16.6,-8.790459,1,1.0,Medium
0.0,4.0,0.0,0.0,0.0,0.0,0.0,0.0,0.0,0.0,0.0,0.0,0.0,0.0,0.0,4.0,4.0,0.0,0.0,0.0,0.0,0.0,10.0,0.0,0.0,0.0,0.0,0.0,22.0,1380.0,3040.811538,12.0,180.0,44.0,124.74288,836.6,954.3484,0.0,3450.4280000000003,236.0,80.926782,0.0,0.0,0.0,63.542006,0.0,8.0,44.0,156.15449999999998,98.0,107.999772,230.28471600000003,0.0,56.0,26.6718,-16.54,-8.552577,0,6.0,Low
0.0,5.0,0.0,0.0,0.0,0.0,6.0,0.0,0.0,0.0,0.0,0.0,0.0,0.0,0.0,0.0,3.0,0.0,0.0,0.0,0.0,0.0,7.0,0.0,0.0,0.0,0.0,0.0,21.0,1378.0,2934.430358,16.0,177.0,37.0,131.771293,772.63,961.7052,0.0,3463.0150000000003,235.0,82.16004199999999,0.0,0.0,8.0,56.032832,0.0,16.0,37.0,157.641664,103.0,107.545296,232.950895,0.0,58.0,14.5754,-15.580000000000002,-8.748762,1,4.0,Medium
5.0,0.0,0.0,0.0,0.0,0.0,0.0,0.0,0.0,6.0,0.0,0.0,0.0,0.0,0.0,0.0,4.0,0.0,0.0,0.0,0.0,0.0,7.0,0.0,0.0,0.0,0.0,0.0,22.0,1466.0,3398.035889,11.0,186.0,50.0,126.82037300000002,854.14,991.1837,0.0,3707.05,252.0,86.13004,6.0,6.0,7.0,51.289437,0.0,11.0,50.0,164.254529,92.0,104.674104,237.377861,6.0,66.0,11.9157,-16.61,-8.765236,1,1.0,Medium
0.0,5.0,0.0,0.0,0.0,0.0,0.0,0.0,0.0,7.0,0.0,0.0,0.0,0.0,0.0,0.0,0.0,0.0,0.0,0.0,0.0,0.0,3.0,0.0,0.0,0.0,0.0,7.0,22.0,1876.0,4810.683705,52.0,213.0,81.0,148.844415,1541.75,1196.9422,0.0,4765.855,323.0,106.273392,14.0,14.0,12.0,42.445877,0.0,24.0,81.0,196.580904,106.0,102.215594,291.083558,14.0,110.0,-20.4404,-18.37,-8.640893,1,4.0,Medium
5.0,0.0,0.0,0.0,0.0,0.0,5.0,0.0,0.0,7.0,0.0,0.0,0.0,0.0,0.0,0.0,0.0,0.0,0.0,0.0,0.0,0.0,6.0,0.0,0.0,0.0,0.0,0.0,23.0,1702.0,3906.353986,17.0,217.0,53.0,153.181708,860.99,1163.7829,0.0,4286.022,292.0,103.052009,7.0,7.0,17.0,53.846662,0.0,17.0,53.0,192.535622,115.0,114.46798,274.384022,7.0,75.0,10.1267,-17.68,-8.745574,1,1.0,Medium
0.0,5.0,0.0,0.0,0.0,0.0,0.0,0.0,0.0,0.0,0.0,0.0,0.0,0.0,0.0,5.0,5.0,0.0,0.0,0.0,0.0,7.0,0.0,0.0,0.0,0.0,0.0,0.0,22.0,1106.0,2549.420292,15.0,131.0,44.0,80.984176,901.1,739.0609999999999,0.0,2829.596,190.0,55.677022,0.0,0.0,0.0,60.521182,0.0,10.0,44.0,123.902246,42.0,91.535186,187.200895,0.0,59.0,5.142899999999999,-16.330000000000002,-8.694518,0,5.0,Low
0.0,5.0,0.0,0.0,0.0,0.0,0.0,0.0,0.0,0.0,0.0,0.0,0.0,0.0,0.0,7.0,3.0,0.0,0.0,0.0,0.0,0.0,0.0,7.0,0.0,0.0,0.0,0.0,22.0,1280.0,2679.805872,17.0,158.0,46.0,120.949045,913.9,870.9916000000001,0.0,3242.339,219.0,71.41824100000001,0.0,0.0,2.0,58.425275,0.0,10.0,46.0,141.30204500000002,88.0,108.342331,216.120895,0.0,61.0,14.6889,-16.41,-8.709222,1,4.0,Medium
5.0,0.0,0.0,0.0,0.0,0.0,5.0,0.0,0.0,7.0,0.0,0.0,0.0,0.0,0.0,0.0,5.0,0.0,0.0,0.0,0.0,0.0,0.0,0.0,0.0,0.0,0.0,0.0,22.0,1350.0,3077.3564950000005,17.0,160.0,51.0,115.197198,903.84,885.3289,0.0,3451.461,233.0,75.941259,7.0,7.0,12.0,47.582733,0.0,17.0,51.0,147.72146400000003,78.0,95.794744,216.174022,7.0,73.0,-15.194400000000002,-16.89,-8.790344,1,4.0,Medium
0.0,4.0,0.0,0.0,0.0,0.0,0.0,0.0,0.0,7.0,0.0,0.0,0.0,0.0,0.0,0.0,3.0,0.0,0.0,0.0,0.0,0.0,8.0,0.0,0.0,0.0,0.0,0.0,22.0,1540.0,3611.379663,15.0,199.0,47.0,132.094738,837.54,1054.6411,0.0,3863.995,265.0,93.045329,7.0,7.0,8.0,53.877225,0.0,15.0,47.0,173.46189,99.0,105.549499,245.417843,7.0,66.0,13.858899999999998,-16.94,-8.817432,1,2.0,Medium
5.0,0.0,0.0,0.0,0.0,0.0,5.0,0.0,0.0,6.0,0.0,0.0,0.0,0.0,0.0,0.0,0.0,0.0,0.0,0.0,0.0,0.0,6.0,0.0,0.0,0.0,0.0,0.0,22.0,1622.0,3696.941336,16.0,207.0,50.0,147.406304,821.02,1111.6272,0.0,4085.764,278.0,98.113522,6.0,6.0,16.0,51.768728,0.0,16.0,50.0,183.86113,111.0,110.575743,263.177861,6.0,71.0,11.105900000000002,-16.810000000000002,-8.756734,1,1.0,Medium
0.0,5.0,0.0,0.0,0.0,0.0,6.0,0.0,0.0,0.0,0.0,0.0,0.0,0.0,0.0,7.0,3.0,0.0,0.0,0.0,0.0,0.0,0.0,0.0,0.0,0.0,0.0,0.0,21.0,1168.0,2463.404761,23.0,135.0,44.0,107.205325,914.24,778.1638,0.0,2985.874,200.0,62.400932,0.0,0.0,8.0,53.788562000000006,0.0,16.0,44.0,127.881465,75.0,93.130014,197.670895,0.0,65.0,-7.9933,-15.86,-8.786586,0,5.0,Low
0.0,0.0,0.0,4.0,0.0,0.0,0.0,0.0,0.0,0.0,0.0,0.0,0.0,0.0,0.0,5.0,3.0,0.0,0.0,0.0,0.0,0.0,10.0,0.0,0.0,0.0,0.0,0.0,22.0,1468.0,3297.758855,9.0,199.0,49.0,127.640832,739.0,1011.4348,0.0,3592.04,252.0,89.89479499999999,0.0,0.0,1.0,77.909998,0.0,4.0,49.0,166.501017,112.0,107.802548,234.26,0.0,53.0,30.599499999999995,-17.740000000000002,-8.456438,0,5.0,Low
5.0,0.0,0.0,0.0,0.0,0.0,4.0,0.0,0.0,7.0,0.0,0.0,0.0,0.0,0.0,0.0,5.0,0.0,0.0,0.0,0.0,0.0,0.0,0.0,0.0,0.0,0.0,0.0,21.0,1280.0,2935.892533,16.0,151.0,49.0,108.343053,873.0999999999999,837.2611999999999,0.0,3279.213,221.0,71.572538,7.0,7.0,11.0,44.180099,0.0,16.0,49.0,139.79208300000002,72.0,90.888975,205.004022,7.0,70.0,-14.834700000000002,-16.06,-8.781749,1,4.0,Medium
0.0,0.0,0.0,0.0,0.0,0.0,6.0,0.0,0.0,7.0,0.0,0.0,0.0,0.0,0.0,3.0,0.0,0.0,0.0,0.0,0.0,0.0,0.0,6.0,0.0,0.0,0.0,0.0,22.0,1592.0,3580.102076,16.0,208.0,54.0,140.85071599999998,761.6199999999999,1078.8445000000002,0.0,3931.397,275.0,98.82868,7.0,7.0,13.0,66.617075,0.0,13.0,54.0,176.735851,115.0,106.132711,243.233127,7.0,67.0,8.8734,-18.3,-8.777131,1,1.0,Medium
0.0,0.0,0.0,0.0,0.0,0.0,6.0,0.0,0.0,6.0,0.0,0.0,0.0,0.0,0.0,0.0,3.0,0.0,0.0,0.0,0.0,0.0,7.0,0.0,0.0,0.0,0.0,0.0,22.0,1558.0,3566.325138,12.0,207.0,50.0,133.532702,728.75,1060.5054,0.0,3836.343,269.0,97.234809,6.0,6.0,9.0,68.50043600000001,0.0,12.0,50.0,174.88151600000003,112.0,102.928478,239.356966,6.0,62.0,11.9882,-18.1,-8.783718,1,1.0,Medium
0.0,5.0,0.0,0.0,0.0,0.0,0.0,0.0,0.0,7.0,0.0,0.0,0.0,0.0,0.0,0.0,3.0,0.0,0.0,0.0,0.0,0.0,0.0,7.0,0.0,0.0,0.0,0.0,22.0,1476.0,3323.394762000001,17.0,186.0,46.0,132.752011,867.98,1006.0699,0.0,3733.144,254.0,87.670715,7.0,7.0,9.0,49.21247,0.0,17.0,46.0,164.32827200000003,95.0,109.49283,237.374022,7.0,68.0,7.1485,-16.69,-8.778214,1,4.0,Medium
0.0,0.0,0.0,0.0,0.0,0.0,6.0,0.0,0.0,6.0,0.0,0.0,0.0,0.0,0.0,0.0,4.0,5.0,0.0,0.0,0.0,0.0,0.0,0.0,0.0,0.0,0.0,0.0,21.0,1302.0,2965.0096890000004,12.0,166.0,48.0,107.020723,716.28,865.5614,0.0,3230.246,226.0,77.801856,6.0,6.0,8.0,62.264973000000005,0.0,12.0,48.0,143.25167400000004,84.0,86.25342600000002,197.146966,6.0,60.0,-2.815200000000001,-17.31,-8.805692,1,4.0,Medium
0.0,5.0,0.0,0.0,0.0,0.0,5.0,0.0,0.0,7.0,0.0,0.0,0.0,0.0,0.0,0.0,5.0,0.0,0.0,0.0,0.0,0.0,0.0,0.0,0.0,0.0,0.0,0.0,22.0,1350.0,3077.3564950000005,22.0,160.0,46.0,115.197198,917.84,895.5824,0.0,3446.541,233.0,76.49502899999999,7.0,7.0,12.0,47.582733,0.0,22.0,46.0,148.18021900000002,78.0,95.794744,216.174022,7.0,73.0,-17.3294,-16.89,-8.801151,0,5.0,Low
0.0,0.0,0.0,0.0,0.0,0.0,5.0,0.0,0.0,0.0,0.0,0.0,0.0,0.0,0.0,7.0,3.0,0.0,0.0,0.0,0.0,0.0,0.0,7.0,0.0,0.0,0.0,0.0,22.0,1330.0,2762.544562,12.0,173.0,51.0,122.328755,783.9000000000001,897.1961,0.0,3275.359,229.0,78.705691,0.0,0.0,2.0,75.438445,0.0,5.0,51.0,146.14185,103.0,104.900936,211.14,0.0,56.0,16.1784,-17.86,-8.563062,1,4.0,Medium
4.0,0.0,0.0,0.0,0.0,0.0,6.0,0.0,0.0,7.0,0.0,0.0,0.0,0.0,0.0,5.0,0.0,0.0,0.0,0.0,0.0,0.0,0.0,0.0,0.0,0.0,0.0,0.0,22.0,1480.0,3401.6941180000003,22.0,178.0,56.0,128.31184000000002,912.64,980.8945,0.0,3752.521,255.0,85.067168,7.0,7.0,17.0,51.931587,0.0,17.0,56.0,162.701561,91.0,97.695865,234.977843,7.0,77.0,-9.445,-17.38,-8.774062,1,4.0,Medium
4.0,0.0,0.0,0.0,0.0,0.0,0.0,0.0,0.0,0.0,0.0,0.0,0.0,0.0,0.0,5.0,4.0,0.0,0.0,0.0,0.0,0.0,8.0,0.0,0.0,0.0,0.0,0.0,21.0,1268.0,2788.7614160000003,9.0,162.0,47.0,113.634766,819.3299999999999,860.8464000000001,0.0,3187.895,217.0,72.22160099999999,0.0,0.0,0.0,59.506737,0.0,4.0,47.0,141.899551,87.0,100.15324,212.034716,0.0,55.0,21.8336,-15.79,-8.551339,0,5.0,Low
0.0,5.0,0.0,0.0,0.0,0.0,0.0,0.0,0.0,0.0,0.0,0.0,0.0,0.0,0.0,4.0,3.0,0.0,0.0,0.0,0.0,0.0,9.0,0.0,0.0,0.0,0.0,0.0,21.0,1330.0,2925.053608,14.0,171.0,41.0,122.200867,826.9100000000001,922.8922,0.0,3346.711,227.0,77.293406,0.0,0.0,2.0,56.622542,0.0,10.0,41.0,150.878478,93.0,104.596614,225.030895,0.0,56.0,23.7698,-15.5,-8.646721,0,5.0,Low
0.0,5.0,0.0,0.0,0.0,0.0,5.0,0.0,0.0,7.0,0.0,0.0,0.0,0.0,0.0,0.0,0.0,0.0,0.0,0.0,0.0,0.0,5.0,0.0,0.0,0.0,0.0,0.0,22.0,1620.0,3721.593235,22.0,205.0,46.0,145.583018,848.6899999999999,1114.9574,0.0,4082.796,278.0,98.166344,7.0,7.0,17.0,50.132003,0.0,22.0,46.0,183.357889,108.0,108.680774,261.17402200000004,7.0,73.0,4.669599999999999,-16.89,-8.796943,1,4.0,Medium
0.0,4.0,0.0,0.0,0.0,0.0,0.0,0.0,0.0,0.0,0.0,0.0,0.0,0.0,0.0,4.0,3.0,0.0,0.0,0.0,0.0,0.0,10.0,0.0,0.0,0.0,0.0,0.0,21.0,1352.0,2984.8981350000004,12.0,177.0,42.0,123.221354,796.47,939.1444,0.0,3379.3730000000005,231.0,79.82160999999999,0.0,0.0,1.0,60.337201,0.0,8.0,42.0,153.55354599999998,97.0,104.789772,226.074716,0.0,54.0,27.7495,-15.75,-8.567205,1,4.0,Medium
0.0,5.0,0.0,0.0,0.0,0.0,0.0,0.0,0.0,7.0,0.0,0.0,0.0,0.0,0.0,3.0,0.0,0.0,0.0,0.0,0.0,0.0,0.0,6.0,0.0,0.0,0.0,0.0,21.0,1472.0,3355.899424,20.0,184.0,47.0,132.616861,860.8800000000001,1004.5723,0.0,3726.129,253.0,87.17250899999999,7.0,7.0,12.0,46.201271,0.0,17.0,47.0,163.966665,94.0,104.668337,237.044022,7.0,69.0,7.743599999999999,-16.02,-8.7844305,1,2.0,Medium
5.0,0.0,0.0,0.0,0.0,0.0,0.0,0.0,0.0,0.0,0.0,0.0,0.0,0.0,0.0,7.0,2.0,7.0,0.0,0.0,0.0,0.0,0.0,0.0,0.0,0.0,0.0,0.0,21.0,1126.0,2449.242553,12.0,134.0,49.0,99.779184,859.7700000000001,749.0671,0.0,2881.637,193.0,59.082752,0.0,0.0,3.0,53.355236000000005,0.0,5.0,49.0,123.759938,66.0,89.360946,190.910895,0.0,59.0,10.7182,-15.62,-8.617624,1,4.0,Medium
0.0,0.0,0.0,0.0,0.0,0.0,6.0,0.0,0.0,7.0,0.0,0.0,0.0,0.0,0.0,0.0,3.0,5.0,0.0,0.0,0.0,0.0,0.0,0.0,0.0,0.0,0.0,0.0,21.0,1354.0,3118.508936,13.0,173.0,49.0,111.274601,716.12,902.5131,0.0,3359.449,235.0,81.635171,7.0,7.0,10.0,61.138102,0.0,13.0,49.0,149.32521200000002,87.0,86.935663,204.143127,7.0,62.0,-2.7166999999999994,-17.39,-8.814343,1,4.0,Medium
5.0,0.0,0.0,0.0,0.0,0.0,5.0,0.0,0.0,7.0,0.0,0.0,0.0,0.0,0.0,0.0,0.0,0.0,0.0,0.0,0.0,0.0,5.0,0.0,0.0,0.0,0.0,0.0,22.0,1620.0,3721.593235,17.0,205.0,51.0,145.583018,834.6899999999999,1104.7039,0.0,4087.716,278.0,97.612574,7.0,7.0,17.0,50.132003,0.0,17.0,51.0,182.899134,108.0,108.680774,261.17402200000004,7.0,73.0,6.804599999999997,-16.89,-8.7681055,1,3.0,Medium
0.0,6.0,0.0,0.0,0.0,0.0,5.0,0.0,0.0,0.0,0.0,0.0,0.0,0.0,0.0,0.0,3.0,0.0,0.0,0.0,0.0,0.0,7.0,0.0,0.0,0.0,0.0,0.0,21.0,1368.0,2917.8826200000003,17.0,174.0,36.0,131.495351,798.63,956.4643,0.0,3456.411,233.0,80.702552,0.0,0.0,8.0,52.63019799999999,0.0,17.0,36.0,156.673703,100.0,108.233575,233.947074,0.0,59.0,14.2775,-15.29,-8.762153,1,4.0,Medium
0.0,0.0,0.0,0.0,0.0,0.0,6.0,0.0,0.0,0.0,0.0,0.0,0.0,0.0,0.0,4.0,2.0,0.0,0.0,0.0,0.0,0.0,10.0,0.0,0.0,0.0,0.0,0.0,22.0,1504.0,3278.1036080000003,10.0,204.0,48.0,136.511886,713.8199999999999,1041.0394,0.0,3679.230000000001,258.0,93.28384,0.0,0.0,4.0,77.54820000000001,0.0,6.0,48.0,170.683198,120.0,108.638194,240.22000000000003,0.0,54.0,29.299399999999995,-17.78,-8.497257,1,3.0,Medium
0.0,0.0,0.0,4.0,0.0,0.0,0.0,0.0,0.0,8.0,0.0,0.0,0.0,0.0,0.0,0.0,3.0,0.0,0.0,0.0,0.0,0.0,0.0,6.0,0.0,0.0,0.0,0.0,21.0,1484.0,3451.111259,12.0,195.0,50.0,124.441054,720.9100000000001,1000.3684,0.0,3666.003,257.0,92.121646,8.0,8.0,9.0,61.890221,0.0,12.0,50.0,164.889946,101.0,100.697782,224.219288,8.0,62.0,6.646899999999999,-17.39,-8.827524,1,3.0,Medium
0.0,0.0,6.0,0.0,0.0,0.0,0.0,0.0,0.0,0.0,0.0,0.0,0.0,0.0,0.0,4.0,4.0,0.0,0.0,0.0,0.0,0.0,8.0,0.0,0.0,0.0,0.0,0.0,22.0,1372.0,2990.038718,16.0,174.0,42.0,128.626936,897.4799999999999,949.546,0.0,3469.266,234.0,78.870374,0.0,0.0,2.0,56.112688,0.0,12.0,42.0,155.047006,96.0,118.183782,233.673766,0.0,60.0,21.053,-16.04,-8.696961,0,5.0,Low
0.0,0.0,0.0,0.0,0.0,0.0,6.0,0.0,0.0,7.0,0.0,0.0,0.0,0.0,0.0,5.0,4.0,0.0,0.0,0.0,0.0,0.0,0.0,0.0,0.0,0.0,0.0,0.0,22.0,1352.0,3125.682834,18.0,166.0,56.0,108.085132,857.4,878.6061000000001,0.0,3370.2290000000003,235.0,78.28594799999999,7.0,7.0,9.0,64.750807,0.0,13.0,56.0,145.626701,83.0,88.159673,203.153127,7.0,69.0,-12.8334,-18.38,-8.811065,0,5.0,Low
4.0,0.0,0.0,0.0,0.0,0.0,4.0,0.0,0.0,8.0,0.0,0.0,0.0,0.0,0.0,0.0,5.0,0.0,0.0,0.0,0.0,0.0,0.0,0.0,0.0,0.0,0.0,0.0,21.0,1300.0,3020.3889590000003,16.0,155.0,50.0,107.540254,859.13,848.6408,0.0,3312.8430000000003,225.0,73.71054799999999,8.0,8.0,11.0,46.258033,0.0,16.0,50.0,141.59690600000002,73.0,89.187164,204.04400400000003,8.0,70.0,-15.5833,-16.39,-8.799411,1,4.0,Medium
5.0,0.0,0.0,0.0,0.0,0.0,0.0,0.0,0.0,0.0,0.0,0.0,0.0,0.0,0.0,4.0,3.0,0.0,0.0,10.0,0.0,0.0,0.0,0.0,0.0,0.0,0.0,0.0,22.0,1112.0,2510.985259,9.0,133.0,48.0,86.591917,839.21,741.3477,0.0,2848.587,191.0,56.806761,0.0,0.0,2.0,59.664861,0.0,5.0,48.0,124.700871,50.0,90.15961,188.240895,0.0,58.0,11.1469,-16.29,-8.548601,1,4.0,Medium
0.0,6.0,0.0,0.0,0.0,0.0,0.0,0.0,0.0,0.0,0.0,0.0,0.0,0.0,0.0,4.0,3.0,0.0,0.0,0.0,0.0,0.0,8.0,0.0,0.0,0.0,0.0,0.0,21.0,1308.0,2865.209081,16.0,165.0,40.0,121.18038,857.3499999999999,906.64,0.0,3314.049,223.0,74.76520199999999,0.0,0.0,3.0,52.907883,0.0,12.0,40.0,148.20341000000002,89.0,104.403456,223.987074,0.0,58.0,19.7901,-15.25,-8.715399,0,5.0,Low
0.0,0.0,0.0,0.0,0.0,0.0,4.0,0.0,0.0,12.0,0.0,0.0,0.0,0.0,0.0,0.0,4.0,2.0,0.0,0.0,0.0,0.0,0.0,0.0,0.0,0.0,0.0,0.0,22.0,1468.0,3556.8998220000003,16.0,184.0,56.0,112.870462,815.72,960.3172,0.0,3660.704,256.0,88.172584,12.0,12.0,12.0,57.989902,0.0,16.0,56.0,159.50509200000002,84.0,87.42007600000001,214.413932,12.0,72.0,-13.6884,-18.5,-8.858885,1,4.0,Medium
0.0,0.0,0.0,0.0,0.0,0.0,8.0,0.0,0.0,0.0,0.0,0.0,0.0,0.0,0.0,4.0,2.0,0.0,0.0,8.0,0.0,0.0,0.0,0.0,0.0,0.0,0.0,0.0,22.0,1240.0,2712.44675,12.0,158.0,48.0,100.456684,722.6999999999999,834.7208,0.0,3066.034,214.0,70.84456399999999,0.0,0.0,6.0,76.386278,0.0,8.0,48.0,138.984712,78.0,90.695952,196.14,0.0,56.0,7.4718,-17.86,-8.635842,1,3.0,Medium
0.0,4.0,0.0,0.0,0.0,0.0,0.0,0.0,0.0,0.0,0.0,0.0,0.0,0.0,0.0,6.0,3.0,0.0,0.0,8.0,0.0,0.0,0.0,0.0,0.0,0.0,0.0,0.0,21.0,1052.0,2371.256113,14.0,125.0,44.0,81.636394,836.93,702.4080000000001,0.0,2681.967,181.0,53.878302,0.0,0.0,1.0,59.158109,0.0,8.0,44.0,116.76636,49.0,84.49175199999999,175.99471599999998,0.0,56.0,6.8373,-15.83,-8.590835,0,5.0,Low
4.0,0.0,0.0,0.0,0.0,0.0,0.0,0.0,0.0,0.0,0.0,0.0,0.0,0.0,0.0,5.0,4.0,0.0,0.0,0.0,0.0,0.0,0.0,8.0,0.0,0.0,0.0,0.0,21.0,1220.0,2528.02956,9.0,154.0,47.0,115.552206,819.3299999999999,823.9104000000001,0.0,3075.679,209.0,68.968561,0.0,0.0,0.0,58.420913,0.0,4.0,47.0,134.518351,87.0,104.880656,204.034716,0.0,55.0,18.7128,-15.79,-8.559818,0,5.0,Low
0.0,4.0,0.0,0.0,0.0,0.0,0.0,0.0,0.0,0.0,0.0,0.0,0.0,0.0,0.0,5.0,3.0,0.0,0.0,0.0,0.0,0.0,0.0,10.0,0.0,0.0,0.0,0.0,22.0,1344.0,2776.4546950000004,13.0,173.0,45.0,129.70742,843.0,925.8332,0.0,3369.246,230.0,78.37201499999999,0.0,0.0,1.0,62.37397,0.0,8.0,45.0,149.71207700000002,100.0,114.426922,224.244716,0.0,57.0,23.9465,-16.58,-8.573687,0,5.0,Low
0.0,6.0,0.0,0.0,0.0,0.0,0.0,0.0,0.0,0.0,0.0,0.0,0.0,0.0,0.0,5.0,4.0,0.0,0.0,6.0,0.0,0.0,0.0,0.0,0.0,0.0,0.0,0.0,21.0,1044.0,2309.774902,17.0,120.0,41.0,85.669208,891.4100000000001,698.3228000000001,0.0,2697.8250000000003,179.0,52.384823,0.0,0.0,2.0,51.674015,0.0,12.0,41.0,115.703215,49.0,87.632398,179.947074,0.0,59.0,1.3182,-15.29,-8.668714,1,4.0,Medium
4.0,0.0,0.0,0.0,0.0,0.0,6.0,0.0,0.0,7.0,0.0,0.0,0.0,0.0,0.0,4.0,0.0,0.0,0.0,0.0,0.0,0.0,0.0,0.0,0.0,0.0,0.0,0.0,21.0,1428.0,3284.222738,21.0,172.0,53.0,124.222574,866.11,948.0357,0.0,3622.378,246.0,82.450463,7.0,7.0,17.0,48.537538,0.0,17.0,53.0,157.31653,88.0,93.967985,226.807843,7.0,74.0,-9.543,-16.55,-8.790861,1,4.0,Medium
5.0,0.0,0.0,0.0,0.0,0.0,0.0,0.0,0.0,0.0,0.0,0.0,0.0,0.0,0.0,5.0,5.0,0.0,0.0,0.0,0.0,0.0,7.0,0.0,0.0,0.0,0.0,0.0,22.0,1274.0,2784.830292,10.0,159.0,49.0,114.135805,887.1,857.7475,0.0,3227.272,218.0,70.687815,0.0,0.0,0.0,58.996883,0.0,5.0,49.0,141.73368599999998,84.0,103.170082,215.200895,0.0,59.0,17.2032,-16.330000000000002,-8.582482,0,5.0,Low
0.0,0.0,0.0,0.0,0.0,0.0,6.0,0.0,0.0,0.0,0.0,0.0,0.0,0.0,0.0,5.0,3.0,0.0,0.0,0.0,0.0,0.0,0.0,8.0,0.0,0.0,0.0,0.0,22.0,1372.0,2821.235033,11.0,181.0,49.0,128.842738,747.88,934.0082,0.0,3371.6,236.0,82.873807,0.0,0.0,3.0,75.631912,0.0,6.0,49.0,152.01500700000005,110.0,108.729078,218.18,0.0,55.0,18.5547,-17.82,-8.551632,1,3.0,Medium
0.0,4.0,0.0,0.0,0.0,0.0,8.0,0.0,0.0,0.0,0.0,0.0,0.0,0.0,0.0,4.0,5.0,0.0,0.0,0.0,0.0,0.0,0.0,0.0,0.0,0.0,0.0,0.0,21.0,1148.0,2380.829127,20.0,135.0,42.0,105.110666,859.65,763.304,0.0,2916.407,197.0,62.587372,0.0,0.0,7.0,56.821293,0.0,16.0,42.0,125.825622,77.0,92.583864,191.75471600000003,0.0,62.0,-10.5045,-16.07,-8.763116,0,5.0,Low
0.0,0.0,6.0,0.0,0.0,0.0,0.0,0.0,0.0,6.0,0.0,0.0,0.0,0.0,0.0,0.0,3.0,0.0,0.0,0.0,0.0,0.0,6.0,0.0,0.0,0.0,0.0,0.0,21.0,1452.0,3351.1941930000003,18.0,183.0,42.0,130.20339,858.45,997.683,0.0,3682.575,249.0,86.050434,6.0,6.0,9.0,44.369973,0.0,18.0,42.0,163.67990400000002,93.0,111.841272,237.600732,6.0,66.0,9.2193,-15.570000000000002,-8.78134,0,5.0,Low
0.0,4.0,0.0,0.0,0.0,0.0,5.0,0.0,0.0,6.0,0.0,0.0,0.0,0.0,0.0,0.0,0.0,0.0,0.0,0.0,0.0,0.0,6.0,0.0,0.0,0.0,0.0,0.0,21.0,1562.0,3572.0251120000003,19.0,201.0,44.0,140.828101,778.28,1079.0539,0.0,3915.2,268.0,95.756061,6.0,6.0,15.0,51.768728,0.0,19.0,44.0,177.35846500000002,108.0,104.981695,251.011682,6.0,67.0,9.6285,-16.27,-8.80324,1,3.0,Medium
0.0,0.0,0.0,0.0,0.0,0.0,0.0,0.0,0.0,4.0,0.0,0.0,0.0,0.0,0.0,6.0,4.0,0.0,0.0,0.0,0.0,0.0,0.0,0.0,8.0,0.0,0.0,0.0,22.0,1544.0,3265.01922,10.0,208.0,54.0,159.929284,809.98,1050.5916000000002,0.0,3789.206,266.0,96.682498,4.0,4.0,0.0,65.363794,0.0,4.0,54.0,168.444994,134.0,155.93286,240.364644,4.0,58.0,29.4524,-17.939999999999998,-8.595199,1,3.0,Medium
4.0,0.0,0.0,0.0,0.0,0.0,6.0,0.0,0.0,7.0,0.0,0.0,0.0,0.0,0.0,0.0,4.0,0.0,0.0,0.0,0.0,0.0,0.0,0.0,0.0,0.0,0.0,0.0,21.0,1332.0,3037.99083,17.0,160.0,49.0,113.951614,840.51,877.4165,0.0,3386.026,230.0,76.404331,7.0,7.0,13.0,47.780562,0.0,17.0,49.0,146.180222,80.0,91.896465,210.967843,7.0,70.0,-14.2458,-16.39,-8.796951,1,4.0,Medium
0.0,0.0,0.0,0.0,0.0,0.0,8.0,0.0,0.0,0.0,0.0,0.0,0.0,0.0,0.0,4.0,2.0,8.0,0.0,0.0,0.0,0.0,0.0,0.0,0.0,0.0,0.0,0.0,22.0,1288.0,2731.1782700000003,12.0,166.0,48.0,114.484996,722.6999999999999,871.8328,0.0,3178.25,222.0,75.687604,0.0,0.0,6.0,73.70663,0.0,8.0,48.0,143.336472,94.0,93.578296,204.14,0.0,56.0,10.6054,-17.86,-8.62002,1,3.0,Medium
0.0,6.0,0.0,0.0,0.0,0.0,0.0,0.0,0.0,0.0,0.0,0.0,0.0,0.0,0.0,5.0,3.0,0.0,0.0,0.0,0.0,0.0,0.0,7.0,0.0,0.0,0.0,0.0,21.0,1236.0,2569.7793360000005,17.0,152.0,41.0,119.348716,877.58,848.1008000000002,0.0,3147.697,211.0,69.096062,0.0,0.0,3.0,51.637177,0.0,12.0,41.0,137.493403,85.0,106.480619,211.947074,0.0,59.0,13.8353,-15.29,-8.750497,0,5.0,Low
0.0,0.0,0.0,0.0,0.0,0.0,6.0,0.0,0.0,0.0,0.0,0.0,0.0,0.0,0.0,4.0,5.0,0.0,0.0,0.0,0.0,0.0,0.0,0.0,0.0,6.0,0.0,0.0,21.0,1404.0,2925.057407,10.0,189.0,46.0,141.05761,729.01,961.5634,0.0,3435.819,241.0,87.25050999999999,0.0,0.0,1.0,68.464957,0.0,6.0,46.0,155.931848,125.0,130.525934,224.01,0.0,52.0,23.0049,-16.990000000000002,-8.560363,1,4.0,Medium
0.0,4.0,0.0,0.0,0.0,0.0,0.0,0.0,0.0,7.0,0.0,0.0,0.0,0.0,0.0,0.0,3.0,0.0,0.0,0.0,0.0,0.0,7.0,0.0,0.0,0.0,0.0,0.0,21.0,1458.0,3426.618912,15.0,187.0,45.0,124.496048,811.24,995.5621,0.0,3665.689,251.0,87.60589399999999,7.0,7.0,8.0,50.162566,0.0,15.0,45.0,163.825402,92.0,99.762293,232.207843,7.0,64.0,10.5368,-16.150000000000002,-8.819407,1,4.0,Medium
0.0,4.0,0.0,0.0,0.0,0.0,5.0,0.0,0.0,0.0,0.0,0.0,0.0,0.0,0.0,4.0,0.0,0.0,0.0,8.0,0.0,0.0,0.0,0.0,0.0,0.0,0.0,0.0,21.0,1214.0,2675.8929540000004,17.0,149.0,42.0,103.164009,777.18,831.4169,0.0,3069.756,208.0,67.172981,0.0,0.0,9.0,59.768766,0.0,13.0,42.0,137.84034100000002,70.0,91.934837,202.874716,0.0,59.0,8.0759,-15.95,-8.756,0,5.0,Low
0.0,0.0,0.0,0.0,0.0,0.0,5.0,0.0,0.0,0.0,0.0,0.0,0.0,0.0,0.0,6.0,5.0,0.0,0.0,0.0,0.0,0.0,6.0,0.0,0.0,0.0,0.0,0.0,22.0,1294.0,2800.279611,11.0,168.0,50.0,112.006091,791.3299999999999,867.9853,0.0,3187.209,223.0,75.706305,0.0,0.0,0.0,75.689443,0.0,5.0,50.0,142.780789,95.0,97.669361,205.18,0.0,55.0,13.3336,-17.82,-8.57469,0,5.0,Low
0.0,5.0,0.0,0.0,0.0,0.0,0.0,0.0,0.0,0.0,0.0,0.0,0.0,0.0,0.0,6.0,4.0,0.0,0.0,0.0,0.0,0.0,6.0,0.0,0.0,0.0,0.0,0.0,21.0,1216.0,2661.627518,16.0,150.0,43.0,109.104855,881.2,826.5768,0.0,3083.134,208.0,67.313683,0.0,0.0,1.0,55.471468,0.0,10.0,43.0,135.34003,79.0,97.900756,205.950895,0.0,58.0,12.9218,-15.58,-8.722691,0,5.0,Low
0.0,5.0,0.0,0.0,0.0,0.0,0.0,0.0,0.0,0.0,0.0,0.0,0.0,0.0,0.0,6.0,5.0,0.0,0.0,0.0,0.0,6.0,0.0,0.0,0.0,0.0,0.0,0.0,22.0,1100.0,2515.760921,16.0,129.0,45.0,82.210699,921.33,731.2608,0.0,2817.541,189.0,55.07780100000001,0.0,0.0,0.0,59.982815,0.0,10.0,45.0,122.263674,44.0,91.137988,186.160895,0.0,60.0,3.3367000000000004,-16.369999999999997,-8.679699,1,4.0,Medium
5.0,0.0,0.0,0.0,0.0,0.0,0.0,0.0,0.0,7.0,0.0,0.0,0.0,0.0,0.0,0.0,2.0,0.0,0.0,0.0,0.0,0.0,7.0,0.0,0.0,0.0,0.0,0.0,21.0,1490.0,3495.6217330000004,12.0,190.0,49.0,129.552725,813.85,1012.9314,0.0,3765.198,256.0,88.858183,7.0,7.0,10.0,46.957761000000005,0.0,12.0,49.0,167.72711300000003,94.0,102.146341,240.164022,7.0,66.0,13.0919,-15.9,-8.782419,1,2.0,Medium
0.0,4.0,0.0,0.0,0.0,0.0,0.0,0.0,0.0,0.0,0.0,0.0,0.0,0.0,0.0,5.0,3.0,0.0,0.0,10.0,0.0,0.0,0.0,0.0,0.0,0.0,0.0,0.0,22.0,1104.0,2503.5404150000004,13.0,133.0,45.0,84.10298,843.0,741.6332,0.0,2808.166,190.0,57.06600499999999,0.0,0.0,1.0,63.05891,0.0,8.0,45.0,123.583237,50.0,88.293442,184.244716,0.0,57.0,9.7675,-16.58,-8.588946,1,4.0,Medium
0.0,0.0,0.0,0.0,0.0,0.0,6.0,0.0,0.0,0.0,0.0,0.0,0.0,0.0,0.0,5.0,4.0,0.0,0.0,0.0,0.0,0.0,6.0,0.0,0.0,0.0,0.0,0.0,21.0,1284.0,2768.35879,11.0,168.0,47.0,113.249444,735.4100000000001,867.9902,0.0,3158.259,221.0,76.353149,0.0,0.0,2.0,72.493223,0.0,6.0,47.0,142.724185,97.0,95.63725,203.97000000000003,0.0,53.0,13.953600000000002,-17.03,-8.597325,1,4.0,Medium
5.0,0.0,0.0,0.0,0.0,0.0,6.0,0.0,0.0,6.0,0.0,0.0,0.0,0.0,0.0,0.0,0.0,0.0,0.0,0.0,0.0,0.0,5.0,0.0,0.0,0.0,0.0,0.0,22.0,1610.0,3653.644547,17.0,204.0,50.0,146.661759,825.46,1100.6159,0.0,4059.706,276.0,97.042808,6.0,6.0,17.0,51.456703000000005,0.0,17.0,50.0,182.154023,110.0,109.694306,261.137861,6.0,72.0,7.424099999999999,-16.849999999999998,-8.759879,1,3.0,Medium
0.0,5.0,0.0,0.0,0.0,0.0,0.0,0.0,0.0,7.0,0.0,0.0,0.0,0.0,0.0,0.0,4.0,0.0,0.0,0.0,0.0,0.0,6.0,0.0,0.0,0.0,0.0,0.0,22.0,1464.0,3422.687788,17.0,184.0,46.0,124.997087,881.81,994.5139,0.0,3704.082,252.0,86.182862,7.0,7.0,8.0,49.652712,0.0,17.0,46.0,163.75128800000002,89.0,102.779135,235.374022,7.0,68.0,5.4794,-16.689999999999998,-8.806034,1,4.0,Medium
4.0,0.0,0.0,0.0,0.0,0.0,0.0,0.0,0.0,7.0,0.0,0.0,0.0,0.0,0.0,0.0,4.0,0.0,0.0,0.0,0.0,0.0,7.0,0.0,0.0,0.0,0.0,0.0,22.0,1486.0,3482.532315,11.0,190.0,51.0,126.017574,840.17,1002.5633,0.0,3740.68,256.0,88.26804999999999,7.0,7.0,7.0,53.367371000000006,0.0,11.0,51.0,166.059352,93.0,102.972293,236.417843,7.0,66.0,11.1671,-16.94,-8.786923,1,1.0,Medium
0.0,4.0,0.0,0.0,0.0,0.0,0.0,0.0,0.0,0.0,0.0,0.0,0.0,0.0,0.0,5.0,3.0,0.0,0.0,0.0,0.0,9.0,0.0,0.0,0.0,0.0,0.0,0.0,21.0,1106.0,2614.938764,13.0,135.0,43.0,77.088407,816.7,747.1442,0.0,2806.2380000000003,190.0,56.98729899999999,0.0,0.0,1.0,61.976404,0.0,8.0,43.0,125.786124,39.0,87.771294,185.034716,0.0,55.0,11.7643,-15.79,-8.648445,0,5.0,Low
0.0,0.0,0.0,0.0,0.0,0.0,8.0,0.0,0.0,0.0,0.0,0.0,0.0,0.0,0.0,4.0,4.0,0.0,0.0,0.0,0.0,0.0,6.0,0.0,0.0,0.0,0.0,0.0,22.0,1372.0,2933.815334,12.0,180.0,48.0,122.868468,750.3599999999999,931.2668,0.0,3372.612,236.0,82.473886,0.0,0.0,4.0,75.904442,0.0,8.0,48.0,153.19791600000002,106.0,101.720908,218.14,0.0,56.0,13.1362,-17.86,-8.607758,1,4.0,Medium
0.0,0.0,0.0,0.0,0.0,0.0,6.0,0.0,0.0,0.0,0.0,0.0,0.0,0.0,0.0,5.0,3.0,0.0,0.0,0.0,0.0,0.0,8.0,0.0,0.0,0.0,0.0,0.0,22.0,1420.0,3081.9668890000003,11.0,189.0,49.0,126.925298,747.88,970.9442,0.0,3483.816,244.0,86.126847,0.0,0.0,3.0,76.717736,0.0,6.0,49.0,159.396207,110.0,104.001662,226.18,0.0,55.0,21.6755,-17.82,-8.54849,1,3.0,Medium
0.0,0.0,5.0,0.0,0.0,0.0,0.0,0.0,0.0,0.0,5.0,0.0,0.0,0.0,0.0,0.0,3.0,0.0,0.0,0.0,0.0,0.0,8.0,0.0,0.0,0.0,0.0,0.0,21.0,1360.0,2874.931767,10.0,175.0,42.0,134.644633,792.14,943.708,0.0,3418.818,232.0,79.341001,0.0,0.0,2.0,54.501052,0.0,10.0,42.0,153.89001100000002,104.0,119.253843,229.554805,0.0,57.0,25.7667,-15.54,-8.6089115,1,3.0,Medium
4.0,0.0,0.0,0.0,0.0,0.0,6.0,0.0,0.0,7.0,0.0,0.0,0.0,0.0,0.0,0.0,0.0,0.0,0.0,0.0,0.0,6.0,0.0,0.0,0.0,0.0,0.0,0.0,23.0,1568.0,3721.121724,17.0,196.0,53.0,125.041968,837.79,1060.5545,0.0,3954.994,270.0,91.279199,7.0,7.0,17.0,58.555838,0.0,17.0,53.0,177.918024,82.0,103.806933,249.387843,7.0,74.0,1.4901999999999995,-17.97,-8.823018,1,4.0,Medium
0.0,4.0,0.0,0.0,0.0,0.0,0.0,0.0,0.0,0.0,0.0,0.0,0.0,0.0,0.0,5.0,3.0,0.0,0.0,0.0,0.0,0.0,0.0,9.0,0.0,0.0,0.0,0.0,21.0,1268.0,2624.2854260000004,13.0,162.0,43.0,121.86905000000002,816.7,871.3712,0.0,3184.967,217.0,73.33921,0.0,0.0,1.0,58.795039,0.0,8.0,43.0,140.998239,93.0,108.048789,212.034716,0.0,55.0,21.0145,-15.79,-8.6178665,1,4.0,Medium
0.0,0.0,0.0,0.0,0.0,0.0,6.0,0.0,0.0,0.0,0.0,0.0,0.0,0.0,0.0,4.0,4.0,0.0,0.0,0.0,0.0,0.0,0.0,0.0,0.0,8.0,0.0,0.0,22.0,1588.0,3311.4177040000004,10.0,218.0,48.0,164.858766,741.48,1101.5934000000002,0.0,3873.592,272.0,101.160506,0.0,0.0,2.0,71.409796,0.0,6.0,48.0,177.93445000000003,148.0,150.69253400000002,254.22,0.0,54.0,34.1358,-17.78,-8.499872,1,3.0,Medium
6.0,0.0,0.0,0.0,0.0,0.0,5.0,0.0,0.0,7.0,0.0,0.0,0.0,0.0,0.0,0.0,0.0,0.0,0.0,0.0,0.0,0.0,4.0,0.0,0.0,0.0,0.0,0.0,22.0,1598.0,3661.748708,18.0,199.0,51.0,144.56253099999998,862.3299999999999,1086.401,0.0,4056.038,274.0,94.973616,7.0,7.0,18.0,46.417344,0.0,18.0,51.0,180.132315,104.0,108.487616,260.130201,7.0,75.0,3.251899999999999,-16.64,-8.776563,1,4.0,Medium
5.0,0.0,0.0,0.0,0.0,0.0,0.0,0.0,4.0,7.0,0.0,0.0,0.0,0.0,0.0,0.0,0.0,0.0,0.0,0.0,0.0,0.0,6.0,0.0,0.0,0.0,0.0,0.0,22.0,1632.0,3764.890024,20.0,208.0,47.0,146.327563,841.45,1123.918,0.0,4109.838,280.0,99.126304,7.0,7.0,16.0,50.444028,0.0,20.0,47.0,184.973245,109.0,109.562211,263.214022,7.0,72.0,8.778400000000001,-16.85,-8.780663,1,3.0,Medium
0.0,5.0,0.0,0.0,0.0,0.0,5.0,0.0,0.0,0.0,0.0,0.0,0.0,0.0,0.0,0.0,3.0,0.0,0.0,0.0,0.0,0.0,8.0,0.0,0.0,0.0,0.0,0.0,21.0,1390.0,2977.7271470000005,15.0,180.0,37.0,132.515838,768.1899999999999,972.7165,0.0,3489.0730000000003,237.0,83.230756,0.0,0.0,7.0,56.344857,0.0,15.0,37.0,159.348771,104.0,108.426733,234.990895,0.0,57.0,18.2572,-15.54,-8.722801,1,2.0,Medium
0.0,0.0,0.0,0.0,0.0,0.0,6.0,0.0,0.0,0.0,0.0,0.0,0.0,0.0,0.0,6.0,4.0,0.0,0.0,0.0,0.0,0.0,0.0,6.0,0.0,0.0,0.0,0.0,22.0,1300.0,2690.2812780000004,12.0,168.0,50.0,118.77679,781.94,873.147,0.0,3204.24,224.0,76.53007399999998,0.0,0.0,2.0,75.072904,0.0,6.0,50.0,142.573316,100.0,102.910692,206.14,0.0,56.0,11.711,-17.86,-8.592436,1,4.0,Medium
4.0,0.0,0.0,0.0,0.0,0.0,7.0,0.0,0.0,0.0,0.0,0.0,0.0,0.0,0.0,0.0,3.0,0.0,0.0,0.0,0.0,0.0,7.0,0.0,0.0,0.0,0.0,0.0,21.0,1388.0,2950.978096,11.0,180.0,42.0,132.047235,735.43,958.7433,0.0,3473.5550000000003,237.0,83.174516,0.0,0.0,8.0,59.435466000000005,0.0,11.0,42.0,158.242621,106.0,106.857017,231.954716,0.0,57.0,16.5813,-15.87,-8.695373,1,3.0,Medium
0.0,4.0,0.0,0.0,0.0,0.0,0.0,0.0,0.0,0.0,0.0,0.0,0.0,0.0,0.0,5.0,3.0,10.0,0.0,0.0,0.0,0.0,0.0,0.0,0.0,0.0,0.0,0.0,22.0,1164.0,2526.954815,13.0,143.0,45.0,101.63837,843.0,788.0232,0.0,2948.436,200.0,63.119805,0.0,0.0,1.0,59.70935,0.0,8.0,45.0,129.022937,70.0,91.896372,194.244716,0.0,57.0,13.6845,-16.58,-8.601832,1,4.0,Medium
0.0,0.0,4.0,0.0,0.0,0.0,0.0,0.0,0.0,0.0,0.0,0.0,0.0,0.0,0.0,5.0,5.0,0.0,0.0,0.0,0.0,0.0,7.0,0.0,0.0,0.0,0.0,0.0,21.0,1238.0,2705.858224,13.0,157.0,43.0,111.507622,844.36,843.6422,0.0,3112.816,212.0,70.330354,0.0,0.0,-1.0,58.996883,0.0,8.0,43.0,138.05944899999997,85.0,104.622918,206.685844,0.0,55.0,17.2862,-15.79,-8.659302,0,7.0,Low
0.0,0.0,0.0,0.0,5.0,0.0,0.0,0.0,0.0,7.0,0.0,0.0,0.0,0.0,0.0,0.0,3.0,0.0,0.0,0.0,0.0,0.0,6.0,0.0,0.0,0.0,0.0,0.0,21.0,1576.0,3810.50331,12.0,211.0,49.0,123.666896,711.6800000000001,1074.5494,0.0,3876.452,272.0,98.225445,7.0,7.0,9.0,66.032232,0.0,12.0,49.0,179.305819,103.0,99.467905,241.183127,7.0,61.0,13.8821,-17.35,-8.834116,1,1.0,Medium
0.0,5.0,0.0,0.0,0.0,0.0,0.0,0.0,0.0,0.0,0.0,0.0,0.0,0.0,0.0,6.0,3.0,0.0,0.0,0.0,0.0,0.0,7.0,0.0,0.0,0.0,0.0,0.0,21.0,1270.0,2790.474866,16.0,159.0,43.0,115.182019,867.37,870.4518,0.0,3210.385,217.0,71.64794599999999,0.0,0.0,2.0,55.981322000000006,0.0,10.0,43.0,142.375564,85.0,100.477962,214.950895,0.0,58.0,17.3216,-15.580000000000002,-8.709776,0,6.0,Low
6.0,0.0,0.0,0.0,0.0,0.0,6.0,0.0,0.0,7.0,0.0,0.0,0.0,0.0,0.0,0.0,5.0,0.0,0.0,0.0,0.0,0.0,0.0,0.0,0.0,0.0,0.0,0.0,24.0,1480.0,3343.7366810000003,19.0,175.0,55.0,128.629546,988.52,974.1727,0.0,3790.337,255.0,83.110457,7.0,7.0,14.0,50.985367,0.0,19.0,55.0,162.520514,87.0,106.294561,239.510201,7.0,80.0,-15.7847,-18.26,-8.769054,1,4.0,Medium
0.0,4.0,0.0,0.0,0.0,0.0,0.0,0.0,0.0,0.0,0.0,0.0,0.0,0.0,0.0,6.0,3.0,8.0,0.0,0.0,0.0,0.0,0.0,0.0,0.0,0.0,0.0,0.0,21.0,1100.0,2389.987633,14.0,133.0,44.0,95.664706,836.93,739.52,0.0,2794.183,189.0,58.721342,0.0,0.0,1.0,56.478461,0.0,8.0,44.0,121.11812,65.0,87.374096,183.994716,0.0,56.0,9.9709,-15.83,-8.619884,0,5.0,Low
0.0,4.0,0.0,0.0,0.0,0.0,0.0,0.0,0.0,7.0,0.0,0.0,0.0,0.0,0.0,0.0,4.0,0.0,0.0,0.0,0.0,0.0,6.0,0.0,0.0,0.0,0.0,0.0,21.0,1404.0,3297.771564,15.0,178.0,45.0,118.418884,825.0699999999999,951.6871,0.0,3538.438,242.0,83.27163099999999,7.0,7.0,7.0,49.652712,0.0,15.0,45.0,156.789868,86.0,97.185087,223.20784300000005,7.0,64.0,6.1370000000000005,-16.15,-8.813115,1,4.0,Medium
0.0,0.0,0.0,0.0,0.0,0.0,8.0,0.0,0.0,0.0,2.0,0.0,0.0,0.0,0.0,0.0,8.0,0.0,0.0,0.0,0.0,0.0,4.0,0.0,0.0,0.0,0.0,0.0,22.0,1228.0,2536.8996180000004,8.0,158.0,46.0,109.984926,743.22,817.7876000000001,0.0,3027.9880000000003,212.0,71.730424,0.0,0.0,0.0,73.785894,0.0,8.0,46.0,135.049676,94.0,98.69391600000002,194.22,0.0,54.0,3.2933999999999983,-17.78,-8.6521845,1,3.0,Medium
6.0,0.0,0.0,0.0,0.0,0.0,4.0,0.0,0.0,7.0,0.0,0.0,0.0,0.0,0.0,0.0,4.0,0.0,0.0,0.0,0.0,0.0,0.0,0.0,0.0,0.0,0.0,0.0,21.0,1312.0,3004.895354,17.0,154.0,49.0,113.39973,886.9099999999999,862.8333,0.0,3374.786,226.0,73.26784299999998,7.0,7.0,13.0,40.975294,0.0,17.0,49.0,144.060798,74.0,93.273023,212.960201,7.0,72.0,-13.9876,-15.81,-8.790496,1,4.0,Medium
0.0,5.0,0.0,0.0,0.0,0.0,0.0,0.0,0.0,0.0,0.0,0.0,0.0,0.0,0.0,4.0,3.0,0.0,0.0,0.0,0.0,9.0,0.0,0.0,0.0,0.0,0.0,0.0,21.0,1114.0,2622.383608,14.0,135.0,41.0,79.57734400000001,826.9100000000001,757.1122,0.0,2841.739,191.0,57.281825,0.0,0.0,2.0,58.582355,0.0,10.0,41.0,127.362513,39.0,89.637462,189.030895,0.0,56.0,11.008699999999996,-15.5,-8.693349,0,5.0,Low
2.0,0.0,0.0,0.0,0.0,0.0,0.0,0.0,0.0,12.0,0.0,0.0,0.0,0.0,0.0,3.0,5.0,0.0,0.0,0.0,0.0,0.0,0.0,0.0,0.0,0.0,0.0,0.0,22.0,1376.0,3394.7654030000003,17.0,165.0,59.0,102.336682,927.76,882.017,0.0,3482.056,240.0,78.238773,12.0,12.0,9.0,51.14138,0.0,14.0,59.0,146.993105,68.0,85.12858,204.36629,12.0,75.0,-17.3061,-17.96,-8.835093,1,4.0,Medium
0.0,0.0,0.0,0.0,0.0,0.0,6.0,0.0,0.0,7.0,0.0,0.0,0.0,0.0,0.0,0.0,3.0,0.0,0.0,0.0,0.0,0.0,6.0,0.0,0.0,0.0,0.0,0.0,22.0,1556.0,3590.977037000001,13.0,205.0,51.0,131.70941599999998,742.4200000000001,1053.5821,0.0,3838.295,269.0,96.733861,7.0,7.0,10.0,66.863711,0.0,13.0,51.0,173.91952,109.0,101.033509,237.353127,7.0,64.0,7.686900000000001,-18.18,-8.818949,1,2.0,Medium
0.0,0.0,0.0,0.0,0.0,0.0,5.0,0.0,0.0,7.0,0.0,0.0,0.0,0.0,0.0,0.0,3.0,0.0,0.0,0.0,0.0,0.0,0.0,6.0,0.0,0.0,0.0,0.0,21.0,1450.0,3253.964183,12.0,190.0,49.0,126.293351,711.6800000000001,977.8124,0.0,3581.885,251.0,89.92536000000001,7.0,7.0,9.0,62.646709,0.0,12.0,49.0,160.45423900000003,103.0,99.673302,220.183127,7.0,61.0,5.705999999999998,-17.35,-8.79543,1,2.0,Medium
0.0,0.0,0.0,0.0,0.0,0.0,6.0,0.0,0.0,7.0,0.0,0.0,0.0,0.0,0.0,0.0,3.0,0.0,0.0,0.0,0.0,0.0,7.0,0.0,0.0,0.0,0.0,0.0,23.0,1638.0,3775.737788,13.0,217.0,53.0,139.308106,768.72,1112.6611,0.0,4036.601,283.0,102.173296,7.0,7.0,10.0,70.57837,0.0,13.0,53.0,183.556008,116.0,106.820715,250.563127,7.0,66.0,11.009,-18.97,-8.796201,1,1.0,Medium
0.0,0.0,0.0,0.0,0.0,0.0,6.0,0.0,0.0,0.0,0.0,0.0,0.0,0.0,0.0,4.0,4.0,0.0,0.0,0.0,0.0,0.0,8.0,0.0,0.0,0.0,0.0,0.0,22.0,1396.0,3020.408912,10.0,186.0,48.0,124.357558,741.48,953.2894,0.0,3424.728,240.0,84.61531399999998,0.0,0.0,2.0,76.528492,0.0,6.0,48.0,156.61213,108.0,103.48378200000002,222.22,0.0,54.0,20.4998,-17.78,-8.5445385,1,3.0,Medium
0.0,0.0,0.0,0.0,0.0,5.0,0.0,0.0,0.0,0.0,0.0,0.0,0.0,0.0,0.0,5.0,3.0,0.0,0.0,9.0,0.0,0.0,0.0,0.0,0.0,0.0,0.0,0.0,22.0,1132.0,2639.8529180000005,10.0,142.0,49.0,79.041087,743.44,751.5375000000001,0.0,2808.5240000000003,196.0,60.789027,0.0,0.0,2.0,76.39757499999999,0.0,5.0,49.0,126.825688,56.0,90.18349,178.22000000000003,0.0,54.0,7.134799999999999,-17.779999999999998,-8.546604,1,4.0,Medium
5.0,0.0,0.0,0.0,0.0,0.0,0.0,0.0,0.0,0.0,0.0,0.0,0.0,0.0,0.0,5.0,3.0,0.0,0.0,0.0,0.0,0.0,8.0,0.0,0.0,0.0,0.0,0.0,21.0,1300.0,2857.7642370000003,10.0,165.0,47.0,118.691443,833.14,886.4185,0.0,3283.468,222.0,73.916906,0.0,0.0,2.0,56.301932,0.0,5.0,47.0,146.16826600000002,89.0,102.537288,219.990895,0.0,57.0,22.6807,-15.54,-8.569655,1,4.0,Medium
0.0,0.0,0.0,0.0,0.0,0.0,0.0,0.0,0.0,12.0,0.0,0.0,0.0,0.0,0.0,2.0,3.0,0.0,0.0,0.0,0.0,0.0,5.0,0.0,0.0,0.0,0.0,0.0,22.0,1558.0,3839.438524,14.0,201.0,58.0,120.041408,824.59,1032.5929999999998,0.0,3868.077,271.0,95.007945,12.0,12.0,9.0,59.911016,0.0,12.0,58.0,170.849268,92.0,92.728634,229.493932,12.0,70.0,1.8229999999999984,-18.42,-8.8866005,1,3.0,Medium
0.0,0.0,0.0,0.0,0.0,0.0,6.0,0.0,0.0,7.0,0.0,0.0,0.0,0.0,0.0,0.0,3.0,0.0,0.0,0.0,0.0,0.0,0.0,6.0,0.0,0.0,0.0,0.0,22.0,1520.0,3395.4281450000008,13.0,199.0,51.0,133.147496,742.4200000000001,1025.8801,0.0,3754.133,263.0,94.294081,7.0,7.0,10.0,66.049343,0.0,13.0,51.0,168.38362,109.0,104.579071,231.353127,7.0,64.0,5.346299999999999,-18.18,-8.785805,1,3.0,Medium
5.0,0.0,0.0,0.0,0.0,0.0,5.0,0.0,0.0,6.0,0.0,0.0,0.0,0.0,0.0,0.0,6.0,0.0,0.0,0.0,0.0,0.0,0.0,0.0,0.0,0.0,0.0,0.0,22.0,1298.0,2923.8572480000003,16.0,153.0,50.0,110.94332,904.0,848.3772,0.0,3322.258,224.0,72.107944,6.0,6.0,10.0,48.709604,0.0,16.0,50.0,141.647926,75.0,95.112507,209.177861,6.0,71.0,-15.2929,-16.810000000000002,-8.76304,0,7.0,Low
0.0,5.0,0.0,0.0,0.0,0.0,0.0,0.0,0.0,0.0,0.0,0.0,0.0,0.0,0.0,4.0,2.0,10.0,0.0,0.0,0.0,0.0,0.0,0.0,0.0,0.0,0.0,0.0,21.0,1144.0,2478.486256,14.0,140.0,41.0,102.605781,813.08,782.7872,0.0,2912.882,196.0,62.309159,0.0,0.0,3.0,53.110496,0.0,10.0,41.0,127.99837200000002,69.0,90.55254,194.030895,0.0,56.0,14.0066,-15.5,-8.6656065,0,5.0,Low
0.0,0.0,0.0,0.0,0.0,0.0,5.0,0.0,0.0,0.0,5.0,0.0,0.0,0.0,0.0,0.0,3.0,0.0,0.0,0.0,0.0,0.0,9.0,0.0,0.0,0.0,0.0,0.0,22.0,1462.0,3085.001013,5.0,197.0,49.0,138.685508,688.44,1005.9065,0.0,3580.009,251.0,89.567886,0.0,0.0,2.0,75.228881,0.0,5.0,49.0,164.830769,121.0,112.791049,233.22000000000003,0.0,54.0,28.6278,-17.779999999999998,-8.40532,1,3.0,Medium
0.0,0.0,0.0,0.0,0.0,0.0,6.0,0.0,0.0,0.0,0.0,0.0,0.0,0.0,0.0,4.0,4.0,8.0,0.0,0.0,0.0,0.0,0.0,0.0,0.0,0.0,0.0,0.0,22.0,1204.0,2560.077152,10.0,154.0,48.0,103.819758,741.48,806.1054,0.0,2975.864,208.0,69.160506,0.0,0.0,2.0,73.310972,0.0,6.0,48.0,132.679618,84.0,90.186758,190.22,0.0,54.0,9.1694,-17.78,-8.555173,1,4.0,Medium
5.0,0.0,0.0,0.0,0.0,0.0,0.0,0.0,0.0,0.0,0.0,0.0,0.0,0.0,0.0,5.0,6.0,6.0,0.0,0.0,0.0,0.0,0.0,0.0,0.0,0.0,0.0,0.0,22.0,1076.0,2310.734124,10.0,126.0,49.0,92.655291,900.93,703.4844999999999,0.0,2763.373,185.0,54.762446,0.0,0.0,-1.0,56.073889,0.0,5.0,49.0,116.74876799999998,60.0,90.620108,182.200895,0.0,59.0,4.305599999999998,-16.33,-8.5543165,0,5.0,Low
5.0,0.0,0.0,0.0,0.0,0.0,5.0,0.0,0.0,6.0,0.0,0.0,0.0,0.0,0.0,0.0,5.0,0.0,0.0,0.0,0.0,0.0,0.0,0.0,0.0,0.0,0.0,0.0,21.0,1270.0,2867.943845,16.0,150.0,48.0,109.421794,863.87,833.1732,0.0,3251.203,219.0,71.002772,6.0,6.0,11.0,45.50479899999999,0.0,16.0,48.0,139.046972,74.0,91.902507,204.967861,6.0,69.0,-14.2152,-16.02,-8.769138,1,4.0,Medium
0.0,4.0,0.0,0.0,0.0,0.0,0.0,0.0,0.0,6.0,0.0,0.0,0.0,0.0,0.0,0.0,3.0,0.0,0.0,0.0,0.0,0.0,9.0,0.0,0.0,0.0,0.0,0.0,22.0,1542.0,3586.727764,14.0,201.0,46.0,133.918024,823.87,1061.5644,0.0,3862.0430000000006,265.0,93.546277,6.0,6.0,7.0,55.51395,0.0,14.0,46.0,174.423886,102.0,107.444468,247.421682,6.0,64.0,18.1602,-16.86,-8.794878,1,2.0,Medium
0.0,0.0,0.0,0.0,0.0,0.0,6.0,0.0,0.0,0.0,0.0,0.0,0.0,0.0,0.0,5.0,4.0,0.0,0.0,0.0,0.0,0.0,0.0,7.0,0.0,0.0,0.0,0.0,22.0,1324.0,2724.9791670000004,11.0,173.0,49.0,122.52589400000002,761.71,894.7502000000001,0.0,3258.376,228.0,78.946174,0.0,0.0,2.0,75.257786,0.0,6.0,49.0,145.90212300000002,104.0,105.560945,210.18,0.0,55.0,14.545000000000002,-17.82,-8.572927,1,3.0,Medium
0.0,0.0,0.0,5.0,0.0,0.0,0.0,0.0,0.0,7.0,0.0,0.0,0.0,0.0,0.0,0.0,3.0,6.0,0.0,0.0,0.0,0.0,0.0,0.0,0.0,0.0,0.0,0.0,21.0,1372.0,3265.76224,12.0,177.0,49.0,108.484976,711.6800000000001,918.2114,0.0,3399.534,238.0,82.807184,7.0,7.0,9.0,61.758202,0.0,12.0,49.0,152.654,85.0,88.70248699999999,207.183127,7.0,61.0,1.499299999999998,-17.35,-8.829654,1,3.0,Medium
0.0,4.0,0.0,0.0,0.0,0.0,0.0,0.0,0.0,0.0,0.0,0.0,0.0,0.0,0.0,5.0,3.0,0.0,0.0,9.0,0.0,0.0,0.0,0.0,0.0,0.0,0.0,0.0,21.0,1052.0,2378.662574,13.0,126.0,43.0,80.825054,816.7,705.5912000000001,0.0,2679.995,181.0,54.16380099999999,0.0,0.0,1.0,59.411485,0.0,8.0,43.0,117.482283,48.0,84.528657,176.034716,0.0,55.0,8.2534,-15.79,-8.583402,0,5.0,Low
0.0,5.0,0.0,0.0,0.0,0.0,4.0,0.0,0.0,7.0,0.0,0.0,0.0,0.0,0.0,0.0,5.0,0.0,0.0,0.0,0.0,0.0,0.0,0.0,0.0,0.0,0.0,0.0,21.0,1280.0,2935.892533,21.0,151.0,44.0,108.343053,887.0999999999999,847.5147,0.0,3274.293,221.0,72.126308,7.0,7.0,11.0,44.180099,0.0,21.0,44.0,140.25083800000002,72.0,90.888975,205.004022,7.0,70.0,-16.9697,-16.06,-8.79724,1,4.0,Medium
0.0,4.0,0.0,0.0,0.0,0.0,0.0,0.0,0.0,0.0,0.0,0.0,0.0,0.0,0.0,5.0,3.0,0.0,0.0,0.0,0.0,10.0,0.0,0.0,0.0,0.0,0.0,0.0,22.0,1164.0,2766.069515,13.0,143.0,45.0,79.95115,843.0,787.8032000000001,0.0,2948.436,200.0,60.203225,0.0,0.0,1.0,65.90881999999999,0.0,8.0,45.0,132.809727,40.0,91.896372,194.244716,0.0,57.0,13.668499999999998,-16.58,-8.645499,1,4.0,Medium
0.0,0.0,0.0,0.0,0.0,0.0,5.0,0.0,0.0,0.0,0.0,0.0,0.0,0.0,0.0,5.0,2.0,0.0,0.0,0.0,0.0,0.0,10.0,0.0,0.0,0.0,0.0,0.0,22.0,1486.0,3254.1110260000005,10.0,201.0,49.0,133.747007,729.61,1025.8305,0.0,3637.125,255.0,91.531824,0.0,0.0,3.0,77.539615,0.0,5.0,49.0,168.138848,117.0,107.460305,237.22000000000003,0.0,54.0,29.7571,-17.78,-8.473861,1,3.0,Medium
0.0,5.0,0.0,0.0,0.0,0.0,0.0,0.0,0.0,0.0,0.0,0.0,0.0,0.0,0.0,5.0,3.0,0.0,0.0,0.0,0.0,0.0,0.0,8.0,0.0,0.0,0.0,0.0,21.0,1252.0,2597.032381,15.0,157.0,42.0,120.608883,847.14,859.7360000000001,0.0,3166.332,214.0,71.217636,0.0,0.0,2.0,55.216108,0.0,10.0,42.0,139.245821,89.0,107.264704,211.990895,0.0,57.0,17.4249,-15.54,-8.698652,0,5.0,Low
0.0,5.0,0.0,0.0,0.0,0.0,0.0,0.0,0.0,0.0,0.0,0.0,0.0,0.0,0.0,6.0,4.0,6.0,0.0,0.0,0.0,0.0,0.0,0.0,0.0,0.0,0.0,0.0,21.0,1072.0,2316.378698,16.0,126.0,43.0,93.701505,881.2,716.1888,0.0,2746.486,184.0,55.722577,0.0,0.0,1.0,53.058328,0.0,10.0,43.0,117.390646,61.0,87.927988,181.950895,0.0,58.0,4.424,-15.58,-8.660253,0,5.0,Low
0.0,4.0,0.0,0.0,0.0,0.0,0.0,0.0,0.0,6.0,0.0,0.0,0.0,0.0,0.0,0.0,5.0,0.0,0.0,0.0,0.0,0.0,7.0,0.0,0.0,0.0,0.0,0.0,22.0,1434.0,3329.033068,14.0,183.0,46.0,121.763696,851.53,973.8144,0.0,3607.541,247.0,84.87775099999999,6.0,6.0,5.0,54.494242,0.0,14.0,46.0,160.352818,90.0,102.290056,229.421682,6.0,64.0,9.3606,-16.86,-8.806801,1,3.0,Medium
0.0,4.0,0.0,0.0,0.0,0.0,0.0,0.0,0.0,0.0,0.0,0.0,0.0,0.0,0.0,5.0,3.0,0.0,0.0,0.0,0.0,0.0,9.0,0.0,0.0,0.0,0.0,0.0,21.0,1322.0,2917.608764,13.0,171.0,43.0,119.71193,816.7,912.9242,0.0,3311.21,226.0,76.99888,0.0,0.0,1.0,60.016591,0.0,8.0,43.0,149.302089,93.0,102.730446,221.034716,0.0,55.0,24.5254,-15.79,-8.593094,1,4.0,Medium
5.0,0.0,0.0,0.0,0.0,0.0,0.0,0.0,0.0,7.0,0.0,0.0,0.0,0.0,0.0,3.0,0.0,0.0,0.0,0.0,0.0,7.0,0.0,0.0,0.0,0.0,0.0,0.0,22.0,1422.0,3500.7990670000004,15.0,174.0,54.0,105.625842,873.1800000000001,952.1598,0.0,3620.761,245.0,78.933391,7.0,7.0,12.0,52.254597,0.0,12.0,54.0,160.390103,59.0,95.275085,228.254022,7.0,71.0,5.616,-16.81,-8.823349,1,4.0,Medium
0.0,0.0,0.0,0.0,0.0,0.0,6.0,0.0,0.0,0.0,6.0,0.0,0.0,0.0,0.0,0.0,4.0,0.0,0.0,0.0,0.0,0.0,5.0,0.0,0.0,0.0,0.0,0.0,21.0,1290.0,2652.754221,6.0,168.0,48.0,122.958818,689.64,870.5112,0.0,3174.2580000000003,222.0,76.374809,0.0,0.0,2.0,70.01155700000001,0.0,6.0,48.0,142.945674,105.0,103.067464,204.93,0.0,54.0,14.654099999999998,-17.07,-8.555365,1,3.0,Medium
0.0,4.0,0.0,0.0,0.0,0.0,0.0,0.0,0.0,0.0,0.0,0.0,0.0,0.0,0.0,6.0,4.0,0.0,0.0,0.0,0.0,0.0,0.0,8.0,0.0,0.0,0.0,0.0,22.0,1272.0,2645.50094,14.0,160.0,46.0,119.641472,877.06,864.9720000000001,0.0,3201.886,218.0,72.02828199999999,0.0,0.0,0.0,61.814962,0.0,8.0,46.0,140.27038600000003,90.0,108.608536,212.204716,0.0,58.0,17.1028,-16.62,-8.6373005,0,6.0,Low
0.0,5.0,0.0,0.0,0.0,0.0,0.0,0.0,0.0,7.0,0.0,0.0,0.0,0.0,0.0,3.0,0.0,0.0,0.0,0.0,0.0,0.0,0.0,7.0,0.0,0.0,0.0,0.0,22.0,1548.0,3508.068693,20.0,195.0,49.0,140.455231,887.1800000000001,1059.0343,0.0,3910.408,266.0,92.205314,7.0,7.0,12.0,49.780202,0.0,17.0,49.0,172.68050300000002,101.0,111.04647,249.254022,7.0,71.0,10.6756,-16.81,-8.767566,1,3.0,Medium
0.0,0.0,5.0,0.0,0.0,0.0,0.0,0.0,0.0,7.0,0.0,0.0,0.0,0.0,0.0,0.0,3.0,0.0,0.0,0.0,0.0,0.0,7.0,0.0,0.0,0.0,0.0,0.0,22.0,1548.0,3608.965331,17.0,198.0,46.0,136.011776,867.98,1061.4739,0.0,3901.468,266.0,93.017125,7.0,7.0,9.0,50.162566,0.0,17.0,46.0,174.322357,100.0,114.164946,248.937932,7.0,68.0,11.8297,-16.69,-8.792957,1,2.0,Medium
0.0,4.0,0.0,0.0,0.0,0.0,4.0,0.0,0.0,0.0,0.0,0.0,0.0,0.0,0.0,0.0,5.0,0.0,0.0,0.0,0.0,0.0,8.0,0.0,0.0,0.0,0.0,0.0,21.0,1316.0,2823.173767,12.0,171.0,38.0,122.126542,760.97,912.23,0.0,3293.291,225.0,78.161148,0.0,0.0,3.0,59.351833,0.0,12.0,38.0,149.659878,97.0,104.346916,220.074716,0.0,54.0,17.119099999999996,-15.75,-8.688396,1,4.0,Medium
0.0,4.0,0.0,0.0,0.0,0.0,6.0,0.0,0.0,0.0,0.0,0.0,0.0,0.0,0.0,0.0,4.0,7.0,0.0,0.0,0.0,0.0,0.0,0.0,0.0,0.0,0.0,0.0,21.0,1178.0,2462.637247,14.0,146.0,38.0,108.744041,756.02,805.2964,0.0,2975.67,202.0,66.831026,0.0,0.0,6.0,56.422307,0.0,14.0,38.0,132.34025,80.0,93.526352,196.994716,0.0,56.0,4.241200000000001,-15.830000000000002,-8.75112,0,5.0,Low
0.0,0.0,6.0,0.0,0.0,0.0,4.0,0.0,0.0,7.0,0.0,0.0,0.0,0.0,0.0,0.0,4.0,0.0,0.0,0.0,0.0,0.0,0.0,0.0,0.0,0.0,0.0,0.0,21.0,1348.0,3073.8115880000005,23.0,160.0,43.0,119.32476,903.71,902.8395,0.0,3453.044,232.0,76.93236699999999,7.0,7.0,13.0,40.975294,0.0,23.0,43.0,148.853946,80.0,103.843349,218.436893,7.0,72.0,-14.209,-15.81,-8.814522,0,5.0,Low
6.0,0.0,0.0,0.0,0.0,0.0,0.0,0.0,0.0,0.0,0.0,0.0,0.0,0.0,0.0,5.0,3.0,0.0,0.0,0.0,0.0,0.0,7.0,0.0,0.0,0.0,0.0,0.0,21.0,1278.0,2797.91971,11.0,159.0,47.0,117.670956,860.78,868.1156000000001,0.0,3251.79,218.0,71.277948,0.0,0.0,3.0,52.587273,0.0,6.0,47.0,143.40144700000002,85.0,102.34413,218.947074,0.0,59.0,19.128,-15.29,-8.628242,1,4.0,Medium
6.0,0.0,0.0,0.0,0.0,0.0,0.0,0.0,0.0,6.0,0.0,0.0,0.0,0.0,0.0,0.0,3.0,0.0,0.0,0.0,0.0,0.0,6.0,0.0,0.0,0.0,0.0,0.0,21.0,1416.0,3282.277959,12.0,177.0,48.0,124.27836,841.6500000000001,957.6768,0.0,3604.317,243.0,82.38591,6.0,6.0,9.0,44.369973,0.0,12.0,48.0,158.886756,87.0,101.270946,232.12404,6.0,66.0,9.4407,-15.570000000000002,-8.767507,1,2.0,Medium
0.0,0.0,0.0,5.0,0.0,0.0,0.0,0.0,0.0,0.0,0.0,0.0,0.0,0.0,0.0,6.0,4.0,0.0,0.0,0.0,0.0,0.0,0.0,6.0,0.0,0.0,0.0,0.0,21.0,1260.0,2710.315301,11.0,164.0,48.0,110.9557,751.2,848.1643,0.0,3102.127,217.0,74.194503,0.0,0.0,1.0,72.38053500000001,0.0,5.0,48.0,139.25718,94.0,100.552438,199.97000000000003,0.0,53.0,14.0212,-17.03,-8.588777,1,4.0,Medium
0.0,6.0,0.0,0.0,0.0,0.0,0.0,0.0,0.0,6.0,0.0,0.0,0.0,0.0,0.0,0.0,4.0,0.0,0.0,0.0,0.0,0.0,5.0,0.0,0.0,0.0,0.0,0.0,21.0,1362.0,3153.430611,18.0,168.0,42.0,118.201196,872.28,926.106,0.0,3471.1620000000007,234.0,78.716171,6.0,6.0,8.0,43.860119,0.0,18.0,42.0,152.401728,81.0,98.69374,223.12404,6.0,66.0,2.4788999999999994,-15.57,-8.797876,0,6.0,Low
4.0,0.0,0.0,0.0,0.0,0.0,5.0,0.0,0.0,7.0,0.0,0.0,0.0,0.0,0.0,0.0,5.0,0.0,0.0,0.0,0.0,0.0,0.0,0.0,0.0,0.0,0.0,0.0,21.0,1290.0,2952.4402710000004,16.0,154.0,49.0,108.618995,849.9,844.5527999999999,0.0,3284.833,223.0,73.140782,7.0,7.0,11.0,47.582733,0.0,16.0,49.0,140.851795,75.0,90.200696,204.007843,7.0,69.0,-14.9638,-16.349999999999998,-8.787879,1,4.0,Medium
0.0,4.0,0.0,0.0,0.0,0.0,5.0,0.0,0.0,8.0,0.0,0.0,0.0,0.0,0.0,0.0,4.0,0.0,0.0,0.0,0.0,0.0,0.0,0.0,0.0,0.0,0.0,0.0,21.0,1342.0,3105.939518,21.0,161.0,46.0,112.872873,860.9399999999999,889.7073,0.0,3410.1000000000004,232.0,77.417113,8.0,8.0,13.0,46.455862,0.0,21.0,46.0,147.29233700000003,78.0,90.882933,211.004004,8.0,71.0,-16.5733,-16.43,-8.831064,0,5.0,Low
0.0,5.0,0.0,0.0,0.0,0.0,0.0,0.0,0.0,0.0,0.0,0.0,0.0,0.0,0.0,4.0,6.0,0.0,0.0,0.0,0.0,0.0,0.0,7.0,0.0,0.0,0.0,0.0,22.0,1208.0,2495.131941000001,14.0,149.0,43.0,113.245825,894.7,818.0272,0.0,3065.075,207.0,66.88364200000001,0.0,0.0,-1.0,57.85754299999999,0.0,10.0,43.0,132.949814,82.0,106.788691,204.240895,0.0,58.0,11.1618,-16.29,-8.706175,0,5.0,Low
0.0,0.0,5.0,0.0,0.0,0.0,0.0,0.0,0.0,6.0,0.0,0.0,0.0,0.0,0.0,0.0,3.0,0.0,0.0,0.0,0.0,0.0,7.0,0.0,0.0,0.0,0.0,0.0,21.0,1468.0,3399.552681,16.0,188.0,43.0,130.23637200000002,828.01,1009.3182,0.0,3701.21,252.0,88.078638,6.0,6.0,8.0,48.084632,0.0,16.0,43.0,165.64786500000002,96.0,110.272709,237.731771,6.0,64.0,12.8089,-15.82,-8.788009,1,4.0,Medium
3.0,0.0,0.0,0.0,0.0,0.0,4.0,0.0,0.0,8.0,0.0,0.0,0.0,0.0,0.0,0.0,0.0,0.0,0.0,0.0,0.0,0.0,7.0,0.0,0.0,0.0,0.0,0.0,22.0,1674.0,3909.230977,15.0,218.0,52.0,146.545251,788.64,1145.3977,0.0,4179.082,288.0,103.460256,8.0,8.0,15.0,56.236621,0.0,15.0,52.0,189.177883,114.0,108.053558,263.297825,8.0,70.0,13.2905,-17.43,-8.788093,1,2.0,Medium
0.0,0.0,0.0,0.0,0.0,0.0,4.0,0.0,0.0,0.0,0.0,0.0,0.0,0.0,0.0,3.0,3.0,0.0,0.0,0.0,0.0,0.0,12.0,0.0,0.0,0.0,0.0,0.0,22.0,1504.0,3303.139209,7.0,207.0,47.0,135.433236,698.5400000000001,1045.4072,0.0,3672.258,258.0,93.913735,0.0,0.0,1.0,77.98300599999999,0.0,4.0,47.0,171.313335,120.0,109.883188,240.34,0.0,51.0,35.487300000000005,-17.66,-8.401395,0,5.0,Low
0.0,6.0,0.0,0.0,0.0,0.0,0.0,0.0,0.0,7.0,0.0,0.0,0.0,0.0,0.0,0.0,3.0,0.0,0.0,0.0,0.0,0.0,6.0,0.0,0.0,0.0,0.0,0.0,22.0,1496.0,3491.690609,19.0,187.0,45.0,130.053764,898.4200000000001,1022.1367,0.0,3798.671,257.0,87.988921,7.0,7.0,10.0,46.447907,0.0,19.0,45.0,168.11175400000002,91.0,105.163183,243.330201,7.0,70.0,5.8995,-16.439999999999998,-8.804871,0,5.0,Low
4.0,0.0,0.0,0.0,0.0,0.0,0.0,0.0,0.0,0.0,0.0,0.0,0.0,0.0,0.0,5.0,2.0,10.0,0.0,0.0,0.0,0.0,0.0,0.0,0.0,0.0,0.0,0.0,21.0,1136.0,2471.041412,9.0,140.0,47.0,100.116844,791.67,764.6164,0.0,2881.317,195.0,61.571617,0.0,0.0,2.0,56.504545,0.0,4.0,47.0,126.054979,69.0,88.686372,190.034716,0.0,55.0,16.4702,-15.79,-8.5455065,1,4.0,Medium
0.0,4.0,0.0,0.0,0.0,0.0,0.0,0.0,0.0,0.0,0.0,0.0,0.0,0.0,0.0,2.0,3.0,0.0,0.0,0.0,0.0,0.0,12.0,0.0,0.0,0.0,0.0,0.0,21.0,1412.0,3119.476877,10.0,189.0,40.0,130.240202,756.01,991.5848,0.0,3515.699,241.0,85.46706999999999,0.0,0.0,1.0,60.978421,0.0,8.0,40.0,162.05646000000002,105.0,108.908424,236.154716,0.0,52.0,34.1977,-15.670000000000002,-8.518122,1,4.0,Medium
0.0,0.0,0.0,5.0,0.0,0.0,0.0,0.0,0.0,7.0,0.0,0.0,0.0,0.0,0.0,0.0,3.0,0.0,0.0,0.0,0.0,0.0,7.0,0.0,0.0,0.0,0.0,0.0,22.0,1598.0,3795.771811,12.0,213.0,51.0,131.48701599999998,737.98,1087.6784,0.0,3934.488,276.0,99.837725,7.0,7.0,9.0,67.88600100000001,0.0,12.0,51.0,180.239872,110.0,104.462461,244.393127,7.0,63.0,13.3192,-18.14,-8.812072,1,2.0,Medium
0.0,0.0,0.0,0.0,0.0,0.0,6.0,0.0,0.0,0.0,0.0,0.0,0.0,0.0,0.0,5.0,4.0,0.0,0.0,0.0,0.0,0.0,7.0,0.0,0.0,0.0,0.0,0.0,22.0,1366.0,2953.119541,11.0,180.0,49.0,120.84813400000002,761.71,927.0692,0.0,3356.565,235.0,81.79258399999999,0.0,0.0,2.0,76.207882,0.0,6.0,49.0,152.36067300000002,104.0,101.42445600000002,217.18,0.0,55.0,17.2757,-17.82,-8.56535,1,3.0,Medium
5.0,0.0,0.0,0.0,0.0,0.0,0.0,0.0,0.0,7.0,0.0,0.0,0.0,0.0,0.0,0.0,3.0,6.0,0.0,0.0,0.0,0.0,0.0,0.0,0.0,0.0,0.0,0.0,21.0,1292.0,3021.5255650000004,12.0,157.0,49.0,108.072211,827.6800000000001,858.6683999999999,0.0,3301.299,223.0,72.93281400000001,7.0,7.0,9.0,44.034767,0.0,12.0,49.0,142.742195,70.0,89.596367,207.164022,7.0,66.0,0.1942999999999983,-15.9,-8.776388,1,3.0,Medium
5.0,0.0,0.0,0.0,0.0,0.0,5.0,0.0,0.0,7.0,0.0,0.0,0.0,0.0,0.0,0.0,0.0,0.0,0.0,0.0,0.0,7.0,0.0,0.0,0.0,0.0,0.0,0.0,24.0,1616.0,3855.704737000001,17.0,201.0,55.0,127.628769,887.29,1093.9219,0.0,4091.572,278.0,92.926881,7.0,7.0,17.0,59.08562,0.0,17.0,55.0,183.881915,80.0,108.62029,259.594022,7.0,77.0,3.5234999999999985,-18.47,-8.820412,1,2.0,Medium
5.0,0.0,0.0,0.0,0.0,0.0,0.0,0.0,0.0,0.0,0.0,0.0,0.0,0.0,0.0,5.0,3.0,0.0,0.0,0.0,0.0,8.0,0.0,0.0,0.0,0.0,0.0,0.0,21.0,1108.0,2588.7242370000004,10.0,133.0,47.0,80.803867,833.14,739.0585,0.0,2834.6040000000003,190.0,56.128834,0.0,0.0,2.0,58.043988,0.0,5.0,47.0,125.265186,41.0,89.240264,187.990895,0.0,57.0,11.3375,-15.54,-8.584788,1,4.0,Medium
0.0,5.0,0.0,0.0,0.0,0.0,0.0,0.0,0.0,0.0,0.0,0.0,0.0,0.0,0.0,6.0,3.0,0.0,0.0,0.0,0.0,8.0,0.0,0.0,0.0,0.0,0.0,0.0,22.0,1160.0,2706.1956170000003,16.0,139.0,45.0,84.893133,893.67,782.1708,0.0,2959.827,199.0,59.29930900000001,0.0,0.0,2.0,61.438037,0.0,10.0,45.0,131.108972,44.0,92.968144,196.160895,0.0,60.0,9.3005,-16.37,-8.687436,1,4.0,Medium
0.0,5.0,0.0,0.0,0.0,0.0,0.0,3.0,0.0,7.0,0.0,0.0,0.0,0.0,0.0,0.0,7.0,0.0,0.0,0.0,0.0,0.0,0.0,0.0,0.0,0.0,0.0,0.0,22.0,1230.0,2844.187033,20.0,142.0,46.0,98.954048,936.62,802.1529999999999,0.0,3159.9930000000004,213.0,66.60396800000001,7.0,7.0,8.0,46.563768,0.0,20.0,46.0,133.28072300000002,62.0,93.614309,196.254022,7.0,71.0,-21.106,-16.81,-8.755761,0,5.0,Low
0.0,5.0,0.0,0.0,0.0,0.0,0.0,0.0,0.0,0.0,0.0,0.0,0.0,0.0,0.0,4.0,4.0,0.0,0.0,0.0,0.0,0.0,8.0,0.0,0.0,0.0,0.0,0.0,21.0,1276.0,2796.20626,14.0,162.0,41.0,116.123703,840.74,879.0172,0.0,3219.46,218.0,72.959143,0.0,0.0,1.0,56.112688,0.0,10.0,41.0,143.842944,87.0,102.019408,216.030895,0.0,56.0,19.37,-15.5,-8.681914,0,5.0,Low
0.0,0.0,0.0,0.0,0.0,0.0,6.0,0.0,0.0,0.0,0.0,0.0,0.0,0.0,0.0,4.0,4.0,0.0,0.0,8.0,0.0,0.0,0.0,0.0,0.0,0.0,0.0,0.0,22.0,1156.0,2541.345632,10.0,146.0,48.0,89.79144600000001,741.48,768.9934000000001,0.0,2863.648,200.0,64.317466,0.0,0.0,2.0,75.99062,0.0,6.0,48.0,128.327858,68.0,87.30441400000001,182.22,0.0,54.0,6.0358,-17.78,-8.546572,1,4.0,Medium
0.0,0.0,0.0,0.0,4.0,0.0,0.0,0.0,0.0,0.0,0.0,0.0,0.0,0.0,0.0,5.0,4.0,0.0,0.0,0.0,0.0,0.0,0.0,8.0,0.0,0.0,0.0,0.0,21.0,1332.0,2883.0127,9.0,178.0,47.0,115.705274,726.53,908.3048,0.0,3266.483,229.0,79.92978099999999,0.0,0.0,0.0,74.08837299999999,0.0,4.0,47.0,149.409743,99.0,104.799672,212.05,0.0,51.0,22.8648,-16.95,-8.54822,0,6.0,Low
0.0,0.0,0.0,0.0,0.0,0.0,6.0,0.0,0.0,6.0,0.0,0.0,0.0,0.0,0.0,0.0,4.0,0.0,0.0,0.0,0.0,0.0,5.0,0.0,0.0,0.0,0.0,0.0,21.0,1422.0,3252.717039,12.0,186.0,48.0,119.856848,716.28,957.5514,0.0,3510.7860000000005,246.0,87.461111,6.0,6.0,8.0,64.275923,0.0,12.0,48.0,158.209494,99.0,94.564066,217.146966,6.0,60.0,4.2662999999999975,-17.31,-8.805461,1,3.0,Medium
0.0,0.0,5.0,0.0,0.0,0.0,0.0,0.0,0.0,7.0,0.0,0.0,0.0,0.0,0.0,0.0,3.0,0.0,0.0,0.0,0.0,0.0,6.0,0.0,0.0,0.0,0.0,0.0,21.0,1466.0,3424.2045800000005,17.0,186.0,44.0,128.413086,841.6800000000001,1002.3949,0.0,3703.162,252.0,87.57768999999999,7.0,7.0,9.0,46.447907,0.0,17.0,44.0,164.68586900000005,93.0,108.37774,235.727932,7.0,66.0,8.5076,-15.9,-8.7968235,1,4.0,Medium
5.0,0.0,0.0,0.0,0.0,0.0,0.0,0.0,0.0,0.0,0.0,0.0,0.0,0.0,0.0,3.0,4.0,0.0,0.0,0.0,0.0,0.0,10.0,0.0,0.0,0.0,0.0,0.0,22.0,1388.0,3048.256382,8.0,180.0,47.0,127.231817,832.81,954.0629,0.0,3490.849,237.0,80.667538,0.0,0.0,1.0,60.147957000000005,0.0,5.0,47.0,157.272134,98.0,109.86594,234.280895,0.0,57.0,28.051199999999994,-16.25,-8.531893,0,5.0,Low
0.0,0.0,0.0,0.0,0.0,0.0,8.0,0.0,0.0,0.0,0.0,0.0,0.0,0.0,0.0,3.0,4.0,0.0,0.0,0.0,0.0,0.0,6.0,0.0,0.0,0.0,0.0,0.0,21.0,1320.0,2816.343954,11.0,174.0,45.0,118.779202,703.8299999999999,898.4080000000001,0.0,3242.469,227.0,79.857181,0.0,0.0,4.0,72.510393,0.0,8.0,45.0,147.812885,103.0,97.993028,209.97000000000003,0.0,53.0,13.0382,-17.03,-8.624342,0,5.0,Low
0.0,6.0,0.0,0.0,0.0,0.0,0.0,0.0,0.0,6.0,0.0,0.0,0.0,0.0,0.0,0.0,3.0,0.0,0.0,0.0,0.0,0.0,7.0,0.0,0.0,0.0,0.0,0.0,22.0,1498.0,3467.0387100000003,18.0,189.0,44.0,131.87705,884.75,1029.06,0.0,3796.719,257.0,88.489869,6.0,6.0,9.0,48.084632,0.0,18.0,44.0,169.07375000000002,94.0,107.058152,245.33404,6.0,68.0,10.2008,-16.360000000000003,-8.795704,1,4.0,Medium
3.0,0.0,0.0,0.0,0.0,0.0,5.0,0.0,0.0,7.0,0.0,0.0,0.0,0.0,0.0,0.0,0.0,0.0,0.0,0.0,0.0,0.0,7.0,0.0,0.0,0.0,0.0,0.0,22.0,1664.0,3841.282289,15.0,217.0,51.0,147.623992,779.41,1141.3097,0.0,4151.072,286.0,102.89049,7.0,7.0,15.0,57.561321,0.0,15.0,51.0,188.432772,116.0,109.06709,263.261664,7.0,69.0,13.91,-17.39,-8.76822,1,2.0,Medium
0.0,0.0,5.0,0.0,0.0,0.0,5.0,0.0,0.0,7.0,0.0,0.0,0.0,0.0,0.0,0.0,5.0,0.0,0.0,0.0,0.0,0.0,0.0,0.0,0.0,0.0,0.0,0.0,22.0,1380.0,3134.7866900000004,22.0,165.0,46.0,120.134723,917.84,918.6674,0.0,3516.676,238.0,78.99502899999999,7.0,7.0,12.0,47.582733,0.0,22.0,46.0,151.715754,83.0,104.603349,220.737932,7.0,73.0,-15.378900000000002,-16.89,-8.801726,0,5.0,Low
6.0,0.0,0.0,0.0,0.0,0.0,5.0,0.0,0.0,7.0,0.0,0.0,0.0,0.0,0.0,0.0,3.0,0.0,0.0,0.0,0.0,0.0,0.0,0.0,0.0,0.0,0.0,0.0,21.0,1354.0,3090.445913,18.0,160.0,49.0,118.732349,877.5199999999999,895.697,0.0,3475.979,233.0,76.53139200000001,7.0,7.0,15.0,41.173123,0.0,18.0,49.0,149.389225,79.0,94.968792,219.920201,7.0,73.0,-13.2696,-15.85,-8.794231,1,4.0,Medium
0.0,5.0,0.0,0.0,0.0,0.0,5.0,0.0,0.0,0.0,0.0,0.0,0.0,0.0,0.0,6.0,6.0,0.0,0.0,0.0,0.0,0.0,0.0,0.0,0.0,0.0,0.0,0.0,22.0,1130.0,2372.209628,21.0,129.0,45.0,100.826492,957.36,742.8493,0.0,2896.648,194.0,58.731022,0.0,0.0,4.0,56.606294000000005,0.0,15.0,45.0,122.36991500000002,69.0,94.126365,190.960895,0.0,65.0,-10.9647,-16.57,-8.718426,0,5.0,Low
0.0,0.0,0.0,0.0,0.0,5.0,0.0,0.0,0.0,7.0,0.0,0.0,0.0,0.0,0.0,0.0,3.0,0.0,0.0,0.0,0.0,0.0,7.0,0.0,0.0,0.0,0.0,0.0,22.0,1538.0,3687.809256000001,12.0,203.0,51.0,122.712081,737.98,1041.5084,0.0,3794.218,266.0,94.23112,7.0,7.0,9.0,67.148656,0.0,12.0,51.0,173.16880700000002,100.0,105.417126,234.393127,7.0,63.0,9.4182,-18.14,-8.821952,1,1.0,Medium
0.0,0.0,0.0,4.0,0.0,0.0,0.0,0.0,0.0,7.0,0.0,0.0,0.0,0.0,0.0,0.0,3.0,0.0,0.0,0.0,0.0,0.0,7.0,0.0,0.0,0.0,0.0,0.0,21.0,1522.0,3622.008252,11.0,203.0,49.0,124.82626,707.24,1034.9937,0.0,3748.213,263.0,95.062374,7.0,7.0,8.0,64.341314,0.0,11.0,49.0,171.387842,104.0,99.047189,232.223127,7.0,60.0,13.288799999999998,-17.310000000000002,-8.816613,1,1.0,Medium
0.0,0.0,0.0,0.0,0.0,0.0,6.0,0.0,0.0,0.0,0.0,0.0,0.0,0.0,0.0,4.0,2.0,0.0,0.0,0.0,0.0,0.0,9.0,0.0,0.0,0.0,0.0,0.0,21.0,1422.0,3093.342857,10.0,192.0,46.0,128.913196,687.52,981.9604,0.0,3480.924,244.0,87.844405,0.0,0.0,4.0,73.833541,0.0,6.0,46.0,161.04671000000002,113.0,102.850988,227.01,0.0,52.0,25.9773,-16.99,-8.5313835,1,4.0,Medium
0.0,4.0,0.0,0.0,0.0,0.0,0.0,0.0,0.0,0.0,0.0,0.0,0.0,0.0,0.0,5.0,3.0,0.0,0.0,0.0,0.0,0.0,11.0,0.0,0.0,0.0,0.0,0.0,23.0,1486.0,3287.130266,13.0,195.0,47.0,134.90931,869.3,1031.0822,0.0,3707.822,254.0,87.87774999999999,0.0,0.0,1.0,67.445909,0.0,8.0,47.0,168.575065,107.0,114.304858,247.454716,0.0,59.0,31.1696,-17.37,-8.520132,1,4.0,Medium
0.0,0.0,0.0,0.0,0.0,0.0,0.0,0.0,4.0,0.0,0.0,0.0,0.0,0.0,0.0,6.0,4.0,0.0,0.0,7.0,0.0,0.0,0.0,0.0,0.0,0.0,0.0,0.0,21.0,1068.0,2368.482627,14.0,133.0,44.0,80.983762,757.96,710.7364,0.0,2647.331,185.0,58.354246,0.0,0.0,0.0,72.326025,0.0,8.0,44.0,117.505208,60.0,81.183851,168.01,0.0,52.0,3.7291000000000007,-16.99,-8.605271,0,6.0,Low
0.0,0.0,0.0,0.0,0.0,0.0,6.0,0.0,0.0,0.0,0.0,0.0,0.0,0.0,0.0,6.0,2.0,7.0,0.0,0.0,0.0,0.0,0.0,0.0,0.0,0.0,0.0,0.0,21.0,1194.0,2555.973825,12.0,152.0,48.0,103.923773,727.98,800.7339999999999,0.0,2951.842,206.0,68.67598799999999,0.0,0.0,4.0,70.376991,0.0,6.0,48.0,131.602848,84.0,87.09744,188.93,0.0,54.0,9.615,-17.07,-8.6038265,1,4.0,Medium
0.0,0.0,0.0,0.0,0.0,0.0,5.0,0.0,0.0,7.0,0.0,0.0,0.0,0.0,0.0,0.0,3.0,0.0,0.0,0.0,0.0,0.0,0.0,7.0,0.0,0.0,0.0,0.0,22.0,1526.0,3406.133452,12.0,201.0,51.0,134.131721,737.98,1032.2744,0.0,3766.164,264.0,94.958165,7.0,7.0,9.0,66.22564,0.0,12.0,51.0,169.168077,110.0,106.051435,232.393127,7.0,63.0,8.638,-18.14,-8.786888,1,1.0,Medium
0.0,4.0,0.0,0.0,0.0,0.0,0.0,0.0,0.0,7.0,0.0,0.0,0.0,0.0,0.0,0.0,3.0,0.0,0.0,0.0,0.0,0.0,0.0,8.0,0.0,0.0,0.0,0.0,22.0,1492.0,3350.6478070000003,15.0,191.0,47.0,134.012178,837.54,1017.7051,0.0,3751.779,257.0,89.792289,7.0,7.0,8.0,52.791401,0.0,15.0,47.0,166.08069,99.0,110.276915,237.417843,7.0,66.0,10.7381,-16.94,-8.776352,1,2.0,Medium
0.0,0.0,0.0,0.0,0.0,0.0,5.0,0.0,0.0,7.0,0.0,0.0,0.0,0.0,0.0,0.0,0.0,0.0,0.0,0.0,0.0,3.0,7.0,0.0,0.0,0.0,0.0,0.0,22.0,1658.0,3919.92587,12.0,223.0,51.0,136.47761200000002,696.49,1140.9584,0.0,4077.782,286.0,104.136837,7.0,7.0,12.0,69.358569,0.0,12.0,51.0,188.894574,110.0,104.66018,254.393127,7.0,63.0,20.3144,-18.14,-8.78,1,2.0,Medium
0.0,4.0,0.0,0.0,0.0,0.0,0.0,0.0,0.0,0.0,0.0,0.0,0.0,0.0,0.0,5.0,7.0,0.0,0.0,0.0,0.0,6.0,0.0,0.0,0.0,0.0,0.0,0.0,22.0,1044.0,2385.200123,13.0,123.0,45.0,74.586282,898.3199999999999,685.9832,0.0,2663.8640000000005,180.0,51.760209,0.0,0.0,-3.0,62.998376,0.0,8.0,45.0,115.119131,40.0,88.23606,174.24471599999998,0.0,57.0,1.7409,-16.58,-8.644489,0,7.0,Low
6.0,0.0,0.0,0.0,0.0,0.0,6.0,0.0,0.0,6.0,0.0,0.0,0.0,0.0,0.0,0.0,3.0,0.0,0.0,0.0,0.0,0.0,0.0,0.0,0.0,0.0,0.0,0.0,21.0,1344.0,3022.4972250000005,18.0,159.0,48.0,119.81109,868.29,891.609,0.0,3447.969,231.0,75.961626,6.0,6.0,15.0,42.497823,0.0,18.0,48.0,148.644114,81.0,95.982324,219.88404,6.0,72.0,-12.6501,-15.81,-8.782696,1,4.0,Medium
0.0,5.0,0.0,0.0,0.0,0.0,0.0,0.0,0.0,0.0,0.0,0.0,0.0,0.0,0.0,2.0,3.0,11.0,0.0,0.0,0.0,0.0,0.0,0.0,0.0,0.0,0.0,0.0,21.0,1126.0,2426.67618,12.0,139.0,39.0,100.98024,786.45,772.9546,0.0,2865.849,193.0,61.688505,0.0,0.0,2.0,52.839672,0.0,10.0,39.0,126.474188,68.0,90.431858,191.110895,0.0,54.0,14.6387,-15.420000000000002,-8.640683,0,5.0,Low
5.0,0.0,0.0,0.0,0.0,0.0,0.0,0.0,0.0,7.0,0.0,0.0,0.0,0.0,0.0,0.0,3.0,0.0,0.0,0.0,0.0,0.0,0.0,7.0,0.0,0.0,0.0,0.0,22.0,1476.0,3323.394762000001,12.0,186.0,51.0,132.752011,853.98,995.8164,0.0,3738.064,254.0,87.116945,7.0,7.0,9.0,49.21247,0.0,12.0,51.0,163.86951700000003,95.0,109.49283,237.374022,7.0,68.0,9.2835,-16.69,-8.747272,2,0.0,High
0.0,4.0,0.0,0.0,0.0,0.0,6.0,0.0,0.0,7.0,0.0,0.0,0.0,0.0,0.0,0.0,0.0,0.0,0.0,0.0,0.0,0.0,4.0,0.0,0.0,0.0,0.0,0.0,21.0,1548.0,3553.380222,21.0,196.0,45.0,138.26027,796.39,1061.1193,0.0,3891.094,266.0,94.184399,7.0,7.0,17.0,49.819978000000006,0.0,21.0,45.0,174.68936200000002,104.0,102.205289,246.967843,7.0,70.0,1.6453999999999986,-16.39,-8.806121,1,3.0,Medium
0.0,6.0,0.0,0.0,0.0,0.0,0.0,0.0,0.0,0.0,0.0,0.0,0.0,0.0,0.0,5.0,4.0,0.0,0.0,0.0,0.0,0.0,6.0,0.0,0.0,0.0,0.0,0.0,21.0,1224.0,2669.072362,17.0,150.0,41.0,111.593792,891.4100000000001,836.5448000000001,0.0,3118.635,209.0,67.60820899999999,0.0,0.0,2.0,52.077419,0.0,12.0,41.0,136.91641900000002,79.0,99.766924,209.947074,0.0,59.0,12.1662,-15.29,-8.75031,0,5.0,Low
5.0,0.0,0.0,0.0,0.0,0.0,5.0,0.0,0.0,0.0,0.0,0.0,0.0,0.0,0.0,0.0,3.0,0.0,0.0,0.0,0.0,0.0,9.0,0.0,0.0,0.0,0.0,0.0,22.0,1472.0,3162.4878980000003,10.0,192.0,44.0,140.114528,780.49,1021.542,0.0,3692.299,251.0,88.116421,0.0,0.0,7.0,60.059516,0.0,10.0,44.0,168.526504,111.0,114.213939,248.200895,0.0,59.0,23.7143,-16.33,-8.647088,1,1.0,Medium
0.0,4.0,0.0,0.0,0.0,0.0,0.0,0.0,0.0,0.0,0.0,0.0,0.0,0.0,0.0,6.0,5.0,0.0,0.0,0.0,0.0,0.0,6.0,0.0,0.0,0.0,0.0,0.0,21.0,1184.0,2592.624697,14.0,147.0,44.0,104.048178,864.5899999999999,798.954,0.0,2988.545,203.0,65.50762399999999,0.0,0.0,-1.0,58.676273,0.0,8.0,44.0,130.979564,77.0,95.516708,197.994716,0.0,56.0,12.5017,-15.83,-8.660019,0,5.0,Low
0.0,4.0,0.0,0.0,0.0,0.0,0.0,0.0,0.0,0.0,6.0,0.0,0.0,0.0,0.0,0.0,4.0,0.0,0.0,0.0,0.0,0.0,7.0,0.0,0.0,0.0,0.0,0.0,21.0,1274.0,2673.156847,8.0,162.0,44.0,123.34414,784.76,871.5702,0.0,3199.958,218.0,72.68627699999999,0.0,0.0,0.0,57.025071,0.0,8.0,44.0,142.488044,95.0,107.58345400000002,212.994716,0.0,56.0,20.8261,-15.830000000000002,-8.571625,0,5.0,Low
2.0,0.0,0.0,0.0,0.0,0.0,2.0,0.0,0.0,18.0,0.0,0.0,0.0,0.0,0.0,0.0,1.0,0.0,0.0,0.0,0.0,0.0,0.0,0.0,0.0,0.0,0.0,0.0,23.0,1728.0,4358.101475,22.0,213.0,64.0,132.343494,928.95,1131.6942,0.0,4353.451000000001,301.0,104.336334,18.0,18.0,21.0,47.412885,0.0,22.0,64.0,188.33991000000003,91.0,94.2699,252.593256,18.0,88.0,-19.8839,-19.19,-8.911054,1,4.0,Medium
0.0,0.0,0.0,0.0,0.0,0.0,6.0,0.0,0.0,0.0,0.0,0.0,0.0,0.0,0.0,5.0,3.0,0.0,0.0,0.0,0.0,0.0,7.0,0.0,0.0,0.0,0.0,0.0,21.0,1338.0,2897.206138,11.0,177.0,47.0,119.326608,721.58,911.8652,0.0,3285.51,230.0,80.687412,0.0,0.0,3.0,73.003077,0.0,6.0,47.0,149.75971900000002,103.0,98.214456,212.97,0.0,53.0,18.3534,-17.03,-8.575273,0,5.0,Low
0.0,0.0,5.0,0.0,0.0,0.0,0.0,0.0,0.0,6.0,0.0,0.0,0.0,0.0,0.0,0.0,4.0,0.0,0.0,0.0,0.0,0.0,6.0,0.0,0.0,0.0,0.0,0.0,21.0,1414.0,3270.705333,16.0,179.0,43.0,124.159208,841.8399999999999,965.4432000000002,0.0,3573.9590000000007,243.0,83.74437499999999,6.0,6.0,7.0,47.574778,0.0,16.0,43.0,158.612331,90.0,107.695503,228.731771,6.0,64.0,8.4091,-15.82,-8.78613,1,4.0,Medium
4.0,0.0,0.0,0.0,0.0,0.0,0.0,0.0,0.0,8.0,0.0,0.0,0.0,0.0,0.0,0.0,3.0,0.0,0.0,0.0,0.0,0.0,6.0,0.0,0.0,0.0,0.0,0.0,21.0,1456.0,3451.2708110000003,12.0,185.0,50.0,122.672762,813.71,980.436,0.0,3671.577,251.0,86.66193000000001,8.0,8.0,9.0,48.525841,0.0,12.0,50.0,162.49640200000002,89.0,97.867324,230.204004,8.0,66.0,7.9435,-16.230000000000004,-8.80264,1,2.0,Medium
0.0,0.0,0.0,0.0,4.0,0.0,0.0,0.0,0.0,0.0,0.0,0.0,0.0,0.0,0.0,6.0,3.0,0.0,0.0,0.0,0.0,0.0,0.0,8.0,0.0,0.0,0.0,0.0,21.0,1356.0,2944.570677,10.0,181.0,48.0,118.273014,732.93,925.9596,0.0,3325.571,233.0,81.441314,0.0,0.0,1.0,74.27761699999999,0.0,4.0,48.0,152.19382000000002,101.0,105.317552,216.01,0.0,52.0,24.0405,-16.99,-8.545396,0,5.0,Low
0.0,6.0,0.0,0.0,0.0,0.0,5.0,0.0,0.0,7.0,0.0,0.0,0.0,0.0,0.0,0.0,3.0,0.0,0.0,0.0,0.0,0.0,0.0,0.0,0.0,0.0,0.0,0.0,21.0,1354.0,3090.445913,24.0,160.0,43.0,118.732349,894.3199999999999,908.0012,0.0,3470.075,233.0,77.19591600000001,7.0,7.0,15.0,41.173123,0.0,24.0,43.0,149.939731,79.0,94.968792,219.920201,7.0,73.0,-15.8316,-15.85,-8.821022,1,4.0,Medium
0.0,0.0,0.0,0.0,0.0,0.0,5.0,0.0,0.0,6.0,0.0,0.0,0.0,0.0,0.0,0.0,4.0,0.0,0.0,0.0,0.0,0.0,7.0,0.0,0.0,0.0,0.0,0.0,22.0,1516.0,3480.7745790000004,11.0,201.0,50.0,128.200083,738.14,1027.6417,0.0,3735.15,262.0,93.97126,6.0,6.0,7.0,68.302607,0.0,11.0,50.0,169.553089,107.0,101.232709,232.396966,6.0,61.0,11.2702,-18.06,-8.781859,1,1.0,Medium
0.0,6.0,0.0,0.0,0.0,0.0,0.0,0.0,0.0,0.0,6.0,0.0,0.0,0.0,0.0,5.0,5.0,0.0,0.0,0.0,0.0,0.0,0.0,0.0,0.0,0.0,0.0,0.0,22.0,1108.0,2272.934341,17.0,123.0,49.0,105.277572,986.92,723.1688,0.0,2864.8740000000003,190.0,54.621391,0.0,0.0,1.0,51.197508,0.0,12.0,49.0,118.48157700000002,68.0,100.110508,189.917074,0.0,67.0,-4.3315,-16.319999999999997,-8.637538,0,5.0,Low
0.0,4.0,0.0,0.0,0.0,0.0,0.0,0.0,5.0,0.0,0.0,0.0,0.0,0.0,0.0,3.0,0.0,0.0,0.0,0.0,0.0,0.0,10.0,0.0,0.0,0.0,0.0,0.0,22.0,1566.0,3407.006356,21.0,207.0,38.0,148.838235,797.25,1111.2656,0.0,3892.385,267.0,96.286764,0.0,0.0,9.0,64.341907,0.0,18.0,38.0,180.471313,121.0,115.960737,261.12471600000003,0.0,60.0,26.9511,-16.7,-8.712301,1,3.0,Medium
6.0,0.0,0.0,0.0,0.0,0.0,0.0,0.0,0.0,6.0,0.0,0.0,0.0,0.0,0.0,0.0,3.0,0.0,0.0,0.0,0.0,0.0,7.0,0.0,0.0,0.0,0.0,0.0,22.0,1498.0,3467.0387100000003,12.0,189.0,50.0,131.87705,867.95,1016.7558,0.0,3802.623,257.0,87.825345,6.0,6.0,9.0,48.084632,0.0,12.0,50.0,168.523244,94.0,107.058152,245.33404,6.0,68.0,12.7628,-16.360000000000003,-8.756352,1,1.0,Medium
0.0,4.0,0.0,0.0,0.0,0.0,6.0,0.0,0.0,0.0,0.0,0.0,0.0,0.0,0.0,0.0,4.0,0.0,0.0,0.0,0.0,0.0,7.0,0.0,0.0,0.0,0.0,0.0,21.0,1346.0,2865.427537,14.0,174.0,38.0,126.714616,756.02,934.0824,0.0,3368.426,230.0,80.35398299999999,0.0,0.0,6.0,59.23763700000001,0.0,14.0,38.0,153.28119800000002,101.0,105.161248,224.994716,0.0,56.0,14.1553,-15.830000000000002,-8.725511,1,4.0,Medium
4.0,0.0,0.0,0.0,0.0,0.0,0.0,0.0,0.0,0.0,0.0,0.0,0.0,0.0,0.0,6.0,2.0,0.0,0.0,0.0,0.0,0.0,9.0,0.0,0.0,0.0,0.0,0.0,21.0,1346.0,2979.166741,10.0,174.0,48.0,122.27967,811.9000000000001,922.3762,0.0,3374.2340000000004,230.0,78.067397,0.0,0.0,2.0,60.205835,0.0,4.0,48.0,151.71916199999998,95.0,103.248326,224.994716,0.0,56.0,27.4091,-15.829999999999998,-8.540076,1,4.0,Medium
0.0,5.0,0.0,0.0,0.0,0.0,0.0,0.0,0.0,7.0,0.0,0.0,0.0,0.0,0.0,0.0,3.0,0.0,0.0,0.0,0.0,7.0,0.0,0.0,0.0,0.0,0.0,0.0,22.0,1350.0,3316.125136000001,17.0,165.0,46.0,97.922622,867.98,909.4489,0.0,3438.577,233.0,74.952562,7.0,7.0,9.0,51.686865,0.0,17.0,46.0,152.49662700000002,53.0,93.721445,216.374022,7.0,68.0,-0.0461000000000009,-16.69,-8.843084,1,4.0,Medium
3.0,0.0,0.0,0.0,0.0,0.0,7.0,0.0,0.0,7.0,0.0,0.0,0.0,0.0,0.0,0.0,0.0,0.0,0.0,0.0,0.0,0.0,6.0,0.0,0.0,0.0,0.0,0.0,23.0,1722.0,3939.449462,17.0,223.0,53.0,153.733592,814.5899999999999,1178.3661,0.0,4297.262,296.0,106.18849699999998,7.0,7.0,17.0,60.65193,0.0,17.0,53.0,194.655046,121.0,113.091422,272.391664,7.0,73.0,9.8685,-18.26,-8.741112,2,0.0,High
5.0,0.0,0.0,0.0,0.0,0.0,5.0,0.0,0.0,0.0,0.0,0.0,0.0,0.0,0.0,4.0,8.0,0.0,0.0,0.0,0.0,0.0,0.0,0.0,0.0,0.0,0.0,0.0,22.0,1082.0,2249.093674,14.0,123.0,48.0,95.691012,930.56,697.2862,0.0,2783.392,186.0,55.154186,0.0,0.0,2.0,56.227806,0.0,10.0,48.0,116.343006,65.0,93.090605,183.040895,0.0,63.0,-11.1811,-16.490000000000002,-8.64454,0,5.0,Low
0.0,4.0,0.0,0.0,0.0,0.0,6.0,0.0,0.0,0.0,0.0,0.0,0.0,0.0,0.0,6.0,6.0,0.0,0.0,0.0,0.0,0.0,0.0,0.0,0.0,0.0,0.0,0.0,22.0,1140.0,2388.757366,20.0,132.0,46.0,101.102434,931.36,748.0902,0.0,2903.2519999999995,196.0,60.188512,0.0,0.0,4.0,60.008928,0.0,14.0,46.0,123.337876,72.0,93.438086,189.964716,0.0,64.0,-10.6668,-16.86,-8.737537,0,5.0,Low
0.0,0.0,0.0,0.0,0.0,0.0,8.0,0.0,0.0,0.0,0.0,0.0,0.0,0.0,0.0,4.0,3.0,0.0,0.0,0.0,0.0,0.0,6.0,0.0,0.0,0.0,0.0,0.0,21.0,1344.0,2877.9019310000003,12.0,177.0,46.0,121.346942,710.23,916.0628,0.0,3301.557,231.0,81.368714,0.0,0.0,5.0,72.699637,0.0,8.0,46.0,150.59696200000002,105.0,98.510908,213.93,0.0,54.0,14.2139,-17.07,-8.624781,0,5.0,Low
0.0,0.0,0.0,0.0,0.0,0.0,6.0,0.0,0.0,8.0,0.0,0.0,0.0,0.0,0.0,0.0,4.0,0.0,0.0,0.0,0.0,0.0,4.0,0.0,0.0,0.0,0.0,0.0,22.0,1500.0,3486.7815880000003,14.0,194.0,52.0,123.808966,769.9200000000001,1002.7838000000002,0.0,3712.996,260.0,91.89865,8.0,8.0,10.0,64.717132,0.0,14.0,52.0,165.92199000000002,100.0,96.56133400000002,226.349288,8.0,66.0,-1.0142000000000009,-18.26,-8.828827,1,4.0,Medium
0.0,0.0,0.0,0.0,0.0,0.0,5.0,0.0,0.0,6.0,0.0,0.0,0.0,0.0,0.0,0.0,3.0,0.0,0.0,0.0,0.0,0.0,8.0,0.0,0.0,0.0,0.0,0.0,22.0,1570.0,3609.621927,11.0,210.0,50.0,134.277247,724.31,1071.5167,0.0,3862.401,271.0,98.305523,6.0,6.0,8.0,68.812461,0.0,11.0,50.0,176.588623,113.0,103.809915,241.396966,6.0,61.0,15.669999999999998,-18.06,-8.766679,1,3.0,Medium
0.0,4.0,0.0,0.0,0.0,0.0,5.0,0.0,0.0,6.0,0.0,0.0,0.0,0.0,0.0,0.0,6.0,0.0,0.0,0.0,0.0,0.0,0.0,0.0,0.0,0.0,0.0,0.0,21.0,1238.0,2798.9410240000007,19.0,147.0,44.0,104.365117,861.26,815.8039000000001,0.0,3151.694,214.0,69.750483,6.0,6.0,9.0,48.709604,0.0,19.0,44.0,135.145261,72.0,89.51845900000001,197.011682,6.0,67.0,-16.7703,-16.27,-8.773664,0,5.0,Low
0.0,0.0,4.0,0.0,0.0,0.0,5.0,0.0,0.0,7.0,0.0,0.0,0.0,0.0,0.0,0.0,5.0,0.0,0.0,0.0,0.0,0.0,0.0,0.0,0.0,0.0,0.0,0.0,21.0,1314.0,2998.3844270000004,20.0,158.0,45.0,112.569015,861.0999999999999,871.2236,0.0,3337.005,227.0,75.583798,7.0,7.0,11.0,47.582733,0.0,20.0,45.0,144.04722700000002,79.0,97.24758,207.658971,7.0,69.0,-15.1114,-16.349999999999998,-8.809574,0,5.0,Low
0.0,6.0,0.0,0.0,0.0,0.0,5.0,0.0,0.0,6.0,0.0,0.0,0.0,0.0,0.0,0.0,5.0,0.0,0.0,0.0,0.0,0.0,0.0,0.0,0.0,0.0,0.0,0.0,22.0,1330.0,2992.8600690000003,23.0,156.0,44.0,115.999997,934.61,886.2535,0.0,3411.927,229.0,74.467773,6.0,6.0,12.0,45.50479899999999,0.0,23.0,44.0,146.467147,77.0,97.496555,217.13404,6.0,73.0,-17.0078,-16.56,-8.786237,0,6.0,Low
0.0,0.0,0.0,0.0,0.0,0.0,5.0,0.0,0.0,0.0,0.0,0.0,0.0,0.0,0.0,5.0,4.0,0.0,0.0,0.0,0.0,0.0,8.0,0.0,0.0,0.0,0.0,0.0,22.0,1378.0,2996.41633,10.0,183.0,49.0,121.592679,757.27,938.0805,0.0,3382.623,237.0,82.86329799999999,0.0,0.0,1.0,76.51990699999999,0.0,5.0,49.0,154.06778,105.0,102.305893,219.22000000000003,0.0,54.0,20.9575,-17.78,-8.5302,0,5.0,Low
4.0,0.0,0.0,0.0,0.0,0.0,4.0,0.0,0.0,7.0,0.0,0.0,0.0,0.0,0.0,0.0,6.0,0.0,0.0,0.0,0.0,0.0,0.0,0.0,0.0,0.0,0.0,0.0,21.0,1248.0,2866.889712,15.0,148.0,49.0,103.286376,859.29,811.6891,0.0,3183.64,216.0,69.877233,7.0,7.0,9.0,47.384904,0.0,15.0,49.0,135.523368,70.0,88.50492700000001,197.047843,7.0,68.0,-15.6818,-16.310000000000002,-8.769677,0,5.0,Low
5.0,0.0,0.0,0.0,0.0,0.0,0.0,0.0,0.0,7.0,0.0,0.0,0.0,0.0,0.0,0.0,3.0,0.0,0.0,0.0,0.0,0.0,6.0,0.0,0.0,0.0,0.0,0.0,21.0,1436.0,3366.7743850000006,12.0,181.0,49.0,123.475561,827.6800000000001,969.0564,0.0,3637.947,247.0,84.52392,7.0,7.0,9.0,46.447907,0.0,12.0,49.0,160.69157900000002,88.0,99.569135,231.164022,7.0,66.0,8.6921,-15.9,-8.784126,1,2.0,Medium
3.0,0.0,0.0,0.0,0.0,0.0,5.0,0.0,0.0,0.0,0.0,0.0,0.0,0.0,0.0,4.0,9.0,0.0,0.0,0.0,0.0,0.0,0.0,0.0,0.0,0.0,0.0,0.0,21.0,990.0,2055.174629,12.0,114.0,46.0,84.05613199999999,862.81,630.9380000000001,0.0,2521.191,171.0,50.658404,0.0,0.0,-1.0,59.432611,0.0,8.0,46.0,105.204622,60.0,85.112509,162.918537,0.0,57.0,-11.7976,-16.2,-8.583695,0,5.0,Low
0.0,4.0,0.0,0.0,0.0,0.0,0.0,0.0,0.0,0.0,0.0,0.0,0.0,0.0,0.0,6.0,3.0,0.0,0.0,0.0,0.0,0.0,0.0,9.0,0.0,0.0,0.0,0.0,22.0,1320.0,2741.7568060000003,14.0,168.0,46.0,125.958316,863.23,904.23,0.0,3315.11,226.0,75.95591499999999,0.0,0.0,1.0,62.189088,0.0,8.0,46.0,146.38327,96.0,111.776669,220.204716,0.0,58.0,21.1125,-16.62,-8.600787,0,6.0,Low
0.0,5.0,0.0,0.0,0.0,0.0,0.0,0.0,0.0,0.0,0.0,0.0,0.0,0.0,0.0,4.0,4.0,8.0,0.0,0.0,0.0,0.0,0.0,0.0,0.0,0.0,0.0,0.0,21.0,1084.0,2335.8745,14.0,130.0,41.0,95.585903,840.74,731.8332,0.0,2770.596,186.0,57.504335,0.0,0.0,1.0,52.895168,0.0,10.0,41.0,119.910432,63.0,88.722384,184.030895,0.0,56.0,8.0396,-15.5,-8.65843,0,5.0,Low
0.0,4.0,0.0,0.0,0.0,0.0,0.0,0.0,0.0,0.0,0.0,0.0,0.0,0.0,0.0,4.0,5.0,0.0,0.0,0.0,0.0,0.0,8.0,0.0,0.0,0.0,0.0,0.0,21.0,1244.0,2727.203439,12.0,159.0,42.0,111.067026,824.13,851.3943999999999,0.0,3124.871,213.0,71.153084,0.0,0.0,-1.0,59.317493,0.0,8.0,42.0,139.482478,85.0,99.63536,208.074716,0.0,54.0,18.9499,-15.75,-8.625701,0,7.0,Low
0.0,5.0,0.0,0.0,0.0,0.0,0.0,0.0,0.0,0.0,0.0,0.0,0.0,0.0,0.0,5.0,3.0,0.0,0.0,0.0,0.0,0.0,8.0,0.0,0.0,0.0,0.0,0.0,21.0,1300.0,2857.7642370000003,15.0,165.0,42.0,118.691443,847.14,896.672,0.0,3278.548,222.0,74.470676,0.0,0.0,2.0,56.301932,0.0,10.0,42.0,146.627021,89.0,102.537288,219.990895,0.0,57.0,20.5457,-15.54,-8.683361,0,5.0,Low
0.0,6.0,0.0,0.0,0.0,0.0,0.0,0.0,0.0,0.0,0.0,0.0,0.0,0.0,0.0,5.0,3.0,0.0,0.0,0.0,0.0,0.0,8.0,0.0,0.0,0.0,0.0,0.0,22.0,1360.0,2982.680461,17.0,171.0,43.0,125.269646,903.88,939.4988,0.0,3444.192,232.0,77.381907,0.0,0.0,3.0,56.301932,0.0,12.0,43.0,153.588441,92.0,108.131336,232.157074,0.0,61.0,19.8881,-16.08,-8.697323,0,5.0,Low
4.0,0.0,0.0,0.0,0.0,0.0,8.0,0.0,0.0,0.0,0.0,0.0,0.0,0.0,0.0,4.0,6.0,0.0,0.0,0.0,0.0,0.0,0.0,0.0,0.0,0.0,0.0,0.0,22.0,1176.0,2436.74253,16.0,138.0,48.0,106.632192,888.5799999999999,770.3052,0.0,2991.398,202.0,63.24952799999999,0.0,0.0,6.0,60.026098000000005,0.0,12.0,48.0,128.059572,78.0,95.793864,195.964716,0.0,64.0,-9.874200000000002,-16.86,-8.742925,0,5.0,Low
0.0,6.0,0.0,0.0,0.0,0.0,0.0,0.0,0.0,0.0,0.0,0.0,0.0,0.0,0.0,5.0,3.0,7.0,0.0,0.0,0.0,0.0,0.0,0.0,0.0,0.0,0.0,0.0,21.0,1110.0,2395.12942,17.0,131.0,41.0,99.700381,877.58,751.6338000000001,0.0,2853.13,190.0,58.419515,0.0,0.0,3.0,49.771943,0.0,12.0,41.0,123.011005,64.0,90.709234,190.947074,0.0,59.0,6.6519,-15.29,-8.720752,0,5.0,Low
0.0,5.0,0.0,0.0,0.0,0.0,5.0,0.0,0.0,0.0,0.0,0.0,0.0,0.0,0.0,7.0,5.0,0.0,0.0,0.0,0.0,0.0,0.0,0.0,0.0,0.0,0.0,0.0,22.0,1154.0,2433.7676050000005,22.0,132.0,46.0,103.39423200000002,963.76,760.5041,0.0,2955.7360000000003,198.0,60.242555,0.0,0.0,5.0,56.79553799999999,0.0,15.0,46.0,125.15399200000002,71.0,94.644245,194.920895,0.0,66.0,-9.789,-16.61,-8.737403,0,5.0,Low
0.0,3.0,0.0,0.0,0.0,0.0,5.0,0.0,0.0,7.0,0.0,0.0,0.0,0.0,0.0,0.0,0.0,0.0,0.0,0.0,0.0,0.0,6.0,0.0,0.0,0.0,0.0,0.0,21.0,1582.0,3656.521538,18.0,205.0,46.0,140.025302,761.51,1088.3828,0.0,3949.814,272.0,97.78331699999998,7.0,7.0,15.0,53.846662,0.0,18.0,46.0,179.071537,109.0,103.279884,250.051664,7.0,67.0,9.3069,-16.6,-8.8084545,1,3.0,Medium
3.0,0.0,0.0,0.0,0.0,0.0,5.0,0.0,0.0,7.0,0.0,0.0,0.0,0.0,0.0,0.0,6.0,0.0,0.0,0.0,0.0,0.0,0.0,0.0,0.0,0.0,0.0,0.0,21.0,1258.0,2883.4374500000004,15.0,151.0,49.0,103.562318,836.0899999999999,818.9807000000001,0.0,3189.26,218.0,71.44547700000001,7.0,7.0,9.0,50.787538,0.0,15.0,49.0,136.58308000000002,73.0,87.81664799999999,196.051664,7.0,67.0,-15.8109,-16.6,-8.778024,0,5.0,Low
0.0,5.0,0.0,0.0,0.0,0.0,0.0,0.0,0.0,0.0,0.0,0.0,0.0,0.0,0.0,5.0,6.0,0.0,5.0,0.0,0.0,0.0,0.0,0.0,0.0,0.0,0.0,0.0,21.0,988.0,2032.864803,15.0,113.0,42.0,89.20998100000001,888.6300000000001,649.972,0.0,2546.12,170.0,49.775482,0.0,0.0,-1.0,51.52658999999999,0.0,10.0,42.0,105.949349,56.0,91.24414,167.990895,0.0,57.0,-1.6857000000000006,-15.54,-8.621364,0,5.0,Low
0.0,0.0,0.0,0.0,0.0,0.0,8.0,0.0,0.0,0.0,0.0,0.0,0.0,0.0,0.0,6.0,2.0,0.0,0.0,0.0,0.0,0.0,6.0,0.0,0.0,0.0,0.0,0.0,22.0,1420.0,3056.931288,14.0,186.0,50.0,128.003948,763.1600000000001,966.5764,0.0,3490.788,244.0,85.496952,0.0,0.0,6.0,76.28293,0.0,8.0,50.0,158.76607,110.0,102.756668,226.06,0.0,58.0,15.4876,-17.939999999999998,-8.610572,1,4.0,Medium
0.0,4.0,0.0,0.0,0.0,0.0,0.0,0.0,0.0,0.0,0.0,0.0,0.0,0.0,0.0,6.0,4.0,7.0,0.0,0.0,0.0,0.0,0.0,0.0,0.0,0.0,0.0,0.0,21.0,1070.0,2318.681755,14.0,128.0,44.0,92.154767,850.76,714.0430000000001,0.0,2723.04,184.0,56.31893,0.0,0.0,0.0,56.370797,0.0,8.0,44.0,117.07415,62.0,86.459018,178.99471599999998,0.0,56.0,6.9874,-15.830000000000002,-8.606561,0,5.0,Low
4.0,0.0,0.0,0.0,0.0,0.0,0.0,0.0,0.0,7.0,0.0,0.0,0.0,0.0,0.0,3.0,0.0,0.0,0.0,0.0,0.0,0.0,7.0,0.0,0.0,0.0,0.0,0.0,21.0,1530.0,3611.292843,14.0,196.0,52.0,132.19926800000002,819.24,1040.3237,0.0,3846.889,263.0,91.697477,7.0,7.0,11.0,50.730298000000005,0.0,11.0,52.0,171.810629,98.0,101.315933,244.087843,7.0,67.0,15.7719,-16.27,-8.790384,1,3.0,Medium
0.0,4.0,0.0,0.0,0.0,0.0,0.0,0.0,0.0,7.0,0.0,0.0,0.0,0.0,0.0,0.0,3.0,0.0,0.0,0.0,0.0,0.0,0.0,7.0,0.0,0.0,0.0,0.0,21.0,1416.0,3198.4785380000003,15.0,180.0,45.0,126.173808,811.24,963.2431,0.0,3567.5,244.0,84.759484,7.0,7.0,8.0,49.21247,0.0,15.0,45.0,157.36685200000002,92.0,103.898782,225.207843,7.0,64.0,7.806100000000001,-16.150000000000002,-8.7838955,1,4.0,Medium
0.0,0.0,0.0,0.0,0.0,0.0,5.0,0.0,0.0,0.0,0.0,0.0,0.0,0.0,0.0,5.0,5.0,0.0,0.0,0.0,0.0,0.0,7.0,0.0,0.0,0.0,0.0,0.0,22.0,1324.0,2867.568982,10.0,174.0,49.0,115.515515,771.1,894.2055,0.0,3255.3720000000003,228.0,78.529035,0.0,0.0,0.0,76.01005299999998,0.0,5.0,49.0,147.032246,99.0,99.728687,210.22,0.0,54.0,16.557699999999997,-17.78,-8.553255,0,5.0,Low
0.0,0.0,0.0,0.0,0.0,0.0,5.0,0.0,0.0,0.0,0.0,0.0,0.0,0.0,0.0,6.0,4.0,0.0,0.0,6.0,0.0,0.0,0.0,0.0,0.0,0.0,0.0,0.0,21.0,1086.0,2385.068748,11.0,135.0,48.0,84.559981,751.2,714.5593000000001,0.0,2695.344,188.0,59.377747,0.0,0.0,1.0,72.08123400000001,0.0,5.0,48.0,118.966631,64.0,82.32483500000001,170.97000000000003,0.0,53.0,3.5633,-17.03,-8.575116,1,4.0,Medium
0.0,5.0,0.0,0.0,0.0,5.0,0.0,0.0,0.0,0.0,0.0,0.0,0.0,0.0,0.0,0.0,3.0,0.0,0.0,0.0,0.0,0.0,8.0,0.0,0.0,0.0,0.0,0.0,21.0,1360.0,3031.2625770000004,15.0,175.0,37.0,122.773958,768.1899999999999,949.6315,0.0,3418.938,232.0,79.657301,0.0,0.0,7.0,56.317777,0.0,15.0,37.0,156.890951,94.0,111.928913,229.990895,0.0,57.0,16.3067,-15.54,-8.739539,0,5.0,Low
6.0,0.0,0.0,0.0,0.0,0.0,0.0,0.0,0.0,7.0,0.0,0.0,0.0,0.0,0.0,3.0,0.0,0.0,0.0,0.0,0.0,0.0,6.0,0.0,0.0,0.0,0.0,0.0,22.0,1568.0,3676.36454,16.0,196.0,54.0,137.756984,900.82,1062.7969,0.0,3981.839,269.0,91.858996,7.0,7.0,13.0,47.015639,0.0,13.0,54.0,175.913479,97.0,106.716823,255.210201,7.0,73.0,11.988600000000002,-16.560000000000002,-8.763538,1,2.0,Medium
0.0,0.0,0.0,0.0,5.0,0.0,0.0,0.0,0.0,0.0,0.0,0.0,0.0,0.0,0.0,7.0,3.0,0.0,0.0,0.0,0.0,6.0,0.0,0.0,0.0,0.0,0.0,0.0,21.0,1236.0,2965.1344200000003,12.0,159.0,49.0,83.44824799999999,757.6000000000001,828.9511,0.0,3048.9990000000003,213.0,68.631917,0.0,0.0,2.0,76.551579,0.0,5.0,49.0,140.602282,60.0,88.34463799999999,195.93,0.0,54.0,12.9151,-17.07,-8.611764,1,4.0,Medium
0.0,0.0,0.0,0.0,0.0,0.0,6.0,0.0,0.0,0.0,0.0,0.0,0.0,0.0,0.0,4.0,4.0,0.0,0.0,0.0,0.0,0.0,7.0,0.0,0.0,0.0,0.0,0.0,21.0,1314.0,2835.648161,10.0,174.0,46.0,116.758868,715.1800000000001,894.2104,0.0,3226.422,226.0,79.17587899999998,0.0,0.0,2.0,72.813833,0.0,6.0,46.0,146.975642,101.0,97.69657600000002,209.01,0.0,52.0,17.1777,-16.99,-8.575223,1,4.0,Medium
0.0,6.0,0.0,0.0,0.0,0.0,0.0,0.0,0.0,6.0,0.0,0.0,0.0,0.0,0.0,4.0,0.0,0.0,0.0,0.0,0.0,0.0,6.0,0.0,0.0,0.0,0.0,0.0,22.0,1540.0,3584.42327,22.0,192.0,48.0,136.070846,924.18,1055.8042,0.0,3905.8200000000006,264.0,90.201738,6.0,6.0,12.0,48.331754,0.0,18.0,48.0,173.174524,96.0,106.552466,252.17404,6.0,72.0,10.503800000000002,-16.520000000000003,-8.782024,1,4.0,Medium
0.0,4.0,0.0,0.0,0.0,0.0,0.0,0.0,0.0,0.0,0.0,0.0,0.0,0.0,0.0,6.0,2.0,10.0,0.0,0.0,0.0,0.0,0.0,0.0,0.0,0.0,0.0,0.0,22.0,1188.0,2588.512792,14.0,146.0,46.0,104.20611,849.4,805.678,0.0,3007.524,204.0,64.631338,0.0,0.0,2.0,59.898594,0.0,8.0,46.0,131.807014,72.0,92.414252,198.204716,0.0,58.0,14.8602,-16.619999999999997,-8.615112,0,5.0,Low
4.0,0.0,0.0,0.0,0.0,0.0,0.0,0.0,0.0,0.0,0.0,0.0,0.0,0.0,0.0,8.0,2.0,7.0,0.0,0.0,0.0,0.0,0.0,0.0,0.0,0.0,0.0,0.0,21.0,1118.0,2441.797709,12.0,134.0,50.0,97.290247,852.36,741.1498,0.0,2845.152,192.0,58.89898,0.0,0.0,2.0,56.749285,0.0,4.0,50.0,122.2753,66.0,87.494778,186.914716,0.0,58.0,11.0468,-15.91,-8.58799,1,4.0,Medium
0.0,4.0,0.0,0.0,0.0,0.0,0.0,0.0,0.0,0.0,0.0,0.0,0.0,0.0,0.0,8.0,2.0,0.0,0.0,0.0,0.0,0.0,8.0,0.0,0.0,0.0,0.0,0.0,22.0,1368.0,3029.34875,16.0,174.0,48.0,122.859512,889.86,937.2176,0.0,3432.278,234.0,78.30438799999999,0.0,0.0,2.0,63.279274,0.0,8.0,48.0,153.21974,94.0,104.91688,228.124716,0.0,60.0,22.575,-16.700000000000003,-8.619906,1,3.0,Medium
0.0,5.0,0.0,0.0,0.0,0.0,0.0,0.0,0.0,7.0,0.0,0.0,0.0,0.0,0.0,3.0,0.0,0.0,0.0,0.0,0.0,0.0,7.0,0.0,0.0,0.0,0.0,0.0,22.0,1590.0,3736.209067,20.0,202.0,49.0,138.777471,887.1800000000001,1091.3533,0.0,4008.597,273.0,95.051724,7.0,7.0,12.0,50.730298000000005,0.0,17.0,49.0,179.139053,101.0,106.90998100000002,256.254022,7.0,71.0,13.4063,-16.81,-8.784779,1,4.0,Medium
3.0,0.0,0.0,0.0,0.0,0.0,8.0,0.0,0.0,3.0,0.0,0.0,0.0,0.0,0.0,0.0,0.0,0.0,0.0,0.0,0.0,0.0,7.0,0.0,0.0,0.0,0.0,0.0,21.0,1554.0,3428.023575,14.0,204.0,45.0,145.084811,711.75,1076.89,0.0,3866.784,266.0,96.242705,3.0,3.0,14.0,59.457487,0.0,14.0,45.0,177.522947,118.0,108.215449,251.94702,3.0,62.0,16.747700000000002,-16.4,-8.756161,1,1.0,Medium
4.0,0.0,0.0,0.0,0.0,0.0,0.0,0.0,0.0,0.0,0.0,0.0,0.0,0.0,0.0,8.0,2.0,8.0,0.0,0.0,0.0,0.0,0.0,0.0,0.0,0.0,0.0,0.0,22.0,1176.0,2569.01699,12.0,142.0,52.0,102.321712,878.66,781.8308,0.0,2987.3500000000004,202.0,62.406564,0.0,0.0,2.0,60.061754,0.0,4.0,52.0,128.920224,70.0,91.619856,196.124716,0.0,60.0,12.9526,-16.700000000000003,-8.578551,1,4.0,Medium
0.0,0.0,0.0,0.0,5.0,0.0,0.0,0.0,0.0,0.0,0.0,0.0,0.0,0.0,0.0,6.0,3.0,0.0,0.0,0.0,0.0,0.0,0.0,7.0,0.0,0.0,0.0,0.0,21.0,1368.0,3006.0634170000003,11.0,182.0,48.0,117.051114,737.37,933.3723,0.0,3355.621,235.0,81.949291,0.0,0.0,2.0,74.615551,0.0,5.0,48.0,154.07249900000002,100.0,104.513221,217.97,0.0,53.0,21.9159,-17.03,-8.567969,1,4.0,Medium
0.0,4.0,0.0,0.0,0.0,0.0,0.0,0.0,0.0,0.0,0.0,0.0,0.0,0.0,0.0,5.0,3.0,9.0,0.0,0.0,0.0,0.0,0.0,0.0,0.0,0.0,0.0,0.0,21.0,1106.0,2399.735534,13.0,135.0,43.0,96.606905,816.7,747.3422,0.0,2806.2380000000003,190.0,59.612221,0.0,0.0,1.0,56.396881,0.0,8.0,43.0,122.378013,66.0,87.771294,185.034716,0.0,55.0,11.7787,-15.79,-8.611335,1,4.0,Medium
0.0,0.0,0.0,0.0,0.0,5.0,0.0,0.0,0.0,0.0,0.0,0.0,0.0,0.0,0.0,4.0,3.0,0.0,0.0,0.0,0.0,0.0,0.0,0.0,0.0,10.0,0.0,0.0,22.0,1672.0,3609.849469,9.0,233.0,48.0,172.063897,723.21,1170.4707,0.0,4068.982,286.0,107.128326,0.0,0.0,2.0,70.92492100000001,0.0,5.0,48.0,189.549851,155.0,169.45554499999997,268.26,0.0,53.0,43.675900000000006,-17.740000000000002,-8.493684,1,3.0,Medium
3.0,0.0,0.0,0.0,0.0,0.0,0.0,0.0,0.0,0.0,0.0,0.0,0.0,0.0,0.0,4.0,2.0,0.0,0.0,0.0,0.0,0.0,12.0,0.0,0.0,0.0,0.0,0.0,21.0,1428.0,3173.59001,7.0,192.0,46.0,130.319005,743.8,993.1195,0.0,3542.238,244.0,86.35181499999999,0.0,0.0,1.0,64.561714,0.0,3.0,46.0,162.988895,107.0,107.560136,236.118537,0.0,52.0,37.41,-16.0,-8.410188,0,5.0,Low
0.0,0.0,0.0,4.0,0.0,0.0,0.0,0.0,0.0,0.0,7.0,0.0,0.0,0.0,0.0,0.0,3.0,8.0,0.0,0.0,0.0,0.0,0.0,0.0,0.0,0.0,0.0,0.0,22.0,1258.0,2646.480622,4.0,162.0,51.0,115.506115,702.46,845.3417999999999,0.0,3105.039,217.0,72.112982,0.0,0.0,1.0,71.53002599999999,0.0,4.0,51.0,139.284028,94.0,101.458002,199.18,0.0,55.0,17.3996,-17.82,-8.39573,0,5.0,Low
0.0,5.0,0.0,0.0,0.0,0.0,0.0,0.0,0.0,0.0,0.0,0.0,0.0,0.0,0.0,5.0,5.0,0.0,0.0,0.0,0.0,0.0,6.0,0.0,0.0,0.0,0.0,0.0,21.0,1192.0,2600.069541,15.0,147.0,42.0,106.537115,874.8,808.922,0.0,3024.0460000000003,204.0,65.80215,0.0,0.0,0.0,55.282224,0.0,10.0,42.0,132.555953,77.0,97.382876,201.990895,0.0,57.0,11.7461,-15.54,-8.7112055,0,5.0,Low
0.0,0.0,0.0,0.0,0.0,0.0,6.0,0.0,0.0,0.0,0.0,0.0,0.0,0.0,0.0,5.0,4.0,6.0,0.0,0.0,0.0,0.0,0.0,0.0,0.0,0.0,0.0,0.0,21.0,1140.0,2423.10997,11.0,144.0,47.0,97.846094,735.4100000000001,757.6022,0.0,2821.611,197.0,64.762043,0.0,0.0,2.0,70.080083,0.0,6.0,47.0,124.774801,79.0,85.664482,179.97000000000003,0.0,53.0,5.455799999999999,-17.03,-8.604741,1,4.0,Medium
5.0,0.0,0.0,0.0,0.0,0.0,0.0,0.0,0.0,0.0,0.0,0.0,0.0,0.0,0.0,6.0,3.0,0.0,0.0,0.0,0.0,7.0,0.0,0.0,0.0,0.0,0.0,0.0,21.0,1102.0,2555.064866,11.0,131.0,48.0,82.03039000000001,853.37,731.2583,0.0,2822.549,189.0,55.529613000000005,0.0,0.0,2.0,57.505621000000005,0.0,5.0,48.0,123.62661400000002,43.0,88.843066,186.950895,0.0,58.0,9.5313,-15.580000000000002,-8.587984,1,4.0,Medium
0.0,5.0,0.0,0.0,0.0,0.0,0.0,0.0,0.0,0.0,0.0,0.0,0.0,0.0,0.0,6.0,3.0,0.0,0.0,0.0,0.0,0.0,8.0,0.0,0.0,0.0,0.0,0.0,22.0,1352.0,2975.2356170000003,16.0,171.0,45.0,122.780709,893.67,929.5308,0.0,3408.691,231.0,77.087381,0.0,0.0,2.0,59.695981,0.0,10.0,45.0,152.012052,92.0,106.265168,228.160895,0.0,60.0,20.6437,-16.37,-8.6651745,1,4.0,Medium
5.0,0.0,0.0,0.0,0.0,0.0,0.0,0.0,0.0,6.0,0.0,0.0,0.0,0.0,0.0,0.0,5.0,5.0,0.0,0.0,0.0,0.0,0.0,0.0,0.0,0.0,0.0,0.0,21.0,1210.0,2796.72044,11.0,145.0,48.0,100.308394,841.67,796.2397,0.0,3100.9529999999995,209.0,66.69708700000001,6.0,6.0,6.0,45.053974,0.0,11.0,48.0,132.624687,64.0,87.999052,195.167861,6.0,64.0,-2.8877000000000006,-15.82,-8.753868,1,4.0,Medium
0.0,5.0,0.0,0.0,0.0,0.0,0.0,0.0,0.0,0.0,0.0,0.0,0.0,0.0,0.0,6.0,3.0,8.0,0.0,0.0,0.0,0.0,0.0,0.0,0.0,0.0,0.0,0.0,22.0,1160.0,2514.903857,16.0,139.0,45.0,102.242909,893.67,782.3468,0.0,2959.827,199.0,61.63257300000001,0.0,0.0,2.0,56.478461,0.0,10.0,45.0,128.07954,68.0,92.968144,196.160895,0.0,60.0,9.3133,-16.37,-8.687589,1,4.0,Medium
6.0,0.0,0.0,0.0,0.0,0.0,6.0,0.0,0.0,6.0,0.0,0.0,0.0,0.0,0.0,0.0,4.0,0.0,0.0,0.0,0.0,0.0,0.0,0.0,0.0,0.0,0.0,0.0,22.0,1372.0,3078.4106280000005,18.0,162.0,50.0,121.332616,908.42,906.813,0.0,3519.0240000000003,236.0,77.06679799999999,6.0,6.0,14.0,45.702628,0.0,18.0,50.0,151.245068,82.0,99.192324,224.09404,6.0,74.0,-13.7278,-16.599999999999998,-8.773912,1,4.0,Medium
0.0,4.0,0.0,0.0,0.0,0.0,0.0,0.0,0.0,0.0,0.0,0.0,0.0,0.0,0.0,4.0,6.0,0.0,0.0,0.0,0.0,0.0,7.0,0.0,0.0,0.0,0.0,0.0,21.0,1190.0,2598.356091,12.0,150.0,42.0,104.98986200000002,837.9600000000002,807.5193999999999,0.0,2997.62,204.0,66.818821,0.0,0.0,-2.0,58.807639,0.0,8.0,42.0,132.446944,79.0,97.058154,199.074716,0.0,54.0,14.5501,-15.75,-8.639351,0,5.0,Low
4.0,0.0,0.0,0.0,0.0,0.0,7.0,0.0,0.0,7.0,0.0,0.0,0.0,0.0,0.0,3.0,0.0,0.0,0.0,0.0,0.0,0.0,0.0,0.0,0.0,0.0,0.0,0.0,21.0,1446.0,3308.21532,21.0,175.0,52.0,126.987453,850.3199999999999,963.2446,0.0,3664.483,249.0,84.202479,7.0,7.0,18.0,48.546123,0.0,18.0,52.0,159.86087999999998,91.0,95.145874,229.807843,7.0,74.0,-10.0007,-16.549999999999997,-8.792617,1,4.0,Medium
0.0,0.0,0.0,0.0,0.0,0.0,6.0,0.0,0.0,0.0,0.0,0.0,0.0,0.0,0.0,4.0,3.0,0.0,0.0,0.0,0.0,0.0,8.0,0.0,0.0,0.0,0.0,0.0,21.0,1368.0,2964.4955090000003,10.0,183.0,46.0,122.836032,701.35,938.0854,0.0,3353.673,235.0,83.510142,0.0,0.0,3.0,73.323687,0.0,6.0,46.0,154.011176,107.0,100.273782,218.01,0.0,52.0,21.5775,-16.99,-8.556934,1,4.0,Medium
6.0,0.0,0.0,0.0,0.0,0.0,0.0,0.0,0.0,8.0,0.0,0.0,0.0,0.0,0.0,4.0,0.0,0.0,0.0,0.0,0.0,6.0,0.0,0.0,0.0,0.0,0.0,0.0,24.0,1556.0,3801.46857,18.0,188.0,60.0,119.205972,987.32,1037.2914,0.0,3975.592,268.0,86.07313400000001,8.0,8.0,14.0,53.794164,0.0,14.0,60.0,174.295692,68.0,104.364172,250.586362,8.0,80.0,2.6,-18.26,-8.808963,1,4.0,Medium
4.0,0.0,0.0,0.0,0.0,0.0,0.0,0.0,0.0,7.0,0.0,0.0,0.0,0.0,0.0,0.0,3.0,0.0,0.0,0.0,0.0,0.0,8.0,0.0,0.0,0.0,0.0,0.0,22.0,1540.0,3611.379663,11.0,199.0,51.0,132.094738,826.3399999999999,1046.4383,0.0,3867.931000000001,265.0,92.602313,7.0,7.0,8.0,53.877225,0.0,11.0,51.0,173.094886,99.0,105.549499,245.417843,7.0,66.0,15.5669,-16.94,-8.791718,1,1.0,Medium
0.0,0.0,0.0,4.0,0.0,0.0,0.0,0.0,0.0,6.0,0.0,0.0,0.0,0.0,0.0,0.0,3.0,8.0,0.0,0.0,0.0,0.0,0.0,0.0,0.0,0.0,0.0,0.0,21.0,1332.0,3137.024593,10.0,173.0,48.0,106.11174599999998,693.5699999999999,894.733,0.0,3297.397,231.0,80.108514,6.0,6.0,7.0,62.760519,0.0,10.0,48.0,148.417326,83.0,87.645134,202.226966,6.0,58.0,6.2597000000000005,-17.23,-8.796831,1,2.0,Medium
0.0,5.0,0.0,0.0,0.0,0.0,6.0,0.0,0.0,0.0,0.0,0.0,0.0,0.0,0.0,0.0,3.0,0.0,0.0,0.0,0.0,0.0,0.0,7.0,0.0,0.0,0.0,0.0,21.0,1336.0,2706.289984,16.0,170.0,37.0,133.449053,772.63,929.3862,0.0,3364.826,228.0,79.313632,0.0,0.0,8.0,55.082736,0.0,16.0,37.0,151.18311400000002,103.0,111.681785,225.950895,0.0,58.0,11.8447,-15.580000000000002,-8.746803,1,3.0,Medium
6.0,0.0,0.0,0.0,0.0,0.0,0.0,0.0,0.0,6.0,0.0,0.0,0.0,0.0,0.0,0.0,5.0,0.0,0.0,0.0,0.0,0.0,5.0,0.0,0.0,0.0,0.0,0.0,22.0,1390.0,3209.344014,12.0,171.0,50.0,119.722722,895.61,929.0058,0.0,3548.121,239.0,79.156819,6.0,6.0,7.0,47.064924,0.0,12.0,50.0,154.452176,82.0,101.90374,227.33404,6.0,68.0,3.963199999999999,-16.36,-8.762516,1,2.0,Medium
0.0,0.0,4.0,0.0,0.0,0.0,0.0,0.0,0.0,0.0,0.0,0.0,0.0,0.0,0.0,5.0,3.0,0.0,0.0,0.0,0.0,0.0,0.0,9.0,0.0,0.0,0.0,0.0,21.0,1292.0,2670.229582,13.0,166.0,43.0,125.81907,816.7,889.8392000000001,0.0,3241.075,221.0,75.33921,0.0,0.0,1.0,58.795039,0.0,8.0,43.0,143.826667,97.0,115.095673,215.685844,0.0,55.0,22.5749,-15.79,-8.621544,1,4.0,Medium
0.0,0.0,0.0,0.0,0.0,0.0,5.0,0.0,0.0,0.0,0.0,0.0,0.0,0.0,0.0,5.0,3.0,0.0,0.0,0.0,0.0,0.0,8.0,0.0,0.0,0.0,0.0,0.0,21.0,1350.0,2940.5029270000005,10.0,180.0,47.0,120.071153,717.14,922.8765,0.0,3311.568,232.0,81.758126,0.0,0.0,2.0,73.315102,0.0,5.0,47.0,151.466826,104.0,99.095893,215.01,0.0,52.0,22.0352,-16.99,-8.540423,0,5.0,Low
4.0,0.0,0.0,0.0,0.0,0.0,0.0,0.0,0.0,0.0,0.0,0.0,0.0,0.0,0.0,7.0,4.0,7.0,0.0,0.0,0.0,0.0,0.0,0.0,0.0,0.0,0.0,0.0,22.0,1122.0,2436.153135,11.0,134.0,51.0,96.244033,886.09,738.6990000000001,0.0,2857.119,193.0,58.492619000000005,0.0,0.0,0.0,59.764846,0.0,4.0,51.0,122.092177,65.0,90.186898,187.164716,0.0,59.0,8.7934,-16.66,-8.556145,1,4.0,Medium
0.0,0.0,0.0,0.0,5.0,0.0,0.0,0.0,0.0,0.0,0.0,0.0,0.0,0.0,0.0,5.0,4.0,0.0,0.0,0.0,8.0,0.0,0.0,0.0,0.0,0.0,0.0,0.0,22.0,1228.0,2834.265085,10.0,158.0,49.0,80.952944,757.27,822.8195000000001,0.0,3031.9480000000003,212.0,67.682491,0.0,0.0,1.0,79.264942,0.0,5.0,49.0,139.09918800000003,57.0,99.94761,194.22,0.0,54.0,12.329,-17.78,-8.615042,1,4.0,Medium
0.0,4.0,0.0,0.0,0.0,0.0,0.0,0.0,0.0,0.0,0.0,0.0,0.0,0.0,0.0,4.0,4.0,0.0,0.0,0.0,0.0,0.0,9.0,0.0,0.0,0.0,0.0,0.0,21.0,1298.0,2856.050787,12.0,168.0,42.0,117.14419,810.3000000000001,895.2694,0.0,3252.1220000000003,222.0,75.487347,0.0,0.0,0.0,59.827347,0.0,8.0,42.0,146.518012,91.0,102.212566,217.074716,0.0,54.0,23.3497,-15.75,-8.593106,0,5.0,Low
0.0,9.0,0.0,0.0,0.0,0.0,0.0,0.0,0.0,0.0,0.0,0.0,0.0,0.0,0.0,4.0,1.0,8.0,0.0,0.0,0.0,0.0,0.0,0.0,0.0,0.0,0.0,0.0,22.0,1240.0,2667.799187,22.0,145.0,39.0,117.334137,947.31,857.5283999999999,0.0,3220.007,211.0,65.833743,0.0,0.0,8.0,43.280753,0.0,18.0,39.0,139.95325,72.0,101.468576,220.065611,0.0,66.0,8.642299999999999,-15.29,-8.777883,0,6.0,Low
0.0,5.0,0.0,0.0,0.0,0.0,0.0,0.0,0.0,0.0,0.0,0.0,0.0,0.0,0.0,6.0,3.0,0.0,0.0,8.0,0.0,0.0,0.0,0.0,0.0,0.0,0.0,0.0,22.0,1112.0,2496.172337,16.0,131.0,45.0,88.214597,893.67,745.2348,0.0,2847.611,191.0,56.789533000000006,0.0,0.0,2.0,59.158109,0.0,10.0,45.0,123.72778,52.0,90.0858,188.160895,0.0,60.0,6.1797,-16.37,-8.659559,1,4.0,Medium
0.0,5.0,0.0,0.0,0.0,0.0,0.0,0.0,0.0,0.0,0.0,0.0,0.0,0.0,0.0,6.0,3.0,0.0,0.0,0.0,0.0,0.0,0.0,7.0,0.0,0.0,0.0,0.0,21.0,1228.0,2562.334492,16.0,152.0,43.0,116.859779,867.37,838.1328000000001,0.0,3112.196,210.0,68.801536,0.0,0.0,2.0,55.031226,0.0,10.0,43.0,135.91701400000002,85.0,104.614451,207.950895,0.0,58.0,14.5909,-15.580000000000002,-8.718418,1,4.0,Medium
0.0,0.0,6.0,0.0,0.0,0.0,6.0,0.0,0.0,7.0,0.0,0.0,0.0,0.0,0.0,0.0,3.0,0.0,0.0,0.0,0.0,0.0,0.0,0.0,0.0,0.0,0.0,0.0,22.0,1460.0,3300.826109,25.0,175.0,45.0,131.511524,925.06,983.7709,0.0,3726.485,251.0,84.564637,7.0,7.0,16.0,44.575757,0.0,25.0,45.0,162.11175400000002,91.0,110.444887,236.566893,7.0,76.0,-13.8507,-16.68,-8.798825,1,4.0,Medium
0.0,0.0,0.0,0.0,5.0,0.0,0.0,0.0,0.0,7.0,0.0,0.0,0.0,0.0,0.0,0.0,3.0,0.0,0.0,0.0,0.0,0.0,7.0,0.0,0.0,0.0,0.0,0.0,22.0,1658.0,3995.264061,12.0,223.0,51.0,131.26558599999998,737.98,1133.6284,0.0,4074.758,286.0,103.66488,7.0,7.0,9.0,69.746891,0.0,12.0,51.0,188.94230700000003,110.0,105.255111,254.393127,7.0,63.0,17.2042,-18.14,-8.810574,1,2.0,Medium
5.0,0.0,0.0,0.0,0.0,0.0,0.0,0.0,0.0,7.0,0.0,0.0,0.0,0.0,0.0,0.0,3.0,0.0,0.0,7.0,0.0,0.0,0.0,0.0,0.0,0.0,0.0,0.0,22.0,1308.0,3132.3547660000004,12.0,158.0,51.0,100.828903,853.98,866.8763999999999,0.0,3345.308,226.0,72.202738,7.0,7.0,9.0,49.691928,0.0,12.0,51.0,145.57932900000003,60.0,91.199394,209.374022,7.0,68.0,-0.6417999999999999,-16.69,-8.799822,1,4.0,Medium
0.0,4.0,0.0,0.0,0.0,0.0,0.0,0.0,0.0,0.0,0.0,0.0,0.0,0.0,0.0,2.0,3.0,0.0,0.0,0.0,0.0,0.0,0.0,12.0,0.0,0.0,0.0,0.0,21.0,1340.0,2728.3790930000005,10.0,177.0,40.0,133.11636199999998,756.01,936.1808,0.0,3347.375,229.0,80.58751,0.0,0.0,1.0,59.349685,0.0,8.0,40.0,150.98466000000002,105.0,115.999548,224.154716,0.0,52.0,29.5165,-15.670000000000002,-8.556608,1,4.0,Medium
0.0,0.0,0.0,0.0,0.0,0.0,6.0,0.0,0.0,0.0,5.0,0.0,0.0,0.0,0.0,0.0,3.0,0.0,0.0,0.0,0.0,8.0,0.0,0.0,0.0,0.0,0.0,0.0,22.0,1258.0,2772.664224,6.0,162.0,49.0,100.053387,692.88,847.5352,0.0,3105.0869999999995,217.0,70.70909999999999,0.0,0.0,3.0,76.658912,0.0,6.0,49.0,142.220582,72.0,98.612588,199.18,0.0,55.0,13.602799999999998,-17.82,-8.485656,1,4.0,Medium
0.0,0.0,0.0,0.0,0.0,5.0,0.0,0.0,0.0,0.0,0.0,0.0,0.0,0.0,0.0,6.0,3.0,0.0,0.0,7.0,0.0,0.0,0.0,0.0,0.0,0.0,0.0,0.0,21.0,1080.0,2507.568616,11.0,134.0,48.0,76.574501,737.37,712.3123,0.0,2682.325,187.0,57.601324000000005,0.0,0.0,2.0,72.49677400000002,0.0,5.0,48.0,120.008811,55.0,86.3818,169.97,0.0,53.0,4.204600000000001,-17.03,-8.592098,1,4.0,Medium
0.0,4.0,0.0,0.0,0.0,0.0,0.0,0.0,0.0,0.0,0.0,0.0,0.0,0.0,0.0,5.0,4.0,0.0,0.0,0.0,0.0,0.0,8.0,0.0,0.0,0.0,0.0,0.0,21.0,1268.0,2788.7614160000003,13.0,162.0,43.0,113.634766,830.53,869.0491999999999,0.0,3183.9590000000003,217.0,72.66461699999999,0.0,0.0,0.0,59.506737,0.0,8.0,43.0,142.26655499999998,87.0,100.15324,212.034716,0.0,55.0,20.1256,-15.79,-8.625356,0,6.0,Low
0.0,0.0,0.0,0.0,0.0,0.0,5.0,0.0,0.0,7.0,0.0,0.0,0.0,0.0,0.0,3.0,0.0,0.0,0.0,0.0,0.0,0.0,7.0,0.0,0.0,0.0,0.0,0.0,22.0,1640.0,3818.947757,15.0,217.0,54.0,140.157181,757.18,1117.5578,0.0,4041.617,283.0,102.339174,7.0,7.0,12.0,67.743468,0.0,12.0,54.0,183.978858,116.0,103.46858600000002,251.273127,7.0,66.0,14.8958,-18.26,-8.796592,1,1.0,Medium
0.0,0.0,0.0,0.0,0.0,0.0,6.0,0.0,0.0,0.0,0.0,0.0,0.0,0.0,0.0,6.0,4.0,0.0,0.0,0.0,0.0,0.0,6.0,0.0,0.0,0.0,0.0,0.0,22.0,1336.0,2885.83017,12.0,174.0,50.0,117.33871,781.94,900.849,0.0,3288.402,230.0,78.969854,0.0,0.0,2.0,75.887272,0.0,6.0,50.0,148.109216,100.0,99.36513,212.14,0.0,56.0,14.0516,-17.86,-8.586922,1,4.0,Medium
6.0,0.0,0.0,0.0,0.0,0.0,0.0,0.0,0.0,5.0,0.0,0.0,0.0,0.0,0.0,0.0,4.0,0.0,0.0,0.0,0.0,0.0,6.0,0.0,0.0,0.0,0.0,0.0,21.0,1364.0,3128.7787120000003,11.0,170.0,47.0,120.024482,841.81,920.7251,0.0,3475.1140000000005,234.0,78.552595,5.0,5.0,7.0,45.496844,0.0,11.0,47.0,152.813218,84.0,100.588709,225.127879,5.0,64.0,9.3422,-15.49,-8.757506,1,3.0,Medium
5.0,0.0,0.0,0.0,0.0,0.0,7.0,0.0,0.0,7.0,0.0,0.0,0.0,0.0,0.0,0.0,3.0,0.0,0.0,0.0,0.0,0.0,0.0,0.0,0.0,0.0,0.0,0.0,22.0,1434.0,3248.457613,19.0,172.0,51.0,125.862436,885.06,951.0563,0.0,3653.847,247.0,82.468357,7.0,7.0,16.0,47.978391,0.0,19.0,51.0,158.37831800000004,88.0,99.186282,230.094022,7.0,75.0,-13.7584,-16.97,-8.789656,1,4.0,Medium
0.0,0.0,0.0,0.0,0.0,0.0,4.0,0.0,0.0,7.0,0.0,0.0,0.0,0.0,0.0,0.0,3.0,0.0,0.0,0.0,0.0,0.0,7.0,0.0,0.0,0.0,0.0,0.0,21.0,1498.0,3492.8098640000003,11.0,199.0,49.0,125.599816,707.24,1016.5257,0.0,3692.105,259.0,93.435854,7.0,7.0,8.0,63.773102,0.0,11.0,49.0,167.697246,104.0,97.009177,228.223127,7.0,60.0,11.7284,-17.310000000000002,-8.811106,1,3.0,Medium
0.0,5.0,0.0,0.0,0.0,0.0,5.0,0.0,0.0,5.0,0.0,0.0,0.0,0.0,0.0,0.0,0.0,0.0,0.0,0.0,0.0,0.0,6.0,0.0,0.0,0.0,0.0,0.0,21.0,1542.0,3487.528686000001,20.0,197.0,42.0,141.6309,795.05,1069.725,0.0,3880.586,264.0,93.728805,5.0,5.0,15.0,49.690794,0.0,20.0,42.0,175.645393,107.0,106.683506,251.9717,5.0,67.0,9.9501,-15.94,-8.799631,1,3.0,Medium
0.0,4.0,0.0,0.0,0.0,0.0,5.0,0.0,0.0,0.0,0.0,0.0,0.0,0.0,0.0,0.0,3.0,0.0,0.0,0.0,0.0,0.0,10.0,0.0,0.0,0.0,0.0,0.0,22.0,1494.0,3222.3324250000005,13.0,198.0,40.0,141.135015,764.05,1048.0477,0.0,3720.041,255.0,91.198395,0.0,0.0,6.0,63.774175,0.0,13.0,40.0,171.660327,115.0,114.407097,249.244716,0.0,57.0,25.559,-16.58,-8.65022,2,0.0,High
0.0,3.0,0.0,0.0,0.0,0.0,4.0,0.0,0.0,7.0,0.0,0.0,0.0,0.0,0.0,0.0,7.0,0.0,0.0,0.0,0.0,0.0,0.0,0.0,0.0,0.0,0.0,0.0,21.0,1216.0,2797.886891000001,17.0,145.0,46.0,98.229699,853.8800000000001,792.2691000000001,0.0,3085.115,211.0,68.51419,7.0,7.0,7.0,50.589709,0.0,17.0,46.0,131.529906,68.0,86.120879,189.091664,7.0,66.0,-17.8099,-16.56,-8.763678,0,5.0,Low
0.0,0.0,0.0,0.0,0.0,0.0,6.0,0.0,0.0,6.0,0.0,0.0,0.0,0.0,0.0,4.0,0.0,0.0,0.0,0.0,0.0,0.0,6.0,0.0,0.0,0.0,0.0,0.0,22.0,1600.0,3683.709698,16.0,210.0,54.0,137.726498,768.1800000000001,1087.2496,0.0,3945.444,276.0,98.946678,6.0,6.0,12.0,68.747558,0.0,12.0,54.0,178.98229,114.0,102.422792,246.196966,6.0,66.0,12.2912,-18.26,-8.783035,1,1.0,Medium
3.0,0.0,0.0,0.0,0.0,0.0,5.0,0.0,0.0,8.0,0.0,0.0,0.0,0.0,0.0,0.0,0.0,0.0,0.0,0.0,0.0,0.0,6.0,0.0,0.0,0.0,0.0,0.0,22.0,1662.0,3865.934188,16.0,215.0,52.0,145.800706,793.0799999999999,1134.3864,0.0,4153.024,286.0,102.389542,8.0,8.0,16.0,55.924596,0.0,16.0,52.0,187.470776,113.0,107.172121,261.257825,8.0,71.0,9.6087,-17.47,-8.782589,1,1.0,Medium
0.0,0.0,0.0,6.0,0.0,0.0,0.0,0.0,0.0,0.0,0.0,0.0,0.0,0.0,0.0,4.0,4.0,0.0,0.0,0.0,0.0,0.0,0.0,8.0,0.0,0.0,0.0,0.0,22.0,1384.0,2953.474638,10.0,184.0,48.0,125.114664,741.48,944.0554,0.0,3396.674,238.0,83.802054,0.0,0.0,2.0,76.294986,0.0,6.0,48.0,154.766824,108.0,111.268216,220.22,0.0,54.0,19.7196,-17.78,-8.553599,1,3.0,Medium
0.0,6.0,0.0,0.0,0.0,0.0,6.0,0.0,0.0,7.0,0.0,0.0,0.0,0.0,0.0,0.0,3.0,0.0,0.0,0.0,0.0,0.0,0.0,0.0,0.0,0.0,0.0,0.0,22.0,1424.0,3231.9098750000003,25.0,169.0,45.0,125.586494,925.06,956.0689,0.0,3642.323,245.0,81.564637,7.0,7.0,16.0,44.575757,0.0,25.0,45.0,157.86911200000003,85.0,99.874561,231.090201,7.0,76.0,-16.1913,-16.68,-8.815379,1,4.0,Medium
0.0,6.0,0.0,0.0,0.0,0.0,0.0,0.0,0.0,5.0,0.0,0.0,0.0,0.0,0.0,0.0,4.0,0.0,0.0,0.0,0.0,0.0,6.0,0.0,0.0,0.0,0.0,0.0,21.0,1364.0,3128.7787120000003,17.0,170.0,41.0,120.024482,858.6099999999999,933.0293,0.0,3469.21,234.0,79.217119,5.0,5.0,7.0,45.496844,0.0,17.0,41.0,153.36372400000002,84.0,100.588709,225.127879,5.0,64.0,6.780200000000001,-15.49,-8.789238,1,4.0,Medium
5.0,0.0,0.0,0.0,0.0,0.0,2.0,0.0,0.0,7.0,0.0,0.0,0.0,0.0,0.0,0.0,0.0,0.0,0.0,0.0,0.0,0.0,7.0,0.0,0.0,0.0,0.0,0.0,21.0,1574.0,3666.722851,14.0,202.0,49.0,140.217963,795.07,1078.6588000000002,0.0,3967.584,270.0,95.385281,7.0,7.0,14.0,47.353419,0.0,14.0,49.0,178.38396699999998,104.0,105.537879,254.084022,7.0,68.0,14.5279,-15.98,-8.784249,1,1.0,Medium
0.0,0.0,0.0,0.0,0.0,0.0,5.0,0.0,0.0,7.0,0.0,0.0,0.0,0.0,0.0,5.0,4.0,0.0,0.0,0.0,0.0,0.0,0.0,0.0,0.0,0.0,0.0,0.0,21.0,1282.0,2984.2188720000004,17.0,157.0,54.0,101.230987,826.66,830.5384,0.0,3197.9810000000007,223.0,73.917227,7.0,7.0,8.0,61.348173,0.0,12.0,54.0,137.69732000000002,77.0,83.253904,191.983127,7.0,66.0,-12.4737,-17.549999999999997,-8.806836,0,5.0,Low
0.0,5.0,0.0,0.0,0.0,0.0,0.0,0.0,0.0,0.0,0.0,0.0,0.0,0.0,0.0,6.0,3.0,0.0,0.0,0.0,0.0,0.0,0.0,8.0,0.0,0.0,0.0,0.0,22.0,1304.0,2714.503761,16.0,163.0,45.0,124.698149,893.67,892.5948000000001,0.0,3296.475,223.0,73.834341,0.0,0.0,2.0,58.610157,0.0,10.0,45.0,144.630852,92.0,110.992584,220.160895,0.0,60.0,17.5229,-16.37,-8.687996,0,5.0,Low
0.0,0.0,0.0,0.0,0.0,0.0,5.0,0.0,0.0,0.0,7.0,0.0,0.0,0.0,0.0,3.0,0.0,0.0,0.0,0.0,0.0,0.0,7.0,0.0,0.0,0.0,0.0,0.0,22.0,1486.0,3118.991136,8.0,196.0,54.0,143.77614599999998,726.1,1016.0109,0.0,3649.001,255.0,89.405155,0.0,0.0,5.0,74.435041,0.0,5.0,54.0,166.171068,123.0,113.389217,237.02,0.0,59.0,27.0149,-17.98,-8.45949,1,3.0,Medium
0.0,5.0,0.0,0.0,0.0,0.0,0.0,0.0,0.0,7.0,0.0,0.0,0.0,0.0,0.0,3.0,0.0,0.0,0.0,0.0,0.0,0.0,6.0,0.0,0.0,0.0,0.0,0.0,21.0,1508.0,3551.448316,20.0,190.0,47.0,131.178781,860.8800000000001,1032.2743,0.0,3810.291,259.0,89.612289,7.0,7.0,12.0,47.015639,0.0,17.0,47.0,169.502565,94.0,101.122775,243.044022,7.0,69.0,10.0842,-16.02,-8.805598,1,3.0,Medium
0.0,0.0,0.0,0.0,0.0,0.0,6.0,0.0,0.0,5.0,0.0,0.0,0.0,0.0,0.0,0.0,3.0,0.0,0.0,0.0,0.0,0.0,8.0,0.0,0.0,0.0,0.0,0.0,22.0,1560.0,3541.673239,11.0,209.0,49.0,135.355988,715.0799999999999,1067.4287,0.0,3834.391,269.0,97.735757,5.0,5.0,8.0,70.13716099999999,0.0,11.0,49.0,175.843512,115.0,104.82344700000002,241.360805,5.0,60.0,16.289499999999997,-18.02,-8.737917,1,3.0,Medium
4.0,0.0,0.0,0.0,0.0,0.0,0.0,0.0,0.0,0.0,0.0,0.0,0.0,0.0,0.0,0.0,3.0,0.0,0.0,0.0,0.0,0.0,8.0,0.0,0.0,0.0,6.0,0.0,21.0,1676.0,4199.585257,28.0,201.0,78.0,137.705192,1300.63,1074.3016,0.0,4219.829,287.0,94.804894,6.0,6.0,1.0,53.654623,0.0,4.0,78.0,179.19559800000002,107.0,103.711092,269.111006,6.0,86.0,9.9545,-17.03,-8.68407,0,7.0,Low
0.0,0.0,0.0,0.0,0.0,0.0,5.0,0.0,0.0,0.0,0.0,0.0,0.0,0.0,0.0,6.0,3.0,0.0,0.0,0.0,0.0,8.0,0.0,0.0,0.0,0.0,0.0,0.0,22.0,1210.0,2788.9343070000004,11.0,154.0,50.0,86.272843,763.67,808.3753,0.0,2992.847,209.0,66.586759,0.0,0.0,2.0,78.45120700000001,0.0,5.0,50.0,135.948777,59.0,89.526749,191.18,0.0,55.0,10.79,-17.82,-8.551818,1,4.0,Medium
4.0,0.0,0.0,0.0,0.0,0.0,0.0,0.0,0.0,0.0,0.0,0.0,0.0,0.0,0.0,5.0,4.0,0.0,0.0,0.0,0.0,0.0,0.0,9.0,0.0,0.0,0.0,0.0,22.0,1296.0,2680.198829,9.0,165.0,49.0,123.390576,845.63,878.3724000000001,0.0,3259.958,222.0,74.00136599999999,0.0,0.0,0.0,61.999844,0.0,4.0,49.0,143.232189,94.0,111.258789,216.244716,0.0,57.0,21.6448,-16.58,-8.544237,0,7.0,Low
0.0,0.0,0.0,0.0,0.0,0.0,8.0,0.0,0.0,0.0,0.0,0.0,0.0,0.0,0.0,4.0,2.0,0.0,0.0,0.0,0.0,0.0,8.0,0.0,0.0,0.0,0.0,0.0,22.0,1480.0,3191.5100300000004,12.0,198.0,48.0,135.022796,722.6999999999999,1019.0168,0.0,3627.114000000001,254.0,91.142412,0.0,0.0,6.0,76.92415,0.0,8.0,48.0,167.268984,118.0,106.87532000000002,236.14,0.0,56.0,21.9358,-17.86,-8.570001,1,3.0,Medium
0.0,5.0,0.0,0.0,0.0,0.0,0.0,0.0,0.0,0.0,0.0,0.0,0.0,0.0,0.0,6.0,4.0,0.0,0.0,0.0,0.0,6.0,0.0,0.0,0.0,0.0,0.0,0.0,21.0,1072.0,2459.847518,16.0,126.0,43.0,80.68917300000001,881.2,716.0568000000001,0.0,2746.486,184.0,53.972629,0.0,0.0,1.0,56.77801,0.0,10.0,43.0,119.66272,43.0,87.927988,181.950895,0.0,58.0,4.4144000000000005,-15.58,-8.67178,0,5.0,Low
0.0,5.0,0.0,0.0,0.0,0.0,0.0,0.0,0.0,7.0,0.0,0.0,0.0,0.0,0.0,0.0,3.0,0.0,0.0,0.0,0.0,0.0,0.0,6.0,0.0,0.0,0.0,0.0,21.0,1400.0,3171.225493000001,17.0,175.0,44.0,124.913641,841.6800000000001,951.6079,0.0,3548.865,241.0,82.63791,7.0,7.0,9.0,45.633539,0.0,17.0,44.0,155.61443400000002,88.0,103.114697,225.164022,7.0,66.0,4.216499999999998,-15.9,-8.784879,1,4.0,Medium
0.0,4.0,0.0,0.0,0.0,0.0,5.0,0.0,0.0,7.0,0.0,0.0,0.0,0.0,0.0,0.0,0.0,0.0,0.0,0.0,0.0,0.0,5.0,0.0,0.0,0.0,0.0,0.0,21.0,1560.0,3596.677011,20.0,199.0,45.0,139.004815,791.9499999999999,1072.1306,0.0,3917.152000000001,268.0,95.255113,7.0,7.0,16.0,50.132003,0.0,20.0,45.0,176.39646900000002,105.0,103.086726,249.007843,7.0,69.0,5.327199999999998,-16.349999999999998,-8.805565,1,3.0,Medium
0.0,5.0,0.0,0.0,0.0,0.0,0.0,0.0,0.0,0.0,0.0,0.0,0.0,0.0,0.0,4.0,5.0,8.0,0.0,0.0,0.0,0.0,0.0,0.0,0.0,0.0,0.0,0.0,22.0,1112.0,2391.7879030000004,14.0,133.0,43.0,97.107429,880.87,747.0372,0.0,2841.651,191.0,58.60950700000001,0.0,0.0,0.0,56.099973,0.0,10.0,43.0,122.511386,64.0,91.932384,188.240895,0.0,58.0,6.961899999999998,-16.29,-8.654988,0,5.0,Low
0.0,0.0,0.0,5.0,0.0,0.0,0.0,0.0,0.0,0.0,0.0,0.0,0.0,0.0,6.0,0.0,3.0,0.0,0.0,0.0,0.0,0.0,0.0,8.0,0.0,0.0,0.0,0.0,22.0,1420.0,3097.161354,17.0,189.0,44.0,124.940502,780.47,981.7585,0.0,3477.888,244.0,86.384879,0.0,0.0,2.0,76.98722000000001,0.0,11.0,44.0,159.855872,107.0,112.26702,226.18,0.0,55.0,20.7319,-17.82,-8.6167755,0,5.0,Low
0.0,0.0,0.0,0.0,0.0,0.0,6.0,0.0,0.0,0.0,0.0,0.0,0.0,0.0,0.0,6.0,4.0,0.0,0.0,0.0,0.0,0.0,0.0,0.0,5.0,0.0,0.0,0.0,21.0,1344.0,2714.069869,12.0,177.0,48.0,138.1253,755.64,911.375,0.0,3300.501,231.0,81.83801399999999,0.0,0.0,2.0,68.51715800000001,0.0,6.0,48.0,147.185928,118.0,130.364789,213.93,0.0,54.0,17.301499999999997,-17.07,-8.571688,1,3.0,Medium
0.0,3.0,0.0,0.0,0.0,0.0,5.0,0.0,0.0,7.0,0.0,0.0,0.0,0.0,0.0,0.0,0.0,0.0,0.0,0.0,0.0,0.0,7.0,0.0,0.0,0.0,0.0,0.0,22.0,1664.0,3841.282289,18.0,217.0,48.0,147.623992,787.81,1147.4618,0.0,4148.12,286.0,103.222752,7.0,7.0,15.0,57.561321,0.0,18.0,48.0,188.708025,116.0,109.06709,263.261664,7.0,69.0,12.629,-17.39,-8.774847,1,2.0,Medium
0.0,5.0,0.0,0.0,0.0,0.0,0.0,0.0,0.0,0.0,6.0,0.0,0.0,0.0,0.0,0.0,4.0,0.0,0.0,0.0,0.0,0.0,6.0,0.0,0.0,0.0,0.0,0.0,21.0,1252.0,2613.31232,10.0,156.0,43.0,122.323653,815.2,855.318,0.0,3167.2960000000003,214.0,70.158073,0.0,0.0,1.0,53.310412,0.0,10.0,43.0,139.81297600000002,91.0,107.390296,211.950895,0.0,58.0,16.8464,-15.58,-8.642092,1,3.0,Medium
5.0,0.0,0.0,0.0,0.0,0.0,0.0,0.0,0.0,0.0,0.0,0.0,0.0,0.0,0.0,5.0,2.0,0.0,0.0,0.0,0.0,0.0,10.0,0.0,0.0,0.0,0.0,0.0,22.0,1436.0,3171.3723360000004,10.0,186.0,49.0,132.367297,845.61,989.3725,0.0,3609.025000000001,245.0,83.690604,0.0,0.0,3.0,60.526445,0.0,5.0,49.0,162.840288,102.0,110.9017,242.200895,0.0,59.0,30.4026,-16.33,-8.533097,1,3.0,Medium
0.0,4.0,0.0,0.0,0.0,0.0,0.0,0.0,0.0,0.0,4.0,0.0,0.0,0.0,0.0,0.0,5.0,0.0,0.0,0.0,0.0,0.0,8.0,0.0,0.0,0.0,0.0,0.0,21.0,1268.0,2694.993307,8.0,163.0,42.0,119.879558,780.13,870.5552,0.0,3180.9790000000003,217.0,73.04934399999999,0.0,0.0,-1.0,57.876789,0.0,8.0,42.0,142.464442,93.0,105.96172,212.074716,0.0,54.0,21.5663,-15.75,-8.574028,0,6.0,Low
0.0,0.0,0.0,4.0,0.0,0.0,0.0,0.0,0.0,0.0,0.0,0.0,0.0,0.0,0.0,2.0,3.0,0.0,0.0,0.0,0.0,0.0,0.0,0.0,12.0,0.0,0.0,0.0,21.0,1692.0,3346.067297,6.0,241.0,44.0,198.695086,652.01,1198.0684,0.0,4103.195,289.0,112.861778,0.0,0.0,1.0,66.38407699999999,0.0,4.0,44.0,190.53058,177.0,196.481796,272.17,0.0,48.0,52.7225,-16.83,-8.444862,1,3.0,Medium
0.0,0.0,0.0,0.0,0.0,0.0,8.0,0.0,0.0,6.0,0.0,0.0,0.0,0.0,0.0,0.0,4.0,0.0,0.0,0.0,0.0,0.0,4.0,0.0,0.0,0.0,0.0,0.0,22.0,1480.0,3350.8842120000004,14.0,192.0,50.0,125.966448,751.46,994.6078,0.0,3656.976000000001,256.0,90.759118,6.0,6.0,10.0,67.366532,0.0,14.0,50.0,164.431768,104.0,98.588398,226.276966,6.0,64.0,0.2247999999999983,-18.18,-8.794781,1,4.0,Medium
5.0,0.0,0.0,0.0,0.0,0.0,0.0,0.0,0.0,6.0,0.0,0.0,0.0,0.0,0.0,0.0,3.0,0.0,0.0,0.0,0.0,0.0,7.0,0.0,0.0,0.0,0.0,0.0,21.0,1438.0,3342.122486,11.0,183.0,48.0,125.298847,814.01,975.9797,0.0,3635.995,247.0,85.024868,6.0,6.0,8.0,48.084632,0.0,11.0,48.0,161.653575,91.0,101.464104,233.167861,6.0,64.0,12.9934,-15.82,-8.772737,1,1.0,Medium
0.0,0.0,0.0,5.0,0.0,0.0,0.0,0.0,0.0,0.0,0.0,0.0,0.0,0.0,0.0,4.0,3.0,9.0,0.0,0.0,0.0,0.0,0.0,0.0,0.0,0.0,0.0,0.0,21.0,1194.0,2651.417053,9.0,155.0,46.0,99.508607,696.9100000000001,806.5997,0.0,2944.894,206.0,69.22734700000001,0.0,0.0,2.0,70.726267,0.0,5.0,46.0,133.407452,81.0,88.743582,189.05,0.0,51.0,14.4631,-16.95,-8.521424,1,4.0,Medium
3.0,0.0,0.0,0.0,0.0,0.0,0.0,0.0,0.0,12.0,0.0,0.0,0.0,0.0,0.0,0.0,3.0,0.0,0.0,0.0,0.0,0.0,0.0,0.0,6.0,0.0,0.0,0.0,24.0,1824.0,4179.605727,15.0,237.0,60.0,173.258511,919.65,1231.8087,0.0,4558.467000000001,315.0,113.584515,12.0,12.0,12.0,52.451031,0.0,15.0,60.0,200.780541,132.0,151.98646200000002,280.862469,12.0,78.0,12.1437,-19.17,-8.670104,1,1.0,Medium
5.0,0.0,0.0,0.0,0.0,0.0,0.0,0.0,0.0,7.0,0.0,0.0,0.0,0.0,0.0,0.0,2.0,0.0,0.0,0.0,0.0,0.0,8.0,0.0,0.0,0.0,0.0,0.0,22.0,1572.0,3680.3824840000007,12.0,202.0,51.0,137.151415,840.15,1072.0104,0.0,3963.504,270.0,94.297618,7.0,7.0,10.0,50.67242,0.0,12.0,51.0,177.36360100000002,101.0,107.933547,253.374022,7.0,68.0,16.413999999999998,-16.689999999999998,-8.775745,1,2.0,Medium
6.0,0.0,0.0,0.0,0.0,0.0,5.0,0.0,0.0,7.0,0.0,0.0,0.0,0.0,0.0,0.0,4.0,0.0,0.0,0.0,0.0,0.0,0.0,0.0,0.0,0.0,0.0,0.0,22.0,1382.0,3146.359316,18.0,163.0,51.0,120.253875,917.65,910.901,0.0,3547.034,238.0,77.636564,7.0,7.0,14.0,44.377928,0.0,18.0,51.0,151.990179,80.0,98.178792,224.130201,7.0,75.0,-14.3473,-16.64,-8.785943,1,4.0,Medium
4.0,0.0,0.0,0.0,0.0,0.0,0.0,0.0,5.0,0.0,0.0,0.0,0.0,0.0,0.0,3.0,0.0,0.0,0.0,0.0,0.0,0.0,0.0,10.0,0.0,0.0,0.0,0.0,22.0,1506.0,3081.091536,17.0,197.0,42.0,151.235035,786.05,1056.8928,0.0,3756.051,257.0,91.777448,0.0,0.0,9.0,62.984627,0.0,14.0,42.0,170.877809,121.0,121.870007,251.124716,0.0,60.0,24.7581,-16.7,-8.658708,1,2.0,Medium
0.0,0.0,0.0,0.0,0.0,0.0,6.0,0.0,0.0,0.0,0.0,0.0,0.0,0.0,0.0,5.0,2.0,0.0,0.0,0.0,0.0,0.0,8.0,0.0,0.0,0.0,0.0,0.0,21.0,1392.0,3026.053486,11.0,186.0,47.0,125.403772,707.75,955.7402,0.0,3412.7610000000004,239.0,85.02167499999999,0.0,0.0,4.0,73.51293100000001,0.0,6.0,47.0,156.795253,109.0,100.791662,221.97000000000003,0.0,53.0,22.7532,-17.03,-8.5602255,1,4.0,Medium
3.0,0.0,0.0,0.0,0.0,0.0,4.0,0.0,0.0,8.0,0.0,0.0,0.0,0.0,0.0,0.0,0.0,0.0,0.0,0.0,0.0,0.0,6.0,0.0,0.0,0.0,0.0,0.0,21.0,1592.0,3724.470226,15.0,206.0,50.0,138.946561,762.3399999999999,1086.3187,0.0,3980.776,274.0,98.02082099999998,8.0,8.0,15.0,52.521962,0.0,15.0,50.0,179.54139500000002,107.0,102.266352,250.087825,8.0,68.0,9.9684,-16.64,-8.809483,1,1.0,Medium
0.0,0.0,0.0,0.0,0.0,0.0,5.0,0.0,0.0,0.0,0.0,0.0,0.0,0.0,0.0,7.0,3.0,0.0,0.0,0.0,0.0,0.0,7.0,0.0,0.0,0.0,0.0,0.0,22.0,1372.0,2990.684936,12.0,180.0,51.0,120.650995,783.9000000000001,929.5151,0.0,3373.548,236.0,81.552101,0.0,0.0,2.0,76.388541,0.0,5.0,51.0,152.6004,103.0,100.764447,218.14,0.0,56.0,18.9091,-17.86,-8.558385,0,5.0,Low
3.0,0.0,0.0,0.0,0.0,0.0,4.0,0.0,0.0,8.0,0.0,0.0,0.0,0.0,0.0,0.0,6.0,0.0,0.0,0.0,0.0,0.0,0.0,0.0,0.0,0.0,0.0,0.0,21.0,1268.0,2951.3861380000003,15.0,152.0,50.0,102.483577,845.3199999999999,823.0687000000001,0.0,3217.27,220.0,72.015243,8.0,8.0,9.0,49.462838,0.0,15.0,50.0,137.328191,71.0,86.80311599999999,196.087825,8.0,68.0,-16.4304,-16.64,-8.784521,0,6.0,Low
0.0,4.0,0.0,0.0,0.0,0.0,0.0,0.0,0.0,0.0,6.0,0.0,0.0,0.0,0.0,0.0,3.0,0.0,0.0,0.0,0.0,0.0,9.0,0.0,0.0,0.0,0.0,0.0,22.0,1410.0,2986.764946,8.0,183.0,46.0,137.019994,797.23,974.5242,0.0,3525.5150000000003,241.0,82.459975,0.0,0.0,1.0,61.249584,0.0,8.0,46.0,159.16006600000003,108.0,115.947866,235.204716,0.0,58.0,28.548,-16.62,-8.538372,1,4.0,Medium
0.0,5.0,0.0,0.0,0.0,0.0,0.0,0.0,0.0,0.0,7.0,0.0,0.0,0.0,0.0,0.0,3.0,0.0,0.0,0.0,0.0,0.0,0.0,7.0,0.0,0.0,0.0,0.0,22.0,1322.0,2623.4381410000005,10.0,165.0,46.0,136.37097599999998,836.9,904.523,0.0,3340.528,226.0,74.73669600000001,0.0,0.0,2.0,55.904043,0.0,10.0,46.0,146.52048200000002,102.0,119.413461,223.120895,0.0,61.0,19.2676,-16.41,-8.6060915,1,3.0,Medium
0.0,0.0,0.0,0.0,0.0,0.0,8.0,0.0,0.0,0.0,0.0,0.0,0.0,0.0,0.0,2.0,3.0,0.0,0.0,0.0,0.0,0.0,8.0,0.0,0.0,0.0,0.0,0.0,21.0,1404.0,3012.480673,10.0,189.0,44.0,128.36579,669.77,968.5032,0.0,3437.883,241.0,87.014174,0.0,0.0,5.0,73.340857,0.0,8.0,44.0,159.099876,113.0,102.62956,224.01,0.0,52.0,20.6621,-16.99,-8.579054,1,4.0,Medium
0.0,0.0,0.0,0.0,0.0,0.0,5.0,0.0,0.0,7.0,0.0,0.0,0.0,0.0,0.0,0.0,3.0,0.0,0.0,7.0,0.0,0.0,0.0,0.0,0.0,0.0,0.0,0.0,22.0,1358.0,3215.093456,12.0,173.0,51.0,102.208613,737.98,903.3344,0.0,3373.4080000000004,236.0,80.043958,7.0,7.0,9.0,66.70509799999999,0.0,12.0,51.0,150.877889,75.0,87.757999,204.393127,7.0,63.0,-1.2873,-18.14,-8.832223,1,4.0,Medium
0.0,5.0,0.0,0.0,0.0,0.0,0.0,0.0,0.0,0.0,0.0,0.0,0.0,0.0,0.0,5.0,4.0,0.0,0.0,8.0,0.0,0.0,0.0,0.0,0.0,0.0,0.0,0.0,22.0,1088.0,2434.61436,15.0,128.0,44.0,85.64685700000001,887.27,727.58,0.0,2788.523,187.0,55.27799999999999,0.0,0.0,1.0,58.968865,0.0,10.0,44.0,120.943703,50.0,89.56792,184.200895,0.0,59.0,5.004,-16.33,-8.648458,0,5.0,Low
0.0,5.0,0.0,0.0,0.0,0.0,0.0,0.0,0.0,0.0,0.0,0.0,0.0,0.0,0.0,5.0,4.0,0.0,0.0,0.0,0.0,0.0,0.0,8.0,0.0,0.0,0.0,0.0,22.0,1280.0,2652.9457840000005,15.0,160.0,44.0,122.130409,887.27,874.94,0.0,3237.387,219.0,72.322808,0.0,0.0,1.0,58.420913,0.0,10.0,44.0,141.846775,90.0,110.474704,216.200895,0.0,59.0,16.3472,-16.33,-8.689917,0,5.0,Low
0.0,5.0,0.0,0.0,0.0,0.0,5.0,0.0,0.0,7.0,0.0,0.0,0.0,0.0,0.0,0.0,0.0,0.0,0.0,0.0,0.0,0.0,7.0,0.0,0.0,0.0,0.0,0.0,24.0,1784.0,4091.114737,22.0,229.0,50.0,160.78039800000002,901.29,1233.1154,0.0,4479.408,306.0,109.045214,7.0,7.0,17.0,57.561321,0.0,22.0,50.0,202.63086500000003,122.0,120.255186,287.594022,7.0,77.0,11.3138,-18.47,-8.732067,1,1.0,Medium
0.0,0.0,0.0,5.0,0.0,0.0,0.0,0.0,0.0,7.0,0.0,0.0,0.0,0.0,0.0,0.0,3.0,0.0,0.0,0.0,0.0,0.0,0.0,6.0,0.0,0.0,0.0,0.0,21.0,1480.0,3415.462168,12.0,195.0,49.0,125.326406,711.6800000000001,1000.8974,0.0,3652.02,256.0,91.95851,7.0,7.0,9.0,63.356974,0.0,12.0,49.0,165.067484,103.0,102.220817,225.183127,7.0,61.0,7.656499999999998,-17.35,-8.808337,1,2.0,Medium
5.0,0.0,0.0,0.0,0.0,0.0,5.0,0.0,0.0,0.0,0.0,0.0,0.0,0.0,0.0,7.0,4.0,0.0,0.0,0.0,0.0,0.0,0.0,0.0,0.0,0.0,0.0,0.0,21.0,1126.0,2377.8542020000004,17.0,129.0,49.0,101.87270600000002,909.63,735.0466,0.0,2889.601,193.0,58.583613,0.0,0.0,6.0,53.590733,0.0,10.0,49.0,122.094283,70.0,91.434245,190.710895,0.0,64.0,-6.576300000000001,-15.82,-8.729575,1,4.0,Medium
3.0,0.0,0.0,0.0,0.0,0.0,5.0,0.0,0.0,6.0,0.0,0.0,0.0,0.0,0.0,0.0,0.0,0.0,0.0,0.0,0.0,0.0,7.0,0.0,0.0,0.0,0.0,0.0,21.0,1584.0,3631.869639,14.0,207.0,48.0,141.848588,739.4399999999999,1089.154,0.0,3950.814,272.0,97.952003,6.0,6.0,14.0,55.48338699999999,0.0,14.0,48.0,179.75828,112.0,105.174853,252.055503,6.0,65.0,14.8892,-16.52,-8.786239,1,2.0,Medium
0.0,4.0,0.0,0.0,0.0,0.0,0.0,0.0,0.0,0.0,0.0,0.0,0.0,0.0,0.0,7.0,4.0,7.0,0.0,0.0,0.0,0.0,0.0,0.0,0.0,0.0,0.0,0.0,22.0,1122.0,2436.153135,15.0,134.0,47.0,96.244033,897.2900000000001,746.9018000000001,0.0,2853.183,193.0,58.935635000000005,0.0,0.0,0.0,59.764846,0.0,8.0,47.0,122.459181,65.0,90.186898,187.164716,0.0,59.0,7.0854,-16.66,-8.623659,1,4.0,Medium
0.0,0.0,0.0,0.0,5.0,0.0,0.0,0.0,0.0,0.0,6.0,0.0,0.0,0.0,0.0,0.0,3.0,0.0,0.0,0.0,0.0,0.0,7.0,0.0,0.0,0.0,0.0,0.0,21.0,1446.0,3185.888593,5.0,195.0,48.0,128.592152,671.37,994.4325,0.0,3537.972,248.0,87.640091,0.0,0.0,2.0,73.404591,0.0,5.0,48.0,165.00399500000003,112.0,109.866272,230.97,0.0,53.0,28.5712,-17.03,-8.457089,1,3.0,Medium
0.0,0.0,0.0,0.0,0.0,0.0,4.0,0.0,0.0,0.0,0.0,0.0,0.0,0.0,0.0,8.0,2.0,0.0,0.0,0.0,0.0,0.0,0.0,0.0,0.0,7.0,0.0,0.0,21.0,1494.0,3165.411644,12.0,202.0,50.0,151.80314700000002,759.5600000000001,1028.8682,0.0,3653.144,256.0,93.171956,0.0,0.0,2.0,68.696292,0.0,4.0,50.0,166.112126,134.0,137.684216,238.93,0.0,54.0,32.376,-17.07,-8.498326,1,3.0,Medium
0.0,0.0,0.0,4.0,0.0,0.0,0.0,0.0,0.0,0.0,0.0,0.0,0.0,0.0,0.0,2.0,3.0,0.0,0.0,0.0,0.0,0.0,12.0,0.0,0.0,0.0,0.0,0.0,21.0,1476.0,3314.866217,6.0,205.0,44.0,130.570414,652.01,1031.0164,0.0,3598.223,253.0,92.92355,0.0,0.0,1.0,75.157169,0.0,4.0,44.0,169.6189,117.0,108.19332,236.17,0.0,48.0,36.9497,-16.83,-8.41822,0,5.0,Low
5.0,0.0,0.0,0.0,0.0,0.0,3.0,0.0,0.0,7.0,0.0,0.0,0.0,0.0,0.0,0.0,0.0,0.0,0.0,0.0,0.0,0.0,7.0,0.0,0.0,0.0,0.0,0.0,22.0,1644.0,3808.186813,15.0,211.0,51.0,147.072108,825.81,1126.7265,0.0,4139.831999999999,282.0,99.754002,7.0,7.0,15.0,50.756053,0.0,15.0,51.0,186.313348,110.0,110.443648,265.254022,7.0,71.0,14.1682,-16.81,-8.756415,1,1.0,Medium
0.0,0.0,0.0,0.0,0.0,0.0,6.0,0.0,0.0,6.0,0.0,0.0,0.0,0.0,0.0,0.0,2.0,0.0,0.0,0.0,0.0,0.0,8.0,0.0,0.0,0.0,0.0,0.0,22.0,1612.0,3695.172486,12.0,216.0,50.0,139.609866,714.92,1104.3804,0.0,3963.594,278.0,101.569072,6.0,6.0,10.0,69.01029,0.0,12.0,50.0,181.91705,118.0,105.505684,248.356966,6.0,62.0,16.387999999999998,-18.1,-8.768823,1,2.0,Medium
4.0,0.0,0.0,0.0,0.0,0.0,0.0,0.0,0.0,7.0,0.0,0.0,0.0,0.0,0.0,0.0,3.0,0.0,0.0,0.0,0.0,0.0,7.0,0.0,0.0,0.0,0.0,0.0,21.0,1458.0,3426.618912,11.0,187.0,49.0,124.496048,800.04,987.3593,0.0,3669.625,251.0,87.16287799999999,7.0,7.0,8.0,50.162566,0.0,11.0,49.0,163.458398,92.0,99.762293,232.207843,7.0,64.0,12.2448,-16.150000000000002,-8.793555,1,2.0,Medium
4.0,0.0,0.0,0.0,0.0,0.0,0.0,0.0,0.0,0.0,0.0,0.0,0.0,0.0,0.0,5.0,3.0,0.0,0.0,0.0,0.0,0.0,0.0,10.0,0.0,0.0,0.0,0.0,22.0,1344.0,2776.4546950000004,9.0,173.0,49.0,129.70742,831.8,917.6304,0.0,3373.182,230.0,77.92899899999999,0.0,0.0,1.0,62.37397,0.0,4.0,49.0,149.345073,100.0,114.426922,224.244716,0.0,57.0,25.6545,-16.58,-8.530326,0,5.0,Low
5.0,0.0,0.0,0.0,0.0,0.0,0.0,0.0,0.0,7.0,0.0,0.0,0.0,0.0,0.0,0.0,4.0,0.0,0.0,0.0,0.0,0.0,7.0,0.0,0.0,0.0,0.0,0.0,23.0,1546.0,3607.448539,12.0,196.0,53.0,132.595777,894.11,1043.3393999999998,0.0,3907.308,266.0,91.068527,7.0,7.0,8.0,53.367371000000006,0.0,12.0,53.0,172.92902100000003,96.0,108.566341,248.584022,7.0,70.0,10.9365,-17.48,-8.769542,1,1.0,Medium
0.0,0.0,0.0,0.0,6.0,0.0,0.0,0.0,0.0,0.0,0.0,0.0,0.0,0.0,0.0,4.0,3.0,0.0,0.0,0.0,0.0,8.0,0.0,0.0,0.0,0.0,0.0,0.0,21.0,1284.0,3128.6437910000004,10.0,169.0,46.0,83.52240599999999,701.35,873.5673999999999,0.0,3157.295,221.0,72.754436,0.0,0.0,3.0,78.151129,0.0,6.0,46.0,149.08691199999998,59.0,90.984956,204.01,0.0,52.0,17.2369,-16.99,-8.595085,1,4.0,Medium
0.0,5.0,0.0,0.0,0.0,0.0,0.0,0.0,0.0,0.0,0.0,0.0,0.0,0.0,0.0,6.0,4.0,0.0,0.0,0.0,0.0,0.0,7.0,0.0,0.0,0.0,0.0,0.0,22.0,1298.0,2846.388269,16.0,162.0,45.0,116.70354500000002,907.5,885.6558,0.0,3281.44,222.0,72.753118,0.0,0.0,1.0,59.186127,0.0,10.0,45.0,144.976518,86.0,103.687962,219.160895,0.0,60.0,16.2439,-16.37,-8.697148,0,5.0,Low
0.0,0.0,0.0,0.0,5.0,0.0,0.0,0.0,0.0,0.0,0.0,0.0,0.0,0.0,0.0,4.0,3.0,0.0,0.0,0.0,0.0,0.0,0.0,9.0,0.0,0.0,0.0,0.0,21.0,1416.0,3075.4591950000004,9.0,192.0,46.0,124.549322,696.9100000000001,976.5787,0.0,3463.893,243.0,86.78149099999999,0.0,0.0,2.0,74.985315,0.0,5.0,46.0,160.73011300000002,108.0,109.813727,226.05,0.0,51.0,27.5839,-16.95,-8.533237,1,3.0,Medium
0.0,5.0,0.0,0.0,0.0,0.0,0.0,0.0,0.0,7.0,0.0,0.0,0.0,0.0,0.0,0.0,0.0,3.0,0.0,0.0,0.0,0.0,0.0,7.0,0.0,0.0,0.0,0.0,22.0,1566.0,3537.3123960000003,17.0,201.0,46.0,143.28182800000002,826.49,1082.5009,0.0,3946.573,269.0,94.877951,7.0,7.0,12.0,49.535462,0.0,17.0,46.0,176.460182,104.0,112.238064,252.374022,7.0,68.0,16.099,-16.69,-8.766624,1,2.0,Medium
4.0,0.0,0.0,0.0,0.0,0.0,4.0,0.0,0.0,7.0,0.0,0.0,0.0,0.0,0.0,0.0,0.0,0.0,0.0,0.0,0.0,0.0,6.0,0.0,0.0,0.0,0.0,0.0,21.0,1572.0,3639.9738,15.0,202.0,49.0,139.74936,776.31,1074.9391,0.0,3947.146,270.0,95.882811,7.0,7.0,15.0,50.444028,0.0,15.0,49.0,177.73657200000002,106.0,103.968163,251.047843,7.0,68.0,10.717,-16.310000000000002,-8.788195,1,2.0,Medium
0.0,5.0,0.0,0.0,0.0,0.0,0.0,0.0,0.0,0.0,0.0,0.0,0.0,0.0,0.0,5.0,3.0,0.0,0.0,0.0,0.0,0.0,9.0,0.0,0.0,0.0,0.0,0.0,22.0,1382.0,3042.524988,15.0,177.0,44.0,126.290133,873.44,955.751,0.0,3476.8540000000003,236.0,79.910111,0.0,0.0,2.0,60.016591,0.0,10.0,44.0,156.263509,96.0,108.324494,233.200895,0.0,59.0,23.867799999999995,-16.33,-8.626226,0,5.0,Low
4.0,0.0,0.0,0.0,0.0,0.0,5.0,0.0,0.0,7.0,0.0,0.0,0.0,0.0,0.0,0.0,0.0,0.0,0.0,0.0,0.0,0.0,5.0,0.0,0.0,0.0,0.0,0.0,21.0,1560.0,3596.677011,16.0,199.0,49.0,139.004815,780.75,1063.9278,0.0,3921.088,268.0,94.812097,7.0,7.0,16.0,50.132003,0.0,16.0,49.0,176.02946500000002,105.0,103.086726,249.007843,7.0,69.0,7.035199999999998,-16.349999999999998,-8.789326,1,3.0,Medium
0.0,4.0,0.0,0.0,0.0,0.0,4.0,0.0,0.0,7.0,0.0,0.0,0.0,0.0,0.0,0.0,0.0,0.0,0.0,0.0,0.0,0.0,6.0,0.0,0.0,0.0,0.0,0.0,21.0,1572.0,3639.9738,19.0,202.0,45.0,139.74936,787.51,1083.1419,0.0,3943.21,270.0,96.325827,7.0,7.0,15.0,50.444028,0.0,19.0,45.0,178.103576,106.0,103.968163,251.047843,7.0,68.0,9.009,-16.310000000000002,-8.807051,1,4.0,Medium
0.0,0.0,5.0,0.0,0.0,0.0,0.0,0.0,0.0,0.0,0.0,0.0,0.0,0.0,0.0,6.0,3.0,0.0,0.0,0.0,0.0,0.0,0.0,7.0,0.0,0.0,0.0,0.0,21.0,1258.0,2619.764687,16.0,157.0,43.0,121.797304,867.37,861.2178000000001,0.0,3182.331,215.0,71.301536,0.0,0.0,2.0,55.031226,0.0,10.0,43.0,139.452549,90.0,113.423056,212.514805,0.0,58.0,16.5414,-15.580000000000002,-8.716191,1,4.0,Medium
0.0,4.0,0.0,0.0,0.0,0.0,6.0,0.0,0.0,7.0,0.0,0.0,0.0,0.0,0.0,0.0,0.0,0.0,0.0,0.0,0.0,0.0,6.0,0.0,0.0,0.0,0.0,0.0,23.0,1712.0,3922.901724,21.0,220.0,49.0,153.45765,848.99,1179.2773,0.0,4287.706,294.0,105.063269,7.0,7.0,17.0,57.249296,0.0,21.0,49.0,193.962338,118.0,113.779701,273.387843,7.0,74.0,8.2896,-17.97,-8.758266,1,1.0,Medium
4.0,0.0,0.0,0.0,0.0,0.0,0.0,0.0,0.0,0.0,0.0,0.0,0.0,0.0,0.0,0.0,3.0,0.0,0.0,0.0,0.0,0.0,9.0,0.0,0.0,0.0,5.0,0.0,21.0,1642.0,4041.996984,24.0,201.0,72.0,137.630835,1201.25,1067.8884,0.0,4125.851000000001,281.0,94.115664,5.0,5.0,1.0,54.982126,0.0,4.0,72.0,177.69506,108.0,105.263756,265.298291,5.0,80.0,15.354399999999998,-16.79,-8.717815,0,6.0,Low
6.0,0.0,0.0,0.0,0.0,0.0,4.0,0.0,0.0,7.0,0.0,0.0,0.0,0.0,0.0,0.0,0.0,0.0,0.0,0.0,0.0,0.0,5.0,0.0,0.0,0.0,0.0,0.0,22.0,1610.0,3705.045497,17.0,202.0,51.0,145.307076,857.8899999999999,1097.4123,0.0,4082.096,276.0,96.04433,7.0,7.0,17.0,46.729369000000005,0.0,17.0,51.0,181.839422,105.0,109.369053,262.170201,7.0,74.0,6.933699999999998,-16.6,-8.769332,1,3.0,Medium
0.0,5.0,0.0,0.0,0.0,0.0,0.0,0.0,0.0,6.0,0.0,0.0,0.0,0.0,0.0,0.0,3.0,0.0,0.0,0.0,0.0,0.0,8.0,0.0,0.0,0.0,0.0,0.0,22.0,1520.0,3526.883237,16.0,195.0,45.0,132.897537,854.31,1045.3122,0.0,3829.381,261.0,91.018073,6.0,6.0,8.0,51.799291,0.0,16.0,45.0,171.74881800000003,98.0,107.25131,246.377861,6.0,66.0,14.1805,-16.61,-8.79814,1,2.0,Medium
5.0,0.0,0.0,0.0,0.0,0.0,0.0,0.0,0.0,7.0,0.0,0.0,0.0,0.0,0.0,3.0,0.0,7.0,0.0,0.0,0.0,0.0,0.0,0.0,0.0,0.0,0.0,0.0,22.0,1422.0,3333.4187770000003,15.0,174.0,54.0,120.806896,873.1800000000001,952.3138,0.0,3620.761,245.0,80.974997,7.0,7.0,12.0,47.914968,0.0,12.0,54.0,157.73935,80.0,95.275085,228.254022,7.0,71.0,5.6272,-16.81,-8.77289,1,2.0,Medium
3.0,0.0,0.0,0.0,0.0,0.0,0.0,0.0,0.0,7.0,0.0,0.0,0.0,0.0,0.0,0.0,4.0,0.0,0.0,0.0,0.0,0.0,7.0,0.0,0.0,0.0,0.0,0.0,21.0,1426.0,3357.616091,10.0,184.0,49.0,119.439371,786.23,961.7872,0.0,3574.052,246.0,85.46757299999999,7.0,7.0,6.0,53.367371000000006,0.0,10.0,49.0,159.189683,90.0,97.378245,224.251664,7.0,62.0,11.3977,-16.400000000000002,-8.808194,1,1.0,Medium
4.0,0.0,0.0,0.0,0.0,0.0,4.0,0.0,0.0,7.0,0.0,0.0,0.0,0.0,0.0,0.0,7.0,0.0,0.0,0.0,0.0,0.0,0.0,0.0,0.0,0.0,0.0,0.0,22.0,1276.0,2922.803115,15.0,151.0,51.0,104.807902,899.4200000000001,826.8931,0.0,3254.695,221.0,70.982405,7.0,7.0,8.0,50.589709,0.0,15.0,51.0,138.124322,71.0,91.714927,201.257843,7.0,70.0,-16.759500000000003,-17.1,-8.760996,0,5.0,Low
0.0,0.0,0.0,0.0,4.0,0.0,0.0,0.0,0.0,6.0,0.0,0.0,0.0,0.0,0.0,0.0,4.0,0.0,0.0,0.0,0.0,0.0,8.0,0.0,0.0,0.0,0.0,0.0,22.0,1600.0,3812.863556,10.0,216.0,50.0,127.993928,733.6999999999999,1093.881,0.0,3929.532,276.0,99.730218,6.0,6.0,6.0,70.67155600000001,0.0,10.0,50.0,181.91274,108.0,104.786278,246.436966,6.0,60.0,19.6204,-18.02,-8.763099,1,3.0,Medium
5.0,0.0,0.0,0.0,0.0,0.0,0.0,0.0,0.0,0.0,0.0,0.0,0.0,0.0,0.0,7.0,3.0,7.0,0.0,0.0,0.0,0.0,0.0,0.0,0.0,0.0,0.0,0.0,22.0,1154.0,2505.155956,12.0,137.0,51.0,101.30071,899.9000000000001,764.2711,0.0,2952.692,198.0,60.18792400000001,0.0,0.0,2.0,56.560041,0.0,5.0,51.0,126.360892,67.0,92.570946,195.120895,0.0,61.0,9.6405,-16.41,-8.605075,1,4.0,Medium
0.0,5.0,0.0,0.0,0.0,0.0,5.0,0.0,0.0,0.0,0.0,0.0,0.0,0.0,0.0,5.0,0.0,0.0,0.0,0.0,0.0,0.0,7.0,0.0,0.0,0.0,0.0,0.0,22.0,1484.0,3212.583087,20.0,189.0,44.0,140.7989,854.15,1032.3195,0.0,3728.317,253.0,87.55932999999999,0.0,0.0,10.0,59.98602799999999,0.0,15.0,44.0,168.83457600000003,109.0,111.648927,250.000895,0.0,64.0,18.6582,-16.53,-8.725859,0,5.0,Low
0.0,0.0,0.0,0.0,0.0,0.0,5.0,0.0,0.0,0.0,0.0,0.0,0.0,0.0,0.0,0.0,5.0,0.0,0.0,0.0,0.0,0.0,5.0,0.0,0.0,0.0,6.0,0.0,21.0,1596.0,3964.784724,29.0,192.0,78.0,125.910087,1239.93,1004.7067,0.0,3961.749,275.0,91.33863,6.0,6.0,0.0,65.933426,0.0,5.0,78.0,167.656271,106.0,94.922127,245.08629,6.0,83.0,-3.043300000000002,-18.23,-8.736261,0,6.0,Low
0.0,4.0,0.0,0.0,0.0,0.0,0.0,0.0,0.0,0.0,0.0,0.0,0.0,0.0,0.0,6.0,2.0,0.0,0.0,0.0,0.0,0.0,10.0,0.0,0.0,0.0,0.0,0.0,22.0,1428.0,3163.927492,14.0,186.0,46.0,129.87836,849.4,989.658,0.0,3568.6040000000003,244.0,83.949848,0.0,0.0,2.0,63.920494000000005,0.0,8.0,46.0,161.722654,102.0,109.035532,238.204716,0.0,58.0,29.0232,-16.619999999999997,-8.555755,1,4.0,Medium
5.0,0.0,0.0,0.0,0.0,0.0,6.0,0.0,0.0,7.0,0.0,0.0,0.0,0.0,0.0,0.0,4.0,0.0,0.0,0.0,0.0,0.0,0.0,0.0,0.0,0.0,0.0,0.0,22.0,1392.0,3162.907054,18.0,166.0,51.0,120.529817,894.4499999999999,918.1926,0.0,3552.6539999999995,240.0,79.204808,7.0,7.0,14.0,47.780562,0.0,18.0,51.0,153.049891,83.0,97.490513,223.134022,7.0,74.0,-14.4764,-16.93,-8.790364,1,4.0,Medium
0.0,6.0,0.0,0.0,0.0,0.0,0.0,0.0,0.0,0.0,0.0,0.0,0.0,0.0,0.0,5.0,4.0,7.0,0.0,0.0,0.0,0.0,0.0,0.0,0.0,0.0,0.0,0.0,22.0,1138.0,2451.042823,17.0,134.0,43.0,101.22190700000002,917.71,766.8378,0.0,2924.1850000000004,195.0,59.524687,0.0,0.0,2.0,52.976748,0.0,12.0,43.0,125.611959,65.0,93.919234,195.157074,0.0,61.0,5.5742,-16.080000000000002,-8.714663,0,5.0,Low
6.0,0.0,0.0,0.0,0.0,0.0,4.0,0.0,0.0,6.0,0.0,0.0,0.0,0.0,0.0,0.0,0.0,0.0,0.0,0.0,0.0,0.0,6.0,0.0,0.0,0.0,0.0,0.0,22.0,1612.0,3680.393598,16.0,204.0,50.0,147.130362,844.22,1104.3356,0.0,4080.144,276.0,96.545278,6.0,6.0,16.0,48.366094,0.0,16.0,50.0,182.801418,108.0,111.264022,264.17404,6.0,72.0,11.235,-16.520000000000003,-8.755322,1,1.0,Medium
4.0,0.0,0.0,0.0,0.0,0.0,0.0,0.0,0.0,7.0,0.0,0.0,0.0,0.0,0.0,4.0,0.0,0.0,0.0,0.0,0.0,0.0,6.0,0.0,0.0,0.0,0.0,0.0,21.0,1500.0,3544.0034720000003,15.0,190.0,53.0,128.689844,839.47,1014.1035,0.0,3778.726000000001,258.0,88.87474699999999,7.0,7.0,11.0,50.409688,0.0,11.0,53.0,167.559172,94.0,99.256607,239.047843,7.0,68.0,12.547800000000002,-16.310000000000002,-8.789959,1,3.0,Medium
0.0,0.0,0.0,0.0,0.0,0.0,0.0,0.0,0.0,12.0,0.0,0.0,0.0,0.0,0.0,2.0,4.0,0.0,0.0,0.0,0.0,0.0,4.0,0.0,0.0,0.0,0.0,0.0,22.0,1504.0,3710.591176,14.0,192.0,58.0,113.964244,838.4200000000001,988.718,0.0,3740.826,262.0,90.673682,12.0,12.0,8.0,59.401162,0.0,12.0,58.0,163.813734,86.0,90.151428,220.493932,12.0,70.0,-2.5768000000000004,-18.42,-8.8724985,1,4.0,Medium
0.0,0.0,5.0,0.0,0.0,0.0,6.0,0.0,0.0,7.0,0.0,0.0,0.0,0.0,0.0,0.0,3.0,0.0,0.0,0.0,0.0,0.0,0.0,0.0,0.0,0.0,0.0,0.0,21.0,1394.0,3164.423846,23.0,168.0,44.0,123.945816,868.3199999999999,936.3271,0.0,3546.814,240.0,81.15340599999999,7.0,7.0,15.0,44.575757,0.0,23.0,44.0,154.44322700000004,87.0,103.089118,223.487932,7.0,72.0,-13.5832,-16.14,-8.810396,1,4.0,Medium
4.0,0.0,0.0,0.0,0.0,0.0,0.0,0.0,0.0,8.0,0.0,0.0,0.0,0.0,0.0,3.0,0.0,0.0,0.0,0.0,0.0,0.0,6.0,0.0,0.0,0.0,0.0,0.0,21.0,1528.0,3635.944742,15.0,194.0,53.0,130.375982,832.9100000000001,1033.4004,0.0,3848.841,263.0,91.196529,8.0,8.0,12.0,49.093573,0.0,12.0,53.0,170.848633,95.0,99.420964,242.084004,8.0,69.0,11.4706,-16.35,-8.801739,1,3.0,Medium
0.0,0.0,0.0,0.0,0.0,0.0,6.0,0.0,0.0,0.0,0.0,0.0,0.0,0.0,0.0,4.0,2.0,0.0,0.0,0.0,0.0,10.0,0.0,0.0,0.0,0.0,0.0,0.0,22.0,1264.0,2941.803608,10.0,164.0,48.0,89.152416,713.8199999999999,856.8394000000001,0.0,3118.15,218.0,71.04875,0.0,0.0,4.0,79.72577000000001,0.0,6.0,48.0,144.554348,60.0,92.016914,200.22,0.0,54.0,15.120399999999998,-17.78,-8.538648,1,4.0,Medium
5.0,0.0,0.0,0.0,0.0,0.0,0.0,0.0,0.0,6.0,0.0,0.0,0.0,0.0,0.0,0.0,4.0,0.0,0.0,0.0,0.0,0.0,0.0,0.0,0.0,0.0,6.0,0.0,21.0,1588.0,4158.804776,35.0,174.0,84.0,119.66782500000002,1424.12,970.5839,0.0,4072.612,274.0,84.825985,12.0,12.0,7.0,39.60976,0.0,11.0,84.0,163.621269,79.0,89.570914,247.044151,12.0,100.0,-23.8058,-17.259999999999998,-8.710132,0,6.0,Low
0.0,4.0,0.0,0.0,0.0,0.0,0.0,0.0,0.0,0.0,0.0,0.0,0.0,0.0,0.0,4.0,3.0,0.0,0.0,0.0,0.0,0.0,11.0,0.0,0.0,0.0,0.0,0.0,22.0,1434.0,3169.658886,12.0,189.0,44.0,130.820044,822.77,998.2234,0.0,3577.679,245.0,85.261045,0.0,0.0,1.0,64.05186,0.0,8.0,44.0,163.190034,104.0,110.576978,239.284716,0.0,56.0,31.0716,-16.540000000000003,-8.528938,1,4.0,Medium
4.0,0.0,0.0,0.0,0.0,0.0,0.0,0.0,0.0,0.0,0.0,0.0,0.0,0.0,0.0,6.0,2.0,0.0,0.0,0.0,0.0,0.0,10.0,0.0,0.0,0.0,0.0,0.0,22.0,1428.0,3163.927492,10.0,186.0,50.0,129.87836,838.2,981.4552,0.0,3572.54,244.0,83.506832,0.0,0.0,2.0,63.920494000000005,0.0,4.0,50.0,161.35565,102.0,109.035532,238.204716,0.0,58.0,30.7312,-16.619999999999997,-8.499457,1,4.0,Medium
0.0,0.0,0.0,0.0,0.0,0.0,6.0,0.0,0.0,5.0,0.0,0.0,0.0,0.0,0.0,0.0,4.0,0.0,0.0,0.0,0.0,0.0,6.0,0.0,0.0,0.0,0.0,0.0,21.0,1424.0,3228.06514,11.0,188.0,47.0,121.680134,702.6099999999999,964.4747,0.0,3508.834,246.0,87.962059,5.0,5.0,7.0,65.91264799999999,0.0,11.0,47.0,159.17149,102.0,96.459035,219.150805,5.0,58.0,8.5676,-17.229999999999997,-8.769217,1,2.0,Medium
0.0,4.0,0.0,0.0,0.0,0.0,0.0,0.0,0.0,6.0,0.0,0.0,0.0,0.0,0.0,0.0,0.0,0.0,0.0,4.0,0.0,0.0,7.0,0.0,0.0,0.0,0.0,0.0,21.0,1502.0,3548.977417,14.0,196.0,44.0,127.26777,756.08,1041.9624,0.0,3764.95,258.0,90.960707,6.0,6.0,10.0,53.059917,0.0,14.0,44.0,171.751864,93.0,101.299196,241.211682,6.0,62.0,20.8055,-16.07,-8.806421,1,2.0,Medium
0.0,0.0,6.0,0.0,0.0,0.0,5.0,0.0,0.0,7.0,0.0,0.0,0.0,0.0,0.0,0.0,3.0,0.0,0.0,0.0,0.0,0.0,0.0,0.0,0.0,0.0,0.0,0.0,21.0,1390.0,3159.3621470000003,24.0,166.0,43.0,124.657379,894.3199999999999,935.7032,0.0,3554.237,239.0,80.19591600000001,7.0,7.0,15.0,41.173123,0.0,24.0,43.0,154.182373,85.0,105.539118,225.396893,7.0,73.0,-13.491,-15.85,-8.812667,1,4.0,Medium
0.0,0.0,0.0,0.0,5.0,0.0,0.0,0.0,0.0,0.0,0.0,0.0,0.0,0.0,0.0,6.0,3.0,8.0,0.0,0.0,0.0,0.0,0.0,0.0,0.0,0.0,0.0,0.0,22.0,1300.0,2958.632782,11.0,169.0,50.0,102.434244,763.67,877.5862999999999,0.0,3203.2520000000004,224.0,74.780328,0.0,0.0,2.0,76.062786,0.0,5.0,50.0,146.235025,83.0,92.866914,206.18,0.0,55.0,16.6383,-17.82,-8.540039,1,4.0,Medium
0.0,0.0,0.0,0.0,0.0,0.0,5.0,0.0,0.0,0.0,0.0,0.0,0.0,0.0,0.0,0.0,3.0,0.0,0.0,0.0,0.0,0.0,9.0,0.0,0.0,0.0,4.0,0.0,21.0,1636.0,3907.302874,21.0,210.0,66.0,137.915701,1013.51,1079.6303,0.0,4028.295,281.0,98.628696,4.0,4.0,2.0,69.60813999999999,0.0,5.0,66.0,178.726263,120.0,103.181867,255.46086000000005,4.0,71.0,16.556099999999997,-17.75,-8.719278,1,4.0,Medium
0.0,0.0,0.0,4.0,0.0,0.0,0.0,0.0,0.0,6.0,0.0,0.0,0.0,0.0,0.0,0.0,4.0,0.0,0.0,0.0,0.0,0.0,0.0,7.0,0.0,0.0,0.0,0.0,21.0,1428.0,3240.3686310000003,10.0,189.0,48.0,122.250142,707.4,965.723,0.0,3520.8210000000004,247.0,88.382649,6.0,6.0,6.0,64.518089,0.0,10.0,48.0,158.85575400000002,101.0,102.501441,218.226966,6.0,58.0,10.459600000000002,-17.23,-8.770732,2,0.0,High
3.0,0.0,0.0,0.0,0.0,0.0,5.0,0.0,0.0,11.0,0.0,0.0,0.0,0.0,0.0,0.0,3.0,0.0,0.0,0.0,0.0,0.0,0.0,0.0,0.0,0.0,0.0,0.0,22.0,1494.0,3553.347841,19.0,182.0,55.0,122.099356,875.5799999999999,981.9915,0.0,3777.127,259.0,87.883909,11.0,11.0,16.0,49.484859,0.0,19.0,55.0,163.47818600000002,86.0,93.755596,228.246308,11.0,77.0,-16.494600000000002,-17.71,-8.843531,1,4.0,Medium
0.0,0.0,3.0,0.0,0.0,0.0,0.0,0.0,0.0,0.0,0.0,0.0,0.0,0.0,0.0,5.0,3.0,10.0,0.0,0.0,0.0,0.0,0.0,0.0,0.0,0.0,0.0,0.0,21.0,1122.0,2436.496708,11.0,140.0,44.0,98.022682,786.26,759.0473999999999,0.0,2824.873,193.0,61.708574,0.0,0.0,0.0,59.70935,0.0,6.0,44.0,124.182838,70.0,91.587487,184.816883,0.0,53.0,15.5124,-16.04,-8.573434,0,5.0,Low
0.0,5.0,0.0,0.0,0.0,0.0,0.0,0.0,0.0,7.0,0.0,0.0,0.0,0.0,0.0,0.0,4.0,0.0,0.0,0.0,0.0,0.0,5.0,0.0,0.0,0.0,0.0,0.0,21.0,1382.0,3237.9270370000004,17.0,172.0,44.0,117.39839700000002,855.51,935.4349,0.0,3505.7760000000003,238.0,80.743427,7.0,7.0,8.0,45.938053,0.0,17.0,44.0,154.1148,82.0,96.991929,222.164022,7.0,66.0,2.1572999999999976,-15.9,-8.808732,0,6.0,Low
0.0,0.0,5.0,0.0,0.0,0.0,0.0,0.0,0.0,0.0,0.0,0.0,0.0,0.0,0.0,6.0,3.0,7.0,0.0,0.0,0.0,0.0,0.0,0.0,0.0,0.0,0.0,0.0,21.0,1132.0,2445.114771,16.0,136.0,43.0,102.148969,867.37,764.7508,0.0,2887.764,194.0,60.624989,0.0,0.0,2.0,53.165992,0.0,10.0,43.0,124.970151,69.0,97.651671,191.514805,0.0,58.0,9.358,-15.580000000000002,-8.719952,0,5.0,Low
0.0,0.0,4.0,0.0,0.0,0.0,0.0,0.0,0.0,6.0,0.0,0.0,0.0,0.0,0.0,0.0,3.0,0.0,0.0,0.0,0.0,0.0,8.0,0.0,0.0,0.0,0.0,0.0,21.0,1484.0,3447.911169,14.0,193.0,44.0,130.269354,797.5699999999999,1020.9534,0.0,3719.845,255.0,90.106842,6.0,6.0,7.0,51.799291,0.0,14.0,44.0,167.61582600000003,99.0,108.704146,237.86281,6.0,62.0,16.3985,-16.07,-8.799565,1,2.0,Medium
0.0,0.0,0.0,4.0,0.0,0.0,0.0,0.0,0.0,0.0,0.0,0.0,0.0,0.0,0.0,4.0,3.0,0.0,0.0,0.0,0.0,0.0,0.0,0.0,0.0,10.0,0.0,0.0,21.0,1656.0,3544.048465,8.0,233.0,46.0,174.178076,692.47,1163.956,0.0,4022.977,283.0,107.95958,0.0,0.0,1.0,68.117579,0.0,4.0,46.0,187.768886,159.0,163.08560799999998,266.09000000000003,0.0,50.0,47.54650000000001,-16.91,-8.473338,1,3.0,Medium
0.0,5.0,0.0,0.0,0.0,0.0,0.0,0.0,0.0,7.0,0.0,0.0,0.0,0.0,0.0,0.0,0.0,0.0,0.0,0.0,0.0,0.0,3.0,0.0,7.0,0.0,0.0,0.0,22.0,1806.0,3956.277810000001,17.0,241.0,46.0,189.045135,826.49,1267.4609,0.0,4507.653,309.0,115.150547,7.0,7.0,12.0,46.574491,0.0,17.0,46.0,204.091904,148.0,164.58957,292.374022,7.0,68.0,32.2794,-16.69,-8.637477,1,2.0,Medium
0.0,5.0,0.0,0.0,0.0,0.0,5.0,0.0,0.0,7.0,0.0,0.0,0.0,0.0,0.0,0.0,0.0,0.0,0.0,0.0,0.0,0.0,0.0,4.0,0.0,0.0,0.0,0.0,21.0,1514.0,3406.4665560000003,22.0,189.0,44.0,138.943048,822.39,1037.4104,0.0,3828.382,260.0,91.100389,7.0,7.0,17.0,45.874432,0.0,22.0,44.0,170.03080100000005,101.0,105.257276,243.964022,7.0,71.0,-0.2128999999999994,-16.1,-8.804241,1,4.0,Medium
0.0,6.0,0.0,0.0,0.0,0.0,0.0,0.0,0.0,0.0,5.0,0.0,0.0,0.0,0.0,0.0,5.0,0.0,0.0,0.0,0.0,0.0,5.0,0.0,0.0,0.0,0.0,0.0,21.0,1200.0,2499.962349,12.0,146.0,41.0,116.532293,850.24,816.6208,0.0,3061.519,205.0,65.64427099999999,0.0,0.0,1.0,49.766685,0.0,12.0,41.0,133.60834,83.0,105.097668,205.947074,0.0,59.0,11.036899999999996,-15.29,-8.724424,1,3.0,Medium
0.0,4.0,0.0,0.0,0.0,0.0,0.0,0.0,0.0,0.0,0.0,0.0,0.0,0.0,0.0,3.0,5.0,0.0,0.0,0.0,0.0,0.0,10.0,0.0,0.0,0.0,0.0,0.0,22.0,1356.0,2979.253561,11.0,177.0,43.0,122.17514,830.2,936.6936,0.0,3391.34,232.0,79.41524899999999,0.0,0.0,-1.0,63.352762,0.0,8.0,43.0,153.37042300000002,96.0,107.481892,226.324716,0.0,55.0,25.4961,-16.5,-8.556805,0,7.0,Low
0.0,3.0,0.0,0.0,0.0,0.0,0.0,0.0,0.0,0.0,0.0,0.0,0.0,0.0,0.0,5.0,4.0,9.0,0.0,0.0,0.0,0.0,0.0,0.0,0.0,0.0,0.0,0.0,21.0,1074.0,2330.732713,11.0,132.0,44.0,91.550228,800.09,719.7194,0.0,2711.6490000000003,185.0,57.806162,0.0,0.0,-1.0,59.601686,0.0,6.0,44.0,118.017547,64.0,85.387246,177.078537,0.0,53.0,11.3586,-16.04,-8.565351,0,5.0,Low
0.0,0.0,0.0,0.0,0.0,0.0,5.0,0.0,0.0,0.0,0.0,0.0,0.0,0.0,0.0,4.0,4.0,0.0,0.0,0.0,0.0,0.0,8.0,0.0,0.0,0.0,0.0,0.0,21.0,1326.0,2878.94495,9.0,177.0,46.0,117.503413,710.74,905.2217,0.0,3252.48,228.0,80.24659299999999,0.0,0.0,1.0,73.125858,0.0,5.0,46.0,148.682749,102.0,98.578013,211.05,0.0,51.0,20.8595,-16.95,-8.539235,0,5.0,Low
0.0,4.0,0.0,0.0,0.0,0.0,0.0,0.0,0.0,8.0,0.0,0.0,0.0,0.0,0.0,0.0,3.0,0.0,0.0,0.0,0.0,0.0,0.0,6.0,0.0,0.0,0.0,0.0,21.0,1420.0,3255.7219190000005,16.0,179.0,46.0,124.110842,824.9100000000001,960.9368,0.0,3583.4790000000003,245.0,84.665166,8.0,8.0,9.0,47.711473,0.0,16.0,46.0,157.32750600000003,89.0,101.412886,224.204004,8.0,66.0,3.8949,-16.230000000000004,-8.796671,1,4.0,Medium
2.0,0.0,0.0,0.0,0.0,0.0,7.0,0.0,0.0,7.0,0.0,0.0,0.0,0.0,0.0,0.0,0.0,0.0,0.0,0.0,0.0,0.0,6.0,0.0,0.0,0.0,0.0,0.0,22.0,1662.0,3814.533238,16.0,217.0,51.0,147.155389,760.6499999999999,1137.59,0.0,4130.634,286.0,103.38801999999998,7.0,7.0,16.0,60.65193,0.0,16.0,51.0,187.785377,118.0,107.497374,260.225485,7.0,69.0,10.0991,-17.72,-8.771143,1,1.0,Medium
6.0,0.0,0.0,0.0,0.0,0.0,0.0,0.0,0.0,6.0,0.0,0.0,0.0,0.0,0.0,0.0,4.0,0.0,0.0,0.0,0.0,0.0,5.0,0.0,0.0,0.0,0.0,0.0,21.0,1362.0,3153.430611,12.0,168.0,48.0,118.201196,855.48,913.8018,0.0,3477.0660000000003,234.0,78.051647,6.0,6.0,8.0,43.860119,0.0,12.0,48.0,151.851222,81.0,98.69374,223.12404,6.0,66.0,5.040899999999999,-15.57,-8.766824,1,2.0,Medium
4.0,0.0,0.0,0.0,0.0,0.0,0.0,0.0,0.0,7.0,0.0,0.0,0.0,0.0,0.0,4.0,0.0,0.0,0.0,0.0,0.0,0.0,7.0,0.0,0.0,0.0,0.0,0.0,22.0,1582.0,3728.764223,15.0,202.0,55.0,136.288534,865.77,1073.1825,0.0,3977.032,272.0,94.314182,7.0,7.0,11.0,54.124347,0.0,11.0,55.0,177.19565999999998,101.0,105.043813,252.257843,7.0,70.0,15.8699,-17.1,-8.7788515,1,3.0,Medium
0.0,4.0,0.0,0.0,0.0,0.0,0.0,0.0,0.0,0.0,5.0,0.0,0.0,0.0,0.0,0.0,5.0,0.0,0.0,0.0,0.0,0.0,0.0,7.0,0.0,0.0,0.0,0.0,21.0,1202.0,2391.511029,8.0,151.0,43.0,120.251027,789.36,816.8062,0.0,3028.654,206.0,67.854269,0.0,0.0,-1.0,56.245907,0.0,8.0,43.0,132.49992600000002,91.0,109.620473,201.034716,0.0,55.0,16.2656,-15.79,-8.587089,0,5.0,Low
0.0,0.0,0.0,0.0,0.0,0.0,6.0,0.0,0.0,0.0,0.0,0.0,0.0,0.0,0.0,4.0,3.0,9.0,0.0,0.0,0.0,0.0,0.0,0.0,0.0,0.0,0.0,0.0,22.0,1234.0,2631.38303,10.0,159.0,48.0,107.329697,727.6500000000001,831.5824,0.0,3047.007,213.0,71.562918,0.0,0.0,3.0,73.418636,0.0,6.0,48.0,136.723588,87.0,91.101836,195.22,0.0,54.0,12.1529,-17.779999999999998,-8.525729,1,4.0,Medium
6.0,0.0,0.0,0.0,0.0,0.0,0.0,0.0,0.0,5.0,0.0,0.0,0.0,0.0,0.0,0.0,4.0,0.0,0.0,0.0,0.0,0.0,7.0,0.0,0.0,0.0,0.0,0.0,22.0,1446.0,3313.539463,11.0,182.0,49.0,127.623172,868.11,979.8041,0.0,3673.42,248.0,83.99203,5.0,5.0,7.0,49.21150299999999,0.0,11.0,49.0,162.449706,91.0,106.375915,238.337879,5.0,66.0,12.6643,-16.28,-8.746565,1,1.0,Medium
6.0,0.0,0.0,6.0,0.0,0.0,0.0,0.0,0.0,0.0,0.0,0.0,0.0,0.0,0.0,0.0,5.0,6.0,0.0,0.0,0.0,0.0,0.0,0.0,0.0,0.0,0.0,0.0,23.0,1304.0,2834.961399,12.0,159.0,46.0,117.230174,866.53,880.8708,0.0,3325.8810000000003,223.0,72.026332,0.0,0.0,7.0,57.166961,0.0,12.0,46.0,147.20450799999998,83.0,106.85638799999998,222.327074,0.0,64.0,4.845099999999999,-16.909999999999997,-8.719863,1,3.0,Medium
0.0,5.0,0.0,0.0,0.0,0.0,0.0,0.0,0.0,0.0,0.0,0.0,0.0,0.0,0.0,4.0,3.0,9.0,0.0,0.0,0.0,0.0,0.0,0.0,0.0,0.0,0.0,0.0,21.0,1114.0,2407.180378,14.0,135.0,41.0,99.095842,826.9100000000001,757.3102,0.0,2841.739,191.0,59.906747,0.0,0.0,2.0,53.002832,0.0,10.0,41.0,123.954402,66.0,89.637462,189.030895,0.0,56.0,11.0231,-15.5,-8.666897,0,5.0,Low
0.0,4.0,0.0,0.0,0.0,0.0,6.0,0.0,0.0,7.0,0.0,0.0,0.0,0.0,0.0,0.0,0.0,0.0,0.0,0.0,0.0,0.0,7.0,0.0,0.0,0.0,0.0,0.0,24.0,1794.0,4107.662475,21.0,232.0,51.0,161.05634,875.29,1238.3563,0.0,4486.012,308.0,110.502704,7.0,7.0,17.0,60.963955,0.0,21.0,51.0,203.59882600000003,125.0,119.566907,286.597843,7.0,76.0,11.6117,-18.76,-8.722981,2,0.0,High
0.0,5.0,0.0,0.0,0.0,0.0,0.0,0.0,0.0,0.0,0.0,0.0,0.0,0.0,0.0,6.0,3.0,0.0,0.0,0.0,8.0,0.0,0.0,0.0,0.0,0.0,0.0,0.0,22.0,1112.0,2452.094137,16.0,131.0,45.0,83.32934900000001,893.67,745.2348,0.0,2847.611,191.0,56.046269,0.0,0.0,2.0,59.869861,0.0,10.0,45.0,123.72778,44.0,100.56672,188.160895,0.0,60.0,6.1797,-16.37,-8.688606,0,5.0,Low
5.0,0.0,0.0,0.0,0.0,0.0,0.0,0.0,0.0,0.0,0.0,0.0,0.0,0.0,0.0,6.0,3.0,0.0,0.0,0.0,0.0,0.0,0.0,8.0,0.0,0.0,0.0,0.0,22.0,1304.0,2714.503761,11.0,163.0,50.0,124.698149,879.67,882.3413,0.0,3301.3949999999995,223.0,73.28057100000001,0.0,0.0,2.0,58.610157,0.0,5.0,50.0,144.172097,92.0,110.992584,220.160895,0.0,60.0,19.6579,-16.37,-8.578671,1,3.0,Medium
0.0,0.0,6.0,0.0,0.0,0.0,0.0,0.0,0.0,0.0,0.0,0.0,0.0,0.0,0.0,5.0,4.0,6.0,0.0,0.0,0.0,0.0,0.0,0.0,0.0,0.0,0.0,0.0,21.0,1116.0,2392.739776,17.0,132.0,41.0,102.115472,891.4100000000001,753.8588000000001,0.0,2866.1490000000003,191.0,59.017103,0.0,0.0,2.0,49.664279,0.0,12.0,41.0,123.209677,67.0,100.364482,191.423766,0.0,59.0,6.008999999999999,-15.29,-8.738286,0,5.0,Low
0.0,4.0,0.0,0.0,0.0,0.0,6.0,0.0,0.0,7.0,0.0,0.0,0.0,0.0,0.0,0.0,0.0,0.0,0.0,0.0,0.0,0.0,5.0,0.0,0.0,0.0,0.0,0.0,22.0,1630.0,3738.140973,21.0,208.0,47.0,145.85896,822.6899999999999,1120.1983,0.0,4089.4,280.0,99.623834,7.0,7.0,17.0,53.534637,0.0,21.0,47.0,184.32585,111.0,107.992495,260.177843,7.0,72.0,4.967499999999998,-17.18,-8.787996,1,4.0,Medium
0.0,0.0,0.0,4.0,0.0,0.0,0.0,0.0,0.0,6.0,0.0,0.0,0.0,0.0,0.0,0.0,2.0,0.0,0.0,0.0,0.0,0.0,9.0,0.0,0.0,0.0,0.0,0.0,21.0,1578.0,3726.203701,10.0,214.0,48.0,132.72671,679.74,1085.792,0.0,3873.5120000000006,272.0,99.897585,6.0,6.0,8.0,66.487893,0.0,10.0,48.0,179.38537200000002,113.0,103.519364,243.226966,6.0,58.0,21.9899,-17.23,-8.754299,1,3.0,Medium
0.0,5.0,0.0,0.0,0.0,0.0,0.0,0.0,0.0,0.0,0.0,0.0,0.0,0.0,0.0,5.0,4.0,0.0,0.0,0.0,0.0,0.0,0.0,7.0,0.0,0.0,0.0,0.0,21.0,1204.0,2500.7765150000005,15.0,149.0,42.0,114.29203900000002,860.97,820.4780000000001,0.0,3053.108,206.0,67.290003,0.0,0.0,1.0,54.841982,0.0,10.0,42.0,133.132937,83.0,104.096571,203.990895,0.0,57.0,13.4152,-15.54,-8.719133,1,4.0,Medium
0.0,0.0,0.0,0.0,0.0,0.0,6.0,0.0,0.0,0.0,5.0,0.0,0.0,0.0,0.0,0.0,6.0,0.0,0.0,0.0,0.0,0.0,4.0,0.0,0.0,0.0,0.0,0.0,21.0,1206.0,2470.401429,6.0,155.0,47.0,112.110781,708.0700000000002,804.1912000000001,0.0,2973.892,208.0,70.054948,0.0,0.0,0.0,69.672635,0.0,6.0,47.0,132.380572,95.0,98.390788,190.97,0.0,53.0,8.424499999999998,-17.03,-8.578802,1,3.0,Medium
0.0,0.0,0.0,0.0,0.0,5.0,0.0,0.0,0.0,0.0,0.0,0.0,0.0,0.0,0.0,4.0,3.0,0.0,0.0,0.0,0.0,0.0,0.0,9.0,0.0,0.0,0.0,0.0,21.0,1296.0,2768.00439,9.0,172.0,46.0,115.995817,696.9100000000001,884.4587,0.0,3183.353,223.0,77.347731,0.0,0.0,2.0,72.38708,0.0,5.0,46.0,144.956613,98.0,109.975742,206.05,0.0,51.0,19.7979,-16.95,-8.567314,1,3.0,Medium
0.0,5.0,0.0,0.0,0.0,0.0,5.0,0.0,0.0,6.0,0.0,0.0,0.0,0.0,0.0,0.0,5.0,0.0,0.0,0.0,0.0,0.0,0.0,0.0,0.0,0.0,0.0,0.0,21.0,1270.0,2867.943845,21.0,150.0,43.0,109.421794,877.87,843.4267,0.0,3246.283,219.0,71.556542,6.0,6.0,11.0,45.50479899999999,0.0,21.0,43.0,139.505727,74.0,91.902507,204.967861,6.0,69.0,-16.3502,-16.02,-8.789245,0,5.0,Low
0.0,5.0,0.0,0.0,0.0,0.0,0.0,0.0,0.0,7.0,0.0,0.0,0.0,0.0,0.0,0.0,3.0,0.0,0.0,0.0,0.0,0.0,0.0,0.0,0.0,7.0,0.0,0.0,22.0,1686.0,3806.167829,17.0,221.0,46.0,166.512808,867.98,1168.1549,0.0,4224.089,289.0,104.994168,7.0,7.0,9.0,45.683707,0.0,17.0,46.0,189.443852,130.0,146.663999,272.374022,7.0,68.0,21.8107,-16.69,-8.688843,1,2.0,Medium
0.0,0.0,5.0,0.0,0.0,0.0,0.0,0.0,0.0,6.0,0.0,0.0,0.0,0.0,4.0,0.0,0.0,0.0,0.0,0.0,0.0,0.0,6.0,0.0,0.0,0.0,0.0,0.0,21.0,1534.0,3609.217853,24.0,195.0,43.0,134.31655999999998,878.6399999999999,1062.6452000000002,0.0,3862.483,263.0,91.943799,6.0,6.0,11.0,48.767506,0.0,20.0,43.0,173.596619,98.0,111.212567,248.571771,6.0,68.0,12.9579,-15.98,-8.804608,0,5.0,Low
0.0,0.0,0.0,0.0,5.0,0.0,0.0,0.0,0.0,0.0,0.0,0.0,0.0,0.0,0.0,6.0,3.0,0.0,0.0,7.0,0.0,0.0,0.0,0.0,0.0,0.0,0.0,0.0,21.0,1200.0,2815.0234210000003,11.0,154.0,48.0,85.128006,737.37,804.4322999999999,0.0,2962.865,207.0,67.035084,0.0,0.0,2.0,75.095009,0.0,5.0,48.0,135.782311,65.0,86.21978499999999,189.97,0.0,53.0,11.9906,-17.03,-8.584229,1,4.0,Medium
0.0,0.0,0.0,0.0,0.0,6.0,0.0,0.0,0.0,0.0,0.0,0.0,0.0,0.0,0.0,5.0,3.0,0.0,0.0,0.0,0.0,0.0,7.0,0.0,0.0,0.0,0.0,0.0,21.0,1302.0,2961.448654,11.0,171.0,47.0,107.63635200000002,721.58,884.1632,0.0,3201.348,224.0,76.399266,0.0,0.0,3.0,72.970581,0.0,6.0,47.0,146.810335,91.0,102.417072,206.97,0.0,53.0,16.0128,-17.03,-8.623017,1,4.0,Medium
0.0,6.0,0.0,0.0,0.0,0.0,0.0,0.0,0.0,0.0,0.0,0.0,0.0,0.0,0.0,7.0,3.0,0.0,0.0,0.0,0.0,0.0,0.0,7.0,0.0,0.0,0.0,0.0,23.0,1340.0,2804.7220960000004,19.0,164.0,47.0,127.527248,970.64,913.8184,0.0,3407.983,229.0,74.32947200000001,0.0,0.0,3.0,58.425275,0.0,12.0,47.0,148.26346500000002,91.0,113.936379,228.287074,0.0,65.0,14.031300000000002,-16.950000000000003,-8.712889,0,5.0,Low
4.0,0.0,0.0,0.0,0.0,0.0,5.0,0.0,0.0,6.0,0.0,0.0,0.0,0.0,0.0,0.0,6.0,0.0,0.0,0.0,0.0,0.0,0.0,0.0,0.0,0.0,0.0,0.0,21.0,1238.0,2798.9410240000007,15.0,147.0,48.0,104.365117,850.06,807.6011000000001,0.0,3155.63,214.0,69.307467,6.0,6.0,9.0,48.709604,0.0,15.0,48.0,134.77825700000002,72.0,89.51845900000001,197.011682,6.0,67.0,-15.0623,-16.27,-8.759389,0,5.0,Low
0.0,0.0,0.0,5.0,0.0,0.0,0.0,0.0,0.0,0.0,0.0,0.0,0.0,0.0,0.0,6.0,5.0,0.0,0.0,0.0,0.0,0.0,6.0,0.0,0.0,0.0,0.0,0.0,22.0,1324.0,2961.777596,11.0,173.0,50.0,111.039146,791.3299999999999,891.0703000000001,0.0,3257.344,228.0,77.73945499999999,0.0,0.0,0.0,76.399708,0.0,5.0,50.0,147.394034,95.0,100.216876,210.18,0.0,55.0,15.2841,-17.82,-8.580801,0,5.0,Low
0.0,0.0,5.0,0.0,0.0,0.0,0.0,0.0,0.0,0.0,0.0,0.0,0.0,0.0,0.0,5.0,6.0,0.0,0.0,0.0,0.0,5.0,0.0,0.0,0.0,0.0,0.0,0.0,21.0,1048.0,2360.502388,15.0,123.0,42.0,81.717741,888.6300000000001,696.032,0.0,2686.3900000000003,180.0,52.850342,0.0,0.0,-1.0,55.861155,0.0,10.0,42.0,115.991529,46.0,95.303635,177.554805,0.0,57.0,2.2072999999999983,-15.54,-8.688969,0,5.0,Low
0.0,4.0,0.0,0.0,0.0,0.0,0.0,0.0,0.0,0.0,0.0,0.0,0.0,0.0,0.0,4.0,8.0,6.0,0.0,0.0,0.0,0.0,0.0,0.0,0.0,0.0,0.0,0.0,22.0,1020.0,2180.173326,12.0,120.0,44.0,85.030874,891.9200000000001,668.4603999999999,0.0,2604.7760000000003,176.0,51.99862400000001,0.0,0.0,-4.0,59.08945,0.0,8.0,44.0,110.06298,56.0,87.71818,170.284716,0.0,56.0,0.574799999999998,-16.54,-8.575682,0,8.0,Low
6.0,0.0,0.0,0.0,0.0,0.0,0.0,0.0,0.0,0.0,0.0,0.0,0.0,0.0,0.0,0.0,6.0,0.0,0.0,0.0,0.0,0.0,6.0,0.0,0.0,0.0,6.0,0.0,24.0,1716.0,4247.636412,30.0,198.0,84.0,140.22879600000002,1476.3000000000002,1083.3078,0.0,4369.638,294.0,92.842494,6.0,6.0,0.0,55.83972,0.0,6.0,84.0,181.464822,102.0,112.954776,279.653364,6.0,96.0,-0.3839999999999985,-18.9,-8.6286335,0,6.0,Low
0.0,4.0,0.0,0.0,0.0,0.0,6.0,0.0,0.0,8.0,0.0,0.0,0.0,0.0,0.0,0.0,0.0,0.0,0.0,0.0,0.0,0.0,4.0,0.0,0.0,0.0,0.0,0.0,22.0,1628.0,3762.792872,22.0,206.0,48.0,144.035674,836.36,1113.275,0.0,4091.352,280.0,99.122886,8.0,8.0,18.0,51.897912000000005,0.0,22.0,48.0,183.363854,108.0,106.097526,258.174004,8.0,74.0,0.6661999999999999,-17.259999999999998,-8.806481,1,4.0,Medium
0.0,4.0,0.0,0.0,0.0,0.0,5.0,0.0,0.0,7.0,0.0,0.0,0.0,0.0,0.0,0.0,6.0,0.0,0.0,0.0,0.0,0.0,0.0,0.0,0.0,0.0,0.0,0.0,22.0,1318.0,3008.3536740000004,20.0,157.0,47.0,110.140521,901.23,867.9596,0.0,3351.952,228.0,74.68897000000001,7.0,7.0,10.0,50.787538,0.0,20.0,47.0,143.81975300000002,76.0,93.410696,208.217843,7.0,71.0,-17.7495,-17.14,-8.792642,0,6.0,Low
0.0,0.0,0.0,0.0,0.0,0.0,8.0,0.0,0.0,4.0,0.0,0.0,0.0,0.0,0.0,0.0,4.0,0.0,0.0,0.0,0.0,0.0,6.0,0.0,0.0,0.0,0.0,0.0,22.0,1484.0,3301.580414,12.0,196.0,48.0,129.61302,724.1199999999999,1008.4544,0.0,3653.072,256.0,91.761014,4.0,4.0,8.0,70.639982,0.0,12.0,48.0,166.35576,110.0,102.378336,230.284644,4.0,60.0,8.8274,-18.02,-8.745621,1,3.0,Medium
0.0,0.0,4.0,0.0,0.0,0.0,0.0,0.0,0.0,7.0,0.0,0.0,0.0,0.0,0.0,0.0,3.0,0.0,0.0,0.0,0.0,0.0,7.0,0.0,0.0,0.0,0.0,0.0,21.0,1482.0,3472.563068,15.0,191.0,45.0,128.446068,811.24,1014.0301,0.0,3721.797,255.0,89.60589399999999,7.0,7.0,8.0,50.162566,0.0,15.0,45.0,166.65383000000003,96.0,106.809177,235.858971,7.0,64.0,12.0972,-16.150000000000002,-8.809127,1,3.0,Medium
0.0,0.0,5.0,0.0,0.0,0.0,5.0,0.0,0.0,7.0,0.0,0.0,0.0,0.0,0.0,0.0,4.0,0.0,0.0,0.0,0.0,0.0,0.0,0.0,0.0,0.0,0.0,0.0,21.0,1352.0,3078.8732870000003,22.0,162.0,44.0,118.613197,877.7099999999999,903.4634,0.0,3445.621,233.0,77.88985699999999,7.0,7.0,13.0,44.377928,0.0,22.0,44.0,149.1148,82.0,101.393349,216.527932,7.0,71.0,-14.3012,-16.1,-8.815733,0,5.0,Low
0.0,4.0,0.0,0.0,0.0,0.0,0.0,0.0,0.0,0.0,0.0,0.0,0.0,0.0,0.0,7.0,2.0,0.0,0.0,0.0,0.0,0.0,8.0,0.0,0.0,0.0,0.0,0.0,21.0,1316.0,2911.87737,15.0,168.0,45.0,118.770246,843.33,904.3588,0.0,3302.135,225.0,75.68768299999999,0.0,0.0,2.0,59.885225000000005,0.0,8.0,45.0,147.834709,91.0,101.189,219.954716,0.0,57.0,22.477,-15.87,-8.635573,0,6.0,Low
4.0,0.0,0.0,0.0,0.0,0.0,5.0,0.0,0.0,0.0,0.0,0.0,0.0,0.0,0.0,4.0,0.0,8.0,0.0,0.0,0.0,0.0,0.0,0.0,0.0,0.0,0.0,0.0,21.0,1262.0,2694.624474,13.0,157.0,46.0,117.192321,765.9799999999999,860.3261,0.0,3185.9080000000004,216.0,71.573005,0.0,0.0,9.0,57.089118,0.0,9.0,46.0,141.825097,86.0,94.817181,210.874716,0.0,59.0,12.9175,-15.95,-8.703459,1,3.0,Medium
0.0,0.0,0.0,0.0,8.0,0.0,0.0,0.0,0.0,0.0,0.0,0.0,0.0,0.0,0.0,3.0,3.0,0.0,0.0,0.0,0.0,0.0,0.0,8.0,0.0,0.0,0.0,0.0,22.0,1552.0,3446.8045730000003,11.0,211.0,47.0,132.471096,716.3,1074.882,0.0,3792.458,266.0,95.754327,0.0,0.0,5.0,79.76293,0.0,8.0,47.0,178.408795,116.0,116.42912,248.18,0.0,55.0,26.9761,-17.82,-8.5703535,1,3.0,Medium
0.0,4.0,0.0,0.0,0.0,0.0,0.0,0.0,0.0,0.0,5.0,0.0,0.0,0.0,0.0,0.0,6.0,0.0,0.0,0.0,0.0,0.0,0.0,6.0,0.0,0.0,0.0,0.0,21.0,1154.0,2295.255163,8.0,143.0,43.0,113.934183,803.19,777.5482,0.0,2915.43,198.0,63.926636,0.0,0.0,-2.0,55.871781,0.0,8.0,43.0,126.387042,85.0,106.45234,193.034716,0.0,55.0,12.2559,-15.79,-8.612869,1,4.0,Medium
0.0,0.0,0.0,0.0,0.0,0.0,5.0,0.0,0.0,6.0,0.0,0.0,0.0,0.0,0.0,0.0,4.0,0.0,0.0,0.0,0.0,6.0,0.0,0.0,0.0,0.0,0.0,0.0,21.0,1290.0,3094.2338280000004,11.0,165.0,48.0,92.185711,711.8399999999999,858.0427,0.0,3200.196,224.0,75.190771,6.0,6.0,7.0,65.89448999999999,0.0,11.0,48.0,144.239291,64.0,85.472735,195.186966,6.0,59.0,-0.5593000000000004,-17.27,-8.827135,1,4.0,Medium
6.0,0.0,0.0,0.0,0.0,0.0,0.0,0.0,0.0,7.0,0.0,0.0,0.0,0.0,0.0,0.0,3.0,0.0,0.0,0.0,0.0,0.0,5.0,0.0,0.0,0.0,0.0,0.0,21.0,1414.0,3306.929858,13.0,175.0,49.0,122.455074,855.3199999999999,950.7535,0.0,3606.269,243.0,81.884962,7.0,7.0,10.0,42.733248,0.0,13.0,49.0,157.92476,84.0,99.375977,230.120201,7.0,68.0,5.139399999999998,-15.65,-8.778449,1,2.0,Medium
0.0,5.0,0.0,0.0,0.0,0.0,8.0,0.0,0.0,0.0,0.0,0.0,0.0,0.0,0.0,5.0,4.0,0.0,0.0,0.0,0.0,0.0,0.0,0.0,0.0,0.0,0.0,0.0,22.0,1232.0,2567.303328,23.0,144.0,44.0,114.256609,922.79,823.7856,0.0,3141.139,211.0,67.010136,0.0,0.0,9.0,57.010537,0.0,18.0,44.0,135.571119,82.0,98.695792,207.880895,0.0,67.0,-9.9864,-16.65,-8.788484,0,7.0,Low
0.0,6.0,0.0,0.0,0.0,0.0,0.0,0.0,0.0,0.0,0.0,0.0,0.0,0.0,0.0,5.0,4.0,0.0,0.0,0.0,0.0,0.0,0.0,7.0,0.0,0.0,0.0,0.0,22.0,1264.0,2625.692739,17.0,155.0,43.0,120.87024200000002,917.71,863.3048000000001,0.0,3218.7520000000004,216.0,70.201234,0.0,0.0,2.0,54.841982,0.0,12.0,43.0,140.094357,86.0,109.690619,216.157074,0.0,61.0,12.7576,-16.080000000000002,-8.742568,1,4.0,Medium
4.0,0.0,0.0,0.0,0.0,0.0,0.0,0.0,0.0,6.0,0.0,0.0,0.0,0.0,0.0,0.0,4.0,0.0,0.0,0.0,0.0,0.0,7.0,0.0,0.0,0.0,0.0,0.0,21.0,1406.0,3273.119665,10.0,180.0,48.0,120.24217,800.2,950.4076,0.0,3540.422,242.0,83.329563,6.0,6.0,6.0,51.289437,0.0,10.0,48.0,157.38486,89.0,99.080056,225.211682,6.0,62.0,12.1463,-16.07,-8.783242,1,1.0,Medium
0.0,4.0,0.0,0.0,0.0,0.0,0.0,0.0,0.0,0.0,0.0,0.0,0.0,0.0,0.0,5.0,4.0,9.0,0.0,0.0,0.0,0.0,0.0,0.0,0.0,0.0,0.0,0.0,22.0,1134.0,2455.648937,13.0,138.0,45.0,98.128431,856.83,762.5462,0.0,2877.2930000000006,195.0,60.717393,0.0,0.0,0.0,59.601686,0.0,8.0,45.0,124.978967,67.0,90.981294,189.244716,0.0,57.0,10.701,-16.58,-8.607182,1,4.0,Medium
0.0,0.0,0.0,0.0,0.0,0.0,8.0,0.0,0.0,6.0,0.0,0.0,0.0,0.0,0.0,4.0,3.0,0.0,0.0,0.0,0.0,0.0,0.0,0.0,0.0,0.0,0.0,0.0,21.0,1332.0,3025.813325,18.0,165.0,52.0,110.407226,792.25,874.523,0.0,3313.269,231.0,78.363026,6.0,6.0,11.0,62.879287,0.0,14.0,52.0,144.824986,87.0,87.141094,201.906966,6.0,66.0,-11.5939,-17.55,-8.802315,0,5.0,Low
4.0,0.0,0.0,0.0,0.0,0.0,0.0,0.0,0.0,5.0,0.0,0.0,0.0,0.0,0.0,6.0,6.0,0.0,0.0,0.0,0.0,0.0,0.0,0.0,0.0,0.0,0.0,0.0,21.0,1120.0,2587.036844,15.0,128.0,53.0,88.854584,935.57,712.2597000000001,0.0,2874.99,194.0,58.22560500000001,5.0,5.0,3.0,49.982794,0.0,9.0,53.0,118.767046,56.0,83.46465699999999,178.975521,5.0,66.0,-11.6966,-16.229999999999997,-8.712034,0,5.0,Low
0.0,4.0,0.0,0.0,0.0,0.0,0.0,0.0,0.0,0.0,0.0,0.0,0.0,0.0,0.0,6.0,3.0,0.0,0.0,0.0,0.0,8.0,0.0,0.0,0.0,0.0,0.0,0.0,21.0,1100.0,2581.279393,14.0,133.0,44.0,78.31493,836.93,739.344,0.0,2794.183,189.0,56.388078,0.0,0.0,1.0,61.438037,0.0,8.0,44.0,124.147552,41.0,87.374096,183.994716,0.0,56.0,9.958099999999998,-15.83,-8.645836,0,5.0,Low
0.0,5.0,0.0,0.0,0.0,0.0,0.0,0.0,0.0,0.0,0.0,0.0,0.0,0.0,0.0,7.0,3.0,0.0,0.0,0.0,6.0,0.0,0.0,0.0,0.0,0.0,0.0,0.0,21.0,1060.0,2330.829385,17.0,123.0,44.0,82.084075,887.6000000000001,706.0096000000001,0.0,2721.412,182.0,53.044382000000006,0.0,0.0,2.0,55.791122,0.0,10.0,44.0,116.910903,45.0,94.1448,179.91089499999998,0.0,59.0,3.2494999999999994,-15.62,-8.6737585,0,5.0,Low
0.0,0.0,0.0,4.0,0.0,0.0,5.0,0.0,0.0,7.0,0.0,0.0,0.0,0.0,0.0,0.0,0.0,0.0,0.0,0.0,0.0,0.0,6.0,0.0,0.0,0.0,0.0,0.0,22.0,1706.0,3976.827102,16.0,227.0,51.0,146.933717,714.25,1170.6412,0.0,4197.982,294.0,108.151028,7.0,7.0,16.0,68.02541,0.0,16.0,51.0,193.595397,124.0,108.158828,262.233127,7.0,67.0,11.4013,-18.3,-8.785376,1,1.0,Medium
0.0,0.0,0.0,5.0,0.0,0.0,0.0,0.0,0.0,0.0,0.0,0.0,0.0,0.0,0.0,7.0,3.0,0.0,0.0,0.0,0.0,7.0,0.0,0.0,0.0,0.0,0.0,0.0,22.0,1234.0,2916.772921,12.0,157.0,51.0,86.532421,783.9000000000001,823.6601,0.0,3050.927,213.0,68.020688,0.0,0.0,2.0,78.62310500000001,0.0,5.0,51.0,138.92345,61.0,91.677066,195.14,0.0,56.0,10.9343,-17.86,-8.602975,1,4.0,Medium
0.0,0.0,0.0,4.0,0.0,0.0,0.0,0.0,0.0,0.0,0.0,0.0,0.0,0.0,0.0,6.0,3.0,0.0,0.0,0.0,0.0,0.0,8.0,0.0,0.0,0.0,0.0,0.0,21.0,1356.0,3045.708733,10.0,181.0,48.0,116.532718,732.93,926.1356,0.0,3325.571,233.0,81.63263,0.0,0.0,1.0,73.874729,0.0,4.0,48.0,152.613072,101.0,99.956016,216.01,0.0,52.0,24.0533,-16.99,-8.542431,0,5.0,Low
0.0,0.0,5.0,0.0,0.0,0.0,0.0,0.0,0.0,0.0,0.0,0.0,0.0,0.0,0.0,6.0,4.0,0.0,0.0,0.0,0.0,0.0,0.0,7.0,0.0,0.0,0.0,0.0,22.0,1286.0,2675.6780900000003,16.0,160.0,45.0,123.31883000000002,907.5,876.4218000000001,0.0,3253.386,220.0,72.40670800000001,0.0,0.0,1.0,58.236031,0.0,10.0,45.0,142.053503,91.0,116.633056,216.724805,0.0,60.0,15.4637,-16.37,-8.710519,0,5.0,Low
0.0,5.0,0.0,0.0,0.0,0.0,0.0,0.0,0.0,0.0,0.0,0.0,0.0,0.0,0.0,6.0,5.0,0.0,0.0,5.0,0.0,0.0,0.0,0.0,0.0,0.0,0.0,0.0,21.0,1012.0,2233.36562,16.0,116.0,43.0,81.423871,895.03,667.5168,0.0,2605.208,174.0,50.293265000000005,0.0,0.0,0.0,54.625444,0.0,10.0,43.0,110.62682600000002,48.0,85.211445,171.950895,0.0,58.0,-0.5179999999999998,-15.579999999999998,-8.617188,0,5.0,Low
4.0,0.0,0.0,0.0,0.0,0.0,6.0,0.0,0.0,7.0,0.0,0.0,0.0,0.0,0.0,0.0,0.0,0.0,0.0,0.0,0.0,0.0,7.0,0.0,0.0,0.0,0.0,0.0,24.0,1794.0,4107.662475,17.0,232.0,55.0,161.05634,864.09,1230.1535,0.0,4489.947999999999,308.0,110.059688,7.0,7.0,17.0,60.963955,0.0,17.0,55.0,203.231822,125.0,119.566907,286.597843,7.0,76.0,13.3197,-18.76,-8.704684,1,1.0,Medium
0.0,4.0,0.0,0.0,0.0,0.0,5.0,0.0,0.0,0.0,0.0,0.0,0.0,0.0,0.0,3.0,10.0,0.0,0.0,0.0,0.0,0.0,0.0,0.0,0.0,0.0,0.0,0.0,22.0,1026.0,2118.532876,16.0,117.0,43.0,88.066595,921.55,662.2621000000001,0.0,2624.795,177.0,52.390364000000005,0.0,0.0,-1.0,59.24336699999999,0.0,13.0,43.0,109.657218,61.0,90.188677,171.12471599999998,0.0,60.0,-14.9119,-16.7,-8.624131,0,6.0,Low
0.0,4.0,0.0,0.0,0.0,0.0,0.0,0.0,0.0,0.0,0.0,0.0,0.0,0.0,0.0,6.0,4.0,0.0,0.0,0.0,0.0,0.0,0.0,7.0,0.0,0.0,0.0,0.0,21.0,1196.0,2493.331671,14.0,149.0,44.0,111.803102,850.76,810.5100000000001,0.0,3017.607,205.0,66.995477,0.0,0.0,0.0,58.236031,0.0,8.0,44.0,131.55654800000002,83.0,102.230403,199.994716,0.0,56.0,14.1708,-15.830000000000002,-8.6641445,0,5.0,Low
0.0,5.0,0.0,0.0,0.0,0.0,0.0,0.0,0.0,0.0,0.0,0.0,0.0,0.0,0.0,7.0,3.0,0.0,0.0,0.0,0.0,7.0,0.0,0.0,0.0,0.0,0.0,0.0,22.0,1154.0,2672.536246,17.0,137.0,46.0,86.11965599999999,913.9,774.3706,0.0,2947.772,198.0,58.70008800000001,0.0,0.0,2.0,60.89967,0.0,10.0,46.0,129.4704,46.0,92.570946,195.120895,0.0,61.0,7.494299999999999,-16.41,-8.6866045,1,4.0,Medium
5.0,0.0,0.0,0.0,0.0,0.0,0.0,0.0,0.0,5.0,0.0,0.0,0.0,0.0,0.0,0.0,4.0,8.0,0.0,0.0,0.0,0.0,0.0,0.0,0.0,0.0,0.0,0.0,22.0,1276.0,2913.05223,10.0,156.0,49.0,108.105859,840.4699999999999,850.923,0.0,3256.2339999999995,220.0,71.17618,5.0,5.0,6.0,49.708642,0.0,10.0,49.0,141.28401300000002,71.0,93.272049,207.3817,5.0,64.0,4.8866,-16.53,-8.75041,1,3.0,Medium
5.0,0.0,0.0,0.0,0.0,0.0,0.0,0.0,0.0,0.0,0.0,0.0,0.0,0.0,0.0,0.0,4.0,0.0,0.0,0.0,0.0,0.0,8.0,0.0,0.0,0.0,5.0,0.0,22.0,1648.0,4038.06586,25.0,198.0,74.0,138.13187399999998,1269.02,1064.7895,0.0,4165.228,282.0,92.581878,5.0,5.0,1.0,54.472272,0.0,5.0,74.0,177.52919500000002,105.0,108.280598,268.46447,5.0,84.0,10.724,-17.33,-8.6730995,0,6.0,Low
0.0,6.0,0.0,0.0,0.0,0.0,0.0,0.0,0.0,7.0,0.0,0.0,0.0,0.0,0.0,0.0,3.0,0.0,0.0,0.0,0.0,0.0,8.0,0.0,0.0,0.0,0.0,0.0,24.0,1660.0,3861.212111,19.0,211.0,49.0,145.25114399999998,951.02,1140.2947,0.0,4195.283,285.0,98.867791,7.0,7.0,10.0,53.877225,0.0,19.0,49.0,187.38473,105.0,116.737595,269.750201,7.0,74.0,12.543699999999998,-18.02,-8.751029,1,2.0,Medium
3.0,0.0,0.0,0.0,0.0,0.0,5.0,0.0,0.0,7.0,0.0,0.0,0.0,0.0,0.0,0.0,7.0,0.0,0.0,0.0,0.0,0.0,0.0,0.0,0.0,0.0,0.0,0.0,22.0,1286.0,2939.3508530000004,15.0,154.0,51.0,105.083844,876.22,834.1847,0.0,3260.3150000000005,223.0,72.550649,7.0,7.0,8.0,53.992343,0.0,15.0,51.0,139.18403400000005,74.0,91.026648,200.261664,7.0,69.0,-16.8886,-17.39,-8.77172,0,5.0,Low
0.0,4.0,0.0,0.0,0.0,0.0,4.0,0.0,0.0,7.0,0.0,0.0,0.0,0.0,0.0,0.0,6.0,0.0,0.0,0.0,0.0,0.0,0.0,0.0,0.0,0.0,0.0,0.0,21.0,1248.0,2866.889712,19.0,148.0,45.0,103.286376,870.49,819.8919,0.0,3179.704,216.0,70.320249,7.0,7.0,9.0,47.384904,0.0,19.0,45.0,135.890372,70.0,88.50492700000001,197.047843,7.0,68.0,-17.3898,-16.310000000000002,-8.781393,0,5.0,Low
0.0,4.0,0.0,0.0,0.0,0.0,0.0,0.0,0.0,0.0,0.0,0.0,0.0,0.0,0.0,7.0,3.0,8.0,0.0,0.0,0.0,0.0,0.0,0.0,0.0,0.0,0.0,0.0,22.0,1152.0,2507.459013,15.0,139.0,47.0,99.753972,883.46,772.3788,0.0,2924.326,198.0,61.338047,0.0,0.0,1.0,59.87251,0.0,8.0,47.0,126.503151,68.0,91.101976,192.164716,0.0,59.0,10.0689,-16.66,-8.633321,1,4.0,Medium
0.0,0.0,0.0,0.0,0.0,0.0,4.0,0.0,0.0,0.0,0.0,0.0,0.0,0.0,0.0,5.0,4.0,0.0,8.0,0.0,0.0,0.0,0.0,0.0,0.0,0.0,0.0,0.0,21.0,1068.0,2153.580544,9.0,134.0,47.0,96.738582,726.53,705.8928000000001,0.0,2649.295,185.0,59.786729,0.0,0.0,0.0,67.924025,0.0,4.0,47.0,114.824687,75.0,91.701676,168.05,0.0,51.0,6.866,-16.95,-8.566366,1,4.0,Medium
0.0,0.0,4.0,0.0,0.0,0.0,5.0,0.0,0.0,7.0,0.0,0.0,0.0,0.0,0.0,0.0,0.0,0.0,0.0,0.0,0.0,0.0,6.0,0.0,0.0,0.0,0.0,0.0,22.0,1666.0,3827.381918,20.0,215.0,47.0,150.553525,818.25,1149.6776,0.0,4171.566,286.0,102.694548,7.0,7.0,16.0,53.846662,0.0,20.0,47.0,188.861385,116.0,115.920816,265.868971,7.0,71.0,10.209700000000002,-17.14,-8.765969,2,0.0,High
0.0,0.0,0.0,0.0,0.0,0.0,5.0,0.0,0.0,0.0,0.0,0.0,0.0,0.0,0.0,7.0,3.0,7.0,0.0,0.0,0.0,0.0,0.0,0.0,0.0,0.0,0.0,0.0,22.0,1204.0,2587.894646,12.0,152.0,51.0,102.68042,783.9000000000001,800.7291,0.0,2980.792,208.0,68.029144,0.0,0.0,2.0,73.573211,0.0,5.0,51.0,131.659452,82.0,89.12955099999999,190.14,0.0,56.0,8.995,-17.86,-8.574404,1,4.0,Medium
4.0,0.0,0.0,0.0,0.0,0.0,5.0,0.0,0.0,8.0,0.0,0.0,0.0,0.0,0.0,0.0,4.0,0.0,0.0,0.0,0.0,0.0,0.0,0.0,0.0,0.0,0.0,0.0,21.0,1342.0,3105.939518,17.0,161.0,50.0,112.872873,849.74,881.5045,0.0,3414.036,232.0,76.974097,8.0,8.0,13.0,46.455862,0.0,17.0,50.0,146.92533300000002,78.0,90.882933,211.004004,8.0,71.0,-14.8653,-16.43,-8.8106575,0,5.0,Low
0.0,0.0,0.0,0.0,0.0,0.0,8.0,0.0,0.0,6.0,0.0,0.0,0.0,0.0,0.0,0.0,4.0,4.0,0.0,0.0,0.0,0.0,0.0,0.0,0.0,0.0,0.0,0.0,22.0,1384.0,3120.7183320000004,14.0,176.0,50.0,115.697548,751.46,921.0158,0.0,3432.5440000000003,240.0,83.03171400000001,6.0,6.0,10.0,65.757772,0.0,14.0,50.0,152.465512,92.0,91.939886,210.276966,6.0,64.0,-5.440400000000001,-18.18,-8.796996,1,4.0,Medium
4.0,0.0,0.0,0.0,0.0,0.0,0.0,0.0,0.0,0.0,0.0,0.0,0.0,0.0,0.0,5.0,2.0,0.0,0.0,0.0,0.0,0.0,10.0,0.0,0.0,0.0,0.0,0.0,21.0,1376.0,3046.456112,9.0,180.0,47.0,125.789094,791.67,948.5964,0.0,3442.397,235.0,80.89012699999999,0.0,0.0,2.0,60.526445,0.0,4.0,47.0,155.970619,99.0,105.307652,230.034716,0.0,55.0,30.633199999999995,-15.79,-8.500023,1,4.0,Medium
0.0,0.0,0.0,0.0,0.0,0.0,6.0,0.0,0.0,6.0,0.0,0.0,0.0,0.0,0.0,0.0,3.0,0.0,0.0,0.0,0.0,0.0,6.0,0.0,0.0,0.0,0.0,0.0,21.0,1476.0,3381.5643870000004,12.0,195.0,48.0,125.934012,702.45,1001.4264,0.0,3638.037,255.0,91.795374,6.0,6.0,9.0,64.785777,0.0,12.0,48.0,165.24502800000002,105.0,97.141272,226.146966,6.0,60.0,8.6661,-17.310000000000002,-8.797606,1,2.0,Medium
5.0,0.0,0.0,0.0,0.0,0.0,0.0,0.0,0.0,0.0,0.0,0.0,0.0,0.0,0.0,4.0,3.0,9.0,0.0,0.0,0.0,0.0,0.0,0.0,0.0,0.0,0.0,0.0,21.0,1114.0,2407.180378,9.0,135.0,46.0,99.095842,812.9100000000001,747.0567,0.0,2846.659,191.0,59.352977,0.0,0.0,2.0,53.002832,0.0,5.0,46.0,123.495647,66.0,89.637462,189.030895,0.0,56.0,13.1581,-15.5,-8.584669,1,4.0,Medium
0.0,5.0,0.0,0.0,0.0,0.0,5.0,0.0,0.0,7.0,0.0,0.0,0.0,0.0,0.0,0.0,0.0,0.0,0.0,0.0,0.0,0.0,4.0,0.0,0.0,0.0,0.0,0.0,21.0,1538.0,3536.8324840000005,22.0,193.0,44.0,137.984328,822.39,1055.8784,0.0,3884.49,264.0,92.726909,7.0,7.0,17.0,46.417344,0.0,22.0,44.0,173.721401,101.0,102.893568,247.964022,7.0,71.0,1.3475,-16.1,-8.811616,1,4.0,Medium
0.0,4.0,0.0,0.0,0.0,0.0,0.0,0.0,0.0,0.0,0.0,0.0,0.0,0.0,0.0,8.0,2.0,0.0,0.0,0.0,0.0,0.0,7.0,0.0,0.0,0.0,0.0,0.0,21.0,1286.0,2844.587999,16.0,162.0,46.0,115.26082200000002,863.5600000000001,878.1386,0.0,3233.972,220.0,72.86495299999999,0.0,0.0,2.0,59.564615,0.0,8.0,46.0,143.58325200000002,87.0,99.129674,214.914716,0.0,58.0,19.2529,-15.91,-8.673415,0,6.0,Low
5.0,0.0,0.0,0.0,0.0,0.0,5.0,0.0,0.0,0.0,0.0,0.0,0.0,0.0,0.0,0.0,4.0,7.0,0.0,0.0,0.0,0.0,0.0,0.0,0.0,0.0,0.0,0.0,21.0,1168.0,2446.0895090000004,10.0,143.0,42.0,108.46809900000002,768.02,789.8019999999999,0.0,2973.986,200.0,64.819766,0.0,0.0,6.0,53.019673,0.0,10.0,42.0,130.913534,77.0,94.214631,197.990895,0.0,57.0,6.0783,-15.54,-8.715304,1,3.0,Medium
0.0,4.0,0.0,0.0,0.0,0.0,0.0,0.0,0.0,0.0,0.0,0.0,0.0,0.0,0.0,8.0,2.0,8.0,0.0,0.0,0.0,0.0,0.0,0.0,0.0,0.0,0.0,0.0,22.0,1176.0,2569.01699,16.0,142.0,48.0,102.321712,889.86,790.0336,0.0,2983.414,202.0,62.84958,0.0,0.0,2.0,60.061754,0.0,8.0,48.0,129.287228,70.0,91.619856,196.124716,0.0,60.0,11.244599999999998,-16.700000000000003,-8.655597,1,4.0,Medium
0.0,5.0,0.0,0.0,0.0,0.0,0.0,0.0,0.0,0.0,0.0,0.0,0.0,0.0,0.0,4.0,3.0,0.0,0.0,0.0,0.0,10.0,0.0,0.0,0.0,0.0,0.0,0.0,22.0,1172.0,2773.514359,14.0,143.0,43.0,82.440087,853.21,797.7712,0.0,2983.937,201.0,60.49775100000001,0.0,0.0,2.0,62.514771,0.0,10.0,43.0,134.38611600000002,40.0,93.76254,198.240895,0.0,58.0,12.912899999999995,-16.29,-8.690603,0,5.0,Low
6.0,0.0,0.0,0.0,0.0,0.0,4.0,0.0,0.0,6.0,0.0,0.0,0.0,0.0,0.0,0.0,6.0,0.0,0.0,0.0,0.0,0.0,0.0,0.0,0.0,0.0,0.0,0.0,22.0,1288.0,2907.30951,16.0,150.0,50.0,110.667378,927.2,841.0856000000001,0.0,3316.638,222.0,70.5397,6.0,6.0,10.0,45.30696999999999,0.0,16.0,50.0,140.588214,72.0,95.800786,210.17404,6.0,72.0,-15.1638,-16.520000000000003,-8.757714,0,7.0,Low
0.0,0.0,0.0,0.0,0.0,0.0,5.0,0.0,0.0,8.0,0.0,0.0,0.0,0.0,0.0,0.0,4.0,0.0,0.0,0.0,0.0,0.0,5.0,0.0,0.0,0.0,0.0,0.0,22.0,1512.0,3530.0783770000003,13.0,197.0,52.0,124.553511,765.48,1013.7951,0.0,3739.054000000001,262.0,92.969364,8.0,8.0,9.0,65.029157,0.0,13.0,52.0,167.629097,101.0,97.442771,228.389288,8.0,65.0,2.6675999999999984,-18.22,-8.833911,1,3.0,Medium
0.0,4.0,0.0,0.0,0.0,0.0,0.0,0.0,0.0,0.0,0.0,0.0,0.0,0.0,0.0,5.0,4.0,0.0,0.0,0.0,0.0,8.0,0.0,0.0,0.0,0.0,0.0,0.0,21.0,1076.0,2519.7214160000003,13.0,130.0,43.0,75.74719,830.53,721.6892,0.0,2735.0950000000003,185.0,54.87654499999999,0.0,0.0,0.0,61.248793,0.0,8.0,43.0,121.363475,39.0,86.856216,180.034716,0.0,55.0,8.782399999999999,-15.79,-8.645875,0,5.0,Low
0.0,4.0,0.0,0.0,0.0,0.0,4.0,0.0,0.0,0.0,0.0,0.0,0.0,0.0,0.0,0.0,3.0,0.0,0.0,0.0,0.0,10.0,0.0,0.0,0.0,0.0,0.0,0.0,21.0,1184.0,2744.568463,12.0,149.0,38.0,86.9214,733.3100000000001,815.78,0.0,2986.713,203.0,64.594584,0.0,0.0,5.0,62.549111,0.0,12.0,38.0,137.60209600000002,49.0,92.880048,198.074716,0.0,54.0,11.739699999999996,-15.75,-8.71398,0,5.0,Low
0.0,0.0,0.0,0.0,0.0,0.0,6.0,0.0,0.0,0.0,6.0,0.0,0.0,0.0,0.0,0.0,6.0,0.0,0.0,0.0,0.0,0.0,6.0,0.0,0.0,0.0,0.0,0.0,24.0,1428.0,2949.341778,6.0,186.0,54.0,133.60056,796.2,959.9982,0.0,3514.674,246.0,84.024588,0.0,0.0,0.0,80.135826,0.0,6.0,54.0,157.78407,114.0,115.27467,226.56,0.0,60.0,15.8208,-19.44,-8.479054,1,4.0,Medium
5.0,0.0,0.0,0.0,0.0,0.0,0.0,0.0,0.0,0.0,0.0,0.0,0.0,0.0,0.0,4.0,3.0,0.0,0.0,0.0,0.0,0.0,10.0,0.0,0.0,0.0,0.0,0.0,22.0,1412.0,3109.814359,9.0,183.0,48.0,129.799557,839.21,971.7177,0.0,3549.937,241.0,82.179071,0.0,0.0,2.0,60.337201,0.0,5.0,48.0,160.05621100000002,100.0,110.38382,238.240895,0.0,58.0,29.2269,-16.29,-8.531295,1,4.0,Medium
0.0,0.0,0.0,0.0,0.0,0.0,4.0,0.0,0.0,7.0,0.0,0.0,0.0,0.0,0.0,0.0,0.0,4.0,0.0,0.0,0.0,0.0,7.0,0.0,0.0,0.0,0.0,0.0,22.0,1646.0,3833.946779,11.0,222.0,51.0,141.161098,692.05,1133.6376999999998,0.0,4047.732,284.0,104.150674,7.0,7.0,11.0,67.408563,0.0,11.0,51.0,186.47408,117.0,103.879489,252.433127,7.0,62.0,22.5847,-18.1,-8.757917,1,2.0,Medium
0.0,0.0,0.0,0.0,0.0,0.0,5.0,0.0,0.0,5.0,0.0,0.0,0.0,0.0,0.0,0.0,4.0,0.0,0.0,0.0,0.0,0.0,8.0,0.0,0.0,0.0,0.0,0.0,22.0,1518.0,3456.1226800000004,10.0,203.0,49.0,130.023369,724.4699999999999,1034.565,0.0,3733.198,262.0,94.472208,5.0,5.0,6.0,69.93933200000001,0.0,10.0,49.0,170.515085,110.0,103.127678,234.400805,5.0,59.0,15.5715,-17.98,-8.735359,1,1.0,Medium
0.0,4.0,0.0,0.0,0.0,0.0,0.0,0.0,0.0,0.0,0.0,0.0,0.0,0.0,0.0,4.0,8.0,0.0,6.0,0.0,0.0,0.0,0.0,0.0,0.0,0.0,0.0,0.0,22.0,984.0,1999.393278,12.0,114.0,44.0,86.93426,891.9200000000001,640.7583999999999,0.0,2520.614,170.0,49.55884400000001,0.0,0.0,-4.0,57.607654,0.0,8.0,44.0,104.52708,56.0,93.417112,164.284716,0.0,56.0,-1.7658000000000005,-16.54,-8.5646515,0,6.0,Low
5.0,0.0,0.0,0.0,0.0,0.0,0.0,0.0,0.0,0.0,0.0,0.0,0.0,0.0,0.0,6.0,2.0,0.0,0.0,0.0,0.0,0.0,8.0,0.0,0.0,0.0,0.0,0.0,21.0,1324.0,2919.322214,11.0,168.0,48.0,121.259183,839.54,904.0733,0.0,3342.556,226.0,75.428439,0.0,0.0,3.0,56.491176,0.0,5.0,48.0,148.952343,91.0,103.055168,223.950895,0.0,58.0,23.8564,-15.58,-8.580622,1,4.0,Medium
0.0,6.0,0.0,0.0,0.0,0.0,0.0,0.0,0.0,0.0,0.0,0.0,0.0,0.0,0.0,4.0,3.0,9.0,0.0,0.0,0.0,0.0,0.0,0.0,0.0,0.0,0.0,0.0,22.0,1174.0,2532.096602,16.0,141.0,42.0,105.674045,883.65,800.137,0.0,3007.3830000000003,201.0,62.817978,0.0,0.0,3.0,53.002832,0.0,12.0,42.0,130.915822,69.0,95.23151,201.197074,0.0,60.0,10.3655,-16.04,-8.715951,1,4.0,Medium
0.0,0.0,0.0,5.0,0.0,0.0,0.0,0.0,0.0,0.0,0.0,0.0,0.0,0.0,0.0,5.0,6.0,0.0,0.0,0.0,0.0,6.0,0.0,0.0,0.0,0.0,0.0,0.0,22.0,1156.0,2698.439619,10.0,146.0,49.0,80.05572400000001,784.9300000000001,762.8955000000001,0.0,2861.608,200.0,62.88686799999999,0.0,0.0,-1.0,77.51700600000001,0.0,5.0,49.0,128.932647,57.0,89.726228,182.22000000000003,0.0,54.0,5.601,-17.78,-8.604127,0,5.0,Low
0.0,0.0,0.0,0.0,0.0,0.0,5.0,0.0,0.0,0.0,0.0,0.0,0.0,0.0,0.0,5.0,3.0,0.0,0.0,0.0,0.0,0.0,9.0,0.0,0.0,0.0,0.0,0.0,22.0,1432.0,3125.2636780000003,10.0,192.0,49.0,127.669843,743.44,981.9555,0.0,3509.874,246.0,87.19756100000001,0.0,0.0,2.0,77.029761,0.0,5.0,49.0,161.103314,111.0,104.883099,228.22000000000003,0.0,54.0,25.357299999999995,-17.779999999999998,-8.498872,1,3.0,Medium
0.0,5.0,0.0,0.0,0.0,0.0,0.0,0.0,0.0,0.0,0.0,0.0,0.0,0.0,0.0,7.0,3.0,0.0,0.0,0.0,0.0,0.0,6.0,0.0,0.0,0.0,0.0,0.0,21.0,1240.0,2723.185495,17.0,153.0,44.0,111.672595,887.6000000000001,844.2316000000001,0.0,3142.222,212.0,68.82521600000001,0.0,0.0,2.0,55.660712,0.0,10.0,44.0,138.124107,81.0,98.418636,209.910895,0.0,59.0,14.0975,-15.62,-8.732531,0,5.0,Low
4.0,0.0,0.0,0.0,0.0,0.0,4.0,0.0,0.0,0.0,0.0,0.0,0.0,0.0,0.0,7.0,7.0,0.0,0.0,0.0,0.0,0.0,0.0,0.0,0.0,0.0,0.0,0.0,22.0,1080.0,2279.214225,15.0,123.0,51.0,93.004936,945.34,691.8148,0.0,2763.8900000000003,186.0,54.729931,0.0,0.0,1.0,59.802514,0.0,8.0,51.0,115.098095,64.0,90.564428,180.004716,0.0,63.0,-9.2191,-16.82,-8.631247,0,5.0,Low
3.0,0.0,5.0,0.0,0.0,0.0,0.0,0.0,0.0,8.0,0.0,0.0,0.0,0.0,0.0,0.0,0.0,0.0,0.0,0.0,0.0,0.0,6.0,0.0,0.0,0.0,0.0,0.0,22.0,1642.0,3840.625693,21.0,205.0,47.0,149.358521,923.08,1131.2669,0.0,4190.139,281.0,97.602092,8.0,8.0,16.0,38.911426,0.0,21.0,47.0,186.166506,103.0,119.422121,270.80263,8.0,76.0,10.0697,-16.020000000000003,-8.779932,1,4.0,Medium
4.0,0.0,0.0,0.0,0.0,0.0,0.0,0.0,0.0,0.0,0.0,0.0,0.0,0.0,0.0,4.0,6.0,0.0,7.0,0.0,0.0,0.0,0.0,0.0,0.0,0.0,0.0,0.0,21.0,980.0,1984.655745,8.0,115.0,46.0,89.239904,826.7600000000001,638.2116,0.0,2510.611,169.0,50.006438,0.0,0.0,-2.0,54.263547,0.0,4.0,46.0,104.680442,58.0,92.072012,164.074716,0.0,54.0,3.613299999999999,-15.75,-8.536242,0,5.0,Low
0.0,0.0,0.0,0.0,0.0,0.0,6.0,0.0,0.0,0.0,0.0,0.0,0.0,0.0,0.0,5.0,6.0,6.0,0.0,0.0,0.0,0.0,0.0,0.0,0.0,0.0,0.0,0.0,23.0,1196.0,2534.936776,11.0,150.0,51.0,100.889146,815.6700000000001,788.0102,0.0,2963.721,207.0,66.972387,0.0,0.0,0.0,76.489693,0.0,6.0,51.0,129.976709,81.0,92.084482,188.39,0.0,57.0,3.300399999999998,-18.61,-8.590558,1,4.0,Medium
0.0,4.0,0.0,0.0,0.0,0.0,0.0,0.0,0.0,0.0,0.0,0.0,0.0,0.0,0.0,6.0,3.0,0.0,0.0,0.0,0.0,0.0,9.0,0.0,0.0,0.0,0.0,0.0,22.0,1374.0,3035.080144,14.0,177.0,46.0,123.801196,863.23,945.783,0.0,3441.353,235.0,79.615585,0.0,0.0,1.0,63.41064,0.0,8.0,46.0,154.68712,96.0,106.458326,229.204716,0.0,58.0,24.6234,-16.62,-8.580481,0,6.0,Low
0.0,5.0,0.0,0.0,0.0,0.0,0.0,0.0,0.0,0.0,0.0,0.0,0.0,0.0,0.0,6.0,4.0,0.0,0.0,6.0,0.0,0.0,0.0,0.0,0.0,0.0,0.0,0.0,21.0,1036.0,2302.330058,16.0,120.0,43.0,83.180271,881.2,688.3548000000001,0.0,2662.324,178.0,52.090297,0.0,0.0,1.0,55.06806400000001,0.0,10.0,43.0,114.126826,49.0,85.76623000000001,175.950895,0.0,58.0,2.0738000000000003,-15.58,-8.63414,1,4.0,Medium
4.0,0.0,0.0,0.0,0.0,0.0,4.0,0.0,0.0,0.0,0.0,0.0,0.0,0.0,0.0,0.0,4.0,0.0,0.0,0.0,0.0,0.0,10.0,0.0,0.0,0.0,0.0,0.0,22.0,1452.0,3136.7818660000003,8.0,192.0,44.0,135.80239600000002,762.24,1006.9812,0.0,3622.784,248.0,87.49183,0.0,0.0,4.0,63.576346,0.0,8.0,44.0,165.964896,110.0,112.711328,242.28471600000003,0.0,56.0,26.549,-16.54,-8.56445,1,3.0,Medium
0.0,4.0,0.0,0.0,0.0,0.0,4.0,0.0,0.0,7.0,0.0,0.0,0.0,0.0,0.0,0.0,0.0,0.0,0.0,0.0,0.0,0.0,7.0,0.0,0.0,0.0,0.0,0.0,22.0,1654.0,3824.734551,19.0,214.0,47.0,147.34805,813.8100000000001,1142.2208999999998,0.0,4141.516,284.0,101.765262,7.0,7.0,15.0,54.158687,0.0,19.0,47.0,187.740064,113.0,109.755369,264.257843,7.0,70.0,12.3311,-17.1,-8.773448,1,2.0,Medium
0.0,5.0,0.0,0.0,0.0,0.0,0.0,0.0,0.0,0.0,0.0,0.0,0.0,0.0,0.0,4.0,3.0,10.0,0.0,0.0,0.0,0.0,0.0,0.0,0.0,0.0,0.0,0.0,22.0,1172.0,2534.399659,14.0,143.0,43.0,104.127307,853.21,797.9911999999999,0.0,2983.937,201.0,63.414331,0.0,0.0,2.0,56.315301,0.0,10.0,43.0,130.59932600000002,70.0,93.76254,198.240895,0.0,58.0,12.9289,-16.29,-8.658659,0,5.0,Low
0.0,0.0,5.0,0.0,0.0,0.0,5.0,0.0,0.0,0.0,0.0,0.0,0.0,0.0,0.0,6.0,5.0,0.0,0.0,0.0,0.0,0.0,0.0,0.0,0.0,0.0,0.0,0.0,21.0,1132.0,2373.7264200000004,21.0,131.0,43.0,104.242491,917.23,750.7302999999999,0.0,2895.728,194.0,60.12585000000001,0.0,0.0,5.0,53.401489,0.0,15.0,43.0,123.304496,73.0,99.72497,191.314805,0.0,63.0,-7.9365,-15.779999999999998,-8.761688,0,5.0,Low
4.0,0.0,0.0,0.0,0.0,0.0,6.0,0.0,0.0,0.0,0.0,0.0,0.0,0.0,0.0,0.0,3.0,0.0,0.0,0.0,0.0,0.0,8.0,0.0,0.0,0.0,0.0,0.0,21.0,1400.0,2994.274885,10.0,183.0,42.0,132.79178,730.99,969.7546,0.0,3499.613,239.0,84.24522999999999,0.0,0.0,7.0,59.747491,0.0,10.0,42.0,159.949728,107.0,107.738454,233.994716,0.0,56.0,20.2631,-15.83,-8.660929,1,1.0,Medium
0.0,4.0,0.0,0.0,0.0,0.0,0.0,0.0,0.0,7.0,0.0,0.0,0.0,0.0,0.0,0.0,0.0,0.0,0.0,0.0,3.0,0.0,8.0,0.0,0.0,0.0,0.0,0.0,22.0,1612.0,3801.743652,15.0,211.0,47.0,135.53197,796.05,1117.1551,0.0,4035.343,277.0,98.157701,7.0,7.0,11.0,55.471992,0.0,15.0,47.0,183.96189,99.0,111.144199,257.417843,7.0,66.0,21.6343,-16.94,-8.812187,1,1.0,Medium
4.0,0.0,0.0,0.0,0.0,0.0,0.0,0.0,0.0,0.0,0.0,0.0,0.0,0.0,0.0,3.0,2.0,0.0,0.0,0.0,0.0,0.0,12.0,0.0,0.0,0.0,0.0,0.0,21.0,1436.0,3181.034854,7.0,192.0,45.0,132.807942,751.21,1001.0368,0.0,3578.723,245.0,86.53558699999999,0.0,0.0,2.0,61.167665,0.0,4.0,45.0,164.473533,107.0,109.426304,240.114716,0.0,53.0,37.0814,-15.71,-8.442542,1,4.0,Medium
0.0,0.0,0.0,0.0,5.0,0.0,0.0,0.0,0.0,0.0,0.0,0.0,0.0,0.0,0.0,6.0,4.0,0.0,0.0,0.0,0.0,0.0,7.0,0.0,0.0,0.0,0.0,0.0,22.0,1438.0,3290.1171940000004,11.0,192.0,50.0,116.89488,777.5,980.8953,0.0,3524.865,247.0,85.90087299999999,0.0,0.0,1.0,78.770452,0.0,5.0,50.0,163.132003,101.0,103.586732,229.18,0.0,55.0,23.5689,-17.82,-8.544941,0,5.0,Low
0.0,0.0,4.0,0.0,0.0,0.0,5.0,0.0,0.0,7.0,0.0,0.0,0.0,0.0,0.0,0.0,0.0,0.0,0.0,0.0,0.0,0.0,5.0,0.0,0.0,0.0,0.0,0.0,21.0,1584.0,3642.621167,20.0,203.0,45.0,142.954835,791.9499999999999,1090.5986,0.0,3973.26,272.0,97.255113,7.0,7.0,16.0,50.132003,0.0,20.0,45.0,179.224897,109.0,110.13361,252.658971,7.0,69.0,6.887599999999999,-16.349999999999998,-8.7934675,1,4.0,Medium
0.0,0.0,0.0,0.0,0.0,0.0,5.0,0.0,0.0,6.0,0.0,0.0,0.0,0.0,0.0,0.0,4.0,0.0,0.0,0.0,0.0,0.0,6.0,0.0,0.0,0.0,0.0,0.0,21.0,1434.0,3296.013828,11.0,189.0,48.0,120.601393,711.8399999999999,968.5627,0.0,3536.844,248.0,88.531825,6.0,6.0,7.0,64.587948,0.0,11.0,48.0,159.916601,100.0,95.445503,219.186966,6.0,59.0,7.9481,-17.27,-8.794429,1,3.0,Medium
4.0,0.0,0.0,0.0,0.0,0.0,4.0,0.0,0.0,7.0,0.0,0.0,0.0,0.0,0.0,6.0,0.0,0.0,0.0,0.0,0.0,0.0,0.0,0.0,0.0,0.0,0.0,0.0,21.0,1392.0,3236.237574,21.0,166.0,55.0,118.692816,897.69,917.6179,0.0,3538.168,240.0,78.946431,7.0,7.0,15.0,48.520368000000005,0.0,15.0,55.0,152.22783,82.0,91.612207,220.807843,7.0,74.0,-8.627600000000001,-16.55,-8.782468,1,4.0,Medium
4.0,0.0,0.0,0.0,0.0,0.0,0.0,0.0,0.0,6.0,0.0,0.0,0.0,0.0,0.0,0.0,3.0,8.0,0.0,0.0,0.0,0.0,0.0,0.0,0.0,0.0,0.0,0.0,21.0,1268.0,2941.6352530000004,10.0,157.0,48.0,105.781534,786.37,847.0986,0.0,3218.809,219.0,72.209018,6.0,6.0,7.0,48.581771,0.0,10.0,48.0,140.487882,71.0,88.360238,202.211682,6.0,62.0,5.2157,-16.07,-8.773365,1,3.0,Medium
5.0,0.0,0.0,0.0,0.0,0.0,0.0,0.0,0.0,0.0,8.0,0.0,0.0,0.0,0.0,0.0,3.0,0.0,0.0,0.0,0.0,0.0,6.0,0.0,0.0,0.0,0.0,0.0,22.0,1340.0,2776.2366110000003,5.0,167.0,52.0,133.38692500000002,832.1300000000001,905.1585,0.0,3389.501,229.0,74.68067099999999,0.0,0.0,2.0,56.173353,0.0,5.0,52.0,149.01431100000002,100.0,114.799236,226.080895,0.0,62.0,21.5633,-16.450000000000003,-8.539098,1,3.0,Medium
0.0,5.0,0.0,0.0,0.0,0.0,0.0,0.0,0.0,0.0,0.0,0.0,0.0,0.0,5.0,0.0,5.0,0.0,0.0,0.0,0.0,0.0,0.0,6.0,0.0,0.0,0.0,0.0,21.0,1186.0,2519.871414,20.0,146.0,37.0,107.833185,888.8,814.4485000000001,0.0,3005.099,203.0,66.053985,0.0,0.0,0.0,55.012546,0.0,15.0,37.0,131.830028,77.0,102.735368,200.990895,0.0,57.0,9.212999999999996,-15.54,-8.762801,0,5.0,Low
0.0,0.0,0.0,0.0,0.0,0.0,8.0,0.0,0.0,0.0,0.0,0.0,0.0,0.0,0.0,4.0,4.0,6.0,0.0,0.0,0.0,0.0,0.0,0.0,0.0,0.0,0.0,0.0,22.0,1228.0,2588.566514,12.0,156.0,48.0,107.465118,750.3599999999999,820.8788000000001,0.0,3035.964,212.0,70.88278,0.0,0.0,4.0,73.491302,0.0,8.0,48.0,135.248532,88.0,91.74814,194.14,0.0,56.0,4.638399999999999,-17.86,-8.669712,1,4.0,Medium
0.0,0.0,0.0,5.0,0.0,0.0,0.0,0.0,0.0,0.0,7.0,0.0,0.0,0.0,0.0,0.0,3.0,0.0,0.0,0.0,0.0,0.0,7.0,0.0,0.0,0.0,0.0,0.0,22.0,1444.0,3095.81519,5.0,192.0,51.0,135.105981,706.9,986.1315,0.0,3541.8720000000003,248.0,86.903706,0.0,0.0,2.0,74.577574,0.0,5.0,51.0,162.43208199999998,117.0,114.383092,230.14,0.0,56.0,25.4383,-17.86,-8.4442005,1,3.0,Medium
0.0,7.0,0.0,0.0,0.0,0.0,0.0,0.0,0.0,0.0,0.0,0.0,0.0,0.0,0.0,4.0,3.0,0.0,0.0,0.0,0.0,0.0,7.0,0.0,0.0,0.0,0.0,0.0,21.0,1286.0,2805.364554,18.0,159.0,39.0,120.159893,887.79,890.3878,0.0,3281.387,219.0,72.236998,0.0,0.0,4.0,49.193224,0.0,14.0,39.0,145.528342,85.0,104.210298,222.943253,0.0,60.0,15.8104,-15.0,-8.769775,0,6.0,Low
0.0,0.0,0.0,5.0,0.0,0.0,5.0,0.0,0.0,7.0,0.0,0.0,0.0,0.0,0.0,0.0,0.0,0.0,0.0,0.0,0.0,0.0,5.0,0.0,0.0,0.0,0.0,0.0,22.0,1700.0,3965.82991,17.0,225.0,51.0,145.995783,718.6899999999999,1164.2469,0.0,4185.951,293.0,107.486944,7.0,7.0,17.0,67.85543799999999,0.0,17.0,51.0,192.810939,123.0,107.786894,261.193127,7.0,68.0,8.109599999999999,-18.34,-8.783861,1,3.0,Medium
5.0,0.0,0.0,0.0,0.0,0.0,5.0,0.0,0.0,0.0,0.0,0.0,0.0,0.0,0.0,0.0,3.0,0.0,0.0,0.0,0.0,0.0,8.0,0.0,0.0,0.0,0.0,0.0,21.0,1390.0,2977.7271470000005,10.0,180.0,42.0,132.515838,754.1899999999999,962.463,0.0,3493.993,237.0,82.676986,0.0,0.0,7.0,56.344857,0.0,10.0,42.0,158.890016,104.0,108.426733,234.990895,0.0,57.0,20.3922,-15.54,-8.6696005,1,1.0,Medium
5.0,0.0,0.0,0.0,0.0,0.0,0.0,0.0,0.0,0.0,0.0,0.0,0.0,0.0,0.0,7.0,3.0,0.0,0.0,0.0,0.0,0.0,7.0,0.0,0.0,0.0,0.0,0.0,22.0,1322.0,2907.946246,12.0,165.0,51.0,119.271285,899.9000000000001,893.0571,0.0,3345.448,226.0,73.710881,0.0,0.0,2.0,59.375371,0.0,5.0,51.0,147.30184000000003,88.0,104.205842,223.120895,0.0,61.0,19.5546,-16.41,-8.59849,1,4.0,Medium
0.0,0.0,0.0,0.0,5.0,0.0,0.0,0.0,0.0,6.0,0.0,0.0,0.0,0.0,0.0,0.0,2.0,0.0,0.0,8.0,0.0,0.0,0.0,0.0,0.0,0.0,0.0,0.0,21.0,1392.0,3435.6354790000005,11.0,182.0,48.0,97.00123399999998,684.18,941.0517,0.0,3440.6710000000003,241.0,82.762808,6.0,6.0,9.0,67.640939,0.0,11.0,48.0,159.019077,72.0,87.760712,212.186966,6.0,59.0,8.1192,-17.27,-8.827512,1,3.0,Medium
0.0,4.0,0.0,0.0,0.0,0.0,0.0,0.0,0.0,0.0,0.0,0.0,0.0,0.0,0.0,3.0,2.0,0.0,0.0,0.0,0.0,0.0,0.0,13.0,0.0,0.0,0.0,0.0,22.0,1440.0,2942.1063390000004,11.0,191.0,43.0,143.522472,788.71,1008.2976,0.0,3590.742,246.0,87.13184799999999,0.0,0.0,2.0,63.11786,0.0,8.0,43.0,162.48257500000005,114.0,122.895561,240.324716,0.0,55.0,33.6242,-16.5,-8.519963,1,4.0,Medium
0.0,4.0,0.0,0.0,0.0,0.0,0.0,0.0,0.0,7.0,0.0,0.0,0.0,0.0,0.0,0.0,3.0,7.0,0.0,0.0,0.0,0.0,0.0,0.0,0.0,0.0,0.0,0.0,21.0,1290.0,3023.828622,15.0,159.0,45.0,106.525473,811.24,866.7761,0.0,3272.933,223.0,74.082937,7.0,7.0,8.0,47.347236,0.0,15.0,45.0,142.884454,71.0,88.127397,204.207843,7.0,64.0,0.6227,-16.150000000000002,-8.803143,1,4.0,Medium
0.0,4.0,0.0,0.0,0.0,0.0,0.0,0.0,0.0,0.0,0.0,0.0,0.0,0.0,0.0,4.0,2.0,0.0,0.0,0.0,0.0,0.0,12.0,0.0,0.0,0.0,0.0,0.0,22.0,1488.0,3298.506234,12.0,198.0,44.0,136.897208,808.94,1042.0984,0.0,3704.93,254.0,89.59530799999999,0.0,0.0,2.0,64.561714,0.0,8.0,44.0,170.225568,110.0,113.154184,248.284716,0.0,56.0,35.4714,-16.54,-8.510338,1,4.0,Medium
0.0,5.0,0.0,0.0,0.0,0.0,0.0,0.0,0.0,0.0,0.0,0.0,0.0,0.0,0.0,0.0,4.0,7.0,0.0,0.0,0.0,0.0,0.0,0.0,0.0,0.0,6.0,0.0,22.0,1514.0,3792.863843,34.0,170.0,75.0,120.235656,1382.4,952.6702,0.0,3861.53,260.0,80.30192100000001,6.0,6.0,1.0,50.329439,0.0,10.0,75.0,158.54754,83.0,95.093038,244.277185,6.0,90.0,-6.725,-17.57,-8.711517,0,5.0,Low
0.0,0.0,0.0,0.0,0.0,0.0,7.0,0.0,0.0,0.0,0.0,0.0,0.0,0.0,0.0,4.0,2.0,0.0,0.0,0.0,0.0,0.0,8.0,0.0,0.0,0.0,0.0,0.0,21.0,1410.0,3050.046068,11.0,189.0,46.0,128.168651,691.9599999999999,970.9491,0.0,3454.866,242.0,86.77369099999999,0.0,0.0,5.0,73.52151599999999,0.0,7.0,46.0,159.339603,112.0,101.969551,224.97000000000003,0.0,53.0,22.2955,-17.03,-8.570885,1,4.0,Medium
0.0,5.0,0.0,0.0,0.0,0.0,0.0,0.0,0.0,6.0,0.0,0.0,0.0,0.0,0.0,0.0,3.0,7.0,0.0,0.0,0.0,0.0,0.0,0.0,0.0,0.0,0.0,0.0,21.0,1270.0,2939.3321960000003,16.0,155.0,43.0,107.328272,828.01,857.4472000000001,0.0,3238.319,219.0,72.055681,6.0,6.0,8.0,45.269302,0.0,16.0,43.0,141.171382,70.0,89.829208,205.167861,6.0,64.0,0.9443,-15.82,-8.787723,1,4.0,Medium
0.0,3.0,0.0,0.0,0.0,0.0,5.0,0.0,0.0,8.0,0.0,0.0,0.0,0.0,0.0,0.0,0.0,0.0,0.0,0.0,0.0,0.0,5.0,0.0,0.0,0.0,0.0,0.0,21.0,1580.0,3681.173437,19.0,203.0,47.0,138.202016,775.18,1081.4595,0.0,3951.766,272.0,97.282369,8.0,8.0,16.0,52.209937,0.0,19.0,47.0,178.10954099999998,106.0,101.384915,248.047825,8.0,69.0,5.005599999999998,-16.68,-8.812194,1,4.0,Medium
0.0,4.0,0.0,0.0,0.0,0.0,0.0,0.0,0.0,0.0,0.0,0.0,0.0,0.0,0.0,5.0,6.0,0.0,0.0,0.0,0.0,0.0,0.0,6.0,0.0,0.0,0.0,0.0,21.0,1124.0,2335.517828,13.0,138.0,43.0,102.918518,858.19,753.5972,0.0,2845.295,193.0,61.556311,0.0,0.0,-2.0,57.67266099999999,0.0,8.0,43.0,122.659587,75.0,98.54439,188.034716,0.0,55.0,8.985399999999998,-15.79,-8.652931,0,5.0,Low
0.0,5.0,0.0,0.0,0.0,0.0,0.0,0.0,0.0,0.0,0.0,0.0,0.0,0.0,0.0,5.0,4.0,0.0,0.0,0.0,0.0,8.0,0.0,0.0,0.0,0.0,0.0,0.0,22.0,1136.0,2644.63764,15.0,136.0,44.0,82.325393,887.27,764.5160000000001,0.0,2900.739,195.0,57.787776,0.0,0.0,1.0,61.248793,0.0,10.0,44.0,128.324895,42.0,92.450264,192.200895,0.0,59.0,8.124799999999999,-16.33,-8.699463,0,5.0,Low
5.0,0.0,0.0,0.0,0.0,0.0,6.0,0.0,0.0,7.0,0.0,0.0,0.0,0.0,0.0,0.0,0.0,0.0,0.0,0.0,0.0,0.0,5.0,0.0,0.0,0.0,0.0,0.0,23.0,1690.0,3863.057197,18.0,214.0,53.0,152.437163,865.43,1152.7716,0.0,4259.964,290.0,101.981295,7.0,7.0,18.0,53.534637,0.0,18.0,53.0,190.828515,114.0,113.586543,272.344022,7.0,76.0,6.444899999999999,-17.72,-8.7579565,1,2.0,Medium
0.0,0.0,0.0,0.0,0.0,0.0,6.0,0.0,0.0,0.0,0.0,0.0,0.0,0.0,0.0,6.0,3.0,0.0,0.0,0.0,0.0,6.0,0.0,0.0,0.0,0.0,0.0,0.0,21.0,1164.0,2628.136767,12.0,147.0,48.0,87.401502,741.81,775.125,0.0,2880.699,201.0,64.523628,0.0,0.0,3.0,73.98900900000001,0.0,6.0,48.0,129.830952,63.0,86.182362,183.93,0.0,54.0,6.6219,-17.07,-8.61238,1,4.0,Medium
0.0,0.0,0.0,0.0,0.0,0.0,5.0,0.0,0.0,8.0,0.0,0.0,0.0,0.0,0.0,0.0,3.0,0.0,0.0,0.0,0.0,0.0,6.0,0.0,0.0,0.0,0.0,0.0,22.0,1566.0,3658.925725,13.0,206.0,52.0,130.630675,751.6500000000001,1057.6701,0.0,3866.305,271.0,97.303627,8.0,8.0,10.0,65.53901099999999,0.0,13.0,52.0,174.664631,107.0,100.019977,237.389288,8.0,65.0,7.067400000000001,-18.22,-8.836505,1,2.0,Medium
0.0,0.0,0.0,4.0,0.0,0.0,0.0,0.0,0.0,7.0,0.0,0.0,0.0,0.0,0.0,0.0,3.0,0.0,0.0,0.0,0.0,0.0,0.0,7.0,0.0,0.0,0.0,0.0,21.0,1480.0,3393.867878,11.0,196.0,49.0,126.50402,707.24,1002.6747,0.0,3650.024,256.0,92.215964,7.0,7.0,8.0,63.391218,0.0,11.0,49.0,164.929292,104.0,103.183678,225.223127,7.0,60.0,10.5581,-17.310000000000002,-8.795657,1,2.0,Medium
4.0,0.0,0.0,0.0,0.0,0.0,5.0,0.0,0.0,8.0,0.0,0.0,0.0,0.0,0.0,0.0,5.0,0.0,0.0,0.0,0.0,0.0,0.0,0.0,0.0,0.0,0.0,0.0,22.0,1370.0,3161.852921,17.0,164.0,52.0,114.394399,889.87,896.7085,0.0,3485.091,237.0,78.079269,8.0,8.0,12.0,49.66066699999999,0.0,17.0,52.0,149.52628700000002,79.0,94.092933,215.214004,8.0,73.0,-15.943,-17.22,-8.8075,1,4.0,Medium
0.0,0.0,5.0,0.0,0.0,0.0,0.0,0.0,0.0,0.0,0.0,0.0,0.0,0.0,0.0,6.0,4.0,0.0,0.0,0.0,0.0,6.0,0.0,0.0,0.0,0.0,0.0,0.0,21.0,1102.0,2517.277713,16.0,131.0,43.0,85.626698,881.2,739.1418000000001,0.0,2816.621,189.0,56.472629,0.0,0.0,1.0,56.77801,0.0,10.0,43.0,123.198255,48.0,96.736593,186.514805,0.0,58.0,6.3649,-15.58,-8.704417,0,5.0,Low
3.0,0.0,0.0,0.0,0.0,0.0,0.0,0.0,0.0,7.0,0.0,0.0,0.0,0.0,0.0,0.0,3.0,0.0,0.0,0.0,0.0,0.0,8.0,0.0,0.0,0.0,0.0,0.0,21.0,1480.0,3486.463439,10.0,193.0,49.0,125.516535,772.4,1005.6622,0.0,3701.303,255.0,89.801836,7.0,7.0,7.0,53.877225,0.0,10.0,49.0,166.225217,96.0,99.955451,233.251664,7.0,62.0,15.7975,-16.4,-8.804155,1,1.0,Medium
0.0,0.0,0.0,0.0,0.0,0.0,8.0,0.0,0.0,6.0,0.0,0.0,0.0,0.0,0.0,4.0,4.0,0.0,0.0,0.0,0.0,0.0,0.0,0.0,0.0,0.0,0.0,0.0,22.0,1360.0,3081.726728,18.0,168.0,54.0,111.928752,832.38,889.7270000000001,0.0,3384.3240000000005,236.0,79.468198,6.0,6.0,10.0,66.084092,0.0,14.0,54.0,147.42594,88.0,90.351094,206.116966,6.0,68.0,-12.671600000000002,-18.34,-8.803506,0,5.0,Low
0.0,5.0,0.0,0.0,0.0,0.0,0.0,0.0,0.0,0.0,6.0,0.0,0.0,0.0,0.0,0.0,5.0,0.0,0.0,0.0,0.0,6.0,0.0,0.0,0.0,0.0,0.0,0.0,22.0,1136.0,2467.445723,10.0,135.0,45.0,95.429497,855.3299999999999,760.002,0.0,2901.703,195.0,57.922191,0.0,0.0,0.0,57.82175899999999,0.0,10.0,45.0,126.73662000000002,56.0,100.627528,192.160895,0.0,60.0,7.2613,-16.369999999999997,-8.66285,1,4.0,Medium
4.0,0.0,0.0,0.0,0.0,0.0,5.0,0.0,0.0,7.0,0.0,0.0,0.0,0.0,0.0,0.0,0.0,5.0,0.0,0.0,0.0,0.0,0.0,0.0,0.0,0.0,0.0,0.0,21.0,1440.0,3308.969661,16.0,179.0,49.0,126.16869,780.75,971.9378,0.0,3640.548,248.0,85.152842,7.0,7.0,16.0,48.121053,0.0,16.0,49.0,161.07164500000002,90.0,94.776086,229.007843,7.0,69.0,-0.0463000000000004,-16.349999999999998,-8.791683,1,3.0,Medium
0.0,3.0,0.0,0.0,0.0,0.0,0.0,0.0,0.0,8.0,0.0,0.0,0.0,0.0,0.0,2.0,0.0,0.0,0.0,0.0,0.0,0.0,8.0,0.0,0.0,0.0,0.0,0.0,21.0,1580.0,3763.07864,16.0,206.0,49.0,134.905893,793.4399999999999,1084.0756,0.0,3945.730000000001,272.0,96.990479,8.0,8.0,11.0,53.128842,0.0,14.0,49.0,178.14216199999998,103.0,101.673448,248.167825,8.0,66.0,16.9664,-16.560000000000002,-8.832045,1,1.0,Medium
0.0,0.0,0.0,5.0,0.0,0.0,0.0,0.0,0.0,0.0,0.0,0.0,0.0,0.0,0.0,0.0,3.0,0.0,0.0,0.0,0.0,0.0,9.0,0.0,0.0,0.0,4.0,0.0,21.0,1666.0,4068.800859,21.0,215.0,66.0,136.948756,1013.51,1102.7152999999998,0.0,4098.43,286.0,100.661846,4.0,4.0,2.0,70.318405,0.0,5.0,66.0,183.339508,120.0,105.729382,260.46086,4.0,71.0,18.5066,-17.75,-8.715954,1,4.0,Medium
0.0,6.0,0.0,0.0,0.0,0.0,0.0,0.0,0.0,7.0,0.0,0.0,0.0,0.0,0.0,0.0,5.0,0.0,0.0,0.0,0.0,0.0,3.0,0.0,0.0,0.0,0.0,0.0,21.0,1306.0,3049.235162,19.0,157.0,43.0,110.300746,899.78,875.3077,0.0,3345.8630000000003,225.0,73.88096,7.0,7.0,8.0,41.71354,0.0,19.0,43.0,144.404198,72.0,94.221565,212.120201,7.0,68.0,-6.222200000000001,-15.650000000000002,-8.800977,0,5.0,Low
0.0,4.0,0.0,0.0,0.0,0.0,0.0,0.0,0.0,8.0,0.0,0.0,0.0,0.0,0.0,2.0,0.0,0.0,0.0,0.0,0.0,0.0,8.0,0.0,0.0,0.0,0.0,0.0,22.0,1640.0,3887.994864,18.0,212.0,50.0,141.484096,850.18,1126.9024000000002,0.0,4111.374000000001,282.0,99.90171,8.0,8.0,12.0,53.128842,0.0,16.0,50.0,185.103582,106.0,107.267496,260.33400400000005,8.0,70.0,16.308799999999998,-17.1,-8.805735,1,2.0,Medium
0.0,5.0,0.0,0.0,0.0,0.0,0.0,0.0,0.0,0.0,0.0,0.0,0.0,0.0,0.0,5.0,6.0,0.0,6.0,0.0,0.0,0.0,0.0,0.0,0.0,0.0,0.0,0.0,22.0,1040.0,2129.954076,15.0,120.0,44.0,94.55867700000002,914.93,686.0360000000001,0.0,2674.291,179.0,52.876436,0.0,0.0,-1.0,54.59209299999999,0.0,10.0,44.0,111.671623,60.0,96.31904,176.200895,0.0,59.0,-0.1699999999999999,-16.33,-8.642526,0,5.0,Low
4.0,0.0,0.0,0.0,0.0,0.0,0.0,0.0,0.0,7.0,0.0,0.0,0.0,0.0,0.0,0.0,3.0,8.0,0.0,0.0,0.0,0.0,0.0,0.0,0.0,0.0,0.0,0.0,22.0,1348.0,3151.047903,11.0,167.0,51.0,111.556938,826.3399999999999,899.2543,0.0,3419.067,233.0,77.147505,7.0,7.0,8.0,50.659705,0.0,11.0,51.0,149.162374,75.0,92.252475,213.417843,7.0,66.0,4.2365,-16.94,-8.78064,1,2.0,Medium
0.0,4.0,0.0,0.0,0.0,0.0,0.0,0.0,0.0,0.0,5.0,0.0,0.0,0.0,0.0,0.0,3.0,0.0,0.0,0.0,0.0,0.0,10.0,0.0,0.0,0.0,0.0,0.0,22.0,1434.0,3062.10685,8.0,188.0,45.0,138.32628499999998,788.0,995.9542,0.0,3579.651,245.0,84.80864,0.0,0.0,1.0,61.93037,0.0,8.0,45.0,162.666032,110.0,116.425602,239.244716,0.0,57.0,31.117999999999995,-16.58,-8.519834,1,4.0,Medium
5.0,0.0,0.0,0.0,0.0,0.0,5.0,0.0,0.0,7.0,0.0,0.0,0.0,0.0,0.0,0.0,0.0,0.0,0.0,0.0,0.0,0.0,0.0,5.0,0.0,0.0,0.0,0.0,22.0,1590.0,3558.6358250000003,17.0,200.0,51.0,146.78141800000003,834.6899999999999,1081.6189,0.0,4017.581,273.0,95.579424,7.0,7.0,17.0,49.453363,0.0,17.0,51.0,178.285884,108.0,111.635409,256.174022,7.0,73.0,4.854099999999999,-16.89,-8.759241,1,3.0,Medium
0.0,5.0,0.0,0.0,0.0,0.0,0.0,0.0,0.0,0.0,0.0,0.0,0.0,0.0,0.0,6.0,4.0,0.0,7.0,0.0,0.0,0.0,0.0,0.0,0.0,0.0,0.0,0.0,22.0,1088.0,2232.687923,16.0,127.0,45.0,100.953587,907.5,724.5508,0.0,2790.495,187.0,56.383751,0.0,0.0,1.0,54.64203500000001,0.0,10.0,45.0,117.57702,65.0,98.70182,184.160895,0.0,60.0,3.5991,-16.37,-8.684623,0,5.0,Low
0.0,0.0,0.0,0.0,0.0,0.0,0.0,5.0,0.0,0.0,0.0,0.0,0.0,0.0,0.0,0.0,3.0,0.0,0.0,0.0,0.0,0.0,9.0,0.0,0.0,0.0,4.0,0.0,21.0,1576.0,3803.855634,21.0,200.0,66.0,128.61918100000003,1013.51,1033.4603,0.0,3888.025,271.0,93.022091,4.0,4.0,2.0,68.569295,0.0,5.0,66.0,171.655193,110.0,105.200372,245.46086000000005,4.0,71.0,12.655099999999996,-17.75,-8.744556,1,4.0,Medium
6.0,0.0,0.0,0.0,0.0,0.0,6.0,0.0,0.0,7.0,0.0,0.0,0.0,0.0,0.0,0.0,0.0,0.0,0.0,0.0,0.0,0.0,3.0,0.0,0.0,0.0,0.0,0.0,22.0,1586.0,3618.451919,19.0,196.0,51.0,143.81798600000002,866.7699999999999,1075.3897000000002,0.0,4029.98,272.0,93.902902,7.0,7.0,19.0,46.105319,0.0,19.0,51.0,178.425208,103.0,107.606179,258.090201,7.0,76.0,-0.4298999999999999,-16.68,-8.783527,1,4.0,Medium
0.0,0.0,5.0,0.0,0.0,0.0,0.0,0.0,0.0,0.0,0.0,0.0,0.0,0.0,0.0,5.0,3.0,0.0,0.0,0.0,0.0,0.0,9.0,0.0,0.0,0.0,0.0,0.0,22.0,1412.0,3099.955183,15.0,182.0,44.0,131.227658,873.44,978.836,0.0,3546.9890000000005,241.0,82.410111,0.0,0.0,2.0,60.016591,0.0,10.0,44.0,159.79904399999998,101.0,117.133099,237.764805,0.0,59.0,25.8183,-16.33,-8.626892,0,5.0,Low
4.0,0.0,0.0,0.0,0.0,0.0,0.0,0.0,0.0,0.0,0.0,0.0,0.0,0.0,0.0,8.0,2.0,0.0,0.0,0.0,0.0,0.0,7.0,0.0,0.0,0.0,0.0,0.0,21.0,1286.0,2844.587999,12.0,162.0,50.0,115.26082200000002,852.36,869.9358,0.0,3237.9080000000004,220.0,72.42193699999999,0.0,0.0,2.0,59.564615,0.0,4.0,50.0,143.216248,87.0,99.129674,214.914716,0.0,58.0,20.9609,-15.91,-8.581899,1,4.0,Medium
0.0,0.0,0.0,0.0,0.0,0.0,5.0,0.0,0.0,0.0,0.0,0.0,0.0,0.0,0.0,4.0,2.0,0.0,0.0,0.0,0.0,0.0,10.0,0.0,0.0,0.0,0.0,0.0,21.0,1434.0,3136.639646,9.0,195.0,46.0,129.65774100000002,683.0799999999999,992.9717,0.0,3506.982,246.0,88.915119,0.0,0.0,3.0,74.145566,0.0,5.0,46.0,162.753817,114.0,103.732425,229.05,0.0,51.0,29.659099999999995,-16.95,-8.479518,1,4.0,Medium
0.0,0.0,0.0,0.0,0.0,0.0,6.0,0.0,0.0,0.0,0.0,0.0,0.0,0.0,0.0,2.0,3.0,0.0,0.0,0.0,0.0,11.0,0.0,0.0,0.0,0.0,0.0,0.0,22.0,1246.0,2913.905002,8.0,163.0,46.0,85.358153,687.19,846.9848,0.0,3071.117,215.0,70.136438,0.0,0.0,3.0,80.074893,0.0,6.0,46.0,143.408843,56.0,91.896232,197.3,0.0,52.0,15.750899999999998,-17.700000000000003,-8.530908,1,4.0,Medium
0.0,0.0,0.0,0.0,0.0,0.0,6.0,0.0,0.0,6.0,0.0,0.0,0.0,0.0,0.0,0.0,2.0,0.0,0.0,0.0,0.0,0.0,0.0,7.0,0.0,0.0,0.0,0.0,21.0,1488.0,3282.271361,12.0,197.0,48.0,133.688936,688.62,1012.9824,0.0,3667.099,257.0,93.283227,6.0,6.0,10.0,64.345535,0.0,12.0,48.0,165.82201200000003,111.0,103.85496700000002,228.146966,6.0,60.0,10.3352,-17.31,-8.76376,1,1.0,Medium
0.0,0.0,0.0,0.0,0.0,0.0,5.0,0.0,0.0,7.0,0.0,0.0,0.0,0.0,0.0,0.0,2.0,0.0,0.0,0.0,0.0,0.0,8.0,0.0,0.0,0.0,0.0,0.0,22.0,1622.0,3763.121174,12.0,217.0,51.0,138.531125,724.15,1108.4684,0.0,3991.604,280.0,102.138838,7.0,7.0,10.0,67.68558999999999,0.0,12.0,51.0,182.66216100000003,116.0,104.492152,248.393127,7.0,63.0,15.768499999999998,-18.14,-8.795005,1,2.0,Medium
0.0,0.0,0.0,0.0,0.0,0.0,4.0,0.0,0.0,0.0,0.0,0.0,0.0,0.0,0.0,6.0,4.0,0.0,0.0,0.0,0.0,0.0,0.0,0.0,0.0,7.0,0.0,0.0,21.0,1446.0,3042.29569,10.0,196.0,48.0,146.667667,746.76,993.5586,0.0,3534.968,248.0,90.14889,0.0,0.0,0.0,68.317804,0.0,4.0,48.0,160.543972,130.0,136.648456,231.01,0.0,52.0,30.0246,-16.99,-8.524659,0,5.0,Low
5.0,0.0,0.0,0.0,0.0,0.0,0.0,0.0,0.0,7.0,0.0,0.0,0.0,0.0,0.0,5.0,4.0,0.0,0.0,0.0,0.0,0.0,0.0,0.0,0.0,0.0,0.0,0.0,21.0,1232.0,2901.480182,17.0,142.0,54.0,99.851277,942.66,794.0803999999999,0.0,3169.8810000000003,213.0,66.076007,7.0,7.0,8.0,44.335003,0.0,12.0,54.0,132.39876,62.0,86.695299,196.964022,7.0,71.0,-11.8282,-16.099999999999998,-8.753194,0,5.0,Low
0.0,5.0,0.0,0.0,0.0,0.0,0.0,0.0,0.0,0.0,0.0,0.0,0.0,0.0,0.0,5.0,5.0,0.0,0.0,7.0,0.0,0.0,0.0,0.0,0.0,0.0,0.0,0.0,22.0,1064.0,2365.649922,15.0,124.0,44.0,83.890457,901.1,706.742,0.0,2731.407,183.0,53.480968,0.0,0.0,0.0,58.526245,0.0,10.0,44.0,117.443703,49.0,89.01313499999999,180.200895,0.0,59.0,2.4122000000000003,-16.330000000000002,-8.641192,0,5.0,Low
4.0,0.0,0.0,0.0,0.0,0.0,5.0,0.0,0.0,6.0,0.0,0.0,0.0,0.0,0.0,0.0,0.0,0.0,0.0,0.0,0.0,0.0,0.0,6.0,0.0,0.0,0.0,0.0,21.0,1526.0,3376.4762200000005,15.0,195.0,48.0,142.26618100000002,767.0799999999999,1043.1491,0.0,3834.974,262.0,92.873265,6.0,6.0,15.0,50.95436,0.0,15.0,48.0,171.45556100000002,108.0,108.527257,245.011682,6.0,67.0,8.995899999999999,-16.27,-8.768199,1,2.0,Medium
0.0,4.0,0.0,0.0,0.0,0.0,0.0,0.0,0.0,7.0,0.0,0.0,0.0,0.0,0.0,3.0,0.0,0.0,0.0,0.0,0.0,0.0,7.0,0.0,0.0,0.0,0.0,0.0,21.0,1530.0,3611.292843,18.0,196.0,48.0,132.19926800000002,830.44,1048.5265,0.0,3842.953,263.0,92.140493,7.0,7.0,11.0,50.730298000000005,0.0,15.0,48.0,172.177633,98.0,101.315933,244.087843,7.0,67.0,14.0639,-16.27,-8.809853,1,4.0,Medium
5.0,0.0,0.0,5.0,0.0,0.0,0.0,0.0,0.0,7.0,0.0,0.0,0.0,0.0,0.0,0.0,5.0,0.0,0.0,0.0,0.0,0.0,0.0,0.0,0.0,0.0,0.0,0.0,22.0,1380.0,3238.8544800000004,17.0,165.0,51.0,114.230253,903.84,908.4139,0.0,3521.596,238.0,77.974409,7.0,7.0,12.0,48.292998,0.0,17.0,51.0,152.33470900000003,78.0,98.342259,221.174022,7.0,73.0,-13.2439,-16.89,-8.801279,1,4.0,Medium
4.0,0.0,0.0,0.0,0.0,0.0,0.0,0.0,0.0,0.0,0.0,0.0,0.0,0.0,0.0,6.0,4.0,0.0,0.0,0.0,0.0,0.0,7.0,0.0,0.0,0.0,0.0,0.0,21.0,1238.0,2721.472045,10.0,156.0,48.0,110.12534200000002,839.5600000000001,834.6262,0.0,3119.732,212.0,69.39887099999999,0.0,0.0,0.0,59.186127,0.0,4.0,48.0,137.648094,83.0,98.093914,206.994716,0.0,56.0,18.6095,-15.830000000000002,-8.5633745,0,5.0,Low
5.0,0.0,0.0,0.0,0.0,0.0,0.0,0.0,0.0,7.0,0.0,0.0,0.0,0.0,0.0,4.0,0.0,0.0,0.0,0.0,0.0,6.0,0.0,0.0,0.0,0.0,0.0,0.0,22.0,1416.0,3467.139696,16.0,172.0,55.0,106.852365,893.4100000000001,944.3596,0.0,3608.706,244.0,78.33417,7.0,7.0,12.0,51.71623,0.0,12.0,55.0,158.751531,61.0,94.877887,227.214022,7.0,72.0,3.8098,-16.85,-8.8167,1,4.0,Medium
0.0,0.0,0.0,0.0,0.0,0.0,5.0,0.0,0.0,6.0,0.0,0.0,0.0,0.0,0.0,0.0,3.0,8.0,0.0,0.0,0.0,0.0,0.0,0.0,0.0,0.0,0.0,0.0,22.0,1378.0,3149.290167,11.0,178.0,50.0,113.73944699999998,724.31,924.3327,0.0,3413.5370000000003,239.0,82.85071500000001,6.0,6.0,8.0,65.594941,0.0,11.0,50.0,152.656111,89.0,90.512891,209.396966,6.0,61.0,4.339599999999999,-18.06,-8.7906885,1,3.0,Medium
4.0,0.0,0.0,0.0,0.0,0.0,6.0,0.0,0.0,7.0,0.0,0.0,0.0,0.0,0.0,0.0,5.0,0.0,0.0,0.0,0.0,0.0,0.0,0.0,0.0,0.0,0.0,0.0,22.0,1360.0,3093.904233,17.0,163.0,51.0,115.47314,880.64,892.6205,0.0,3457.081,235.0,77.509503,7.0,7.0,12.0,50.985367,0.0,17.0,51.0,148.78117600000002,81.0,95.106465,215.177843,7.0,72.0,-15.3235,-17.18,-8.793592,1,4.0,Medium
5.0,0.0,0.0,0.0,0.0,0.0,0.0,0.0,0.0,8.0,0.0,0.0,0.0,0.0,0.0,0.0,2.0,7.0,0.0,0.0,0.0,0.0,0.0,0.0,0.0,0.0,0.0,0.0,22.0,1402.0,3302.244093,13.0,172.0,52.0,117.357554,853.82,936.3011,0.0,3572.7,242.0,80.273713,8.0,8.0,11.0,46.220365,0.0,13.0,52.0,155.460657,77.0,94.403682,223.370183,8.0,70.0,2.1986000000000008,-16.77,-8.785444,1,3.0,Medium
4.0,0.0,0.0,0.0,0.0,0.0,4.0,0.0,0.0,7.0,0.0,0.0,0.0,0.0,0.0,0.0,0.0,6.0,0.0,0.0,0.0,0.0,0.0,0.0,0.0,0.0,0.0,0.0,21.0,1428.0,3294.72498,15.0,178.0,49.0,124.34601,776.31,964.5511,0.0,3610.498,246.0,84.29170500000001,7.0,7.0,15.0,48.030888,0.0,15.0,49.0,159.787188,88.0,93.995395,227.047843,7.0,68.0,2.219199999999999,-16.310000000000002,-8.789855,1,3.0,Medium
4.0,0.0,0.0,0.0,0.0,0.0,4.0,0.0,0.0,0.0,0.0,0.0,0.0,0.0,0.0,0.0,3.0,0.0,0.0,0.0,0.0,11.0,0.0,0.0,0.0,0.0,0.0,0.0,22.0,1242.0,2895.699214,8.0,157.0,44.0,89.784143,748.4100000000001,848.2362,0.0,3132.847,213.0,67.367494,0.0,0.0,5.0,66.481527,0.0,8.0,44.0,144.258695,50.0,97.005126,207.284716,0.0,56.0,15.351899999999995,-16.540000000000003,-8.59966,1,4.0,Medium
0.0,6.0,0.0,0.0,0.0,0.0,6.0,0.0,0.0,0.0,0.0,0.0,0.0,0.0,0.0,0.0,4.0,5.0,0.0,0.0,0.0,0.0,0.0,0.0,0.0,0.0,0.0,0.0,21.0,1182.0,2458.0311330000004,18.0,142.0,36.0,111.837517,816.9,809.588,0.0,3022.562,202.0,65.63832,0.0,0.0,8.0,49.797369,0.0,18.0,36.0,132.97324200000003,78.0,96.464292,202.907074,0.0,60.0,-0.8856000000000002,-15.329999999999998,-8.770146,0,5.0,Low
4.0,0.0,0.0,0.0,0.0,0.0,0.0,0.0,0.0,6.0,0.0,0.0,0.0,0.0,0.0,0.0,4.0,0.0,0.0,0.0,0.0,0.0,0.0,8.0,0.0,0.0,0.0,0.0,22.0,1440.0,3197.1485600000005,10.0,184.0,50.0,129.7583,826.5,972.5506,0.0,3626.512,248.0,85.515958,6.0,6.0,6.0,53.918272,0.0,10.0,50.0,159.640148,96.0,109.594678,230.421682,6.0,64.0,12.3476,-16.86,-8.7384615,1,1.0,Medium
0.0,6.0,0.0,0.0,0.0,0.0,0.0,0.0,0.0,0.0,0.0,0.0,0.0,0.0,0.0,4.0,3.0,0.0,0.0,0.0,0.0,9.0,0.0,0.0,0.0,0.0,0.0,0.0,22.0,1174.0,2747.299832,16.0,141.0,42.0,86.155547,883.65,799.9390000000001,0.0,3007.3830000000003,201.0,60.193056,0.0,0.0,3.0,58.582355,0.0,12.0,42.0,134.323933,42.0,95.23151,201.197074,0.0,60.0,10.3511,-16.04,-8.711597,0,5.0,Low
0.0,5.0,0.0,0.0,0.0,0.0,0.0,0.0,0.0,0.0,0.0,0.0,0.0,0.0,0.0,5.0,6.0,0.0,0.0,0.0,0.0,5.0,0.0,0.0,0.0,0.0,0.0,0.0,21.0,1018.0,2303.072193,15.0,118.0,42.0,76.78021600000001,888.6300000000001,672.947,0.0,2616.255,175.0,50.350342,0.0,0.0,-1.0,55.861155,0.0,10.0,42.0,112.455994,41.0,86.49503000000001,172.990895,0.0,57.0,0.2567999999999983,-15.54,-8.646498,0,5.0,Low
0.0,5.0,0.0,0.0,0.0,0.0,0.0,0.0,0.0,0.0,0.0,0.0,0.0,0.0,0.0,5.0,3.0,8.0,0.0,0.0,0.0,0.0,0.0,0.0,0.0,0.0,0.0,0.0,21.0,1108.0,2397.4324770000003,15.0,133.0,42.0,98.153643,847.14,749.488,0.0,2829.684,190.0,59.015868,0.0,0.0,2.0,53.084412,0.0,10.0,42.0,122.694509,65.0,89.240264,187.990895,0.0,57.0,9.2153,-15.54,-8.677206,0,5.0,Low
0.0,0.0,3.0,0.0,0.0,0.0,5.0,0.0,0.0,7.0,0.0,0.0,0.0,0.0,0.0,0.0,7.0,0.0,0.0,0.0,0.0,0.0,0.0,0.0,0.0,0.0,0.0,0.0,22.0,1304.0,2973.8089700000005,18.0,157.0,48.0,108.046359,884.6199999999999,854.1878,0.0,3299.4440000000004,226.0,74.382911,7.0,7.0,8.0,53.992343,0.0,18.0,48.0,141.580608,77.0,96.311811,203.00001,7.0,69.0,-16.9993,-17.39,-8.782762,0,5.0,Low
0.0,5.0,0.0,0.0,0.0,0.0,0.0,0.0,0.0,0.0,5.0,0.0,0.0,0.0,0.0,0.0,6.0,6.0,0.0,0.0,0.0,0.0,0.0,0.0,0.0,0.0,0.0,0.0,22.0,1106.0,2270.471459,10.0,131.0,44.0,103.670956,859.9300000000001,737.689,0.0,2828.588,190.0,57.686541,0.0,0.0,-1.0,54.273009,0.0,10.0,44.0,120.934978,70.0,98.528058,187.200895,0.0,59.0,5.441099999999999,-16.33,-8.6380005,0,5.0,Low
0.0,0.0,0.0,0.0,5.0,0.0,0.0,0.0,0.0,0.0,0.0,0.0,0.0,0.0,0.0,4.0,5.0,0.0,0.0,8.0,0.0,0.0,0.0,0.0,0.0,0.0,0.0,0.0,22.0,1204.0,2816.7853080000004,9.0,155.0,48.0,83.270452,750.87,805.1647,0.0,2972.86,208.0,66.914222,0.0,0.0,0.0,78.363946,0.0,5.0,48.0,136.315111,63.0,88.94881,190.26,0.0,53.0,11.1533,-17.74,-8.570092,1,4.0,Medium
0.0,6.0,0.0,0.0,0.0,0.0,0.0,0.0,0.0,0.0,0.0,0.0,0.0,0.0,0.0,5.0,5.0,5.0,0.0,0.0,0.0,0.0,0.0,0.0,0.0,0.0,0.0,0.0,21.0,1050.0,2252.517664,17.0,121.0,41.0,92.680503,905.24,700.6798,0.0,2710.844,180.0,53.614691,0.0,0.0,1.0,49.556615,0.0,12.0,41.0,114.923065,58.0,88.87907799999999,180.947074,0.0,59.0,0.684899999999999,-15.29,-8.675315,0,5.0,Low
4.0,0.0,0.0,0.0,0.0,0.0,5.0,0.0,0.0,0.0,0.0,0.0,0.0,0.0,0.0,0.0,3.0,0.0,0.0,0.0,0.0,9.0,0.0,0.0,0.0,0.0,0.0,0.0,21.0,1196.0,2734.901674,9.0,150.0,42.0,90.912802,726.5500000000001,814.9859,0.0,3020.699,205.0,65.304363,0.0,0.0,6.0,62.019329,0.0,9.0,42.0,138.14087,54.0,93.660739,200.034716,0.0,55.0,11.183799999999998,-15.79,-8.6810465,1,2.0,Medium
0.0,0.0,0.0,0.0,0.0,0.0,5.0,0.0,0.0,0.0,0.0,0.0,0.0,0.0,0.0,0.0,4.0,0.0,0.0,0.0,0.0,0.0,8.0,0.0,0.0,0.0,4.0,0.0,21.0,1582.0,3778.455526,21.0,201.0,66.0,131.838537,1027.34,1035.7552999999998,0.0,3901.044,272.0,94.294433,4.0,4.0,1.0,69.098286,0.0,5.0,66.0,171.690729,114.0,100.604661,246.46086000000005,4.0,71.0,12.156299999999998,-17.75,-8.741579,1,4.0,Medium
0.0,5.0,0.0,0.0,0.0,0.0,5.0,0.0,0.0,0.0,0.0,0.0,0.0,0.0,0.0,3.0,8.0,0.0,0.0,0.0,0.0,0.0,0.0,0.0,0.0,0.0,0.0,0.0,21.0,1030.0,2131.622294,18.0,117.0,40.0,91.601746,898.03,674.6809000000001,0.0,2648.329,177.0,53.091251,0.0,0.0,2.0,52.833757,0.0,15.0,40.0,111.41673000000002,62.0,89.36272500000001,174.870895,0.0,60.0,-13.4141,-15.66,-8.676839,0,5.0,Low
5.0,0.0,0.0,0.0,0.0,0.0,0.0,0.0,0.0,7.0,0.0,0.0,0.0,0.0,0.0,0.0,3.0,0.0,0.0,0.0,0.0,6.0,0.0,0.0,0.0,0.0,0.0,0.0,21.0,1292.0,3164.9943850000004,12.0,157.0,49.0,95.059879,827.6800000000001,858.5364,0.0,3301.299,223.0,71.182866,7.0,7.0,9.0,47.754449,0.0,12.0,49.0,145.014269,52.0,89.596367,207.164022,7.0,66.0,0.1846999999999994,-15.9,-8.826978,1,3.0,Medium
6.0,0.0,0.0,0.0,0.0,0.0,5.0,0.0,0.0,5.0,0.0,0.0,0.0,0.0,0.0,5.0,0.0,0.0,0.0,0.0,0.0,0.0,0.0,0.0,0.0,0.0,0.0,0.0,21.0,1370.0,3091.237304,21.0,161.0,52.0,123.063293,909.84,910.0676,0.0,3513.013,235.0,76.422427,5.0,5.0,16.0,44.373085,0.0,16.0,52.0,151.162534,83.0,96.193718,225.727879,5.0,74.0,-7.588099999999999,-15.889999999999995,-8.773742,1,4.0,Medium
0.0,0.0,0.0,5.0,0.0,0.0,0.0,0.0,0.0,0.0,0.0,0.0,0.0,0.0,0.0,5.0,5.0,0.0,0.0,0.0,0.0,0.0,0.0,6.0,0.0,0.0,0.0,0.0,21.0,1236.0,2648.757324,10.0,161.0,47.0,108.38796,744.8,830.5095,0.0,3043.039,213.0,72.68297,0.0,0.0,0.0,72.19129099999999,0.0,5.0,47.0,136.473103,92.0,100.034558,196.01,0.0,52.0,12.845499999999998,-16.990000000000002,-8.591989,1,4.0,Medium
6.0,0.0,0.0,0.0,0.0,0.0,6.0,0.0,0.0,0.0,0.0,0.0,0.0,0.0,0.0,0.0,2.0,0.0,0.0,0.0,0.0,0.0,8.0,0.0,0.0,0.0,0.0,0.0,22.0,1492.0,3188.1939300000004,12.0,192.0,44.0,144.42666,798.74,1036.1028,0.0,3761.814,254.0,88.74101199999998,0.0,0.0,10.0,56.542686,0.0,12.0,44.0,171.088112,112.0,115.71655,254.117074,0.0,62.0,20.8796,-16.119999999999997,-8.691327,1,1.0,Medium
0.0,0.0,0.0,0.0,4.0,0.0,0.0,0.0,0.0,0.0,0.0,0.0,0.0,0.0,0.0,6.0,3.0,0.0,0.0,8.0,0.0,0.0,0.0,0.0,0.0,0.0,0.0,0.0,21.0,1164.0,2726.239253,10.0,149.0,48.0,81.78946199999999,732.93,778.5996,0.0,2876.707,201.0,64.396506,0.0,0.0,1.0,74.825569,0.0,4.0,48.0,131.290748,61.0,84.41076799999999,184.01,0.0,52.0,12.6973,-16.99,-8.529022,1,4.0,Medium
0.0,5.0,0.0,0.0,0.0,0.0,7.0,0.0,0.0,7.0,0.0,0.0,0.0,0.0,0.0,0.0,3.0,0.0,0.0,0.0,0.0,0.0,0.0,0.0,0.0,0.0,0.0,0.0,22.0,1434.0,3248.457613,24.0,172.0,46.0,125.862436,899.06,961.3098,0.0,3648.927,247.0,83.02212700000001,7.0,7.0,16.0,47.978391,0.0,24.0,46.0,158.83707300000003,88.0,99.186282,230.094022,7.0,75.0,-15.8934,-16.97,-8.813863,1,4.0,Medium
3.0,0.0,0.0,0.0,0.0,0.0,0.0,0.0,0.0,8.0,0.0,0.0,0.0,0.0,0.0,0.0,4.0,0.0,0.0,0.0,0.0,0.0,6.0,0.0,0.0,0.0,0.0,0.0,21.0,1424.0,3382.2679900000003,11.0,182.0,50.0,117.616085,799.9000000000001,954.8639,0.0,3576.004,246.0,84.966625,8.0,8.0,7.0,51.730646,0.0,11.0,50.0,158.227687,87.0,95.483276,222.247825,8.0,64.0,7.096400000000001,-16.48,-8.812329,1,3.0,Medium
0.0,5.0,0.0,0.0,0.0,0.0,0.0,0.0,0.0,0.0,0.0,0.0,0.0,0.0,0.0,5.0,5.0,6.0,0.0,0.0,0.0,0.0,0.0,0.0,0.0,0.0,0.0,0.0,21.0,1048.0,2254.820721,15.0,123.0,42.0,91.133765,874.8,698.534,0.0,2687.398,180.0,54.211044,0.0,0.0,0.0,52.869084,0.0,10.0,42.0,114.606569,59.0,87.410108,177.990895,0.0,57.0,3.248299999999998,-15.54,-8.640232,0,5.0,Low
0.0,6.0,0.0,0.0,0.0,0.0,0.0,0.0,0.0,0.0,0.0,0.0,0.0,0.0,0.0,5.0,5.0,0.0,0.0,6.0,0.0,0.0,0.0,0.0,0.0,0.0,0.0,0.0,22.0,1072.0,2365.688305,17.0,123.0,43.0,87.19073399999999,931.54,713.5268000000001,0.0,2768.88,184.0,53.489995,0.0,0.0,1.0,54.878820000000005,0.0,12.0,43.0,118.304169,50.0,90.842398,184.157074,0.0,61.0,0.240499999999999,-16.08,-8.663457,0,5.0,Low
0.0,4.0,0.0,0.0,0.0,0.0,0.0,0.0,0.0,6.0,0.0,0.0,0.0,0.0,0.0,4.0,0.0,0.0,0.0,0.0,0.0,0.0,7.0,0.0,0.0,0.0,0.0,0.0,21.0,1502.0,3519.351573,18.0,192.0,48.0,130.51313,837.0,1029.2296,0.0,3772.838,258.0,89.818711,6.0,6.0,10.0,52.046413,0.0,14.0,48.0,168.888172,97.0,101.151576,241.051682,6.0,66.0,15.1411,-16.23,-8.795635,1,4.0,Medium
0.0,0.0,0.0,0.0,0.0,0.0,6.0,0.0,0.0,0.0,0.0,0.0,0.0,0.0,0.0,3.0,5.0,0.0,0.0,0.0,0.0,0.0,0.0,0.0,0.0,8.0,0.0,0.0,22.0,1564.0,3249.859727,9.0,215.0,47.0,162.291026,735.0799999999999,1083.9386,0.0,3814.504,268.0,99.648973,0.0,0.0,1.0,71.220552,0.0,6.0,47.0,175.150373,146.0,150.174654,250.26,0.0,53.0,32.9601,-17.74,-8.511509,1,3.0,Medium
6.0,0.0,0.0,0.0,0.0,0.0,5.0,0.0,0.0,0.0,0.0,0.0,0.0,0.0,0.0,0.0,3.0,0.0,0.0,0.0,0.0,0.0,7.0,0.0,0.0,0.0,0.0,0.0,21.0,1368.0,2917.8826200000003,11.0,174.0,42.0,131.495351,781.83,944.1601,0.0,3462.315,233.0,80.038028,0.0,0.0,8.0,52.63019799999999,0.0,11.0,42.0,156.123197,100.0,108.233575,233.947074,0.0,59.0,16.8395,-15.29,-8.711772,1,2.0,Medium
3.0,0.0,0.0,0.0,0.0,0.0,3.0,0.0,0.0,7.0,0.0,0.0,0.0,0.0,0.0,0.0,8.0,0.0,0.0,0.0,0.0,0.0,0.0,0.0,0.0,0.0,0.0,0.0,21.0,1174.0,2712.3363320000003,13.0,139.0,49.0,92.89708,854.8699999999999,753.2533000000001,0.0,2986.8740000000003,204.0,64.918379,7.0,7.0,5.0,50.39188,0.0,13.0,49.0,125.926226,63.0,84.42510999999999,182.131664,7.0,65.0,-17.2469,-16.52,-8.750511,0,5.0,Low
0.0,4.0,0.0,0.0,0.0,0.0,6.0,0.0,0.0,0.0,5.0,0.0,0.0,0.0,0.0,0.0,6.0,0.0,0.0,0.0,0.0,0.0,0.0,0.0,0.0,0.0,0.0,0.0,21.0,1118.0,2231.023321,14.0,131.0,43.0,108.028833,829.8299999999999,739.1824,0.0,2843.244,192.0,59.942132,0.0,0.0,4.0,54.813999,0.0,14.0,43.0,121.6803,79.0,97.618156,186.794716,0.0,61.0,-7.494300000000001,-16.03,-8.70362,0,5.0,Low
0.0,5.0,0.0,0.0,0.0,0.0,5.0,0.0,0.0,6.0,0.0,0.0,0.0,0.0,0.0,0.0,0.0,0.0,0.0,0.0,0.0,0.0,5.0,0.0,0.0,0.0,0.0,0.0,21.0,1540.0,3512.180585,21.0,195.0,43.0,139.807614,808.72,1062.8017,0.0,3882.538,264.0,93.227857,6.0,6.0,16.0,48.054069,0.0,21.0,43.0,174.683397,104.0,104.788537,249.967861,6.0,69.0,5.648799999999998,-16.02,-8.802751,1,3.0,Medium
0.0,0.0,5.0,0.0,0.0,0.0,5.0,0.0,0.0,0.0,0.0,0.0,0.0,0.0,0.0,0.0,3.0,0.0,0.0,0.0,0.0,0.0,8.0,0.0,0.0,0.0,0.0,0.0,21.0,1420.0,3035.1573420000004,15.0,185.0,37.0,137.453363,768.1899999999999,995.8015,0.0,3559.208,242.0,85.730756,0.0,0.0,7.0,56.344857,0.0,15.0,37.0,162.884306,109.0,117.23533799999998,239.554805,0.0,57.0,20.2077,-15.54,-8.712098,1,2.0,Medium
0.0,4.0,0.0,0.0,0.0,0.0,0.0,0.0,0.0,0.0,0.0,0.0,0.0,0.0,0.0,5.0,4.0,8.0,0.0,0.0,0.0,0.0,0.0,0.0,0.0,0.0,0.0,0.0,21.0,1076.0,2328.4296560000003,13.0,130.0,43.0,93.096966,830.53,721.8652,0.0,2735.0950000000003,185.0,57.20980899999999,0.0,0.0,0.0,56.289217,0.0,8.0,43.0,118.334043,63.0,86.856216,180.034716,0.0,55.0,8.7952,-15.79,-8.600861,0,5.0,Low
4.0,0.0,0.0,0.0,0.0,0.0,0.0,0.0,0.0,0.0,0.0,0.0,0.0,0.0,0.0,7.0,2.0,8.0,0.0,0.0,0.0,0.0,0.0,0.0,0.0,0.0,0.0,0.0,21.0,1124.0,2451.54561,11.0,136.0,49.0,98.232446,832.13,748.972,0.0,2857.2070000000003,193.0,59.789859,0.0,0.0,2.0,56.667705,0.0,4.0,49.0,123.535193,67.0,87.891976,187.954716,0.0,57.0,12.8546,-15.87,-8.580625,1,4.0,Medium
0.0,4.0,0.0,0.0,0.0,0.0,0.0,0.0,0.0,0.0,0.0,0.0,0.0,0.0,0.0,4.0,3.0,0.0,0.0,11.0,0.0,0.0,0.0,0.0,0.0,0.0,0.0,0.0,22.0,1104.0,2510.946876,12.0,134.0,44.0,83.29164,822.77,744.8163999999999,0.0,2806.194,190.0,57.351504,0.0,0.0,1.0,63.312286,0.0,8.0,44.0,124.29916,49.0,88.33034699999999,184.284716,0.0,56.0,11.1836,-16.540000000000003,-8.572365,0,5.0,Low
3.0,0.0,0.0,0.0,0.0,0.0,4.0,0.0,0.0,9.0,0.0,0.0,0.0,0.0,0.0,5.0,0.0,0.0,0.0,0.0,0.0,0.0,0.0,0.0,0.0,0.0,0.0,0.0,21.0,1440.0,3412.67527,21.0,174.0,56.0,119.576155,877.16,948.2944,0.0,3641.913000000001,249.0,83.406223,9.0,9.0,16.0,49.282187,0.0,16.0,56.0,157.322114,84.0,90.074753,222.883986,9.0,75.0,-10.4534,-16.919999999999998,-8.81151,1,4.0,Medium
0.0,0.0,5.0,0.0,0.0,0.0,0.0,0.0,0.0,0.0,0.0,0.0,0.0,0.0,0.0,6.0,3.0,0.0,0.0,0.0,0.0,0.0,7.0,0.0,0.0,0.0,0.0,0.0,21.0,1300.0,2847.905061,16.0,164.0,43.0,120.119544,867.37,893.5368000000001,0.0,3280.52,222.0,74.14794599999999,0.0,0.0,2.0,55.981322000000006,0.0,10.0,43.0,145.911099,90.0,109.286567,219.514805,0.0,58.0,19.2721,-15.580000000000002,-8.704225,0,5.0,Low
0.0,0.0,0.0,0.0,0.0,0.0,6.0,0.0,0.0,0.0,0.0,0.0,0.0,0.0,0.0,3.0,4.0,0.0,0.0,0.0,0.0,0.0,8.0,0.0,0.0,0.0,0.0,0.0,21.0,1344.0,2902.937532,9.0,180.0,45.0,120.268292,694.9499999999999,920.4306,0.0,3294.585,231.0,81.99860899999999,0.0,0.0,2.0,73.134443,0.0,6.0,45.0,151.227099,105.0,99.75590200000002,214.05,0.0,51.0,20.4018,-16.95,-8.553107,1,4.0,Medium
0.0,5.0,0.0,0.0,0.0,0.0,5.0,0.0,0.0,0.0,0.0,0.0,0.0,0.0,0.0,0.0,4.0,0.0,0.0,0.0,0.0,0.0,8.0,0.0,0.0,0.0,0.0,0.0,22.0,1418.0,3033.64055,15.0,183.0,39.0,134.03736400000005,808.3199999999999,987.9205,0.0,3560.128,242.0,84.335928,0.0,0.0,6.0,59.549662,0.0,15.0,39.0,161.949725,105.0,111.636733,239.200895,0.0,59.0,17.179499999999997,-16.33,-8.708229,1,2.0,Medium
0.0,5.0,0.0,0.0,0.0,0.0,0.0,0.0,0.0,7.0,0.0,0.0,0.0,0.0,0.0,0.0,3.0,0.0,0.0,6.0,0.0,0.0,0.0,0.0,0.0,0.0,0.0,0.0,21.0,1256.0,3007.4769250000004,17.0,151.0,44.0,97.550977,841.6800000000001,841.0879,0.0,3212.217,217.0,69.854304,7.0,7.0,9.0,46.044503000000006,0.0,17.0,44.0,139.93713000000002,58.0,87.434609,201.164022,7.0,66.0,-4.290900000000001,-15.9,-8.803375,0,5.0,Low
4.0,0.0,0.0,0.0,0.0,0.0,5.0,0.0,0.0,0.0,0.0,0.0,0.0,0.0,0.0,0.0,3.0,0.0,0.0,0.0,0.0,0.0,9.0,0.0,0.0,0.0,0.0,0.0,21.0,1412.0,3037.5716740000003,9.0,186.0,42.0,133.536325,726.5500000000001,980.7659,0.0,3525.6710000000003,241.0,85.315944,0.0,0.0,6.0,60.059516,0.0,9.0,42.0,161.656835,108.0,108.619891,236.034716,0.0,55.0,23.9449,-15.79,-8.632853,2,0.0,High
0.0,0.0,0.0,0.0,0.0,0.0,5.0,0.0,0.0,6.0,0.0,0.0,0.0,0.0,0.0,0.0,3.0,0.0,0.0,0.0,0.0,0.0,7.0,0.0,0.0,0.0,0.0,0.0,21.0,1488.0,3424.8611760000003,11.0,198.0,48.0,126.678557,698.01,1012.4377,0.0,3664.095,257.0,92.866088,6.0,6.0,8.0,65.097802,0.0,11.0,48.0,166.952135,106.0,98.022709,228.186966,6.0,59.0,12.3479,-17.27,-8.787715,1,3.0,Medium
6.0,0.0,0.0,0.0,0.0,0.0,4.0,0.0,0.0,7.0,0.0,0.0,0.0,0.0,0.0,0.0,5.0,0.0,0.0,0.0,0.0,0.0,0.0,0.0,0.0,0.0,0.0,0.0,22.0,1340.0,3060.808757,17.0,157.0,51.0,114.921256,927.0399999999998,878.0373,0.0,3445.841,231.0,74.37301499999998,7.0,7.0,12.0,44.180099,0.0,17.0,51.0,146.661752,75.0,96.483023,217.170201,7.0,74.0,-15.0653,-16.6,-8.78672,1,4.0,Medium
0.0,0.0,0.0,0.0,0.0,0.0,6.0,0.0,0.0,8.0,0.0,0.0,0.0,0.0,0.0,0.0,2.0,0.0,0.0,0.0,0.0,0.0,5.0,0.0,0.0,0.0,0.0,0.0,21.0,1526.0,3559.715533,14.0,200.0,50.0,128.364604,715.96,1031.4548,0.0,3769.192,264.0,95.127741,8.0,8.0,12.0,62.022181,0.0,14.0,50.0,170.35657000000003,105.0,95.92854,231.139288,8.0,64.0,4.463299999999999,-17.47,-8.833257,1,3.0,Medium
0.0,4.0,0.0,0.0,0.0,0.0,0.0,0.0,0.0,0.0,0.0,0.0,0.0,0.0,0.0,5.0,4.0,0.0,0.0,0.0,0.0,0.0,0.0,8.0,0.0,0.0,0.0,0.0,21.0,1220.0,2528.02956,13.0,154.0,43.0,115.552206,830.53,832.1132,0.0,3071.7430000000004,209.0,69.411577,0.0,0.0,0.0,58.420913,0.0,8.0,43.0,134.885355,87.0,104.880656,204.034716,0.0,55.0,17.0048,-15.79,-8.64145,1,4.0,Medium
0.0,4.0,0.0,0.0,0.0,0.0,0.0,0.0,0.0,0.0,0.0,0.0,0.0,0.0,0.0,5.0,6.0,0.0,0.0,0.0,0.0,7.0,0.0,0.0,0.0,0.0,0.0,0.0,22.0,1074.0,2480.417471,13.0,128.0,45.0,75.92749900000001,884.4900000000001,711.4382,0.0,2735.007,185.0,53.870963,0.0,0.0,-2.0,63.72598699999999,0.0,8.0,45.0,119.54178,40.0,89.151138,179.24471599999998,0.0,57.0,4.722799999999999,-16.580000000000002,-8.651785,0,5.0,Low
4.0,0.0,0.0,0.0,0.0,0.0,0.0,0.0,0.0,6.0,0.0,0.0,0.0,0.0,0.0,0.0,5.0,0.0,0.0,0.0,0.0,0.0,0.0,0.0,0.0,0.0,6.0,0.0,21.0,1556.0,4089.801955,34.0,171.0,84.0,114.611148,1410.31,945.0118,0.0,3977.039,269.0,83.13068000000001,12.0,12.0,5.0,42.814565,0.0,10.0,84.0,159.35255400000003,77.0,87.186866,239.087972,12.0,98.0,-24.6529,-17.509999999999998,-8.721561,0,5.0,Low
0.0,0.0,0.0,0.0,0.0,0.0,6.0,0.0,0.0,0.0,0.0,0.0,0.0,0.0,0.0,4.0,5.0,0.0,0.0,0.0,0.0,0.0,0.0,6.0,0.0,0.0,0.0,0.0,21.0,1224.0,2511.251921,10.0,159.0,46.0,112.119784,729.01,822.6334,0.0,3015.009,211.0,72.401836,0.0,0.0,1.0,71.489611,0.0,6.0,46.0,134.404208,95.0,98.664932,194.01,0.0,52.0,10.4373,-16.990000000000002,-8.596871,1,4.0,Medium
5.0,0.0,0.0,0.0,0.0,0.0,5.0,0.0,0.0,7.0,0.0,0.0,0.0,0.0,0.0,0.0,0.0,0.0,0.0,0.0,0.0,0.0,7.0,0.0,0.0,0.0,0.0,0.0,24.0,1784.0,4091.114737,17.0,229.0,55.0,160.78039800000002,887.29,1222.8619,0.0,4484.328,306.0,108.491444,7.0,7.0,17.0,57.561321,0.0,17.0,55.0,202.17211000000003,122.0,120.255186,287.594022,7.0,77.0,13.4488,-18.47,-8.709807,1,1.0,Medium
6.0,0.0,0.0,0.0,0.0,0.0,0.0,0.0,0.0,0.0,0.0,0.0,0.0,0.0,0.0,2.0,3.0,0.0,0.0,0.0,0.0,0.0,12.0,0.0,0.0,0.0,0.0,0.0,23.0,1532.0,3369.309325,8.0,201.0,48.0,143.396608,852.69,1064.9342,0.0,3852.891,261.0,90.625008,0.0,0.0,3.0,60.978421,0.0,6.0,48.0,175.42879399999998,111.0,120.09652,260.487074,0.0,60.0,35.444500000000005,-16.75,-8.50558,1,3.0,Medium
0.0,4.0,0.0,0.0,0.0,0.0,0.0,0.0,0.0,0.0,0.0,0.0,0.0,0.0,0.0,8.0,3.0,0.0,0.0,0.0,0.0,0.0,0.0,7.0,0.0,0.0,0.0,0.0,22.0,1272.0,2672.3610280000003,16.0,158.0,48.0,118.460108,903.69,861.0236,0.0,3206.838,218.0,71.123715,0.0,0.0,1.0,61.819324,0.0,8.0,48.0,139.725656,88.0,106.476163,212.124716,0.0,60.0,15.4445,-16.700000000000003,-8.662939,1,4.0,Medium
0.0,0.0,0.0,0.0,0.0,0.0,4.0,0.0,0.0,6.0,0.0,0.0,0.0,0.0,0.0,0.0,4.0,0.0,0.0,0.0,0.0,0.0,7.0,0.0,0.0,0.0,0.0,0.0,21.0,1446.0,3339.310617,10.0,192.0,48.0,121.345938,707.4,979.574,0.0,3562.902,250.0,89.602539,6.0,6.0,6.0,64.899973,0.0,10.0,48.0,161.62370800000002,101.0,96.32694,221.226966,6.0,58.0,11.6299,-17.23,-8.780779,2,0.0,High
0.0,4.0,0.0,0.0,0.0,0.0,6.0,0.0,0.0,7.0,0.0,0.0,0.0,0.0,0.0,0.0,4.0,0.0,0.0,0.0,0.0,0.0,0.0,0.0,0.0,0.0,0.0,0.0,21.0,1332.0,3037.99083,21.0,160.0,45.0,113.951614,851.7099999999999,885.6193000000001,0.0,3382.09,230.0,76.847347,7.0,7.0,13.0,47.780562,0.0,21.0,45.0,146.54722600000002,80.0,91.896465,210.967843,7.0,70.0,-15.9538,-16.39,-8.82173,0,5.0,Low
5.0,0.0,0.0,0.0,0.0,0.0,0.0,0.0,0.0,0.0,0.0,0.0,0.0,0.0,0.0,0.0,3.0,0.0,0.0,0.0,0.0,0.0,9.0,0.0,0.0,0.0,5.0,0.0,22.0,1702.0,4166.913208,25.0,207.0,74.0,144.20903800000002,1255.19,1108.6645,0.0,4292.479,291.0,96.916141,5.0,5.0,2.0,54.982126,0.0,5.0,74.0,184.564729,111.0,110.857804,277.46447,5.0,84.0,15.1238,-17.33,-8.656395,1,2.0,Medium
0.0,0.0,0.0,0.0,0.0,0.0,5.0,0.0,0.0,6.0,0.0,0.0,0.0,0.0,0.0,4.0,7.0,0.0,0.0,0.0,0.0,0.0,0.0,0.0,0.0,0.0,0.0,0.0,22.0,1234.0,2825.0750510000003,15.0,150.0,54.0,95.930895,860.55,791.1359,0.0,3080.7450000000003,215.0,69.677551,6.0,6.0,4.0,65.49060499999999,0.0,11.0,54.0,131.440659,73.0,85.263787,185.236966,6.0,65.0,-14.8256,-18.22,-8.776784,0,5.0,Low
0.0,0.0,0.0,0.0,0.0,0.0,5.0,0.0,0.0,0.0,0.0,0.0,0.0,0.0,0.0,4.0,5.0,0.0,0.0,0.0,0.0,0.0,8.0,0.0,0.0,0.0,0.0,0.0,22.0,1354.0,2934.858353,9.0,180.0,48.0,119.024939,750.87,920.4257,0.0,3323.535,233.0,81.351765,0.0,0.0,0.0,76.33066299999999,0.0,5.0,48.0,151.283703,103.0,101.788013,215.26,0.0,53.0,19.7818,-17.74,-8.53031,0,6.0,Low
4.0,0.0,0.0,0.0,0.0,0.0,6.0,0.0,0.0,0.0,0.0,0.0,0.0,0.0,0.0,0.0,2.0,10.0,0.0,0.0,0.0,0.0,0.0,0.0,0.0,0.0,0.0,0.0,22.0,1296.0,2732.468284,10.0,164.0,44.0,120.795384,743.46,888.7285999999999,0.0,3264.09,222.0,74.70041799999998,0.0,0.0,8.0,59.950104,0.0,10.0,44.0,146.70611000000002,90.0,99.481586,216.204716,0.0,58.0,13.822,-16.619999999999997,-8.674294,1,3.0,Medium
0.0,4.0,0.0,0.0,0.0,0.0,0.0,0.0,0.0,5.0,0.0,0.0,0.0,0.0,0.0,0.0,2.0,0.0,0.0,0.0,0.0,10.0,0.0,0.0,0.0,0.0,0.0,0.0,21.0,1276.0,3169.862462,13.0,160.0,43.0,86.860314,770.0699999999999,869.0836999999999,0.0,3227.956,220.0,70.706963,5.0,5.0,7.0,56.12344,0.0,13.0,43.0,146.656078,44.0,89.50815700000001,205.215521,5.0,60.0,9.3602,-15.99,-8.821501,1,2.0,Medium
0.0,0.0,0.0,0.0,0.0,0.0,5.0,0.0,0.0,0.0,0.0,0.0,0.0,0.0,0.0,2.0,5.0,0.0,0.0,0.0,0.0,0.0,10.0,0.0,0.0,0.0,0.0,0.0,22.0,1414.0,3069.437095,7.0,192.0,46.0,126.043787,710.41,972.8661,0.0,3459.8610000000003,243.0,86.99722499999999,0.0,0.0,0.0,76.971883,0.0,5.0,46.0,159.786617,111.0,105.906665,225.34000000000003,0.0,51.0,26.23,-17.66,-8.459045,0,5.0,Low
0.0,5.0,0.0,0.0,0.0,0.0,0.0,0.0,0.0,0.0,0.0,0.0,0.0,0.0,0.0,6.0,3.0,0.0,0.0,7.0,0.0,0.0,0.0,0.0,0.0,0.0,0.0,0.0,21.0,1060.0,2371.294496,16.0,124.0,43.0,84.936671,867.37,709.1928,0.0,2719.44,182.0,53.887329,0.0,0.0,2.0,55.510684000000005,0.0,10.0,43.0,117.626826,50.0,86.32101499999999,179.950895,0.0,58.0,4.665600000000001,-15.580000000000002,-8.655192,0,5.0,Low
0.0,0.0,4.0,0.0,0.0,0.0,5.0,0.0,0.0,7.0,0.0,0.0,0.0,0.0,0.0,0.0,6.0,0.0,0.0,0.0,0.0,0.0,0.0,0.0,0.0,0.0,0.0,0.0,22.0,1342.0,3054.2978300000004,20.0,161.0,47.0,114.090541,901.23,886.4276000000001,0.0,3408.06,232.0,76.68897000000001,7.0,7.0,10.0,50.787538,0.0,20.0,47.0,146.64818100000002,80.0,100.45758,211.868971,7.0,71.0,-16.1891,-17.14,-8.801168,0,6.0,Low
0.0,4.0,0.0,0.0,0.0,0.0,0.0,0.0,0.0,0.0,0.0,0.0,0.0,0.0,0.0,5.0,3.0,0.0,10.0,0.0,0.0,0.0,0.0,0.0,0.0,0.0,0.0,0.0,22.0,1104.0,2225.654735,13.0,133.0,45.0,104.81068,843.0,741.8532,0.0,2808.166,190.0,59.053505,0.0,0.0,1.0,57.23969,0.0,8.0,45.0,119.796437,70.0,101.394592,184.244716,0.0,57.0,9.7835,-16.58,-8.646098,1,4.0,Medium
0.0,0.0,0.0,0.0,0.0,0.0,0.0,0.0,4.0,7.0,0.0,0.0,0.0,0.0,0.0,0.0,3.0,0.0,0.0,0.0,0.0,0.0,7.0,0.0,0.0,0.0,0.0,0.0,21.0,1498.0,3492.8098640000003,15.0,199.0,45.0,125.599816,718.4399999999999,1024.7285,0.0,3688.169,259.0,93.87887,7.0,7.0,8.0,63.773102,0.0,15.0,45.0,168.06425000000002,104.0,97.009177,228.223127,7.0,60.0,10.0204,-17.310000000000002,-8.845736,1,4.0,Medium
0.0,5.0,0.0,0.0,0.0,0.0,0.0,0.0,0.0,6.0,0.0,0.0,0.0,0.0,0.0,0.0,4.0,0.0,0.0,0.0,0.0,0.0,0.0,0.0,0.0,6.0,0.0,0.0,21.0,1528.0,3431.5317320000004,16.0,198.0,43.0,149.59758900000003,841.8399999999999,1053.5862000000002,0.0,3840.472,262.0,93.653269,6.0,6.0,7.0,43.735756,0.0,16.0,43.0,171.06853600000002,115.0,134.293462,248.167861,6.0,64.0,16.6856,-15.82,-8.722068,1,2.0,Medium
0.0,0.0,0.0,0.0,0.0,0.0,5.0,0.0,0.0,7.0,0.0,0.0,0.0,0.0,0.0,0.0,3.0,6.0,0.0,0.0,0.0,0.0,0.0,0.0,0.0,0.0,0.0,0.0,21.0,1342.0,3104.264255,12.0,172.0,49.0,109.451921,711.6800000000001,895.1264,0.0,3329.3990000000003,233.0,80.774034,7.0,7.0,9.0,61.047937,0.0,12.0,49.0,148.04075500000002,85.0,86.154972,202.183127,7.0,61.0,-0.4512000000000018,-17.35,-8.819026,1,4.0,Medium
0.0,0.0,0.0,4.0,0.0,0.0,0.0,0.0,0.0,0.0,0.0,0.0,0.0,0.0,0.0,5.0,3.0,10.0,0.0,0.0,0.0,0.0,0.0,0.0,0.0,0.0,0.0,0.0,22.0,1228.0,2722.344155,9.0,159.0,49.0,101.968582,739.0,827.4548,0.0,3030.96,212.0,70.576285,0.0,0.0,1.0,73.888098,0.0,4.0,49.0,136.585377,82.0,91.181268,194.26,0.0,53.0,16.4365,-17.740000000000002,-8.467567,1,4.0,Medium
0.0,0.0,0.0,0.0,0.0,0.0,6.0,0.0,0.0,7.0,0.0,0.0,0.0,0.0,0.0,0.0,2.0,0.0,0.0,0.0,0.0,0.0,7.0,0.0,0.0,0.0,0.0,0.0,22.0,1610.0,3719.824385,13.0,214.0,51.0,137.78658,728.59,1097.4571,0.0,3965.546,278.0,101.06812399999998,7.0,7.0,11.0,67.373565,0.0,13.0,51.0,180.955054,115.0,103.610715,246.353127,7.0,64.0,12.0867,-18.18,-8.810045,2,0.0,High
0.0,0.0,0.0,0.0,5.0,0.0,0.0,0.0,0.0,0.0,0.0,0.0,0.0,0.0,0.0,6.0,4.0,0.0,0.0,0.0,6.0,0.0,0.0,0.0,0.0,0.0,0.0,0.0,21.0,1176.0,2713.000333,11.0,150.0,48.0,79.70767000000001,751.2,783.5943,0.0,2905.749,203.0,64.68060399999999,0.0,0.0,1.0,75.186203,0.0,5.0,48.0,132.282311,58.0,93.52569,185.97,0.0,53.0,9.3988,-17.03,-8.635198,1,4.0,Medium
0.0,0.0,0.0,0.0,0.0,0.0,5.0,0.0,0.0,0.0,0.0,0.0,0.0,0.0,0.0,6.0,2.0,0.0,0.0,0.0,0.0,0.0,8.0,0.0,0.0,0.0,0.0,0.0,21.0,1374.0,3002.060904,11.0,183.0,48.0,122.638893,723.54,940.5313,0.0,3370.656,236.0,83.26965899999999,0.0,0.0,3.0,73.504346,0.0,5.0,48.0,154.250903,106.0,99.613773,218.97000000000003,0.0,53.0,23.2109,-17.03,-8.541886,0,5.0,Low
1.0,0.0,0.0,0.0,0.0,0.0,6.0,0.0,0.0,7.0,0.0,0.0,0.0,0.0,0.0,0.0,0.0,0.0,0.0,0.0,0.0,0.0,7.0,0.0,0.0,0.0,0.0,0.0,21.0,1614.0,3732.913803,14.0,214.0,49.0,141.321731,702.27,1107.8252,0.0,3990.064,278.0,101.658257,7.0,7.0,14.0,60.963955,0.0,14.0,49.0,182.622815,116.0,102.784763,250.099306,7.0,64.0,14.0115,-17.14,-8.809093,1,2.0,Medium
4.0,0.0,0.0,0.0,0.0,0.0,5.0,0.0,0.0,7.0,0.0,0.0,0.0,0.0,0.0,0.0,6.0,0.0,0.0,0.0,0.0,0.0,0.0,0.0,0.0,0.0,0.0,0.0,22.0,1318.0,3008.3536740000004,16.0,157.0,51.0,110.140521,890.03,859.7568,0.0,3355.888,228.0,74.24595400000001,7.0,7.0,10.0,50.787538,0.0,16.0,51.0,143.452749,76.0,93.410696,208.217843,7.0,71.0,-16.0415,-17.14,-8.781924,0,5.0,Low
0.0,0.0,0.0,0.0,0.0,0.0,6.0,0.0,0.0,0.0,0.0,0.0,0.0,0.0,0.0,3.0,4.0,8.0,0.0,0.0,0.0,0.0,0.0,0.0,0.0,0.0,0.0,0.0,21.0,1152.0,2442.605772,9.0,148.0,45.0,99.730492,694.9499999999999,773.2466000000001,0.0,2845.721,199.0,66.543801,0.0,0.0,2.0,69.916923,0.0,6.0,45.0,127.294587,81.0,86.45887800000001,182.05,0.0,51.0,9.0714,-16.95,-8.560801,1,4.0,Medium
5.0,0.0,0.0,0.0,0.0,0.0,0.0,0.0,0.0,7.0,0.0,0.0,0.0,0.0,0.0,3.0,0.0,0.0,0.0,0.0,0.0,0.0,0.0,0.0,7.0,0.0,0.0,0.0,22.0,1716.0,3754.409697,15.0,223.0,54.0,178.516863,873.1800000000001,1178.5468,0.0,4308.084,294.0,106.128587,7.0,7.0,12.0,45.612661,0.0,12.0,54.0,190.878778,136.0,158.411592,277.254022,7.0,71.0,24.7421,-16.81,-8.641042,1,1.0,Medium
5.0,0.0,0.0,0.0,0.0,0.0,0.0,0.0,0.0,6.0,0.0,0.0,0.0,0.0,0.0,0.0,3.0,7.0,0.0,0.0,0.0,0.0,0.0,0.0,0.0,0.0,0.0,0.0,21.0,1270.0,2939.3321960000003,11.0,155.0,48.0,107.328272,814.01,847.1937,0.0,3243.239,219.0,71.501911,6.0,6.0,8.0,45.269302,0.0,11.0,48.0,140.712627,70.0,89.829208,205.167861,6.0,64.0,3.0793,-15.82,-8.76482,1,3.0,Medium
0.0,0.0,0.0,5.0,0.0,0.0,0.0,0.0,0.0,0.0,0.0,0.0,0.0,0.0,0.0,4.0,3.0,0.0,0.0,0.0,0.0,0.0,0.0,11.0,0.0,0.0,0.0,0.0,23.0,1508.0,3180.305483,9.0,204.0,50.0,140.447492,749.51,1039.5527,0.0,3692.181,259.0,93.019946,0.0,0.0,2.0,80.282287,0.0,5.0,50.0,169.455354,122.0,121.777343,240.47,0.0,55.0,29.562900000000003,-18.53,-8.467054,1,3.0,Medium
0.0,0.0,5.0,0.0,0.0,0.0,0.0,0.0,0.0,7.0,0.0,0.0,0.0,0.0,0.0,0.0,3.0,0.0,0.0,0.0,0.0,0.0,0.0,0.0,0.0,7.0,0.0,0.0,22.0,1716.0,3863.598024,17.0,226.0,46.0,171.450333,867.98,1191.2399,0.0,4294.224,294.0,107.494168,7.0,7.0,9.0,45.683707,0.0,17.0,46.0,192.97938700000003,135.0,155.472604,276.937932,7.0,68.0,23.7612,-16.69,-8.669686,1,2.0,Medium
6.0,0.0,0.0,0.0,0.0,0.0,4.0,0.0,0.0,7.0,0.0,0.0,0.0,0.0,0.0,0.0,0.0,0.0,0.0,0.0,0.0,0.0,4.0,0.0,0.0,0.0,0.0,0.0,21.0,1528.0,3520.2847460000003,17.0,190.0,49.0,137.708386,831.5899999999999,1038.3333,0.0,3883.79,262.0,90.60489499999998,7.0,7.0,17.0,43.01471,0.0,17.0,49.0,172.202934,98.0,103.581847,248.960201,7.0,72.0,3.6115999999999993,-15.81,-8.7834215,1,3.0,Medium
0.0,0.0,6.0,0.0,0.0,0.0,0.0,0.0,0.0,0.0,6.0,0.0,0.0,0.0,0.0,0.0,3.0,0.0,0.0,0.0,0.0,0.0,7.0,0.0,0.0,0.0,0.0,0.0,22.0,1402.0,2935.992126,12.0,177.0,44.0,140.90404999999998,858.11,969.7218,0.0,3544.353,239.0,80.403567,0.0,0.0,3.0,53.820266,0.0,12.0,44.0,158.052572,106.0,126.131876,238.593766,0.0,62.0,22.9292,-16.12,-8.659182,1,3.0,Medium
6.0,0.0,0.0,0.0,0.0,0.0,4.0,0.0,0.0,7.0,0.0,0.0,0.0,0.0,0.0,0.0,0.0,0.0,0.0,0.0,0.0,0.0,6.0,0.0,0.0,0.0,0.0,0.0,23.0,1692.0,3889.806248,17.0,214.0,53.0,152.905766,884.1899999999998,1156.4913,0.0,4280.402,290.0,101.48376499999998,7.0,7.0,17.0,50.444028,0.0,17.0,53.0,191.47591,112.0,115.156259,275.380201,7.0,76.0,10.2558,-17.39,-8.749538,1,1.0,Medium
0.0,4.0,0.0,0.0,0.0,0.0,4.0,0.0,0.0,6.0,0.0,0.0,0.0,0.0,0.0,0.0,0.0,0.0,0.0,0.0,0.0,0.0,0.0,7.0,0.0,0.0,0.0,0.0,21.0,1532.0,3387.181527,18.0,197.0,44.0,143.250406,773.84,1057.7462,0.0,3843.069,263.0,93.980365,6.0,6.0,14.0,51.130657,0.0,18.0,44.0,172.607022,109.0,109.999621,246.051682,6.0,66.0,10.5796,-16.23,-8.786536,1,2.0,Medium
0.0,4.0,0.0,0.0,0.0,0.0,0.0,0.0,0.0,0.0,0.0,0.0,0.0,0.0,0.0,7.0,2.0,0.0,0.0,0.0,0.0,9.0,0.0,0.0,0.0,0.0,0.0,0.0,22.0,1182.0,2793.968121,15.0,144.0,47.0,83.74541300000001,869.6300000000001,797.6578,0.0,2995.469,203.0,61.115537,0.0,0.0,2.0,65.559697,0.0,8.0,47.0,133.955232,44.0,92.017054,197.164716,0.0,59.0,13.037999999999998,-16.66,-8.640876,0,5.0,Low
2.0,0.0,0.0,0.0,0.0,0.0,0.0,0.0,0.0,18.0,0.0,0.0,0.0,0.0,0.0,0.0,2.0,2.0,0.0,0.0,0.0,0.0,0.0,0.0,0.0,0.0,0.0,0.0,24.0,1732.0,4385.525516000001,20.0,214.0,66.0,130.21966,960.2,1132.1248,0.0,4364.406,302.0,103.71923200000002,18.0,18.0,18.0,50.43736,0.0,20.0,66.0,188.37195000000003,88.0,95.918518,252.883256,18.0,88.0,-16.430600000000002,-19.9,-8.883135,1,4.0,Medium
0.0,4.0,0.0,0.0,0.0,0.0,5.0,0.0,0.0,0.0,4.0,0.0,0.0,0.0,0.0,0.0,0.0,0.0,0.0,0.0,0.0,0.0,8.0,0.0,0.0,0.0,0.0,0.0,21.0,1478.0,3122.746102,13.0,193.0,42.0,146.542653,733.18,1034.8737,0.0,3686.944,252.0,89.36708899999999,0.0,0.0,9.0,58.865934,0.0,13.0,42.0,169.10657700000002,118.0,114.440565,246.874716,0.0,59.0,25.1563,-15.95,-8.667321,2,0.0,High
0.0,0.0,0.0,0.0,0.0,0.0,7.0,0.0,0.0,7.0,0.0,0.0,0.0,0.0,0.0,0.0,1.0,0.0,0.0,0.0,0.0,0.0,7.0,0.0,0.0,0.0,0.0,0.0,22.0,1652.0,3805.374944,14.0,220.0,51.0,143.11919899999998,719.1999999999999,1130.3208,0.0,4066.739,285.0,104.33167299999998,7.0,7.0,13.0,67.571394,0.0,14.0,51.0,186.283481,120.0,105.306484,253.313127,7.0,65.0,12.8047,-18.22,-8.801695,1,1.0,Medium
0.0,0.0,5.0,0.0,0.0,0.0,0.0,0.0,0.0,0.0,0.0,0.0,0.0,0.0,0.0,3.0,4.0,0.0,0.0,0.0,0.0,0.0,9.0,0.0,0.0,0.0,0.0,0.0,21.0,1336.0,2920.925826,13.0,173.0,40.0,124.570652,820.51,928.3224,0.0,3357.7580000000003,228.0,78.28187299999999,0.0,0.0,1.0,56.433298,0.0,10.0,40.0,151.629936,96.0,112.887339,225.634805,0.0,55.0,24.5446,-15.46,-8.651923,0,5.0,Low
4.0,0.0,0.0,0.0,0.0,0.0,0.0,0.0,0.0,0.0,0.0,0.0,0.0,0.0,0.0,2.0,3.0,0.0,0.0,0.0,0.0,0.0,12.0,0.0,0.0,0.0,0.0,0.0,21.0,1412.0,3119.476877,6.0,189.0,44.0,130.240202,744.8100000000001,983.382,0.0,3519.635,241.0,85.02405399999999,0.0,0.0,1.0,60.978421,0.0,4.0,44.0,161.689456,105.0,108.908424,236.154716,0.0,52.0,35.9057,-15.670000000000002,-8.443967,0,5.0,Low
0.0,0.0,4.0,0.0,0.0,0.0,0.0,0.0,0.0,7.0,0.0,0.0,0.0,0.0,0.0,0.0,3.0,0.0,0.0,0.0,0.0,0.0,8.0,0.0,0.0,0.0,0.0,0.0,22.0,1564.0,3657.323819,15.0,203.0,47.0,136.044758,837.54,1073.1091,0.0,3920.103,269.0,95.045329,7.0,7.0,8.0,53.877225,0.0,15.0,47.0,176.290318,103.0,112.596383,249.068971,7.0,66.0,15.419299999999998,-16.94,-8.800213,1,2.0,Medium
0.0,0.0,0.0,0.0,0.0,5.0,0.0,0.0,0.0,0.0,0.0,0.0,0.0,0.0,0.0,5.0,5.0,6.0,0.0,0.0,0.0,0.0,0.0,0.0,0.0,0.0,0.0,0.0,21.0,1068.0,2391.094841,10.0,133.0,47.0,82.771595,744.8,701.6535,0.0,2650.2830000000004,185.0,57.925039000000005,0.0,0.0,0.0,69.85517399999999,0.0,5.0,47.0,116.988554,64.0,87.47089299999999,168.01,0.0,52.0,2.7872999999999983,-16.990000000000002,-8.599746,1,4.0,Medium
0.0,4.0,0.0,0.0,0.0,0.0,6.0,0.0,0.0,0.0,0.0,0.0,0.0,0.0,0.0,5.0,7.0,0.0,0.0,0.0,0.0,0.0,0.0,0.0,0.0,0.0,0.0,0.0,22.0,1116.0,2327.199389,19.0,129.0,45.0,98.534694,924.96,730.4354,0.0,2844.164,192.0,58.676979,0.0,0.0,3.0,59.819684,0.0,14.0,45.0,120.55379899999998,70.0,92.920206,186.004716,0.0,63.0,-11.8425,-16.82,-8.718525,0,5.0,Low
0.0,5.0,0.0,0.0,0.0,0.0,0.0,0.0,0.0,7.0,0.0,0.0,0.0,0.0,0.0,0.0,3.0,6.0,0.0,0.0,0.0,0.0,0.0,0.0,0.0,0.0,0.0,0.0,21.0,1292.0,3021.5255650000004,17.0,157.0,44.0,108.072211,841.6800000000001,868.9218999999999,0.0,3296.379,223.0,73.486584,7.0,7.0,9.0,44.034767,0.0,17.0,44.0,143.20095,70.0,89.596367,207.164022,7.0,66.0,-1.9407000000000008,-15.9,-8.797981,0,5.0,Low
0.0,5.0,0.0,0.0,0.0,0.0,0.0,0.0,0.0,0.0,6.0,0.0,0.0,0.0,0.0,6.0,4.0,0.0,0.0,0.0,0.0,0.0,0.0,0.0,0.0,0.0,0.0,0.0,21.0,1072.0,2209.576094,16.0,120.0,49.0,101.267109,936.58,697.9968000000001,0.0,2758.318,184.0,53.221693,0.0,0.0,1.0,51.386752,0.0,10.0,49.0,114.30423400000002,67.0,95.03434,181.710895,0.0,64.0,-2.4982,-15.82,-8.635533,1,4.0,Medium
0.0,0.0,0.0,0.0,5.0,0.0,0.0,0.0,0.0,0.0,0.0,0.0,0.0,0.0,0.0,7.0,3.0,0.0,0.0,0.0,0.0,0.0,6.0,0.0,0.0,0.0,0.0,0.0,21.0,1380.0,3166.91442,12.0,183.0,49.0,111.86393,757.6000000000001,939.4711,0.0,3385.647,237.0,81.972971,0.0,0.0,2.0,75.245037,0.0,5.0,49.0,156.279592,96.0,98.317406,219.93,0.0,54.0,21.4225,-17.07,-8.578458,0,5.0,Low
0.0,4.0,0.0,0.0,0.0,0.0,0.0,0.0,0.0,0.0,0.0,0.0,0.0,0.0,0.0,8.0,3.0,0.0,0.0,0.0,0.0,0.0,6.0,0.0,0.0,0.0,0.0,0.0,21.0,1232.0,2715.740651,16.0,153.0,46.0,109.183658,877.3900000000001,834.2636,0.0,3106.721,211.0,68.53068999999999,0.0,0.0,1.0,59.054761,0.0,8.0,46.0,136.547718,81.0,96.552468,205.914716,0.0,58.0,14.8531,-15.910000000000002,-8.694125,0,5.0,Low
0.0,0.0,0.0,0.0,0.0,0.0,5.0,0.0,0.0,7.0,0.0,0.0,0.0,0.0,0.0,0.0,1.0,0.0,0.0,0.0,0.0,0.0,8.0,0.0,0.0,0.0,0.0,0.0,21.0,1594.0,3707.207771,12.0,214.0,49.0,137.009599,684.02,1093.2644,0.0,3920.549,275.0,101.033666,7.0,7.0,11.0,64.480785,0.0,12.0,49.0,180.06120700000002,115.0,101.282152,244.183127,7.0,61.0,16.846199999999996,-17.349999999999998,-8.802865,1,1.0,Medium
4.0,0.0,0.0,0.0,0.0,0.0,0.0,0.0,0.0,5.0,0.0,0.0,0.0,0.0,0.0,0.0,2.0,10.0,0.0,0.0,0.0,0.0,0.0,0.0,0.0,0.0,0.0,0.0,21.0,1276.0,2930.747762,9.0,160.0,47.0,108.547534,758.87,861.1008999999999,0.0,3231.8920000000003,220.0,73.18052700000001,5.0,5.0,7.0,49.92397,0.0,9.0,47.0,142.502284,74.0,89.50815700000001,205.215521,5.0,60.0,11.0842,-15.99,-8.754128,1,1.0,Medium
0.0,0.0,0.0,6.0,0.0,0.0,0.0,0.0,0.0,0.0,0.0,0.0,0.0,0.0,0.0,6.0,3.0,0.0,0.0,0.0,0.0,0.0,0.0,6.0,0.0,0.0,0.0,0.0,21.0,1308.0,2828.165457,12.0,171.0,48.0,116.09493,741.81,885.645,0.0,3217.347,225.0,77.86468199999999,0.0,0.0,3.0,72.720417,0.0,6.0,48.0,145.50825600000002,99.0,102.75771,207.93,0.0,54.0,15.1293,-17.07,-8.615872,1,4.0,Medium
0.0,0.0,0.0,0.0,0.0,0.0,6.0,0.0,0.0,0.0,0.0,0.0,0.0,0.0,0.0,6.0,2.0,0.0,0.0,0.0,0.0,0.0,8.0,0.0,0.0,0.0,0.0,0.0,22.0,1444.0,3143.524866,12.0,192.0,50.0,129.493038,754.28,988.599,0.0,3542.9039999999995,248.0,87.63837999999998,0.0,0.0,4.0,76.90698,0.0,6.0,50.0,162.180284,112.0,104.519542,230.14,0.0,56.0,22.8512,-17.86,-8.552538,1,3.0,Medium
0.0,0.0,0.0,0.0,0.0,0.0,5.0,0.0,0.0,0.0,0.0,0.0,0.0,0.0,0.0,3.0,4.0,0.0,0.0,0.0,0.0,0.0,9.0,0.0,0.0,0.0,0.0,0.0,21.0,1356.0,2946.234321,8.0,183.0,45.0,121.012837,690.51,931.4419,0.0,3320.643,233.0,83.069323,0.0,0.0,1.0,73.446468,0.0,5.0,45.0,152.93420600000002,106.0,100.637339,216.09000000000003,0.0,50.0,24.0836,-16.91,-8.504198,1,4.0,Medium
0.0,0.0,0.0,0.0,0.0,6.0,0.0,0.0,0.0,7.0,0.0,0.0,0.0,0.0,0.0,0.0,3.0,0.0,0.0,0.0,0.0,0.0,0.0,5.0,0.0,0.0,0.0,0.0,21.0,1408.0,3307.501392,13.0,182.0,49.0,113.61887,716.12,943.7161,0.0,3485.692,244.0,84.97313,7.0,7.0,10.0,62.437916,0.0,13.0,49.0,156.72039800000002,90.0,102.403554,213.143127,7.0,62.0,0.0736999999999987,-17.39,-8.808817,1,4.0,Medium
4.0,0.0,0.0,0.0,0.0,0.0,5.0,0.0,0.0,6.0,0.0,0.0,0.0,0.0,0.0,0.0,0.0,0.0,0.0,0.0,0.0,0.0,7.0,0.0,0.0,0.0,0.0,0.0,22.0,1644.0,3756.785863000001,15.0,213.0,50.0,148.426791,793.38,1129.9301,0.0,4117.442,282.0,100.75248,6.0,6.0,15.0,55.48338699999999,0.0,15.0,50.0,186.627949,115.0,110.768901,264.221682,6.0,69.0,14.6586,-17.06,-8.751235,1,1.0,Medium
0.0,0.0,0.0,0.0,0.0,0.0,5.0,0.0,0.0,0.0,0.0,0.0,0.0,0.0,0.0,4.0,5.0,0.0,0.0,0.0,8.0,0.0,0.0,0.0,0.0,0.0,0.0,0.0,22.0,1114.0,2411.7168730000003,9.0,140.0,48.0,79.573579,750.87,736.1297000000001,0.0,2762.455,193.0,60.310653,0.0,0.0,0.0,76.504543,0.0,5.0,48.0,122.999431,55.0,96.089565,175.26,0.0,53.0,5.317799999999999,-17.74,-8.601664,1,4.0,Medium
7.0,0.0,0.0,0.0,0.0,0.0,0.0,0.0,0.0,0.0,0.0,0.0,0.0,0.0,0.0,5.0,2.0,0.0,0.0,0.0,0.0,0.0,8.0,0.0,0.0,0.0,0.0,0.0,22.0,1392.0,3051.683282,12.0,174.0,49.0,130.326323,900.89,952.7667,0.0,3545.669,237.0,78.412688,0.0,0.0,5.0,53.097127,0.0,7.0,49.0,157.30665,94.0,110.515384,240.113253,0.0,63.0,23.2972,-15.83,-8.634881,1,3.0,Medium
0.0,0.0,0.0,0.0,0.0,0.0,8.0,0.0,0.0,6.0,0.0,0.0,0.0,0.0,0.0,0.0,2.0,0.0,0.0,0.0,0.0,0.0,5.0,0.0,0.0,0.0,0.0,0.0,21.0,1506.0,3423.818157,14.0,198.0,48.0,130.522086,697.5,1023.2788,0.0,3713.172000000001,260.0,93.988209,6.0,6.0,12.0,64.671581,0.0,14.0,48.0,168.86634800000002,109.0,97.955604,231.066966,6.0,62.0,5.7022999999999975,-17.39,-8.798274,1,3.0,Medium
0.0,0.0,0.0,0.0,0.0,0.0,7.0,0.0,0.0,7.0,0.0,0.0,0.0,0.0,0.0,0.0,1.0,0.0,0.0,0.0,0.0,0.0,6.0,0.0,0.0,0.0,0.0,0.0,21.0,1570.0,3620.614193,14.0,208.0,49.0,135.520509,692.8999999999999,1071.2418,0.0,3868.433,271.0,98.892238,7.0,7.0,13.0,63.856735,0.0,14.0,49.0,176.646993,113.0,99.519278,240.10312700000003,7.0,63.0,9.4826,-17.43,-8.819647,1,1.0,Medium
0.0,0.0,0.0,5.0,0.0,0.0,0.0,0.0,0.0,0.0,0.0,0.0,0.0,0.0,0.0,5.0,0.0,0.0,6.0,0.0,0.0,0.0,0.0,0.0,0.0,0.0,6.0,0.0,22.0,1648.0,4092.804477,34.0,194.0,85.0,131.880568,1298.23,1037.0547,0.0,4104.82,284.0,92.337994,6.0,6.0,5.0,67.409634,0.0,5.0,85.0,172.341105,105.0,101.572412,253.09629,6.0,90.0,-2.730599999999999,-19.22,-8.670878,0,7.0,Low
0.0,4.0,0.0,0.0,0.0,0.0,6.0,0.0,0.0,0.0,0.0,0.0,0.0,0.0,0.0,4.0,8.0,0.0,0.0,0.0,0.0,0.0,0.0,0.0,0.0,0.0,0.0,0.0,22.0,1092.0,2265.641412,18.0,126.0,44.0,95.966954,918.56,712.7806,0.0,2785.076,188.0,57.16544599999999,0.0,0.0,2.0,59.63044000000001,0.0,14.0,44.0,117.769722,68.0,92.402326,182.044716,0.0,62.0,-13.0182,-16.78,-8.699242,0,5.0,Low
0.0,0.0,0.0,0.0,0.0,0.0,6.0,0.0,0.0,0.0,0.0,0.0,0.0,0.0,0.0,5.0,4.0,0.0,0.0,0.0,0.0,0.0,8.0,0.0,0.0,0.0,0.0,0.0,23.0,1448.0,3137.880292,11.0,192.0,51.0,128.44682400000002,788.01,986.1482,0.0,3554.871,249.0,87.232019,0.0,0.0,2.0,79.922541,0.0,6.0,51.0,161.997161,111.0,107.21166200000002,230.39,0.0,57.0,20.5978,-18.61,-8.533797,1,3.0,Medium
0.0,4.0,0.0,0.0,0.0,0.0,0.0,0.0,0.0,8.0,0.0,0.0,0.0,0.0,0.0,0.0,2.0,0.0,0.0,0.0,0.0,0.0,8.0,0.0,0.0,0.0,0.0,0.0,22.0,1592.0,3764.87891,16.0,206.0,48.0,136.348616,837.38,1091.5928,0.0,3993.198,274.0,96.878644,8.0,8.0,10.0,52.750354,0.0,16.0,48.0,179.53542800000002,102.0,106.231736,252.414004,8.0,68.0,13.9574,-17.020000000000003,-8.827055,1,2.0,Medium
0.0,0.0,0.0,0.0,0.0,0.0,4.0,0.0,0.0,8.0,0.0,0.0,0.0,0.0,0.0,0.0,3.0,0.0,0.0,0.0,0.0,0.0,7.0,0.0,0.0,0.0,0.0,0.0,22.0,1578.0,3702.222514,12.0,209.0,52.0,131.37522,747.21,1068.6814,0.0,3892.363,273.0,98.374341,8.0,8.0,9.0,65.851036,0.0,12.0,52.0,176.371738,108.0,100.90141400000002,239.429288,8.0,64.0,10.7492,-18.18,-8.834407,2,0.0,High
5.0,0.0,0.0,0.0,0.0,0.0,0.0,0.0,0.0,7.0,0.0,0.0,0.0,0.0,0.0,0.0,3.0,7.0,0.0,0.0,0.0,0.0,0.0,0.0,0.0,0.0,0.0,0.0,22.0,1350.0,3148.7448460000005,12.0,165.0,51.0,113.103676,853.98,899.3493999999998,0.0,3443.497,233.0,76.440398,7.0,7.0,9.0,47.347236,0.0,12.0,51.0,149.387119,74.0,93.721445,216.374022,7.0,68.0,2.1000999999999994,-16.69,-8.773296,1,3.0,Medium
0.0,0.0,0.0,5.0,0.0,0.0,0.0,0.0,0.0,0.0,0.0,0.0,0.0,0.0,0.0,5.0,5.0,7.0,0.0,0.0,0.0,0.0,0.0,0.0,0.0,0.0,0.0,0.0,22.0,1186.0,2626.276677,10.0,151.0,49.0,96.57799500000002,771.1,788.5045,0.0,2932.751,205.0,67.039228,0.0,0.0,0.0,73.904988,0.0,5.0,49.0,130.704543,78.0,90.641306,187.22,0.0,54.0,8.594100000000001,-17.78,-8.573466,1,4.0,Medium
0.0,4.0,0.0,0.0,0.0,0.0,6.0,0.0,0.0,7.0,0.0,0.0,0.0,0.0,0.0,0.0,5.0,0.0,0.0,0.0,0.0,0.0,0.0,0.0,0.0,0.0,0.0,0.0,22.0,1360.0,3093.904233,21.0,163.0,47.0,115.47314,891.8399999999999,900.8233,0.0,3453.145,235.0,77.952519,7.0,7.0,12.0,50.985367,0.0,21.0,47.0,149.14818000000002,81.0,95.106465,215.177843,7.0,72.0,-17.0315,-17.18,-8.809712,0,5.0,Low
0.0,4.0,0.0,0.0,0.0,0.0,0.0,0.0,0.0,0.0,0.0,0.0,0.0,0.0,0.0,0.0,3.0,0.0,0.0,0.0,0.0,7.0,0.0,0.0,0.0,0.0,8.0,0.0,22.0,1658.0,4464.112554,40.0,185.0,88.0,112.300967,1536.89,1025.4698,0.0,4209.398999999999,285.0,86.50124199999999,8.0,8.0,1.0,56.238575,0.0,8.0,88.0,173.90997099999998,70.0,94.758074,261.946436,8.0,100.0,-9.1565,-18.3,-8.711674,0,6.0,Low
0.0,5.0,0.0,0.0,0.0,0.0,6.0,0.0,0.0,7.0,0.0,0.0,0.0,0.0,0.0,0.0,3.0,0.0,0.0,0.0,0.0,0.0,0.0,0.0,0.0,0.0,0.0,0.0,21.0,1364.0,3106.993651,23.0,163.0,44.0,119.008291,868.3199999999999,913.2421,0.0,3476.679,235.0,78.65340599999999,7.0,7.0,15.0,44.575757,0.0,23.0,44.0,150.907692,82.0,94.280513,218.924022,7.0,72.0,-15.5337,-16.14,-8.822522,1,4.0,Medium
0.0,0.0,4.0,0.0,0.0,0.0,0.0,0.0,0.0,0.0,0.0,0.0,0.0,0.0,0.0,6.0,4.0,0.0,8.0,0.0,0.0,0.0,0.0,0.0,0.0,0.0,0.0,0.0,22.0,1104.0,2250.805128,14.0,132.0,46.0,103.6741,877.06,736.2560000000001,0.0,2809.13,190.0,58.573474,0.0,0.0,0.0,57.707538,0.0,8.0,46.0,119.166302,70.0,105.229556,183.855844,0.0,58.0,7.3328,-16.62,-8.671625,1,4.0,Medium
6.0,0.0,0.0,0.0,0.0,0.0,0.0,0.0,0.0,0.0,0.0,0.0,0.0,0.0,0.0,4.0,2.0,0.0,0.0,0.0,0.0,0.0,9.0,0.0,0.0,0.0,0.0,0.0,21.0,1362.0,2994.056429,10.0,174.0,46.0,127.257544,826.72,938.2108,0.0,3447.204,232.0,78.434941,0.0,0.0,4.0,53.417737,0.0,6.0,46.0,154.688438,95.0,106.980662,232.987074,0.0,58.0,26.7519,-15.25,-8.585699,1,3.0,Medium
0.0,0.0,5.0,0.0,0.0,0.0,0.0,0.0,0.0,0.0,0.0,0.0,0.0,0.0,0.0,2.0,3.0,0.0,0.0,0.0,0.0,0.0,12.0,0.0,0.0,0.0,0.0,0.0,22.0,1502.0,3301.823296,12.0,200.0,41.0,141.75592999999998,812.75,1057.4966,0.0,3751.478,256.0,90.878301,0.0,0.0,2.0,60.978421,0.0,10.0,41.0,172.553415,113.0,123.311077,252.884805,0.0,56.0,35.4906,-16.21,-8.561485,1,4.0,Medium
5.0,0.0,0.0,0.0,0.0,0.0,0.0,0.0,0.0,7.0,0.0,0.0,0.0,0.0,0.0,5.0,0.0,0.0,0.0,0.0,0.0,0.0,5.0,0.0,0.0,0.0,0.0,0.0,22.0,1530.0,3601.630325,17.0,190.0,56.0,131.758623,913.64,1028.6594,0.0,3877.191,263.0,88.852494,7.0,7.0,12.0,50.089078,0.0,12.0,56.0,170.17738400000002,93.0,102.791329,246.174022,7.0,73.0,9.093099999999998,-16.889999999999997,-8.775517,1,3.0,Medium
0.0,0.0,0.0,0.0,0.0,5.0,0.0,0.0,0.0,0.0,0.0,0.0,0.0,0.0,0.0,6.0,3.0,0.0,0.0,0.0,0.0,0.0,0.0,8.0,0.0,0.0,0.0,0.0,22.0,1324.0,2850.777881,11.0,173.0,50.0,116.335979,763.67,895.7143000000001,0.0,3259.36,228.0,77.548336,0.0,0.0,2.0,75.596247,0.0,5.0,50.0,147.012837,97.0,111.053369,210.18,0.0,55.0,17.0619,-17.82,-8.570071,1,4.0,Medium
0.0,4.0,0.0,0.0,0.0,0.0,0.0,0.0,0.0,6.0,0.0,0.0,0.0,0.0,0.0,0.0,4.0,0.0,0.0,0.0,0.0,0.0,0.0,7.0,0.0,0.0,0.0,0.0,21.0,1364.0,3044.979291000001,14.0,173.0,44.0,121.91993,811.4,926.2914,0.0,3438.297,235.0,80.926169,6.0,6.0,6.0,50.339341,0.0,14.0,44.0,151.293314,89.0,103.216545,218.211682,6.0,62.0,7.707600000000001,-16.07,-8.772918,1,4.0,Medium
4.0,0.0,0.0,0.0,0.0,0.0,0.0,0.0,0.0,0.0,0.0,0.0,0.0,0.0,0.0,7.0,4.0,0.0,0.0,7.0,0.0,0.0,0.0,0.0,0.0,0.0,0.0,0.0,22.0,1080.0,2419.763055,11.0,127.0,51.0,83.96925999999999,886.09,706.226,0.0,2758.93,186.0,54.254959,0.0,0.0,0.0,62.109538,0.0,4.0,51.0,118.284387,51.0,87.664847,180.164716,0.0,59.0,6.051500000000001,-16.66,-8.537784,1,4.0,Medium
0.0,0.0,0.0,0.0,0.0,0.0,5.0,0.0,0.0,12.0,0.0,0.0,0.0,0.0,0.0,2.0,2.0,0.0,0.0,0.0,0.0,0.0,0.0,0.0,0.0,0.0,0.0,0.0,21.0,1470.0,3567.041176,19.0,183.0,56.0,114.797157,806.6599999999999,962.3325,0.0,3666.732,256.0,88.54920300000002,12.0,12.0,15.0,55.146086,0.0,17.0,56.0,159.712779,86.0,85.11144900000001,215.083932,12.0,73.0,-15.5083,-17.83,-8.8693075,1,4.0,Medium
0.0,6.0,0.0,0.0,0.0,0.0,0.0,0.0,0.0,0.0,0.0,0.0,0.0,0.0,0.0,4.0,2.0,10.0,0.0,0.0,0.0,0.0,0.0,0.0,0.0,0.0,0.0,0.0,22.0,1204.0,2603.40248,16.0,146.0,42.0,109.183984,869.8199999999999,825.614,0.0,3078.5260000000003,206.0,65.22039,0.0,0.0,4.0,53.110496,0.0,12.0,42.0,134.959792,72.0,96.146588,206.197074,0.0,60.0,13.349,-16.04,-8.7140255,0,5.0,Low
5.0,0.0,0.0,0.0,0.0,0.0,2.0,0.0,0.0,7.0,0.0,0.0,0.0,0.0,0.0,0.0,0.0,0.0,0.0,0.0,0.0,0.0,8.0,0.0,0.0,0.0,0.0,0.0,22.0,1656.0,3851.483602,14.0,214.0,51.0,147.816653,821.37,1137.7378,0.0,4165.89,284.0,100.824716,7.0,7.0,14.0,51.068078,0.0,14.0,51.0,188.020455,111.0,111.325085,267.29402200000004,7.0,70.0,17.849999999999998,-16.77,-8.755892,1,1.0,Medium
5.0,0.0,0.0,0.0,0.0,6.0,0.0,0.0,0.0,0.0,0.0,0.0,0.0,0.0,0.0,0.0,3.0,0.0,0.0,0.0,0.0,0.0,7.0,0.0,0.0,0.0,0.0,0.0,21.0,1342.0,2998.672874,11.0,171.0,42.0,120.081037,758.63,923.7497,0.0,3383.773,229.0,77.31812599999999,0.0,0.0,8.0,56.000336,0.0,11.0,42.0,154.233525,91.0,111.747912,226.950895,0.0,58.0,14.3698,-15.580000000000002,-8.718616,1,1.0,Medium
0.0,0.0,0.0,0.0,0.0,0.0,10.0,0.0,0.0,4.0,0.0,0.0,0.0,0.0,0.0,0.0,3.0,0.0,0.0,0.0,0.0,0.0,5.0,0.0,0.0,0.0,0.0,0.0,22.0,1514.0,3343.8341840000003,14.0,199.0,48.0,134.201094,719.17,1030.3067999999998,0.0,3728.207,261.0,93.953849,4.0,4.0,11.0,70.52578600000001,0.0,14.0,48.0,169.97708,114.0,103.192668,235.204644,4.0,62.0,5.863599999999998,-18.1,-8.770639,1,3.0,Medium
0.0,0.0,0.0,0.0,0.0,4.0,0.0,0.0,0.0,7.0,0.0,0.0,0.0,0.0,0.0,0.0,3.0,0.0,0.0,0.0,0.0,0.0,0.0,7.0,0.0,0.0,0.0,0.0,21.0,1432.0,3307.4978340000007,11.0,188.0,49.0,119.484072,707.24,965.7387,0.0,3537.808,248.0,87.73068,7.0,7.0,8.0,62.801342000000005,0.0,11.0,49.0,159.27244000000002,96.0,103.94741,217.223127,7.0,60.0,7.4373,-17.310000000000002,-8.799686,1,3.0,Medium
0.0,4.0,0.0,0.0,4.0,0.0,0.0,0.0,0.0,0.0,0.0,0.0,0.0,0.0,0.0,5.0,8.0,0.0,0.0,0.0,0.0,0.0,0.0,0.0,0.0,0.0,0.0,0.0,21.0,1076.0,2388.977056,17.0,126.0,43.0,85.39723,903.61,704.732,0.0,2739.047,185.0,55.73295300000001,0.0,0.0,0.0,58.276145,0.0,12.0,43.0,117.948535,59.0,88.99080000000001,179.874716,0.0,59.0,-7.532400000000001,-15.95,-8.7077055,1,4.0,Medium
4.0,0.0,0.0,0.0,0.0,0.0,5.0,0.0,0.0,7.0,0.0,0.0,0.0,0.0,0.0,5.0,0.0,0.0,0.0,0.0,0.0,0.0,0.0,0.0,0.0,0.0,0.0,0.0,21.0,1410.0,3260.2301560000005,21.0,169.0,54.0,121.457695,881.9,932.8268,0.0,3580.273,243.0,80.698447,7.0,7.0,16.0,48.528953,0.0,16.0,54.0,154.77218000000002,85.0,92.790096,223.807843,7.0,74.0,-9.0853,-16.549999999999997,-8.786669,1,4.0,Medium
0.0,5.0,0.0,0.0,0.0,0.0,8.0,0.0,0.0,0.0,0.0,0.0,0.0,0.0,0.0,4.0,4.0,0.0,0.0,0.0,0.0,0.0,0.0,0.0,0.0,0.0,0.0,0.0,21.0,1180.0,2449.831948,22.0,138.0,41.0,110.16734300000002,876.26,790.9268000000001,0.0,3010.996,202.0,64.39343099999999,0.0,0.0,9.0,53.616488,0.0,18.0,41.0,130.186088,79.0,94.967912,199.710895,0.0,64.0,-10.0844,-15.82,-8.7801,0,5.0,Low
0.0,0.0,0.0,0.0,0.0,0.0,7.0,0.0,0.0,6.0,0.0,0.0,0.0,0.0,0.0,0.0,2.0,0.0,0.0,0.0,0.0,0.0,6.0,0.0,0.0,0.0,0.0,0.0,21.0,1518.0,3467.114946,13.0,201.0,48.0,131.26663100000002,693.06,1034.2901000000002,0.0,3739.23,262.0,95.058923,6.0,6.0,11.0,64.98360600000001,0.0,13.0,48.0,170.57345500000002,110.0,98.837041,233.106966,6.0,61.0,9.3841,-17.35,-8.800227,1,3.0,Medium
0.0,0.0,0.0,0.0,0.0,0.0,6.0,0.0,0.0,6.0,0.0,0.0,0.0,0.0,0.0,0.0,4.0,0.0,0.0,0.0,0.0,0.0,0.0,5.0,0.0,0.0,0.0,0.0,21.0,1392.0,3089.759629,12.0,181.0,48.0,121.055248,716.28,934.4664,0.0,3440.6510000000003,241.0,85.427961,6.0,6.0,8.0,63.597283,0.0,12.0,48.0,153.596244,99.0,97.518701,212.146966,6.0,60.0,2.3157999999999994,-17.31,-8.785618,1,3.0,Medium
0.0,0.0,5.0,0.0,0.0,0.0,0.0,0.0,0.0,5.0,0.0,0.0,0.0,0.0,0.0,0.0,5.0,0.0,0.0,0.0,0.0,0.0,6.0,0.0,0.0,0.0,0.0,0.0,21.0,1362.0,3117.206086,15.0,172.0,42.0,119.90533,842.0,928.4915,0.0,3444.7560000000003,234.0,79.91106,5.0,5.0,5.0,48.701649,0.0,15.0,42.0,152.538793,87.0,107.013266,221.73561,5.0,62.0,8.3106,-15.74,-8.780238,0,5.0,Low
0.0,0.0,0.0,4.0,0.0,0.0,0.0,0.0,0.0,0.0,0.0,0.0,0.0,0.0,0.0,5.0,3.0,9.0,0.0,0.0,0.0,0.0,0.0,0.0,0.0,0.0,0.0,0.0,21.0,1170.0,2595.124874,9.0,151.0,47.0,96.937117,712.7,786.7737999999999,0.0,2888.762,202.0,67.068701,0.0,0.0,1.0,70.57562899999999,0.0,4.0,47.0,129.940453,78.0,87.05619,185.05,0.0,51.0,14.5307,-16.95,-8.504009,1,4.0,Medium
0.0,0.0,0.0,0.0,0.0,0.0,6.0,0.0,0.0,12.0,0.0,0.0,0.0,0.0,0.0,3.0,2.0,0.0,0.0,0.0,0.0,0.0,0.0,0.0,0.0,0.0,0.0,0.0,23.0,1592.0,3825.976518,21.0,198.0,61.0,125.740568,883.93,1043.259,0.0,3969.123,277.0,95.534629,12.0,12.0,16.0,61.942769,0.0,18.0,61.0,173.02719100000002,95.0,93.745098,234.42393199999995,12.0,79.0,-15.77,-19.489999999999995,-8.830545,1,4.0,Medium
5.0,0.0,0.0,0.0,0.0,0.0,0.0,0.0,0.0,7.0,0.0,0.0,0.0,0.0,0.0,0.0,0.0,3.0,0.0,0.0,0.0,0.0,7.0,0.0,0.0,0.0,0.0,0.0,22.0,1608.0,3765.45277,12.0,208.0,51.0,141.604068,812.49,1104.5664,0.0,4049.682,276.0,97.170591,7.0,7.0,12.0,50.485558,0.0,12.0,51.0,182.459977,104.0,108.101575,259.374022,7.0,68.0,20.9647,-16.69,-8.770247,1,1.0,Medium
0.0,0.0,0.0,0.0,0.0,0.0,5.0,0.0,0.0,7.0,0.0,0.0,0.0,0.0,0.0,0.0,3.0,0.0,0.0,0.0,0.0,6.0,0.0,0.0,0.0,0.0,0.0,0.0,21.0,1342.0,3247.733075,12.0,172.0,49.0,96.439589,711.6800000000001,894.9944,0.0,3329.3990000000003,233.0,79.02408600000001,7.0,7.0,9.0,64.767619,0.0,12.0,49.0,150.31282900000002,67.0,86.154972,202.183127,7.0,61.0,-0.4608000000000007,-17.35,-8.842918,1,4.0,Medium
5.0,0.0,0.0,0.0,0.0,0.0,0.0,0.0,0.0,7.0,0.0,0.0,0.0,0.0,0.0,0.0,3.0,0.0,0.0,0.0,0.0,0.0,8.0,0.0,0.0,0.0,0.0,0.0,23.0,1600.0,3736.295887,12.0,205.0,53.0,138.672941,880.28,1087.2143999999998,0.0,4034.559,275.0,95.40279,7.0,7.0,9.0,53.877225,0.0,12.0,53.0,179.96455500000002,102.0,111.143547,257.584022,7.0,70.0,15.336299999999998,-17.48,-8.767072,1,1.0,Medium
0.0,4.0,0.0,0.0,0.0,0.0,5.0,0.0,0.0,0.0,0.0,0.0,0.0,0.0,0.0,0.0,4.0,0.0,0.0,0.0,0.0,0.0,8.0,0.0,0.0,0.0,0.0,0.0,21.0,1358.0,2908.7243260000005,13.0,177.0,38.0,127.459161,751.5799999999999,945.0937,0.0,3394.4840000000004,232.0,81.424697,0.0,0.0,5.0,59.549662,0.0,13.0,38.0,154.98830500000005,102.0,106.042685,227.034716,0.0,55.0,17.8371,-15.79,-8.697418,1,4.0,Medium
0.0,5.0,0.0,0.0,0.0,0.0,5.0,0.0,0.0,4.0,0.0,0.0,0.0,0.0,0.0,0.0,0.0,0.0,0.0,0.0,0.0,0.0,7.0,0.0,0.0,0.0,0.0,0.0,21.0,1544.0,3462.876787,19.0,199.0,41.0,143.45418600000002,781.38,1076.6482999999998,0.0,3878.634,264.0,94.229753,4.0,4.0,14.0,51.327519,0.0,19.0,41.0,176.607389,110.0,108.578475,253.975539,4.0,65.0,14.2514,-15.86,-8.787645,1,3.0,Medium
0.0,0.0,0.0,0.0,0.0,0.0,6.0,0.0,0.0,0.0,0.0,0.0,0.0,0.0,0.0,2.0,3.0,0.0,0.0,0.0,0.0,0.0,10.0,0.0,0.0,0.0,0.0,0.0,21.0,1428.0,3099.074251,8.0,195.0,44.0,129.85488,660.89,990.5258,0.0,3489.999,245.0,89.15560199999999,0.0,0.0,3.0,73.96490700000001,0.0,6.0,44.0,162.51409,115.0,104.392434,228.09000000000003,0.0,50.0,28.0257,-16.91,-8.497064,1,4.0,Medium
4.0,0.0,0.0,0.0,0.0,0.0,0.0,0.0,0.0,0.0,0.0,0.0,0.0,0.0,0.0,6.0,4.0,0.0,0.0,0.0,0.0,0.0,8.0,0.0,0.0,0.0,0.0,0.0,22.0,1320.0,2906.232796,10.0,168.0,50.0,117.724032,865.86,893.7052000000001,0.0,3318.038,226.0,74.83830599999999,0.0,0.0,0.0,62.900786,0.0,4.0,50.0,147.284582,90.0,103.88112,220.204716,0.0,58.0,21.9316,-16.62,-8.54571,0,6.0,Low
0.0,0.0,0.0,0.0,0.0,0.0,8.0,0.0,0.0,0.0,0.0,0.0,0.0,0.0,0.0,6.0,4.0,0.0,0.0,0.0,0.0,0.0,4.0,0.0,0.0,0.0,0.0,0.0,22.0,1312.0,2799.236592,14.0,168.0,50.0,115.84962000000002,790.82,878.8264000000001,0.0,3236.286,226.0,76.828426,0.0,0.0,4.0,75.263222,0.0,8.0,50.0,144.69500200000002,98.0,97.602256,208.06,0.0,58.0,6.687999999999999,-17.939999999999998,-8.682861,0,6.0,Low
0.0,5.0,0.0,0.0,0.0,0.0,0.0,0.0,0.0,0.0,0.0,0.0,0.0,0.0,0.0,4.0,5.0,0.0,0.0,8.0,0.0,0.0,0.0,0.0,0.0,0.0,0.0,0.0,22.0,1064.0,2373.056383,14.0,125.0,43.0,83.079117,880.87,709.9252,0.0,2729.435,183.0,53.766467000000006,0.0,0.0,0.0,58.779621,0.0,10.0,43.0,118.159626,48.0,89.05004,180.240895,0.0,58.0,3.828299999999999,-16.29,-8.641097,0,5.0,Low
3.0,0.0,0.0,0.0,0.0,0.0,4.0,0.0,0.0,0.0,0.0,0.0,0.0,0.0,0.0,0.0,5.0,0.0,0.0,0.0,0.0,0.0,9.0,0.0,0.0,0.0,0.0,0.0,21.0,1338.0,2883.0182940000004,7.0,177.0,42.0,123.147029,722.13,922.3301,0.0,3328.905,229.0,80.35709,0.0,0.0,2.0,63.066492,0.0,7.0,42.0,152.05969299999998,101.0,104.540074,221.118537,0.0,52.0,22.3798,-16.0,-8.5616255,1,4.0,Medium
5.0,0.0,0.0,0.0,0.0,0.0,0.0,0.0,0.0,0.0,0.0,0.0,0.0,0.0,0.0,4.0,4.0,0.0,0.0,0.0,0.0,0.0,8.0,0.0,0.0,0.0,0.0,0.0,21.0,1276.0,2796.20626,9.0,162.0,46.0,116.123703,826.74,868.7637,0.0,3224.38,218.0,72.405373,0.0,0.0,1.0,56.112688,0.0,5.0,46.0,143.384189,87.0,102.019408,216.030895,0.0,56.0,21.505,-15.5,-8.566866,1,4.0,Medium
0.0,0.0,4.0,0.0,0.0,0.0,0.0,0.0,0.0,0.0,0.0,0.0,0.0,0.0,0.0,5.0,3.0,0.0,0.0,0.0,0.0,0.0,9.0,0.0,0.0,0.0,0.0,0.0,21.0,1346.0,2963.55292,13.0,175.0,43.0,123.66195,816.7,931.3922,0.0,3367.318,230.0,78.99888,0.0,0.0,1.0,60.016591,0.0,8.0,43.0,152.130517,97.0,109.77733,224.685844,0.0,55.0,26.0858,-15.79,-8.594546,1,4.0,Medium
3.0,0.0,0.0,0.0,0.0,0.0,8.0,0.0,0.0,7.0,0.0,0.0,0.0,0.0,0.0,3.0,0.0,0.0,0.0,0.0,0.0,0.0,0.0,0.0,0.0,0.0,0.0,0.0,21.0,1456.0,3324.763058,21.0,178.0,52.0,127.263395,827.12,970.5362,0.0,3670.103,251.0,85.77072299999999,7.0,7.0,18.0,51.948757,0.0,18.0,52.0,160.920592,94.0,94.457595,228.811664,7.0,73.0,-10.1298,-16.84,-8.79392,1,4.0,Medium
0.0,0.0,0.0,0.0,0.0,0.0,0.0,0.0,0.0,21.0,0.0,0.0,0.0,0.0,0.0,1.0,1.0,1.0,0.0,0.0,0.0,0.0,0.0,0.0,0.0,0.0,0.0,0.0,24.0,1818.0,4698.269713999999,22.0,227.0,70.0,131.925741,952.33,1184.0135,0.0,4548.814000000001,318.0,110.937688,21.0,21.0,20.0,53.547937000000005,0.0,21.0,70.0,196.795241,92.0,92.799935,256.919381,21.0,91.0,-19.6371,-20.68,-8.917293,1,4.0,Medium
0.0,6.0,0.0,0.0,0.0,0.0,0.0,0.0,0.0,7.0,0.0,0.0,0.0,0.0,0.0,0.0,2.0,0.0,0.0,0.0,0.0,0.0,6.0,0.0,0.0,0.0,0.0,0.0,21.0,1468.0,3435.777206,19.0,184.0,43.0,128.532238,858.29,1006.9327,0.0,3727.616,252.0,86.883749,7.0,7.0,11.0,43.243102,0.0,19.0,43.0,165.51080000000002,90.0,101.953183,239.120201,7.0,68.0,6.9772,-15.65,-8.808157,1,3.0,Medium
0.0,5.0,0.0,0.0,0.0,0.0,0.0,0.0,0.0,0.0,0.0,0.0,0.0,0.0,0.0,2.0,3.0,0.0,0.0,0.0,0.0,12.0,0.0,0.0,0.0,0.0,0.0,0.0,22.0,1184.0,2840.833101,12.0,147.0,41.0,79.987041,812.75,813.3716,0.0,3008.0470000000005,203.0,61.696193,0.0,0.0,2.0,63.591505,0.0,10.0,41.0,137.66325999999998,36.0,94.556936,200.320895,0.0,56.0,16.5253,-16.21,-8.667667,0,5.0,Low
0.0,0.0,0.0,0.0,0.0,0.0,0.0,0.0,0.0,8.0,0.0,0.0,0.0,0.0,0.0,4.0,6.0,0.0,0.0,0.0,0.0,0.0,0.0,0.0,4.0,0.0,0.0,0.0,22.0,1416.0,3230.1105020000005,12.0,182.0,56.0,124.792436,851.8600000000001,931.9048,0.0,3510.514,246.0,85.009564,8.0,8.0,2.0,61.36277,0.0,8.0,56.0,152.058296,98.0,117.887732,212.429288,8.0,64.0,4.638199999999999,-18.18,-8.745578,1,3.0,Medium
0.0,0.0,0.0,0.0,0.0,0.0,6.0,0.0,0.0,0.0,4.0,0.0,0.0,0.0,0.0,0.0,4.0,0.0,0.0,0.0,0.0,0.0,7.0,0.0,0.0,0.0,0.0,0.0,21.0,1338.0,2803.438029,6.0,178.0,46.0,125.5714,671.1800000000001,913.3712,0.0,3282.53,230.0,81.07213899999999,0.0,0.0,2.0,71.373129,0.0,6.0,46.0,149.957606,109.0,104.02293600000002,213.01,0.0,52.0,19.7941,-16.99,-8.509918,1,4.0,Medium
5.0,0.0,0.0,0.0,0.0,0.0,1.0,0.0,0.0,7.0,0.0,0.0,0.0,0.0,0.0,0.0,0.0,0.0,0.0,0.0,0.0,0.0,9.0,0.0,0.0,0.0,0.0,0.0,22.0,1668.0,3894.780391,13.0,217.0,51.0,148.561198,816.9300000000001,1148.7491,0.0,4191.948,286.0,101.89543,7.0,7.0,13.0,51.380103,0.0,13.0,51.0,189.727562,112.0,112.206522,269.334022,7.0,69.0,21.5318,-16.73,-8.757408,2,0.0,High
0.0,5.0,0.0,0.0,0.0,0.0,0.0,0.0,0.0,7.0,0.0,0.0,0.0,0.0,3.0,0.0,0.0,0.0,0.0,0.0,0.0,0.0,7.0,0.0,0.0,0.0,0.0,0.0,22.0,1608.0,3805.419526,23.0,205.0,46.0,138.69226500000002,895.58,1111.2904,0.0,4047.726,276.0,96.666693,7.0,7.0,12.0,51.057112,0.0,20.0,46.0,182.025038,101.0,107.99413900000002,259.254022,7.0,71.0,13.2908,-16.81,-8.795284,1,4.0,Medium
0.0,4.0,0.0,0.0,0.0,0.0,0.0,0.0,0.0,7.0,0.0,0.0,0.0,0.0,0.0,0.0,3.0,0.0,0.0,0.0,0.0,7.0,0.0,0.0,0.0,0.0,0.0,0.0,21.0,1290.0,3191.208912,15.0,159.0,45.0,91.344419,811.24,866.6221,0.0,3272.933,223.0,72.041331,7.0,7.0,8.0,51.686865,0.0,15.0,45.0,145.535207,50.0,88.127397,204.207843,7.0,64.0,0.6114999999999995,-16.150000000000002,-8.846245,0,5.0,Low
0.0,4.0,0.0,0.0,0.0,0.0,0.0,0.0,0.0,6.0,0.0,0.0,0.0,0.0,0.0,0.0,0.0,5.0,0.0,0.0,0.0,0.0,6.0,0.0,0.0,0.0,0.0,0.0,21.0,1502.0,3500.801707,14.0,196.0,44.0,131.714701,756.0799999999999,1042.1204,0.0,3764.95,258.0,91.450376,6.0,6.0,10.0,51.317903,0.0,14.0,44.0,170.93618,98.0,101.07824,241.211682,6.0,62.0,20.956000000000003,-16.07,-8.794558,1,2.0,Medium
0.0,0.0,0.0,0.0,0.0,0.0,5.0,0.0,0.0,8.0,0.0,0.0,0.0,0.0,0.0,0.0,3.0,0.0,0.0,0.0,0.0,0.0,0.0,6.0,0.0,0.0,0.0,0.0,22.0,1530.0,3463.3768330000003,13.0,200.0,52.0,132.068755,751.6500000000001,1029.9681,0.0,3782.143,265.0,94.863847,8.0,8.0,10.0,64.72464299999999,0.0,13.0,52.0,169.12873100000002,107.0,103.565539,231.389288,8.0,65.0,4.726799999999999,-18.22,-8.80294,1,3.0,Medium
0.0,5.0,0.0,0.0,0.0,0.0,0.0,0.0,0.0,0.0,6.0,0.0,0.0,0.0,0.0,0.0,3.0,0.0,0.0,0.0,0.0,0.0,7.0,0.0,0.0,0.0,0.0,0.0,21.0,1306.0,2742.159668,10.0,165.0,43.0,128.40081700000002,801.37,899.193,0.0,3294.547,223.0,74.492336,0.0,0.0,2.0,53.820266,0.0,10.0,43.0,146.84851000000003,97.0,109.967502,220.950895,0.0,58.0,21.2462,-15.580000000000002,-8.611676,1,3.0,Medium
0.0,0.0,0.0,0.0,0.0,0.0,5.0,0.0,0.0,12.0,0.0,0.0,0.0,0.0,0.0,0.0,3.0,0.0,0.0,0.0,0.0,0.0,2.0,0.0,0.0,0.0,0.0,0.0,22.0,1558.0,3757.533321,17.0,198.0,56.0,123.33753099999998,806.3299999999999,1029.9769,0.0,3874.113,271.0,95.299835,12.0,12.0,14.0,58.992111,0.0,17.0,56.0,170.81664700000002,95.0,92.440101,229.373932,12.0,73.0,-10.1378,-18.54,-8.859756,1,4.0,Medium
2.0,0.0,0.0,0.0,0.0,0.0,8.0,0.0,0.0,7.0,0.0,0.0,0.0,0.0,0.0,0.0,0.0,0.0,0.0,0.0,0.0,0.0,5.0,0.0,0.0,0.0,0.0,0.0,22.0,1650.0,3771.236449,17.0,214.0,51.0,146.410844,765.0899999999999,1126.5787,0.0,4104.576,284.0,102.317306,7.0,7.0,17.0,60.339905,0.0,17.0,51.0,186.07827,117.0,106.615937,258.185485,7.0,70.0,6.417299999999997,-17.759999999999998,-8.771097,1,2.0,Medium
6.0,0.0,0.0,0.0,0.0,0.0,8.0,0.0,0.0,0.0,0.0,0.0,0.0,0.0,0.0,4.0,3.0,0.0,0.0,0.0,0.0,0.0,0.0,0.0,0.0,0.0,0.0,0.0,21.0,1212.0,2518.834769,18.0,141.0,46.0,115.22402,876.0699999999999,806.2454,0.0,3111.489,207.0,65.534966,0.0,0.0,11.0,50.411683,0.0,14.0,46.0,133.996048,81.0,97.35196,207.667074,0.0,66.0,-7.102300000000001,-15.57,-8.777025,1,4.0,Medium
0.0,0.0,0.0,0.0,0.0,5.0,0.0,0.0,0.0,0.0,0.0,0.0,0.0,0.0,0.0,6.0,5.0,0.0,0.0,0.0,0.0,0.0,0.0,5.0,0.0,0.0,0.0,0.0,21.0,1152.0,2506.09688,11.0,146.0,48.0,95.863921,765.03,762.7363,0.0,2848.633,199.0,64.66026500000001,0.0,0.0,0.0,71.269064,0.0,5.0,48.0,126.073231,78.0,98.33897,181.97,0.0,53.0,6.1105,-17.029999999999998,-8.637839,1,4.0,Medium
4.0,0.0,0.0,0.0,0.0,0.0,5.0,0.0,0.0,0.0,6.0,0.0,0.0,0.0,0.0,0.0,0.0,0.0,0.0,0.0,0.0,0.0,7.0,0.0,0.0,0.0,0.0,0.0,22.0,1512.0,3156.823045,9.0,195.0,50.0,151.528761,766.74,1042.8899,0.0,3780.914,258.0,89.666178,0.0,0.0,9.0,61.219021,0.0,9.0,50.0,171.364129,121.0,119.272299,252.004716,0.0,63.0,25.0464,-16.82,-8.619378,2,0.0,High
0.0,6.0,0.0,0.0,0.0,0.0,0.0,0.0,0.0,0.0,0.0,0.0,0.0,0.0,0.0,6.0,3.0,0.0,0.0,0.0,0.0,0.0,6.0,0.0,0.0,0.0,0.0,0.0,21.0,1248.0,2730.6303390000003,18.0,153.0,42.0,114.161532,897.81,854.1996,0.0,3177.723,213.0,69.119742,0.0,0.0,3.0,52.266663,0.0,12.0,42.0,139.70049600000002,81.0,100.284804,213.907074,0.0,60.0,13.3419,-15.33,-8.761268,0,5.0,Low
0.0,0.0,0.0,0.0,0.0,0.0,5.0,0.0,0.0,6.0,0.0,0.0,0.0,0.0,0.0,6.0,0.0,0.0,0.0,0.0,0.0,0.0,5.0,0.0,0.0,0.0,0.0,0.0,22.0,1552.0,3592.427745,17.0,201.0,56.0,131.452195,804.2,1045.8205,0.0,3835.176,268.0,94.371932,6.0,6.0,11.0,68.418363,0.0,11.0,56.0,172.186483,107.0,99.185577,238.156966,6.0,67.0,9.5248,-18.3,-8.783368,1,3.0,Medium
0.0,5.0,0.0,0.0,0.0,0.0,0.0,0.0,0.0,6.0,0.0,0.0,0.0,0.0,0.0,0.0,3.0,0.0,0.0,0.0,0.0,0.0,0.0,7.0,0.0,0.0,0.0,0.0,21.0,1396.0,3113.9821120000006,16.0,176.0,43.0,126.976607,828.01,953.9142,0.0,3532.886,240.0,82.732228,6.0,6.0,8.0,47.134536,0.0,16.0,43.0,155.65378,91.0,105.600593,226.167861,6.0,64.0,8.1277,-15.82,-8.771511,1,4.0,Medium
4.0,0.0,0.0,0.0,0.0,0.0,0.0,0.0,0.0,8.0,0.0,0.0,0.0,0.0,0.0,0.0,4.0,0.0,0.0,0.0,0.0,0.0,6.0,0.0,0.0,0.0,0.0,0.0,22.0,1484.0,3507.184214,12.0,188.0,52.0,124.194288,853.8399999999999,995.64,0.0,3742.632000000001,256.0,87.767102,8.0,8.0,8.0,51.730646,0.0,12.0,52.0,165.09735600000002,90.0,101.077324,234.41400400000003,8.0,68.0,6.8658,-17.020000000000003,-8.799971,1,3.0,Medium
3.0,0.0,0.0,0.0,0.0,0.0,4.0,0.0,0.0,7.0,0.0,0.0,0.0,0.0,0.0,0.0,0.0,0.0,0.0,0.0,0.0,0.0,7.0,0.0,0.0,0.0,0.0,0.0,21.0,1594.0,3699.818327,14.0,208.0,49.0,140.769847,748.67,1093.2420000000002,0.0,3978.824,274.0,98.521769,7.0,7.0,14.0,54.158687,0.0,14.0,49.0,180.503391,110.0,104.16132100000002,252.091664,7.0,66.0,14.2697,-16.56,-8.797126,1,2.0,Medium
0.0,0.0,0.0,0.0,0.0,0.0,6.0,0.0,0.0,7.0,0.0,0.0,0.0,0.0,0.0,4.0,4.0,0.0,0.0,0.0,0.0,0.0,0.0,0.0,0.0,0.0,0.0,0.0,21.0,1300.0,3008.211454,17.0,160.0,53.0,103.995866,810.8699999999999,845.7473000000001,0.0,3240.086,226.0,75.669243,7.0,7.0,9.0,61.356758,0.0,13.0,53.0,140.24167,80.0,84.431793,194.983127,7.0,66.0,-12.9314,-17.55,-8.807312,0,6.0,Low
0.0,5.0,0.0,0.0,0.0,0.0,0.0,0.0,0.0,0.0,0.0,0.0,0.0,0.0,0.0,7.0,3.0,0.0,0.0,0.0,0.0,0.0,0.0,6.0,0.0,0.0,0.0,0.0,21.0,1204.0,2527.636603,17.0,147.0,44.0,113.110675,887.6000000000001,816.5296000000001,0.0,3058.06,206.0,66.385436,0.0,0.0,2.0,54.846344,0.0,10.0,44.0,132.588207,81.0,101.964198,203.910895,0.0,59.0,11.756899999999998,-15.62,-8.735462,0,5.0,Low
0.0,5.0,0.0,0.0,0.0,0.0,5.0,0.0,0.0,0.0,4.0,0.0,0.0,0.0,0.0,0.0,7.0,0.0,0.0,0.0,0.0,0.0,0.0,0.0,0.0,0.0,0.0,0.0,21.0,1078.0,2160.9701390000005,15.0,124.0,41.0,102.982018,860.4300000000001,711.4965,0.0,2763.525,185.0,56.499044,0.0,0.0,3.0,51.582297,0.0,15.0,41.0,117.182771,72.0,96.206965,182.830895,0.0,61.0,-9.622,-15.7,-8.68278,0,6.0,Low
0.0,5.0,0.0,0.0,0.0,0.0,0.0,0.0,0.0,0.0,0.0,0.0,0.0,0.0,0.0,6.0,4.0,0.0,0.0,0.0,0.0,0.0,0.0,6.0,0.0,0.0,0.0,0.0,21.0,1180.0,2466.0786260000004,16.0,144.0,43.0,110.542935,881.2,798.8748,0.0,2998.972,202.0,64.873903,0.0,0.0,1.0,54.6571,0.0,10.0,43.0,129.80413,79.0,101.446318,199.950895,0.0,58.0,10.5812,-15.58,-8.728477,0,5.0,Low
0.0,0.0,0.0,0.0,0.0,0.0,6.0,0.0,0.0,6.0,0.0,0.0,0.0,0.0,0.0,5.0,4.0,0.0,0.0,0.0,0.0,0.0,0.0,0.0,0.0,0.0,0.0,0.0,21.0,1272.0,2916.270184,17.0,156.0,53.0,102.309728,817.43,826.4504000000001,0.0,3169.9710000000005,221.0,73.347461,6.0,6.0,8.0,62.672873,0.0,12.0,53.0,136.952209,79.0,84.267436,191.946966,6.0,65.0,-11.8542,-17.509999999999998,-8.800459,0,5.0,Low
0.0,0.0,0.0,0.0,0.0,0.0,6.0,0.0,0.0,0.0,0.0,0.0,0.0,0.0,0.0,5.0,4.0,0.0,0.0,0.0,0.0,6.0,0.0,0.0,0.0,0.0,0.0,0.0,21.0,1140.0,2566.57879,11.0,144.0,47.0,84.83376200000001,735.4100000000001,757.4702,0.0,2821.611,197.0,63.012095,0.0,0.0,2.0,73.79976500000001,0.0,6.0,47.0,127.046875,61.0,85.664482,179.97000000000003,0.0,53.0,5.4462,-17.03,-8.613522,1,4.0,Medium
5.0,0.0,0.0,0.0,0.0,0.0,0.0,0.0,0.0,0.0,0.0,0.0,0.0,0.0,0.0,8.0,2.0,0.0,0.0,0.0,0.0,0.0,7.0,0.0,0.0,0.0,0.0,0.0,22.0,1346.0,2969.504223,13.0,168.0,52.0,121.839025,906.3,910.7119,0.0,3404.536,230.0,75.22241399999999,0.0,0.0,3.0,59.564615,0.0,5.0,52.0,150.085917,90.0,104.723722,227.080895,0.0,62.0,20.7303,-16.45,-8.611135,1,4.0,Medium
0.0,6.0,0.0,0.0,0.0,0.0,6.0,0.0,0.0,0.0,0.0,0.0,0.0,0.0,0.0,0.0,3.0,0.0,0.0,0.0,0.0,0.0,7.0,0.0,0.0,0.0,0.0,0.0,22.0,1438.0,3059.346582,18.0,183.0,38.0,138.349496,829.37,1004.532,0.0,3628.659,245.0,85.07127299999999,0.0,0.0,9.0,56.032832,0.0,18.0,38.0,164.60308400000002,106.0,113.139344,245.117074,0.0,62.0,13.9178,-16.12,-8.742152,0,5.0,Low
0.0,4.0,0.0,0.0,0.0,0.0,6.0,0.0,0.0,9.0,0.0,0.0,0.0,0.0,0.0,0.0,3.0,0.0,0.0,0.0,0.0,0.0,0.0,0.0,0.0,0.0,0.0,0.0,22.0,1464.0,3400.902727,23.0,177.0,49.0,123.980896,891.52,974.7267,0.0,3711.551,253.0,85.619149,9.0,9.0,16.0,48.731625,0.0,23.0,49.0,161.295256,87.0,96.470939,229.170165,9.0,76.0,-16.8345,-17.34,-8.833866,1,4.0,Medium
0.0,0.0,0.0,5.0,0.0,0.0,0.0,0.0,0.0,0.0,0.0,0.0,0.0,0.0,0.0,5.0,4.0,0.0,0.0,0.0,8.0,0.0,0.0,0.0,0.0,0.0,0.0,0.0,22.0,1168.0,2634.772835,10.0,148.0,49.0,81.174374,757.27,776.8695,0.0,2891.678,202.0,63.855336,0.0,0.0,1.0,77.40405200000001,0.0,5.0,49.0,130.396753,57.0,99.15496000000002,184.22000000000003,0.0,54.0,8.443999999999999,-17.78,-8.614228,1,4.0,Medium
5.0,0.0,0.0,0.0,0.0,0.0,0.0,0.0,0.0,7.0,0.0,0.0,0.0,0.0,0.0,0.0,3.0,0.0,0.0,0.0,0.0,0.0,0.0,6.0,0.0,0.0,0.0,0.0,21.0,1400.0,3171.225493000001,12.0,175.0,49.0,124.913641,827.6800000000001,941.3544,0.0,3553.785,241.0,82.08413999999999,7.0,7.0,9.0,45.633539,0.0,12.0,49.0,155.15567900000002,88.0,103.114697,225.164022,7.0,66.0,6.351499999999998,-15.9,-8.761474,1,2.0,Medium
0.0,5.0,0.0,0.0,0.0,0.0,4.0,0.0,0.0,7.0,0.0,0.0,0.0,0.0,0.0,0.0,6.0,0.0,0.0,0.0,0.0,0.0,0.0,0.0,0.0,0.0,0.0,0.0,22.0,1308.0,2991.805936,21.0,154.0,46.0,109.864579,927.23,862.7187,0.0,3345.348,226.0,73.23148,7.0,7.0,10.0,47.384904,0.0,21.0,46.0,142.85179200000002,73.0,94.098975,209.214022,7.0,72.0,-18.0474,-16.85,-8.788418,0,7.0,Low
0.0,4.0,0.0,0.0,0.0,0.0,0.0,0.0,0.0,0.0,0.0,0.0,0.0,0.0,0.0,8.0,3.0,7.0,0.0,0.0,0.0,0.0,0.0,0.0,0.0,0.0,0.0,0.0,22.0,1146.0,2497.711112,16.0,137.0,48.0,98.811773,903.69,764.5566,0.0,2912.271,197.0,60.447168000000005,0.0,0.0,1.0,59.95409,0.0,8.0,48.0,125.243258,67.0,90.704778,191.124716,0.0,60.0,8.261099999999999,-16.700000000000003,-8.648415,1,4.0,Medium
0.0,0.0,0.0,0.0,0.0,0.0,8.0,0.0,0.0,0.0,0.0,0.0,0.0,0.0,0.0,5.0,2.0,0.0,0.0,0.0,0.0,6.0,0.0,0.0,0.0,0.0,0.0,0.0,21.0,1224.0,2737.679908,13.0,156.0,47.0,95.499,716.6300000000001,823.1976,0.0,3023.9970000000003,211.0,69.539193,0.0,0.0,6.0,74.195423,0.0,8.0,47.0,137.703729,71.0,89.05602,193.89,0.0,55.0,6.8822,-17.11,-8.683288,1,3.0,Medium
0.0,0.0,0.0,0.0,5.0,0.0,0.0,0.0,0.0,0.0,4.0,0.0,0.0,0.0,0.0,0.0,3.0,0.0,0.0,0.0,0.0,0.0,9.0,0.0,0.0,0.0,0.0,0.0,21.0,1494.0,3336.5724010000004,5.0,205.0,46.0,131.204734,652.9100000000001,1037.2925,0.0,3646.244,256.0,92.337421,0.0,0.0,2.0,74.766163,0.0,5.0,46.0,172.015927,116.0,110.821744,239.05,0.0,51.0,33.7112,-16.95,-8.442432,1,3.0,Medium
0.0,0.0,0.0,0.0,0.0,0.0,0.0,0.0,0.0,5.0,0.0,0.0,0.0,0.0,0.0,4.0,5.0,0.0,0.0,0.0,0.0,0.0,0.0,0.0,8.0,0.0,0.0,0.0,22.0,1548.0,3295.402513,9.0,209.0,53.0,159.047682,797.02,1052.2337,0.0,3800.233,267.0,97.492747,5.0,5.0,0.0,63.858435,0.0,5.0,53.0,168.950378,133.0,155.579337,239.440805,5.0,58.0,27.1995,-17.94,-8.622107,1,4.0,Medium
0.0,4.0,0.0,0.0,0.0,0.0,6.0,0.0,0.0,0.0,0.0,0.0,0.0,0.0,0.0,5.0,0.0,0.0,0.0,0.0,0.0,0.0,6.0,0.0,0.0,0.0,0.0,0.0,21.0,1412.0,3044.370074,19.0,180.0,43.0,133.476152,801.8499999999999,978.4814,0.0,3536.615,241.0,83.57738499999999,0.0,0.0,10.0,59.674003,0.0,14.0,43.0,160.166049,105.0,105.173442,235.794716,0.0,61.0,15.634,-16.03,-8.748248,0,5.0,Low
0.0,5.0,0.0,0.0,0.0,0.0,0.0,0.0,0.0,0.0,6.0,0.0,0.0,0.0,0.0,0.0,3.0,0.0,0.0,0.0,0.0,0.0,8.0,0.0,0.0,0.0,0.0,0.0,22.0,1388.0,2926.920419,10.0,177.0,45.0,135.999507,827.67,958.272,0.0,3492.853,237.0,79.931771,0.0,0.0,2.0,57.534925,0.0,10.0,45.0,156.48499800000002,104.0,115.754708,234.160895,0.0,60.0,24.5683,-16.37,-8.585708,1,3.0,Medium
3.0,0.0,0.0,0.0,0.0,0.0,4.0,0.0,0.0,9.0,0.0,0.0,0.0,0.0,0.0,0.0,5.0,0.0,0.0,0.0,0.0,0.0,0.0,0.0,0.0,0.0,0.0,0.0,21.0,1320.0,3104.885385,16.0,159.0,51.0,106.737455,845.16,860.0204000000001,0.0,3346.4730000000004,229.0,75.848558,9.0,9.0,11.0,48.335967,0.0,16.0,51.0,143.40172900000002,74.0,87.48535299999999,203.083986,9.0,70.0,-16.3319,-16.72,-8.815208,1,4.0,Medium
4.0,0.0,0.0,0.0,0.0,0.0,0.0,0.0,0.0,0.0,0.0,0.0,0.0,0.0,0.0,6.0,5.0,0.0,0.0,0.0,0.0,0.0,6.0,0.0,0.0,0.0,0.0,0.0,21.0,1184.0,2592.624697,10.0,147.0,48.0,104.048178,853.3900000000001,790.7511999999999,0.0,2992.481,203.0,65.06460799999999,0.0,0.0,-1.0,58.676273,0.0,4.0,48.0,130.61256,77.0,95.516708,197.994716,0.0,56.0,14.209700000000002,-15.83,-8.577679,0,5.0,Low
3.0,0.0,0.0,0.0,0.0,0.0,0.0,0.0,0.0,0.0,0.0,0.0,0.0,0.0,0.0,9.0,2.0,7.0,0.0,0.0,0.0,0.0,0.0,0.0,0.0,0.0,0.0,0.0,21.0,1110.0,2434.352865,12.0,134.0,51.0,94.80131,844.9499999999999,733.2325000000001,0.0,2808.667,191.0,58.715208,0.0,0.0,1.0,60.143334,0.0,3.0,51.0,120.790662,66.0,85.62861,182.918537,0.0,57.0,11.3754,-16.2,-8.565541,1,4.0,Medium
0.0,0.0,0.0,0.0,0.0,0.0,6.0,0.0,0.0,6.0,0.0,0.0,0.0,0.0,0.0,6.0,4.0,0.0,0.0,0.0,0.0,0.0,0.0,0.0,0.0,0.0,0.0,0.0,22.0,1324.0,3033.741564,18.0,162.0,56.0,106.398994,863.96,859.3092000000001,0.0,3300.1140000000005,230.0,75.964166,6.0,6.0,8.0,66.066922,0.0,12.0,56.0,142.33724,82.0,87.995316,200.116966,6.0,68.0,-11.7562,-18.34,-8.802934,0,5.0,Low
0.0,0.0,0.0,5.0,0.0,0.0,0.0,0.0,0.0,0.0,0.0,0.0,0.0,0.0,0.0,2.0,3.0,0.0,0.0,0.0,0.0,0.0,12.0,0.0,0.0,0.0,0.0,0.0,22.0,1552.0,3488.629776,7.0,215.0,46.0,137.23117000000002,682.75,1083.7011,0.0,3784.498,266.0,97.698901,0.0,0.0,2.0,78.70185599999999,0.0,5.0,46.0,178.47093,123.0,113.608592,248.34,0.0,51.0,36.9801,-17.66,-8.455524,1,3.0,Medium
0.0,4.0,0.0,0.0,0.0,0.0,0.0,0.0,0.0,0.0,0.0,0.0,0.0,0.0,0.0,4.0,2.0,0.0,0.0,0.0,0.0,12.0,0.0,0.0,0.0,0.0,0.0,0.0,22.0,1200.0,2894.946234,12.0,150.0,44.0,80.065844,808.94,821.0584,0.0,3031.6340000000005,206.0,62.9132,0.0,0.0,2.0,67.174798,0.0,8.0,44.0,138.870948,38.0,93.208648,200.284716,0.0,56.0,18.4566,-16.54,-8.60699,1,4.0,Medium
0.0,5.0,0.0,0.0,0.0,0.0,0.0,0.0,0.0,0.0,0.0,0.0,0.0,0.0,0.0,7.0,3.0,0.0,0.0,0.0,0.0,6.0,0.0,0.0,0.0,0.0,0.0,0.0,21.0,1096.0,2521.405495,17.0,129.0,44.0,83.256913,887.6000000000001,733.7116000000001,0.0,2805.574,188.0,55.48416200000001,0.0,0.0,2.0,56.967254,0.0,10.0,44.0,122.446797,45.0,88.44586799999999,185.910895,0.0,59.0,5.5901,-15.62,-8.6850195,0,5.0,Low
0.0,5.0,0.0,0.0,0.0,0.0,0.0,0.0,0.0,0.0,0.0,0.0,0.0,0.0,0.0,7.0,3.0,0.0,0.0,0.0,0.0,0.0,8.0,0.0,0.0,0.0,0.0,0.0,23.0,1404.0,3092.706997,17.0,177.0,48.0,126.869975,940.2,962.3896,0.0,3538.834,240.0,79.704086,0.0,0.0,2.0,63.09003,0.0,10.0,48.0,157.397083,95.0,109.993048,236.330895,0.0,63.0,20.7417,-17.2,-8.642833,0,5.0,Low
0.0,0.0,0.0,4.0,0.0,0.0,0.0,0.0,0.0,6.0,0.0,0.0,0.0,0.0,0.0,0.0,3.0,0.0,0.0,0.0,0.0,0.0,0.0,8.0,0.0,0.0,0.0,0.0,21.0,1476.0,3336.624497,10.0,197.0,48.0,128.566986,693.5699999999999,1004.981,0.0,3634.045,255.0,92.310282,6.0,6.0,7.0,64.892215,0.0,10.0,48.0,164.968638,107.0,105.669574,226.226966,6.0,58.0,14.4693,-17.23,-8.758377,1,1.0,Medium
0.0,4.0,0.0,0.0,0.0,0.0,0.0,0.0,0.0,0.0,0.0,0.0,0.0,0.0,0.0,7.0,3.0,0.0,0.0,0.0,0.0,0.0,7.0,0.0,0.0,0.0,0.0,0.0,21.0,1262.0,2783.030022,15.0,159.0,45.0,112.693082,857.1600000000001,860.4838,0.0,3174.884,216.0,71.35342,0.0,0.0,1.0,59.375371,0.0,8.0,45.0,140.799175,85.0,98.611794,210.954716,0.0,57.0,18.0772,-15.87,-8.66306,0,5.0,Low
0.0,5.0,0.0,0.0,0.0,0.0,5.0,0.0,0.0,0.0,0.0,0.0,0.0,0.0,0.0,0.0,5.0,0.0,0.0,0.0,0.0,0.0,6.0,0.0,0.0,0.0,0.0,0.0,21.0,1282.0,2720.032451,15.0,162.0,37.0,120.36151,795.8499999999999,884.9665,0.0,3234.571,219.0,74.56223,0.0,0.0,5.0,55.325149,0.0,15.0,37.0,145.277703,92.0,103.272321,216.990895,0.0,57.0,9.4576,-15.54,-8.759638,0,5.0,Low
0.0,0.0,0.0,0.0,0.0,0.0,4.0,0.0,0.0,7.0,0.0,0.0,0.0,0.0,0.0,0.0,4.0,0.0,0.0,0.0,0.0,0.0,6.0,0.0,0.0,0.0,0.0,0.0,21.0,1444.0,3363.9625160000005,11.0,190.0,49.0,119.522652,721.0699999999999,972.6507,0.0,3564.8540000000003,250.0,89.10159099999998,7.0,7.0,7.0,63.263248,0.0,11.0,49.0,160.66171200000002,98.0,94.431971,219.22312700000003,7.0,60.0,7.3286,-17.310000000000002,-8.8181305,1,3.0,Medium
0.0,0.0,6.0,0.0,0.0,0.0,0.0,0.0,0.0,0.0,0.0,0.0,0.0,0.0,0.0,5.0,3.0,0.0,0.0,0.0,0.0,0.0,7.0,0.0,0.0,0.0,0.0,0.0,21.0,1314.0,2866.835944,17.0,165.0,41.0,123.595986,877.58,908.1218,0.0,3330.048,224.0,74.942472,0.0,0.0,3.0,52.587273,0.0,12.0,41.0,148.194595,91.0,112.914456,224.423766,0.0,59.0,18.9066,-15.29,-8.736244,0,5.0,Low
5.0,0.0,0.0,0.0,0.0,0.0,0.0,0.0,0.0,0.0,0.0,0.0,0.0,0.0,0.0,0.0,2.0,0.0,0.0,0.0,0.0,0.0,8.0,0.0,0.0,0.0,7.0,0.0,22.0,1824.0,4610.937102,33.0,216.0,86.0,150.43491600000002,1440.12,1165.3658999999998,0.0,4607.686,312.0,102.628864,7.0,7.0,3.0,52.836974,0.0,5.0,86.0,194.601339,115.0,110.329682,294.08990000000006,7.0,96.0,8.7238,-17.810000000000002,-8.622443,0,6.0,Low
3.0,0.0,0.0,0.0,0.0,0.0,3.0,0.0,0.0,7.0,0.0,0.0,0.0,0.0,0.0,0.0,0.0,0.0,0.0,0.0,0.0,0.0,8.0,0.0,0.0,0.0,0.0,0.0,21.0,1606.0,3743.115116,13.0,211.0,49.0,141.51439200000002,744.2299999999999,1104.2533,0.0,4004.882000000001,276.0,99.592483,7.0,7.0,13.0,54.470712000000006,0.0,13.0,49.0,182.210498,111.0,105.042758,254.131664,7.0,65.0,17.9515,-16.52,-8.800008,1,1.0,Medium
5.0,0.0,0.0,0.0,0.0,0.0,0.0,0.0,0.0,6.0,0.0,0.0,0.0,0.0,0.0,4.0,0.0,0.0,0.0,0.0,0.0,0.0,6.0,0.0,0.0,0.0,0.0,0.0,21.0,1480.0,3459.507046,15.0,186.0,52.0,129.49264300000002,853.44,1002.7239,0.0,3745.096,254.0,86.736737,6.0,6.0,11.0,48.331754,0.0,11.0,52.0,165.754349,93.0,100.958418,240.007861,6.0,68.0,13.296400000000002,-15.98,-8.769818,1,3.0,Medium
0.0,5.0,0.0,0.0,0.0,0.0,0.0,0.0,0.0,0.0,0.0,0.0,0.0,0.0,0.0,5.0,6.0,6.0,0.0,0.0,0.0,0.0,0.0,0.0,0.0,0.0,0.0,0.0,22.0,1076.0,2310.734124,15.0,126.0,44.0,92.655291,914.93,713.7379999999999,0.0,2758.453,185.0,55.316216,0.0,0.0,-1.0,56.073889,0.0,10.0,44.0,117.207523,60.0,90.620108,182.200895,0.0,59.0,2.1705999999999985,-16.33,-8.638787,0,5.0,Low
6.0,0.0,0.0,0.0,0.0,0.0,0.0,0.0,0.0,0.0,0.0,0.0,0.0,0.0,0.0,4.0,4.0,8.0,0.0,0.0,0.0,0.0,0.0,0.0,0.0,0.0,0.0,0.0,22.0,1144.0,2460.790724,10.0,136.0,48.0,102.164106,880.68,762.3558,0.0,2942.144,196.0,59.751042,0.0,0.0,2.0,52.895168,0.0,6.0,48.0,126.321346,66.0,94.316432,196.197074,0.0,60.0,9.944,-16.04,-8.6079035,1,4.0,Medium
5.0,0.0,0.0,0.0,0.0,0.0,5.0,0.0,0.0,0.0,0.0,0.0,0.0,0.0,0.0,4.0,7.0,0.0,0.0,0.0,0.0,0.0,0.0,0.0,0.0,0.0,0.0,0.0,21.0,1054.0,2193.180271,14.0,120.0,46.0,94.16948600000002,890.4300000000001,682.0822,0.0,2712.337,181.0,54.049014,0.0,0.0,3.0,53.023001,0.0,10.0,46.0,113.742052,64.0,89.880605,178.830895,0.0,61.0,-10.1034,-15.7,-8.667442,0,5.0,Low
5.0,0.0,0.0,0.0,0.0,5.0,0.0,0.0,0.0,0.0,0.0,0.0,0.0,0.0,0.0,0.0,4.0,0.0,0.0,0.0,0.0,0.0,0.0,7.0,0.0,0.0,0.0,0.0,21.0,1264.0,2674.274855000001,10.0,159.0,42.0,118.374554,768.02,863.184,0.0,3198.418,216.0,71.922858,0.0,0.0,6.0,54.857827,0.0,10.0,42.0,142.93811200000002,88.0,113.48819600000002,213.990895,0.0,57.0,11.3112,-15.54,-8.707942,1,1.0,Medium
0.0,0.0,0.0,0.0,0.0,0.0,6.0,0.0,0.0,0.0,0.0,0.0,0.0,0.0,0.0,4.0,4.0,7.0,0.0,0.0,0.0,0.0,0.0,0.0,0.0,0.0,0.0,0.0,21.0,1146.0,2432.857871,10.0,146.0,46.0,98.788293,715.1800000000001,765.4244000000001,0.0,2833.666,198.0,65.65292199999999,0.0,0.0,2.0,69.998503,0.0,6.0,46.0,126.034694,80.0,86.06168000000001,181.01,0.0,52.0,7.2636,-16.99,-8.588012,1,4.0,Medium
0.0,3.0,0.0,0.0,0.0,0.0,0.0,0.0,0.0,8.0,0.0,0.0,0.0,0.0,0.0,0.0,4.0,0.0,0.0,0.0,0.0,0.0,7.0,0.0,0.0,0.0,0.0,0.0,22.0,1506.0,3567.028741,14.0,194.0,49.0,125.214775,834.6,1020.095,0.0,3771.358,260.0,90.738322,8.0,8.0,7.0,55.445305000000005,0.0,14.0,49.0,168.139428,94.0,101.27048200000002,235.457825,8.0,66.0,9.1375,-17.27,-8.834701,1,4.0,Medium
5.0,0.0,0.0,0.0,0.0,5.0,0.0,0.0,0.0,0.0,0.0,0.0,0.0,0.0,0.0,0.0,4.0,0.0,0.0,0.0,0.0,0.0,8.0,0.0,0.0,0.0,0.0,0.0,22.0,1388.0,3087.17598,10.0,178.0,44.0,124.295484,794.3199999999999,954.582,0.0,3494.913,237.0,80.208703,0.0,0.0,6.0,59.522582,0.0,10.0,44.0,159.03315,95.0,115.138913,234.200895,0.0,59.0,17.363999999999997,-16.33,-8.684123,1,2.0,Medium
0.0,6.0,0.0,0.0,0.0,0.0,0.0,0.0,0.0,0.0,0.0,0.0,0.0,0.0,0.0,4.0,5.0,0.0,0.0,7.0,0.0,0.0,0.0,0.0,0.0,0.0,0.0,0.0,22.0,1072.0,2373.094766,16.0,124.0,42.0,86.37939399999999,911.31,716.71,0.0,2766.9080000000004,184.0,53.775494,0.0,0.0,1.0,55.132196,0.0,12.0,42.0,119.020092,49.0,90.879303,184.197074,0.0,60.0,1.656600000000001,-16.040000000000003,-8.671154,0,5.0,Low
4.0,0.0,0.0,0.0,0.0,0.0,0.0,0.0,0.0,7.0,0.0,0.0,0.0,0.0,0.0,0.0,2.0,0.0,0.0,0.0,0.0,0.0,8.0,0.0,0.0,0.0,0.0,0.0,21.0,1512.0,3555.46626,11.0,196.0,49.0,130.573212,786.2099999999999,1031.2343,0.0,3796.876,260.0,91.497141,7.0,7.0,9.0,50.67242,0.0,11.0,49.0,170.493932,98.0,102.339499,241.207843,7.0,64.0,16.644599999999997,-16.15,-8.798652,1,1.0,Medium
0.0,0.0,5.0,0.0,0.0,0.0,0.0,0.0,0.0,0.0,6.0,0.0,0.0,0.0,0.0,0.0,4.0,0.0,0.0,6.0,0.0,0.0,0.0,0.0,0.0,0.0,0.0,0.0,21.0,1102.0,2311.445055,10.0,131.0,43.0,101.336594,815.2,740.181,0.0,2816.621,189.0,57.434687,0.0,0.0,1.0,52.907008000000005,0.0,10.0,43.0,122.135307,66.0,104.06437499999998,186.514805,0.0,58.0,7.948899999999999,-15.58,-8.677668,1,3.0,Medium
0.0,0.0,0.0,0.0,0.0,0.0,8.0,0.0,0.0,0.0,0.0,0.0,0.0,0.0,0.0,4.0,2.0,0.0,0.0,0.0,0.0,0.0,7.0,0.0,0.0,0.0,0.0,0.0,21.0,1398.0,3006.749279,12.0,186.0,46.0,127.424106,696.4,959.9378,0.0,3428.808,240.0,85.70297699999999,0.0,0.0,6.0,73.209491,0.0,8.0,46.0,157.632496,111.0,101.08811400000002,222.93,0.0,54.0,18.6137,-17.07,-8.60228,0,5.0,Low
0.0,4.0,0.0,0.0,0.0,0.0,0.0,0.0,0.0,0.0,0.0,0.0,0.0,0.0,0.0,5.0,2.0,10.0,0.0,0.0,0.0,0.0,0.0,0.0,0.0,0.0,0.0,0.0,21.0,1136.0,2471.041412,13.0,140.0,43.0,100.116844,802.87,772.8191999999999,0.0,2877.3810000000003,195.0,62.014633,0.0,0.0,2.0,56.504545,0.0,8.0,43.0,126.421983,69.0,88.686372,190.034716,0.0,55.0,14.7622,-15.79,-8.607637,1,4.0,Medium
0.0,5.0,0.0,0.0,0.0,0.0,0.0,0.0,0.0,7.0,0.0,0.0,0.0,0.0,0.0,0.0,2.0,0.0,0.0,0.0,0.0,0.0,7.0,0.0,0.0,0.0,0.0,0.0,21.0,1490.0,3495.6217330000004,17.0,190.0,44.0,129.552725,827.85,1023.1849,0.0,3760.278,256.0,89.41195299999998,7.0,7.0,10.0,46.957761000000005,0.0,17.0,44.0,168.18586800000003,94.0,102.146341,240.164022,7.0,66.0,10.9569,-15.9,-8.813097,1,4.0,Medium
0.0,0.0,0.0,0.0,0.0,0.0,8.0,0.0,0.0,0.0,0.0,0.0,0.0,0.0,0.0,4.0,5.0,0.0,0.0,0.0,0.0,0.0,4.0,0.0,0.0,0.0,0.0,0.0,21.0,1236.0,2620.2072350000003,12.0,159.0,46.0,109.192614,737.89,828.3128,0.0,3047.0550000000003,213.0,72.700188,0.0,0.0,3.0,71.679929,0.0,8.0,46.0,136.525894,93.0,93.356496,195.93,0.0,54.0,5.414299999999999,-17.07,-8.683148,1,4.0,Medium
5.0,0.0,0.0,0.0,0.0,0.0,5.0,0.0,0.0,7.0,0.0,0.0,0.0,0.0,0.0,0.0,6.0,0.0,0.0,0.0,0.0,0.0,0.0,0.0,0.0,0.0,0.0,0.0,23.0,1378.0,3133.2698980000005,17.0,163.0,53.0,116.718724,943.97,900.5329,0.0,3522.516,238.0,77.04643100000001,7.0,7.0,11.0,50.787538,0.0,17.0,53.0,150.32241800000003,79.0,99.004744,220.384022,7.0,75.0,-16.272100000000002,-17.68,-8.784161,1,4.0,Medium
0.0,4.0,0.0,0.0,0.0,0.0,0.0,0.0,0.0,0.0,0.0,0.0,0.0,0.0,0.0,2.0,3.0,13.0,0.0,0.0,0.0,0.0,0.0,0.0,0.0,0.0,0.0,0.0,22.0,1182.0,2556.198518,10.0,149.0,42.0,104.464967,782.31,811.4898,0.0,2984.601,203.0,65.792442,0.0,0.0,1.0,59.46461,0.0,8.0,42.0,132.802616,73.0,93.087966,197.364716,0.0,54.0,19.1079,-16.46,-8.546919,0,5.0,Low
0.0,4.0,0.0,0.0,0.0,0.0,6.0,0.0,0.0,0.0,0.0,0.0,0.0,0.0,0.0,8.0,3.0,0.0,0.0,0.0,0.0,0.0,0.0,0.0,0.0,0.0,0.0,0.0,21.0,1160.0,2455.959917,22.0,135.0,46.0,104.716388,904.03,768.1958,0.0,2950.373,199.0,62.10640599999999,0.0,0.0,7.0,57.182611,0.0,14.0,46.0,126.305076,75.0,91.263846,193.674716,0.0,64.0,-7.2377,-16.15,-8.783214,0,5.0,Low
6.0,0.0,0.0,0.0,0.0,0.0,0.0,0.0,0.0,0.0,0.0,0.0,0.0,0.0,0.0,5.0,5.0,0.0,0.0,0.0,0.0,0.0,5.0,0.0,0.0,0.0,0.0,0.0,21.0,1170.0,2540.225014,11.0,141.0,47.0,105.516628,888.4399999999999,780.3656,0.0,2997.288,200.0,62.609422,0.0,0.0,1.0,51.567565,0.0,6.0,47.0,129.330379,73.0,97.189718,200.947074,0.0,59.0,10.328399999999998,-15.29,-8.652527,1,4.0,Medium
0.0,0.0,0.0,5.0,0.0,0.0,0.0,0.0,0.0,6.0,0.0,0.0,0.0,0.0,0.0,0.0,3.0,0.0,0.0,0.0,0.0,0.0,7.0,0.0,0.0,0.0,0.0,0.0,21.0,1518.0,3586.3591610000003,11.0,203.0,48.0,125.711612,698.01,1035.5227,0.0,3734.23,262.0,94.899238,6.0,6.0,8.0,65.80806700000001,0.0,11.0,48.0,171.56538,106.0,100.570224,233.186966,6.0,59.0,14.2984,-17.27,-8.79216,1,2.0,Medium
0.0,0.0,0.0,0.0,0.0,0.0,6.0,0.0,0.0,0.0,0.0,0.0,0.0,0.0,0.0,5.0,5.0,0.0,0.0,0.0,0.0,6.0,0.0,0.0,0.0,0.0,0.0,0.0,22.0,1168.0,2622.492193,11.0,147.0,49.0,86.355288,775.54,772.6741999999999,0.0,2892.666,202.0,64.117267,0.0,0.0,1.0,77.00457,0.0,6.0,49.0,129.647829,62.0,88.874482,184.18,0.0,55.0,4.3685,-17.82,-8.6119375,1,4.0,Medium
4.0,0.0,0.0,0.0,0.0,0.0,4.0,0.0,0.0,6.0,0.0,0.0,0.0,0.0,0.0,0.0,0.0,0.0,0.0,0.0,0.0,0.0,7.0,0.0,0.0,0.0,0.0,0.0,21.0,1574.0,3615.321901,14.0,204.0,48.0,141.57264600000002,762.64,1081.8624,0.0,3945.194,270.0,96.383759,6.0,6.0,14.0,52.080753,0.0,14.0,48.0,178.69856800000002,109.0,105.863132,253.051682,6.0,66.0,15.0183,-16.23,-8.778975,1,2.0,Medium
0.0,5.0,0.0,0.0,0.0,0.0,0.0,0.0,0.0,6.0,0.0,0.0,0.0,0.0,0.0,0.0,5.0,5.0,0.0,0.0,0.0,0.0,0.0,0.0,0.0,0.0,0.0,0.0,21.0,1210.0,2796.72044,16.0,145.0,43.0,100.308394,855.67,806.4932,0.0,3096.0330000000004,209.0,67.250857,6.0,6.0,6.0,45.053974,0.0,16.0,43.0,133.083442,64.0,87.999052,195.167861,6.0,64.0,-5.0227,-15.82,-8.765483,0,5.0,Low
0.0,0.0,0.0,0.0,0.0,0.0,0.0,0.0,0.0,10.0,4.0,0.0,0.0,0.0,0.0,0.0,4.0,0.0,0.0,0.0,0.0,0.0,4.0,0.0,0.0,0.0,0.0,0.0,22.0,1472.0,3494.4985040000006,10.0,188.0,58.0,119.4045,807.54,969.285,0.0,3656.7040000000006,256.0,87.926378,10.0,10.0,6.0,60.592688,0.0,10.0,58.0,160.216776,92.0,96.149074,218.42161,10.0,68.0,2.193999999999999,-18.34,-8.8150015,1,3.0,Medium
0.0,0.0,0.0,4.0,0.0,0.0,0.0,0.0,0.0,0.0,0.0,0.0,0.0,0.0,0.0,5.0,3.0,0.0,0.0,0.0,0.0,10.0,0.0,0.0,0.0,0.0,0.0,0.0,22.0,1228.0,2961.458855,9.0,159.0,49.0,80.281362,739.0,827.2348,0.0,3030.96,212.0,67.659705,0.0,0.0,1.0,80.087568,0.0,4.0,49.0,140.372167,52.0,91.181268,194.26,0.0,53.0,16.420499999999997,-17.740000000000002,-8.536936,1,4.0,Medium
0.0,5.0,0.0,0.0,0.0,0.0,0.0,0.0,0.0,0.0,0.0,0.0,0.0,0.0,0.0,5.0,5.0,0.0,0.0,0.0,0.0,0.0,0.0,6.0,0.0,0.0,0.0,0.0,21.0,1156.0,2404.520649,15.0,141.0,42.0,107.975195,874.8,781.22,0.0,2939.884,198.0,63.36237,0.0,0.0,0.0,54.467856,0.0,10.0,42.0,127.020053,77.0,100.928438,195.990895,0.0,57.0,9.405499999999998,-15.54,-8.717018,1,4.0,Medium
0.0,6.0,0.0,0.0,0.0,0.0,0.0,0.0,0.0,0.0,0.0,0.0,0.0,0.0,0.0,5.0,5.0,0.0,0.0,0.0,0.0,0.0,0.0,5.0,0.0,0.0,0.0,0.0,21.0,1140.0,2377.267604,17.0,136.0,41.0,106.715028,905.24,769.5848000000001,0.0,2921.2490000000003,195.0,61.240796,0.0,0.0,1.0,50.888925,0.0,12.0,41.0,125.267635,73.0,100.144353,195.947074,0.0,59.0,5.815899999999999,-15.29,-8.741989,0,5.0,Low
3.0,0.0,0.0,0.0,0.0,0.0,3.0,0.0,0.0,8.0,0.0,0.0,0.0,0.0,0.0,0.0,8.0,0.0,0.0,0.0,0.0,0.0,0.0,0.0,0.0,0.0,0.0,0.0,22.0,1254.0,2921.748982,14.0,149.0,52.0,98.672484,894.8399999999999,805.4090000000001,0.0,3187.132,218.0,69.856866,8.0,8.0,6.0,52.469814,0.0,14.0,52.0,134.600718,67.0,88.31734700000001,193.337825,8.0,69.0,-18.2261,-17.39,-8.76012,0,5.0,Low
5.0,0.0,0.0,0.0,0.0,0.0,4.0,0.0,0.0,7.0,0.0,0.0,0.0,0.0,0.0,0.0,0.0,0.0,0.0,0.0,0.0,0.0,5.0,0.0,0.0,0.0,0.0,0.0,21.0,1550.0,3580.129273,16.0,196.0,49.0,138.728873,803.9499999999999,1056.6362,0.0,3915.468,266.0,93.243853,7.0,7.0,16.0,46.729369000000005,0.0,16.0,49.0,174.96975300000005,102.0,103.775005,250.004022,7.0,70.0,7.164299999999997,-16.06,-8.783558,1,3.0,Medium
0.0,0.0,0.0,0.0,0.0,0.0,2.0,0.0,0.0,9.0,0.0,0.0,0.0,0.0,0.0,0.0,4.0,0.0,0.0,0.0,0.0,0.0,6.0,0.0,0.0,0.0,0.0,0.0,21.0,1464.0,3499.8598920000004,11.0,192.0,51.0,117.36517,739.53,980.8267,0.0,3620.8740000000007,254.0,90.241123,9.0,9.0,7.0,60.613848,0.0,11.0,51.0,162.151934,94.0,92.404907,219.295449,9.0,62.0,6.089600000000001,-17.39,-8.857905,1,3.0,Medium
0.0,0.0,0.0,0.0,0.0,0.0,6.0,0.0,0.0,0.0,0.0,0.0,0.0,0.0,0.0,4.0,2.0,10.0,0.0,0.0,0.0,0.0,0.0,0.0,0.0,0.0,0.0,0.0,22.0,1264.0,2702.688908,10.0,164.0,48.0,110.839636,713.8199999999999,857.0594,0.0,3118.15,218.0,73.96533,0.0,0.0,4.0,73.5263,0.0,6.0,48.0,140.767558,90.0,92.016914,200.22,0.0,54.0,15.1364,-17.78,-8.495192,1,4.0,Medium
6.0,0.0,0.0,0.0,0.0,0.0,0.0,0.0,0.0,7.0,0.0,0.0,0.0,0.0,0.0,0.0,3.0,0.0,0.0,0.0,0.0,0.0,7.0,0.0,0.0,0.0,0.0,0.0,23.0,1578.0,3676.45136,13.0,199.0,53.0,137.65245399999998,907.92,1068.9115,0.0,4002.881,271.0,92.763832,7.0,7.0,10.0,50.162566,0.0,13.0,53.0,177.19773600000002,98.0,110.950389,256.540201,7.0,72.0,11.7836,-17.23,-8.760993,2,0.0,High
0.0,0.0,0.0,0.0,0.0,0.0,6.0,0.0,0.0,6.0,0.0,0.0,0.0,0.0,0.0,0.0,2.0,0.0,0.0,0.0,0.0,0.0,7.0,0.0,0.0,0.0,0.0,0.0,21.0,1530.0,3510.411735,12.0,204.0,48.0,132.011176,688.62,1045.3014,0.0,3765.288000000001,264.0,96.129637,6.0,6.0,10.0,65.295631,0.0,12.0,48.0,172.28056200000003,111.0,99.718478,235.146966,6.0,60.0,13.0659,-17.31,-8.791528,1,1.0,Medium
0.0,0.0,0.0,4.0,0.0,0.0,0.0,0.0,0.0,0.0,0.0,0.0,0.0,0.0,0.0,4.0,7.0,0.0,0.0,0.0,0.0,0.0,0.0,7.0,0.0,0.0,0.0,0.0,22.0,1240.0,2621.51846,8.0,162.0,48.0,108.51936,774.09,829.836,0.0,3053.01,214.0,72.534063,0.0,0.0,-3.0,75.241096,0.0,4.0,48.0,136.151788,92.0,103.689539,196.3,0.0,52.0,13.4937,-17.7,-8.565241,0,5.0,Low
6.0,0.0,0.0,0.0,0.0,0.0,0.0,0.0,0.0,0.0,0.0,0.0,0.0,0.0,0.0,4.0,4.0,7.0,0.0,0.0,0.0,0.0,0.0,0.0,0.0,0.0,0.0,0.0,21.0,1086.0,2333.571443,10.0,128.0,46.0,97.132641,854.38,721.6748,0.0,2799.946,186.0,56.24345799999999,0.0,0.0,2.0,49.582699,0.0,6.0,46.0,119.676422,62.0,90.191354,186.987074,0.0,58.0,8.0382,-15.25,-8.601285,1,4.0,Medium
0.0,0.0,0.0,6.0,0.0,0.0,0.0,0.0,0.0,0.0,0.0,0.0,0.0,0.0,0.0,4.0,3.0,0.0,0.0,0.0,0.0,0.0,9.0,0.0,0.0,0.0,0.0,0.0,22.0,1486.0,3343.0538420000003,10.0,201.0,48.0,129.274388,727.6500000000001,1024.8664,0.0,3636.141000000001,255.0,91.389357,0.0,0.0,3.0,77.890664,0.0,6.0,48.0,169.183558,114.0,109.11800599999998,237.22,0.0,54.0,27.2402,-17.779999999999998,-8.534634,1,3.0,Medium
0.0,5.0,0.0,0.0,0.0,0.0,0.0,0.0,0.0,0.0,5.0,0.0,0.0,0.0,0.0,0.0,4.0,0.0,0.0,0.0,0.0,0.0,8.0,0.0,0.0,0.0,0.0,0.0,22.0,1358.0,2873.414975,10.0,173.0,44.0,131.228634,832.27,935.827,0.0,3419.7380000000003,232.0,77.94617299999999,0.0,0.0,1.0,57.705857,0.0,10.0,44.0,152.95543,100.0,113.655238,229.200895,0.0,59.0,22.7385,-16.33,-8.594062,0,5.0,Low
0.0,0.0,0.0,4.0,0.0,0.0,0.0,0.0,0.0,0.0,0.0,0.0,0.0,0.0,0.0,5.0,3.0,0.0,0.0,0.0,0.0,0.0,0.0,10.0,0.0,0.0,0.0,0.0,22.0,1408.0,2971.844035,9.0,189.0,49.0,130.037632,739.0,965.2648,0.0,3451.77,242.0,85.828495,0.0,0.0,1.0,76.552718,0.0,4.0,49.0,157.274517,112.0,113.711818,224.26,0.0,53.0,26.6985,-17.740000000000002,-8.489631,1,4.0,Medium
0.0,5.0,0.0,0.0,0.0,0.0,0.0,0.0,0.0,0.0,0.0,0.0,0.0,0.0,0.0,6.0,3.0,0.0,0.0,0.0,0.0,7.0,0.0,0.0,0.0,0.0,0.0,0.0,21.0,1102.0,2555.064866,16.0,131.0,43.0,82.03039000000001,867.37,741.5118,0.0,2817.629,189.0,56.083383000000005,0.0,0.0,2.0,57.505621000000005,0.0,10.0,43.0,124.085369,43.0,88.843066,186.950895,0.0,58.0,7.3963,-15.580000000000002,-8.686052,0,5.0,Low
4.0,0.0,0.0,0.0,0.0,0.0,0.0,0.0,0.0,0.0,0.0,0.0,0.0,0.0,0.0,5.0,5.0,0.0,0.0,0.0,0.0,0.0,8.0,0.0,0.0,0.0,0.0,0.0,22.0,1296.0,2844.674819,9.0,165.0,49.0,115.156292,859.4599999999999,876.0504000000001,0.0,3258.95,222.0,73.326773,0.0,0.0,-1.0,62.711542,0.0,4.0,49.0,144.500505,88.0,103.36324,216.244716,0.0,57.0,20.7559,-16.58,-8.5441885,0,7.0,Low
0.0,6.0,0.0,0.0,0.0,0.0,0.0,0.0,0.0,7.0,0.0,0.0,0.0,0.0,0.0,0.0,3.0,0.0,0.0,0.0,0.0,0.0,5.0,0.0,0.0,0.0,0.0,0.0,21.0,1414.0,3306.929858,19.0,175.0,43.0,122.455074,872.12,963.0577,0.0,3600.365,243.0,82.549486,7.0,7.0,10.0,42.733248,0.0,19.0,43.0,158.47526600000003,84.0,99.375977,230.120201,7.0,68.0,2.577399999999997,-15.65,-8.809919,1,4.0,Medium
0.0,5.0,0.0,0.0,0.0,0.0,0.0,0.0,0.0,0.0,4.0,0.0,0.0,0.0,0.0,0.0,5.0,7.0,0.0,0.0,0.0,0.0,0.0,0.0,0.0,0.0,0.0,0.0,21.0,1078.0,2232.35849,10.0,129.0,41.0,100.888496,810.57,725.517,0.0,2755.561,185.0,56.998183,0.0,0.0,0.0,51.3468,0.0,10.0,41.0,118.848426,68.0,94.133666,183.030895,0.0,56.0,7.672499999999999,-15.5,-8.636887,0,5.0,Low
0.0,0.0,0.0,0.0,0.0,0.0,6.0,0.0,0.0,0.0,5.0,0.0,0.0,0.0,0.0,4.0,0.0,0.0,0.0,0.0,0.0,0.0,0.0,6.0,0.0,0.0,0.0,0.0,21.0,1374.0,2778.779141,10.0,179.0,51.0,135.974149,706.01,934.8584,0.0,3380.584,236.0,82.329826,0.0,0.0,6.0,70.634951,0.0,6.0,51.0,152.052048,115.0,109.162282,218.81,0.0,57.0,19.5863,-17.189999999999998,-8.571687,1,4.0,Medium
5.0,0.0,0.0,0.0,0.0,0.0,6.0,0.0,0.0,3.0,0.0,0.0,0.0,0.0,0.0,0.0,0.0,0.0,0.0,0.0,0.0,0.0,7.0,0.0,0.0,0.0,0.0,0.0,21.0,1534.0,3394.928099,14.0,198.0,45.0,144.532927,758.15,1062.3067999999998,0.0,3855.544,262.0,93.106217,3.0,3.0,14.0,52.652219,0.0,14.0,45.0,175.403523,112.0,109.592007,253.939378,3.0,64.0,17.0059,-15.82,-8.757132,1,2.0,Medium
0.0,0.0,0.0,0.0,0.0,5.0,0.0,0.0,0.0,0.0,0.0,0.0,0.0,0.0,0.0,4.0,3.0,0.0,0.0,0.0,0.0,0.0,9.0,0.0,0.0,0.0,0.0,0.0,21.0,1350.0,3061.327728,9.0,181.0,46.0,113.838697,696.9100000000001,926.0117,0.0,3309.5960000000005,232.0,81.007401,0.0,0.0,2.0,73.608632,0.0,5.0,46.0,153.26046300000002,98.0,104.657399,215.05,0.0,51.0,23.3088,-16.95,-8.561906,0,5.0,Low
6.0,0.0,0.0,0.0,0.0,0.0,4.0,0.0,0.0,6.0,0.0,0.0,0.0,0.0,0.0,0.0,5.0,0.0,0.0,0.0,0.0,0.0,0.0,0.0,0.0,0.0,0.0,0.0,21.0,1260.0,2851.396107,16.0,147.0,48.0,109.145852,887.0699999999999,825.8816,0.0,3245.583,217.0,69.43452799999999,6.0,6.0,11.0,42.102165,0.0,16.0,48.0,137.98726,71.0,92.590786,205.96404,6.0,70.0,-14.0861,-15.73,-8.764496,0,5.0,Low
0.0,0.0,0.0,0.0,0.0,0.0,6.0,0.0,0.0,0.0,0.0,0.0,0.0,0.0,0.0,6.0,4.0,6.0,0.0,0.0,0.0,0.0,0.0,0.0,0.0,0.0,0.0,0.0,22.0,1192.0,2540.58135,12.0,150.0,50.0,101.93536,781.94,790.461,0.0,2951.754,206.0,67.378748,0.0,0.0,2.0,73.474132,0.0,6.0,50.0,130.159832,82.0,89.392362,188.14,0.0,56.0,5.553799999999999,-17.86,-8.606561,1,4.0,Medium
3.0,0.0,0.0,0.0,0.0,0.0,0.0,0.0,0.0,0.0,0.0,0.0,0.0,0.0,0.0,5.0,4.0,10.0,0.0,0.0,0.0,0.0,0.0,0.0,0.0,0.0,0.0,0.0,22.0,1132.0,2457.951994,8.0,140.0,49.0,96.581693,817.99,754.2483,0.0,2856.799,195.0,60.981484,0.0,0.0,-1.0,62.914155,0.0,3.0,49.0,124.387218,68.0,89.512324,186.288537,0.0,55.0,14.5454,-16.83,-8.501279,0,5.0,Low
0.0,0.0,0.0,0.0,0.0,0.0,6.0,0.0,0.0,0.0,0.0,0.0,0.0,0.0,0.0,4.0,4.0,0.0,0.0,0.0,0.0,0.0,0.0,8.0,0.0,0.0,0.0,0.0,22.0,1348.0,2759.6770560000004,10.0,178.0,48.0,126.274998,741.48,916.3534,0.0,3312.512,232.0,81.36227399999999,0.0,0.0,2.0,75.442668,0.0,6.0,48.0,149.23093,108.0,108.211198,214.22,0.0,54.0,17.378999999999998,-17.78,-8.549265,1,3.0,Medium
0.0,5.0,0.0,0.0,0.0,0.0,0.0,0.0,0.0,6.0,0.0,0.0,0.0,0.0,0.0,0.0,2.0,0.0,0.0,0.0,0.0,0.0,8.0,0.0,0.0,0.0,0.0,0.0,21.0,1492.0,3470.9698340000004,16.0,192.0,43.0,131.376011,814.18,1030.1082,0.0,3758.326,256.0,89.912901,6.0,6.0,9.0,48.594486,0.0,16.0,43.0,169.14786400000003,97.0,104.04131,242.167861,6.0,64.0,15.2582,-15.82,-8.807889,1,4.0,Medium
0.0,4.0,0.0,0.0,0.0,0.0,0.0,0.0,0.0,8.0,0.0,0.0,0.0,0.0,0.0,0.0,3.0,0.0,0.0,0.0,0.0,0.0,6.0,0.0,0.0,0.0,0.0,0.0,21.0,1456.0,3451.2708110000003,16.0,185.0,46.0,122.672762,824.9100000000001,988.6388,0.0,3667.641000000001,251.0,87.10494600000001,8.0,8.0,9.0,48.525841,0.0,16.0,46.0,162.863406,89.0,97.867324,230.204004,8.0,66.0,6.235500000000002,-16.230000000000004,-8.823609,1,3.0,Medium
0.0,0.0,5.0,0.0,0.0,0.0,0.0,0.0,0.0,6.0,0.0,0.0,0.0,0.0,0.0,0.0,5.0,0.0,0.0,0.0,0.0,0.0,5.0,0.0,0.0,0.0,0.0,0.0,21.0,1360.0,3141.857985,16.0,170.0,43.0,118.082044,855.67,921.5682,0.0,3446.7080000000005,234.0,79.410112,6.0,6.0,6.0,47.064924,0.0,16.0,43.0,151.576797,84.0,105.118297,219.731771,6.0,64.0,4.009299999999998,-15.82,-8.790599,1,4.0,Medium
0.0,0.0,0.0,5.0,0.0,0.0,0.0,0.0,0.0,0.0,0.0,0.0,0.0,0.0,0.0,6.0,3.0,0.0,0.0,0.0,0.0,0.0,0.0,7.0,0.0,0.0,0.0,0.0,21.0,1308.0,2806.571167,11.0,172.0,48.0,117.272544,737.37,887.4223000000001,0.0,3215.351,225.0,78.12213600000001,0.0,0.0,2.0,72.754661,0.0,5.0,48.0,145.370064,100.0,103.720571,207.97,0.0,53.0,18.030900000000003,-17.03,-8.5738,1,4.0,Medium
0.0,4.0,0.0,0.0,0.0,0.0,5.0,0.0,0.0,8.0,0.0,0.0,0.0,0.0,0.0,0.0,0.0,0.0,0.0,0.0,0.0,0.0,5.0,0.0,0.0,0.0,0.0,0.0,22.0,1640.0,3806.089661,21.0,209.0,48.0,144.780219,831.92,1124.2863,0.0,4117.41,282.0,100.1936,8.0,8.0,17.0,52.209937,0.0,21.0,48.0,185.070961,109.0,106.978963,260.214004,8.0,73.0,4.347999999999999,-17.22,-8.799454,1,4.0,Medium
0.0,5.0,0.0,0.0,0.0,0.0,0.0,0.0,0.0,0.0,6.0,0.0,0.0,0.0,0.0,0.0,4.0,0.0,0.0,0.0,0.0,0.0,7.0,0.0,0.0,0.0,0.0,0.0,22.0,1334.0,2798.073071,10.0,168.0,45.0,129.922343,841.5,914.397,0.0,3365.602,228.0,75.59750799999999,0.0,0.0,1.0,57.025071,0.0,10.0,45.0,149.44946400000003,98.0,113.177502,225.160895,0.0,60.0,20.1685,-16.37,-8.608339,1,4.0,Medium
4.0,0.0,0.0,0.0,0.0,0.0,6.0,0.0,0.0,0.0,0.0,0.0,0.0,0.0,0.0,2.0,9.0,0.0,0.0,0.0,0.0,0.0,0.0,0.0,0.0,0.0,0.0,0.0,21.0,1016.0,2086.612055,12.0,117.0,44.0,89.30994799999999,854.4300000000001,654.0642,0.0,2599.781,175.0,52.59419199999999,0.0,0.0,1.0,56.047147,0.0,10.0,44.0,109.23361,63.0,88.156566,169.914716,0.0,58.0,-12.5839,-15.91,-8.634515,1,4.0,Medium
0.0,0.0,6.0,0.0,0.0,0.0,0.0,0.0,0.0,0.0,0.0,0.0,0.0,0.0,0.0,5.0,4.0,0.0,0.0,0.0,0.0,0.0,6.0,0.0,0.0,0.0,0.0,0.0,21.0,1260.0,2737.988596,17.0,156.0,41.0,117.518822,891.4100000000001,864.2468000000001,0.0,3202.797,215.0,70.60820899999999,0.0,0.0,2.0,52.077419,0.0,12.0,41.0,141.159061,85.0,110.33725,215.423766,0.0,59.0,14.5068,-15.29,-8.756754,1,4.0,Medium
0.0,5.0,0.0,0.0,0.0,0.0,0.0,0.0,0.0,0.0,0.0,0.0,0.0,0.0,0.0,8.0,2.0,0.0,0.0,0.0,0.0,0.0,7.0,0.0,0.0,0.0,0.0,0.0,22.0,1346.0,2969.504223,18.0,168.0,47.0,121.839025,920.3,920.9654,0.0,3399.616,230.0,75.776184,0.0,0.0,3.0,59.564615,0.0,10.0,47.0,150.544672,90.0,104.723722,227.080895,0.0,62.0,18.5953,-16.45,-8.694373,0,6.0,Low
0.0,0.0,0.0,0.0,0.0,0.0,6.0,0.0,0.0,0.0,5.0,0.0,0.0,0.0,0.0,0.0,4.0,6.0,0.0,0.0,0.0,0.0,0.0,0.0,0.0,0.0,0.0,0.0,21.0,1170.0,2382.847305,6.0,149.0,47.0,108.861759,680.4100000000001,781.5532000000001,0.0,2891.746,202.0,67.13236799999999,0.0,0.0,2.0,68.279203,0.0,6.0,47.0,128.50225600000002,89.0,93.572432,184.97000000000003,0.0,53.0,8.726299999999998,-17.03,-8.548704,1,4.0,Medium
4.0,0.0,0.0,0.0,0.0,0.0,0.0,0.0,0.0,7.0,0.0,0.0,0.0,0.0,0.0,0.0,6.0,0.0,0.0,0.0,0.0,0.0,6.0,0.0,0.0,0.0,0.0,0.0,23.0,1460.0,3409.59837,11.0,184.0,53.0,121.461936,894.1299999999999,973.8923,0.0,3684.484,252.0,85.03895899999999,7.0,7.0,5.0,56.062322,0.0,11.0,53.0,161.624772,88.0,103.605087,231.627843,7.0,68.0,5.6896,-17.73,-8.782424,1,3.0,Medium
0.0,0.0,0.0,6.0,0.0,0.0,0.0,0.0,0.0,0.0,0.0,0.0,0.0,0.0,0.0,6.0,4.0,0.0,0.0,0.0,0.0,0.0,0.0,6.0,0.0,0.0,0.0,0.0,22.0,1336.0,2884.07886,12.0,174.0,50.0,117.616456,781.94,900.849,0.0,3288.402,230.0,78.969854,0.0,0.0,2.0,75.925222,0.0,6.0,50.0,148.10921000000002,100.0,105.96771,212.14,0.0,56.0,14.0516,-17.86,-8.602714,1,4.0,Medium
0.0,5.0,0.0,0.0,0.0,0.0,0.0,0.0,0.0,0.0,0.0,0.0,0.0,0.0,0.0,5.0,2.0,9.0,0.0,0.0,0.0,0.0,0.0,0.0,0.0,0.0,0.0,0.0,21.0,1138.0,2468.738355,15.0,138.0,42.0,101.663582,833.3100000000001,774.9649999999999,0.0,2900.827,195.0,61.41828,0.0,0.0,3.0,53.192076,0.0,10.0,42.0,126.738479,68.0,90.155342,192.990895,0.0,57.0,12.1988,-15.54,-8.6858635,0,5.0,Low
0.0,5.0,0.0,0.0,0.0,0.0,0.0,0.0,0.0,6.0,0.0,0.0,0.0,0.0,0.0,0.0,4.0,0.0,0.0,0.0,0.0,0.0,0.0,0.0,6.0,0.0,0.0,0.0,21.0,1492.0,3228.8756780000003,16.0,192.0,43.0,153.284019,841.8399999999999,1025.8842,0.0,3756.31,256.0,91.213489,6.0,6.0,7.0,43.188232,0.0,16.0,43.0,165.53263600000002,115.0,143.031136,242.167861,6.0,64.0,14.345,-15.82,-8.710037,1,2.0,Medium
4.0,0.0,0.0,0.0,0.0,0.0,5.0,0.0,0.0,0.0,0.0,0.0,0.0,0.0,0.0,7.0,5.0,0.0,0.0,0.0,0.0,0.0,0.0,0.0,0.0,0.0,0.0,0.0,21.0,1094.0,2308.8513810000004,16.0,126.0,49.0,96.816029,895.82,709.4745,0.0,2794.028,188.0,56.888308,0.0,0.0,4.0,56.79553799999999,0.0,9.0,49.0,117.825568,68.0,89.050197,182.754716,0.0,62.0,-7.423400000000001,-16.07,-8.712936,1,4.0,Medium
0.0,0.0,0.0,0.0,0.0,4.0,0.0,0.0,0.0,0.0,0.0,0.0,0.0,0.0,0.0,5.0,3.0,0.0,0.0,0.0,0.0,10.0,0.0,0.0,0.0,0.0,0.0,0.0,22.0,1180.0,2875.088811,9.0,151.0,49.0,73.261414,739.0,790.2988,0.0,2918.744,204.0,63.174421,0.0,0.0,1.0,79.497692,0.0,4.0,49.0,134.715315,44.0,91.945,186.26,0.0,53.0,13.299699999999998,-17.740000000000002,-8.56,1,4.0,Medium
0.0,0.0,5.0,0.0,0.0,0.0,0.0,0.0,0.0,0.0,0.0,0.0,0.0,0.0,0.0,6.0,3.0,0.0,0.0,0.0,0.0,0.0,0.0,8.0,0.0,0.0,0.0,0.0,22.0,1334.0,2771.933956,16.0,168.0,45.0,129.635674,893.67,915.6798,0.0,3366.61,228.0,76.334341,0.0,0.0,2.0,58.610157,0.0,10.0,45.0,148.166387,97.0,119.801189,224.724805,0.0,60.0,19.4734,-16.37,-8.683961,1,4.0,Medium
0.0,4.0,0.0,0.0,0.0,0.0,7.0,0.0,0.0,0.0,0.0,0.0,0.0,0.0,0.0,0.0,3.0,0.0,0.0,0.0,0.0,0.0,8.0,0.0,0.0,0.0,0.0,0.0,22.0,1470.0,3135.738847,15.0,192.0,40.0,139.645925,772.93,1026.0251,0.0,3667.925,251.0,89.056967,0.0,0.0,8.0,63.150125,0.0,15.0,40.0,168.246113,113.0,112.644223,245.164716,0.0,59.0,18.1954,-16.66,-8.701948,1,3.0,Medium
0.0,3.0,0.0,0.0,0.0,0.0,4.0,0.0,0.0,0.0,0.0,0.0,0.0,0.0,0.0,5.0,0.0,0.0,0.0,0.0,0.0,0.0,9.0,0.0,0.0,0.0,0.0,0.0,21.0,1458.0,3190.808179,15.0,192.0,44.0,135.985729,762.5300000000001,1016.7562,0.0,3621.393,249.0,88.247017,0.0,0.0,7.0,64.012712,0.0,10.0,44.0,166.255331,111.0,107.129474,240.918537,0.0,57.0,26.9773,-16.2,-8.631364,0,5.0,Low
0.0,0.0,0.0,0.0,0.0,0.0,6.0,0.0,0.0,7.0,0.0,0.0,0.0,0.0,0.0,4.0,5.0,0.0,0.0,0.0,0.0,0.0,0.0,0.0,0.0,0.0,0.0,0.0,22.0,1328.0,3064.124857,17.0,163.0,55.0,105.517392,850.9999999999999,860.9513000000001,0.0,3311.141,231.0,76.77441499999999,7.0,7.0,8.0,64.56156299999999,0.0,13.0,55.0,142.842624,81.0,87.64179299999999,199.193127,7.0,68.0,-14.0091,-18.34,-8.807701,1,4.0,Medium
0.0,5.0,0.0,0.0,0.0,0.0,0.0,0.0,0.0,0.0,0.0,0.0,0.0,0.0,0.0,3.0,6.0,0.0,0.0,8.0,0.0,0.0,0.0,0.0,0.0,0.0,0.0,0.0,22.0,1040.0,2311.498406,13.0,122.0,42.0,80.51137700000001,874.4699999999999,692.2704,0.0,2670.347,179.0,52.254934,0.0,0.0,-1.0,58.590377,0.0,10.0,42.0,115.375549,46.0,88.53216,176.280895,0.0,57.0,2.6526,-16.25,-8.636512,0,6.0,Low
5.0,0.0,0.0,0.0,0.0,0.0,0.0,0.0,0.0,7.0,0.0,0.0,0.0,0.0,0.0,7.0,3.0,0.0,0.0,0.0,0.0,0.0,0.0,0.0,0.0,0.0,0.0,0.0,22.0,1308.0,3080.5095390000006,19.0,151.0,58.0,106.508283,995.59,844.5939999999999,0.0,3359.112,226.0,70.204245,7.0,7.0,9.0,47.918296000000005,0.0,12.0,58.0,140.56786800000003,67.0,90.941059,209.094022,7.0,75.0,-10.5545,-16.97,-8.764702,0,5.0,Low
0.0,0.0,5.0,0.0,0.0,0.0,0.0,0.0,0.0,6.0,0.0,0.0,0.0,0.0,0.0,0.0,4.0,0.0,0.0,0.0,0.0,0.0,7.0,0.0,0.0,0.0,0.0,0.0,22.0,1496.0,3455.466084,16.0,191.0,45.0,131.757898,868.14,1024.5222,0.0,3772.265,257.0,89.18381,6.0,6.0,7.0,51.289437,0.0,16.0,45.0,168.24881900000003,97.0,113.482709,241.941771,6.0,66.0,11.7312,-16.61,-8.78203,1,2.0,Medium
0.0,4.0,0.0,0.0,0.0,0.0,5.0,0.0,0.0,0.0,0.0,0.0,0.0,0.0,0.0,4.0,8.0,0.0,0.0,0.0,0.0,0.0,0.0,0.0,0.0,0.0,0.0,0.0,21.0,1022.0,2124.17745,17.0,117.0,42.0,89.112809,887.8199999999999,664.7129,0.0,2612.828,176.0,52.796725,0.0,0.0,1.0,56.227806,0.0,13.0,42.0,109.840341,62.0,87.496557,170.874716,0.0,59.0,-12.6585,-15.95,-8.670765,0,5.0,Low
5.0,0.0,0.0,0.0,0.0,0.0,6.0,0.0,0.0,0.0,0.0,0.0,0.0,0.0,0.0,4.0,6.0,0.0,0.0,0.0,0.0,0.0,0.0,0.0,0.0,0.0,0.0,0.0,21.0,1096.0,2278.73083,15.0,126.0,46.0,99.502105,881.04,714.9459,0.0,2813.53,188.0,57.31256299999999,0.0,0.0,5.0,53.22083000000001,0.0,11.0,46.0,119.070479,69.0,91.576374,185.790895,0.0,62.0,-9.3854,-15.74,-8.711186,0,5.0,Low
5.0,0.0,0.0,0.0,0.0,0.0,3.0,0.0,0.0,7.0,0.0,0.0,0.0,0.0,0.0,0.0,0.0,0.0,0.0,0.0,0.0,0.0,6.0,0.0,0.0,0.0,0.0,0.0,21.0,1562.0,3623.426062000001,15.0,199.0,49.0,139.473418,799.51,1067.6475,0.0,3941.526,268.0,94.314567,7.0,7.0,15.0,47.041394,0.0,15.0,49.0,176.67686,103.0,104.656442,252.044022,7.0,69.0,10.8461,-16.02,-8.7872,1,2.0,Medium
0.0,0.0,0.0,0.0,0.0,0.0,7.0,0.0,0.0,0.0,0.0,0.0,0.0,0.0,0.0,4.0,3.0,0.0,0.0,0.0,0.0,0.0,7.0,0.0,0.0,0.0,0.0,0.0,21.0,1356.0,2921.1987200000003,11.0,180.0,46.0,122.091487,705.79,927.0741,0.0,3327.615,233.0,82.43942799999999,0.0,0.0,4.0,73.011662,0.0,7.0,46.0,152.30406900000003,106.0,99.392345,215.97,0.0,53.0,17.895699999999998,-17.03,-8.586793,0,5.0,Low
0.0,4.0,0.0,0.0,0.0,0.0,0.0,0.0,0.0,0.0,0.0,0.0,0.0,0.0,0.0,5.0,5.0,0.0,0.0,0.0,0.0,8.0,0.0,0.0,0.0,0.0,0.0,0.0,22.0,1104.0,2575.634819,13.0,133.0,45.0,77.26871600000001,870.66,736.8932,0.0,2806.1500000000005,190.0,55.981717,0.0,0.0,-1.0,64.453598,0.0,8.0,45.0,123.964429,40.0,90.066216,184.244716,0.0,57.0,7.704699999999999,-16.58,-8.655808,0,5.0,Low
0.0,0.0,0.0,0.0,0.0,0.0,6.0,0.0,0.0,0.0,0.0,0.0,0.0,0.0,0.0,3.0,2.0,11.0,0.0,0.0,0.0,0.0,0.0,0.0,0.0,0.0,0.0,0.0,22.0,1270.0,2712.436809,9.0,166.0,47.0,111.781835,693.5899999999999,864.8816,0.0,3130.205,219.0,74.856209,0.0,0.0,4.0,73.44472,0.0,6.0,47.0,142.027451,91.0,92.41411200000002,201.26,0.0,53.0,16.9442,-17.740000000000002,-8.460371,0,5.0,Low
5.0,0.0,0.0,0.0,0.0,0.0,1.0,0.0,0.0,7.0,0.0,0.0,0.0,0.0,0.0,0.0,0.0,0.0,0.0,0.0,0.0,0.0,8.0,0.0,0.0,0.0,0.0,0.0,21.0,1586.0,3710.01964,13.0,205.0,49.0,140.962508,790.63,1089.6701,0.0,3993.642,272.0,96.455995,7.0,7.0,13.0,47.665444,0.0,13.0,49.0,180.091074,105.0,106.419316,256.124022,7.0,67.0,18.2097,-15.94,-8.782364,1,1.0,Medium
0.0,4.0,0.0,0.0,0.0,0.0,0.0,0.0,0.0,7.0,0.0,0.0,0.0,0.0,0.0,0.0,3.0,0.0,0.0,0.0,0.0,8.0,0.0,0.0,0.0,0.0,0.0,0.0,22.0,1348.0,3342.339663,15.0,167.0,47.0,94.207162,837.54,907.2811,0.0,3415.1310000000003,233.0,75.257257,7.0,7.0,8.0,55.619281,0.0,15.0,47.0,152.55881,51.0,92.252475,213.417843,7.0,66.0,2.515699999999999,-16.94,-8.855663,1,4.0,Medium
0.0,5.0,0.0,0.0,0.0,0.0,0.0,0.0,0.0,7.0,0.0,0.0,0.0,0.0,0.0,3.0,0.0,0.0,0.0,0.0,0.0,0.0,0.0,0.0,0.0,0.0,7.0,0.0,22.0,1828.0,4839.326978,48.0,202.0,91.0,139.29797000000002,1582.84,1136.2457,0.0,4666.442999999999,315.0,99.876334,14.0,14.0,12.0,41.437777,0.0,17.0,91.0,189.642819,94.0,96.041333,282.94302700000003,14.0,113.0,-24.393,-18.49,-8.644215,0,5.0,Low
6.0,0.0,0.0,0.0,0.0,0.0,0.0,0.0,0.0,0.0,0.0,0.0,0.0,0.0,0.0,5.0,2.0,0.0,0.0,0.0,0.0,0.0,8.0,0.0,0.0,0.0,0.0,0.0,21.0,1332.0,2926.7670580000004,11.0,168.0,47.0,123.74812,846.9499999999999,911.9906,0.0,3379.041,227.0,75.612211,0.0,0.0,4.0,53.097127,0.0,6.0,47.0,150.436981,91.0,104.921336,227.947074,0.0,59.0,23.5278,-15.29,-8.607512,1,3.0,Medium
0.0,4.0,0.0,0.0,0.0,0.0,0.0,0.0,0.0,7.0,0.0,0.0,0.0,0.0,0.0,0.0,4.0,0.0,0.0,0.0,0.0,0.0,7.0,0.0,0.0,0.0,0.0,0.0,22.0,1486.0,3482.532315,15.0,190.0,47.0,126.017574,851.37,1010.7661,0.0,3736.744,256.0,88.71106599999999,7.0,7.0,7.0,53.367371000000006,0.0,15.0,47.0,166.426356,93.0,102.972293,236.417843,7.0,66.0,9.4591,-16.94,-8.817517,1,4.0,Medium
0.0,0.0,0.0,0.0,0.0,0.0,6.0,0.0,0.0,0.0,0.0,0.0,0.0,0.0,0.0,4.0,5.0,0.0,0.0,0.0,6.0,0.0,0.0,0.0,0.0,0.0,0.0,0.0,21.0,1080.0,2314.444703,10.0,135.0,46.0,81.093184,729.01,712.1134,0.0,2678.361,187.0,59.060782,0.0,0.0,1.0,72.434389,0.0,6.0,46.0,118.726904,59.0,90.845534,170.01,0.0,52.0,1.9299,-16.990000000000002,-8.623225,1,4.0,Medium
4.0,0.0,0.0,0.0,0.0,0.0,4.0,0.0,0.0,8.0,0.0,0.0,0.0,0.0,0.0,5.0,0.0,0.0,0.0,0.0,0.0,0.0,0.0,0.0,0.0,0.0,0.0,0.0,21.0,1420.0,3328.178844,21.0,170.0,55.0,120.378954,891.13,936.9148,0.0,3608.283,245.0,81.26821299999999,8.0,8.0,16.0,47.204253,0.0,16.0,55.0,155.517291,83.0,91.776564,223.844004,8.0,75.0,-9.7048,-16.59,-8.794618,1,4.0,Medium
6.0,0.0,0.0,0.0,0.0,0.0,0.0,0.0,0.0,7.0,0.0,0.0,0.0,0.0,0.0,2.0,0.0,0.0,0.0,0.0,0.0,0.0,7.0,0.0,0.0,0.0,0.0,0.0,22.0,1598.0,3743.653911,15.0,202.0,53.0,141.266408,880.59,1089.0171,0.0,4050.002,274.0,94.681726,7.0,7.0,13.0,47.336249,0.0,13.0,53.0,180.164936,101.0,108.776149,260.250201,7.0,72.0,15.2127,-16.52,-8.761376,1,1.0,Medium
3.0,0.0,0.0,0.0,0.0,0.0,4.0,0.0,0.0,6.0,0.0,0.0,0.0,0.0,0.0,0.0,8.0,0.0,0.0,0.0,0.0,0.0,0.0,0.0,0.0,0.0,0.0,0.0,21.0,1164.0,2644.3876440000004,13.0,138.0,48.0,93.975821,845.6399999999999,749.1653000000001,0.0,2958.864,202.0,64.348613,6.0,6.0,5.0,51.71657999999999,0.0,13.0,48.0,125.181115,65.0,85.438642,182.095503,6.0,64.0,-16.6274,-16.48,-8.738362,0,5.0,Low
6.0,0.0,0.0,0.0,0.0,0.0,0.0,0.0,0.0,7.0,0.0,0.0,0.0,0.0,0.0,0.0,2.0,0.0,0.0,0.0,0.0,0.0,7.0,0.0,0.0,0.0,0.0,0.0,22.0,1550.0,3620.537957,13.0,196.0,51.0,136.13092799999998,867.79,1053.7075,0.0,3931.826,266.0,91.65866,7.0,7.0,11.0,46.957761000000005,0.0,13.0,51.0,174.59678200000002,97.0,107.740389,252.330201,7.0,70.0,12.8613,-16.44,-8.767791,1,1.0,Medium
6.0,0.0,0.0,0.0,0.0,0.0,0.0,0.0,0.0,5.0,0.0,0.0,0.0,0.0,0.0,0.0,5.0,0.0,0.0,0.0,0.0,0.0,5.0,0.0,0.0,0.0,0.0,0.0,21.0,1310.0,2999.931364,11.0,161.0,47.0,113.947318,855.64,876.8501,0.0,3347.8630000000003,225.0,74.218332,5.0,5.0,6.0,44.98699,0.0,11.0,47.0,145.77768400000002,78.0,98.011503,216.127879,5.0,64.0,4.9423999999999975,-15.489999999999998,-8.756281,1,2.0,Medium
0.0,5.0,0.0,0.0,0.0,0.0,0.0,0.0,0.0,0.0,0.0,0.0,0.0,0.0,0.0,4.0,2.0,0.0,0.0,0.0,0.0,0.0,10.0,0.0,0.0,0.0,0.0,0.0,21.0,1384.0,3053.9009560000004,14.0,180.0,41.0,128.278031,813.08,966.7672,0.0,3473.9620000000004,236.0,81.627669,0.0,0.0,3.0,57.132396,0.0,10.0,41.0,157.914012,99.0,107.17382,234.03089500000004,0.0,56.0,28.1696,-15.5,-8.614136,0,5.0,Low
0.0,0.0,0.0,0.0,0.0,0.0,6.0,0.0,0.0,0.0,0.0,0.0,0.0,0.0,0.0,4.0,7.0,5.0,0.0,0.0,0.0,0.0,0.0,0.0,0.0,0.0,0.0,0.0,22.0,1114.0,2346.1595180000004,10.0,139.0,48.0,93.289941,782.97,729.6744,0.0,2762.4350000000004,193.0,61.95327,0.0,0.0,-1.0,72.98798,0.0,6.0,48.0,120.547708,75.0,87.44152400000002,175.22,0.0,54.0,0.2188999999999996,-17.779999999999998,-8.599146,0,5.0,Low
0.0,0.0,0.0,0.0,0.0,0.0,5.0,0.0,0.0,7.0,0.0,0.0,0.0,0.0,0.0,0.0,2.0,0.0,0.0,0.0,0.0,0.0,7.0,0.0,0.0,0.0,0.0,0.0,21.0,1540.0,3578.360423,12.0,205.0,49.0,130.932435,697.85,1049.3894,0.0,3793.2980000000007,266.0,96.699403,7.0,7.0,10.0,63.97093099999999,0.0,12.0,49.0,173.025673,109.0,98.704946,235.183127,7.0,61.0,12.4464,-17.349999999999998,-8.815991,1,1.0,Medium
0.0,0.0,0.0,5.0,0.0,0.0,0.0,0.0,0.0,0.0,8.0,0.0,0.0,0.0,0.0,0.0,4.0,0.0,0.0,0.0,0.0,0.0,0.0,5.0,0.0,0.0,0.0,0.0,22.0,1336.0,2728.668528,5.0,173.0,52.0,128.920926,729.96,897.7415000000001,0.0,3290.35,230.0,78.18762799999999,0.0,0.0,1.0,72.708294,0.0,5.0,52.0,147.277332,109.0,114.282785,212.1,0.0,57.0,16.518,-17.9,-8.508468,1,4.0,Medium
5.0,0.0,0.0,0.0,0.0,0.0,8.0,0.0,0.0,0.0,0.0,0.0,0.0,0.0,0.0,7.0,2.0,0.0,0.0,0.0,0.0,0.0,0.0,0.0,0.0,0.0,0.0,0.0,22.0,1280.0,2690.4192820000003,20.0,150.0,51.0,119.392089,921.59,848.8417000000001,0.0,3264.235,219.0,69.479432,0.0,0.0,11.0,57.389025,0.0,13.0,51.0,140.680518,86.0,99.731552,215.800895,0.0,69.0,-5.5,-16.729999999999997,-8.784872,0,6.0,Low
0.0,5.0,0.0,0.0,0.0,0.0,6.0,0.0,0.0,7.0,0.0,0.0,0.0,0.0,0.0,0.0,0.0,0.0,0.0,0.0,0.0,0.0,6.0,0.0,0.0,0.0,0.0,0.0,24.0,1772.0,4047.817948,23.0,226.0,50.0,160.035853,905.73,1222.1041,0.0,4453.35,304.0,107.97449999999998,7.0,7.0,18.0,57.249296,0.0,23.0,50.0,200.923758,121.0,119.373749,285.554022,7.0,78.0,7.6320000000000014,-18.51,-8.7423935,1,1.0,Medium
0.0,4.0,0.0,0.0,0.0,0.0,0.0,0.0,0.0,0.0,0.0,0.0,0.0,0.0,0.0,4.0,5.0,9.0,0.0,0.0,0.0,0.0,0.0,0.0,0.0,0.0,0.0,0.0,22.0,1110.0,2394.09096,12.0,135.0,44.0,95.560691,850.4300000000001,744.8914,0.0,2818.2050000000004,191.0,59.20586,0.0,0.0,-1.0,59.412442,0.0,8.0,44.0,122.19489,65.0,90.463414,185.284716,0.0,56.0,9.5253,-16.54,-8.59481,0,5.0,Low
3.0,0.0,0.0,0.0,0.0,0.0,8.0,0.0,0.0,0.0,0.0,0.0,0.0,0.0,0.0,4.0,6.0,0.0,0.0,0.0,0.0,0.0,0.0,0.0,0.0,0.0,0.0,0.0,21.0,1116.0,2311.826306,15.0,132.0,46.0,100.053989,834.6400000000001,729.5291000000001,0.0,2824.77,192.0,60.44905099999999,0.0,0.0,5.0,60.026098000000005,0.0,11.0,46.0,121.18990300000002,75.0,90.199816,183.798537,0.0,60.0,-9.6436,-16.32,-8.739464,0,5.0,Low
0.0,0.0,0.0,0.0,0.0,0.0,6.0,0.0,0.0,5.0,0.0,0.0,0.0,0.0,0.0,0.0,5.0,0.0,0.0,0.0,0.0,0.0,6.0,0.0,0.0,0.0,0.0,0.0,22.0,1452.0,3283.978543,11.0,191.0,49.0,123.20166,742.74,979.6787,0.0,3579.889,251.0,89.06723099999999,5.0,5.0,6.0,69.117453,0.0,11.0,49.0,161.772444,103.0,99.669035,223.36080500000003,5.0,60.0,7.4899,-18.02,-8.766581,1,3.0,Medium
0.0,5.0,0.0,0.0,0.0,0.0,0.0,0.0,0.0,0.0,6.0,0.0,0.0,0.0,0.0,0.0,3.0,0.0,0.0,0.0,0.0,0.0,0.0,7.0,0.0,0.0,0.0,0.0,21.0,1264.0,2514.019294,10.0,158.0,43.0,130.078577,801.37,866.874,0.0,3196.358,216.0,71.645926,0.0,0.0,2.0,52.87017,0.0,10.0,43.0,140.38996000000003,97.0,114.103991,213.950895,0.0,58.0,18.5155,-15.580000000000002,-8.627236,1,3.0,Medium
0.0,5.0,0.0,0.0,0.0,0.0,5.0,0.0,0.0,6.0,0.0,0.0,0.0,0.0,0.0,0.0,0.0,0.0,0.0,0.0,0.0,0.0,6.0,0.0,0.0,0.0,0.0,0.0,22.0,1622.0,3696.941336,21.0,207.0,45.0,147.406304,835.02,1121.8807,0.0,4080.844,278.0,98.667292,6.0,6.0,16.0,51.768728,0.0,21.0,45.0,184.319885,111.0,110.575743,263.177861,6.0,71.0,8.9709,-16.810000000000002,-8.77307,1,3.0,Medium
4.0,0.0,0.0,0.0,0.0,0.0,6.0,0.0,0.0,5.0,0.0,0.0,0.0,0.0,0.0,0.0,6.0,0.0,0.0,0.0,0.0,0.0,0.0,0.0,0.0,0.0,0.0,0.0,21.0,1228.0,2730.9923360000003,15.0,146.0,47.0,105.443858,840.8299999999999,803.5131,0.0,3127.62,212.0,68.737701,5.0,5.0,9.0,50.034304,0.0,15.0,47.0,134.03314600000002,74.0,90.531991,196.975521,5.0,66.0,-14.4428,-16.229999999999997,-8.751456,0,5.0,Low
0.0,0.0,0.0,0.0,0.0,0.0,6.0,0.0,0.0,0.0,0.0,0.0,0.0,0.0,0.0,0.0,3.0,0.0,0.0,0.0,0.0,0.0,7.0,0.0,0.0,0.0,6.0,0.0,22.0,1774.0,4363.943382,30.0,219.0,80.0,144.91856,1243.0100000000002,1140.5244,0.0,4388.499,305.0,104.375877,6.0,6.0,3.0,70.355768,0.0,6.0,80.0,189.65672,124.0,104.98230800000002,274.25629000000004,6.0,86.0,5.396599999999999,-19.06,-8.657924,0,6.0,Low
0.0,0.0,0.0,0.0,0.0,0.0,5.0,0.0,0.0,0.0,5.0,0.0,0.0,0.0,0.0,0.0,5.0,0.0,0.0,0.0,0.0,0.0,7.0,0.0,0.0,0.0,0.0,0.0,22.0,1354.0,2827.306317,5.0,179.0,49.0,126.53118,716.1,918.1565,0.0,3325.507,233.0,80.89936,0.0,0.0,0.0,74.20917299999999,0.0,5.0,49.0,150.759701,109.0,107.636637,215.22,0.0,54.0,19.8282,-17.78,-8.461895,1,4.0,Medium
0.0,6.0,0.0,0.0,0.0,0.0,4.0,0.0,0.0,0.0,0.0,0.0,0.0,0.0,0.0,5.0,7.0,0.0,0.0,0.0,0.0,0.0,0.0,0.0,0.0,0.0,0.0,0.0,22.0,1096.0,2294.103913,21.0,123.0,43.0,97.98281,976.96,719.9536,0.0,2830.956,188.0,55.761999,0.0,0.0,3.0,53.014416,0.0,16.0,43.0,118.617877,64.0,94.296764,187.997074,0.0,65.0,-12.4383,-16.240000000000002,-8.680149,0,5.0,Low
0.0,0.0,0.0,5.0,0.0,0.0,0.0,0.0,0.0,0.0,0.0,0.0,0.0,0.0,0.0,6.0,4.0,0.0,0.0,0.0,0.0,6.0,0.0,0.0,0.0,0.0,0.0,0.0,21.0,1152.0,2704.084193,11.0,146.0,48.0,81.101938,751.2,765.3462999999999,0.0,2849.641,199.0,63.293229,0.0,0.0,1.0,74.501445,0.0,5.0,48.0,129.11577,58.0,87.034108,181.97000000000003,0.0,53.0,7.8544,-17.03,-8.610036,1,4.0,Medium
0.0,4.0,0.0,0.0,0.0,0.0,0.0,0.0,0.0,0.0,0.0,0.0,0.0,0.0,0.0,5.0,3.0,0.0,0.0,0.0,0.0,0.0,0.0,0.0,0.0,10.0,0.0,0.0,22.0,1644.0,3466.130505,13.0,223.0,45.0,177.93713,843.0,1157.3832000000002,0.0,4070.596,280.0,103.119805,0.0,0.0,1.0,57.33288,0.0,8.0,45.0,185.591477,150.0,167.528592,274.24471600000004,0.0,57.0,44.892500000000005,-16.58,-8.54671,1,3.0,Medium
0.0,0.0,0.0,0.0,0.0,0.0,0.0,0.0,0.0,0.0,0.0,0.0,0.0,0.0,0.0,4.0,5.0,0.0,0.0,0.0,0.0,0.0,8.0,0.0,0.0,0.0,5.0,0.0,22.0,1584.0,3939.283663,24.0,195.0,78.0,123.119449,1225.5700000000002,1007.5482,0.0,3923.715,273.0,90.151485,5.0,5.0,-5.0,71.25327300000001,0.0,0.0,78.0,167.321928,103.0,98.431878,244.52357500000005,5.0,78.0,11.191299999999998,-18.74,-8.746188,0,7.0,Low
5.0,0.0,0.0,0.0,0.0,0.0,0.0,0.0,0.0,0.0,0.0,0.0,0.0,0.0,0.0,5.0,5.0,6.0,0.0,0.0,0.0,0.0,0.0,0.0,0.0,0.0,0.0,0.0,21.0,1048.0,2254.820721,10.0,123.0,47.0,91.133765,860.8,688.2805,0.0,2692.318,180.0,53.657274,0.0,0.0,0.0,52.869084,0.0,5.0,47.0,114.14781399999998,59.0,87.410108,177.990895,0.0,57.0,5.383299999999998,-15.54,-8.555411,1,4.0,Medium
0.0,0.0,6.0,0.0,0.0,0.0,6.0,0.0,0.0,6.0,0.0,0.0,0.0,0.0,0.0,0.0,0.0,0.0,0.0,0.0,0.0,0.0,6.0,0.0,0.0,0.0,0.0,0.0,24.0,1788.0,4032.237756,24.0,228.0,48.0,166.763682,922.5,1240.4772,0.0,4502.898,306.0,108.94724399999998,6.0,6.0,18.0,55.171362,0.0,24.0,48.0,203.453328,126.0,131.64588600000002,291.990732,6.0,78.0,10.294200000000002,-18.18,-8.715276,1,2.0,Medium
7.0,0.0,0.0,0.0,0.0,0.0,4.0,0.0,0.0,7.0,0.0,0.0,0.0,0.0,0.0,0.0,3.0,0.0,0.0,0.0,0.0,0.0,0.0,0.0,0.0,0.0,0.0,0.0,21.0,1344.0,3073.8981750000003,18.0,157.0,49.0,118.456407,900.72,888.4054,0.0,3470.359,231.0,74.96314799999999,7.0,7.0,15.0,37.770489,0.0,18.0,49.0,148.32951300000002,76.0,95.657071,220.91638,7.0,74.0,-13.1405,-15.56,-8.790878,1,4.0,Medium
0.0,4.0,0.0,0.0,0.0,0.0,8.0,0.0,0.0,0.0,0.0,0.0,0.0,0.0,0.0,4.0,6.0,0.0,0.0,0.0,0.0,0.0,0.0,0.0,0.0,0.0,0.0,0.0,22.0,1176.0,2436.74253,20.0,138.0,44.0,106.632192,899.78,778.508,0.0,2987.462,202.0,63.69254399999999,0.0,0.0,6.0,60.026098000000005,0.0,16.0,44.0,128.426576,78.0,95.793864,195.964716,0.0,64.0,-11.5822,-16.86,-8.75303,0,5.0,Low
0.0,0.0,0.0,0.0,0.0,0.0,5.0,0.0,0.0,7.0,0.0,0.0,0.0,0.0,0.0,0.0,3.0,0.0,0.0,0.0,7.0,0.0,0.0,0.0,0.0,0.0,0.0,0.0,22.0,1358.0,3176.525031,12.0,173.0,51.0,97.934021,737.98,903.3344,0.0,3373.4080000000004,236.0,79.393602,7.0,7.0,9.0,67.32788099999999,0.0,12.0,51.0,150.877889,68.0,96.928804,204.393127,7.0,63.0,-1.2873,-18.14,-8.820253,1,4.0,Medium
0.0,5.0,0.0,5.0,0.0,0.0,0.0,0.0,0.0,0.0,0.0,0.0,0.0,0.0,0.0,4.0,0.0,0.0,0.0,0.0,0.0,0.0,8.0,0.0,0.0,0.0,0.0,0.0,22.0,1544.0,3441.370443,19.0,200.0,43.0,143.34137900000002,833.92,1081.6247,0.0,3866.615,263.0,92.41521,0.0,0.0,10.0,61.016903,0.0,15.0,43.0,177.699278,113.0,116.255768,260.040895,0.0,63.0,23.8328,-16.490000000000002,-8.706867,1,2.0,Medium
4.0,0.0,0.0,0.0,0.0,0.0,0.0,0.0,0.0,6.0,0.0,0.0,0.0,0.0,0.0,4.0,0.0,0.0,8.0,0.0,0.0,0.0,0.0,0.0,0.0,0.0,0.0,0.0,22.0,1344.0,3002.7405,14.0,164.0,54.0,120.111868,852.1,895.9857999999999,0.0,3414.0,232.0,76.107282,6.0,6.0,10.0,50.567824,0.0,10.0,54.0,146.843944,80.0,101.240334,214.261682,6.0,68.0,5.7200000000000015,-17.02,-8.728914,1,4.0,Medium
0.0,0.0,0.0,5.0,0.0,0.0,0.0,0.0,0.0,0.0,0.0,0.0,0.0,0.0,0.0,4.0,3.0,0.0,0.0,0.0,0.0,0.0,0.0,10.0,0.0,0.0,0.0,0.0,22.0,1432.0,3028.136214,9.0,193.0,48.0,132.609122,723.21,985.0907,0.0,3507.902,246.0,87.98714100000001,0.0,0.0,2.0,76.703356,0.0,5.0,48.0,160.74151600000002,115.0,115.39921,228.26,0.0,53.0,26.6309,-17.740000000000002,-8.508129,1,3.0,Medium
0.0,4.0,0.0,0.0,0.0,0.0,0.0,0.0,0.0,0.0,0.0,0.0,0.0,0.0,0.0,7.0,2.0,8.0,0.0,0.0,0.0,0.0,0.0,0.0,0.0,0.0,0.0,0.0,21.0,1124.0,2451.54561,15.0,136.0,45.0,98.232446,843.33,757.1748,0.0,2853.271,193.0,60.23287500000001,0.0,0.0,2.0,56.667705,0.0,8.0,45.0,123.902197,67.0,87.891976,187.954716,0.0,57.0,11.1466,-15.87,-8.647894,0,5.0,Low
4.0,0.0,0.0,0.0,0.0,0.0,4.0,0.0,0.0,0.0,0.0,0.0,0.0,0.0,0.0,5.0,0.0,0.0,0.0,0.0,0.0,0.0,8.0,0.0,0.0,0.0,0.0,0.0,21.0,1436.0,3130.963652,13.0,186.0,47.0,134.96524200000002,781.77,992.3012,0.0,3592.6670000000004,245.0,85.275797,0.0,0.0,8.0,60.298053,0.0,8.0,47.0,163.213259,107.0,106.936316,239.874716,0.0,59.0,24.7056,-15.95,-8.639132,1,1.0,Medium
0.0,6.0,0.0,0.0,0.0,0.0,0.0,0.0,0.0,5.0,0.0,0.0,0.0,0.0,0.0,0.0,5.0,0.0,0.0,0.0,0.0,0.0,5.0,0.0,0.0,0.0,0.0,0.0,21.0,1310.0,2999.931364,17.0,161.0,41.0,113.947318,872.4399999999999,889.1542999999999,0.0,3341.9590000000003,225.0,74.882856,5.0,5.0,6.0,44.98699,0.0,17.0,41.0,146.32819,78.0,98.011503,216.127879,5.0,64.0,2.380399999999998,-15.489999999999998,-8.792534,0,6.0,Low
0.0,0.0,0.0,0.0,0.0,4.0,0.0,0.0,0.0,6.0,0.0,0.0,0.0,0.0,0.0,0.0,4.0,0.0,0.0,0.0,0.0,0.0,8.0,0.0,0.0,0.0,0.0,0.0,22.0,1504.0,3566.8997120000004,10.0,200.0,50.0,121.151124,733.6999999999999,1020.185,0.0,3705.1,260.0,92.18321,6.0,6.0,6.0,68.592968,0.0,10.0,50.0,169.29394000000002,100.0,104.91589000000002,230.436966,6.0,60.0,13.3916,-18.02,-8.778304,1,2.0,Medium
8.0,0.0,0.0,0.0,0.0,0.0,0.0,0.0,0.0,7.0,0.0,0.0,0.0,0.0,0.0,0.0,3.0,0.0,0.0,0.0,0.0,0.0,4.0,0.0,0.0,0.0,0.0,0.0,22.0,1452.0,3372.0015550000003,15.0,175.0,51.0,128.01279,936.9,973.2267,0.0,3741.219,249.0,82.046481,7.0,7.0,12.0,39.018589000000006,0.0,15.0,51.0,162.02761,83.0,104.776867,241.242559,7.0,74.0,1.3560999999999996,-15.94,-8.772777,1,4.0,Medium
0.0,0.0,0.0,5.0,0.0,0.0,0.0,0.0,0.0,0.0,0.0,0.0,0.0,0.0,0.0,5.0,4.0,8.0,0.0,0.0,0.0,0.0,0.0,0.0,0.0,0.0,0.0,0.0,22.0,1216.0,2697.582555,10.0,156.0,49.0,100.087934,757.27,813.9815,0.0,3003.894,210.0,69.44163999999999,0.0,0.0,1.0,74.012652,0.0,5.0,49.0,134.748513,81.0,91.556384,192.22000000000003,0.0,54.0,11.5776,-17.78,-8.548214,1,4.0,Medium
0.0,4.0,0.0,0.0,0.0,0.0,5.0,0.0,0.0,0.0,0.0,0.0,0.0,0.0,0.0,0.0,3.0,0.0,0.0,0.0,0.0,0.0,9.0,0.0,0.0,0.0,0.0,0.0,21.0,1412.0,3037.5716740000003,13.0,186.0,38.0,133.536325,737.75,988.9687,0.0,3521.735,241.0,85.75896,0.0,0.0,6.0,60.059516,0.0,13.0,38.0,162.023839,108.0,108.619891,236.034716,0.0,55.0,22.2369,-15.79,-8.664439,1,2.0,Medium
4.0,0.0,0.0,0.0,0.0,0.0,6.0,0.0,0.0,0.0,0.0,0.0,0.0,0.0,0.0,0.0,4.0,0.0,0.0,0.0,0.0,0.0,8.0,0.0,0.0,0.0,0.0,0.0,22.0,1428.0,3050.1882880000003,10.0,186.0,44.0,134.313306,771.12,984.9586,0.0,3570.668,244.0,85.35040199999999,0.0,0.0,6.0,62.952296,0.0,10.0,44.0,162.550682,108.0,110.948454,238.204716,0.0,58.0,19.1854,-16.62,-8.645744,2,0.0,High
0.0,5.0,0.0,0.0,0.0,0.0,0.0,0.0,0.0,6.0,0.0,0.0,0.0,0.0,4.0,0.0,0.0,0.0,0.0,0.0,0.0,0.0,6.0,0.0,0.0,0.0,0.0,0.0,21.0,1504.0,3551.787658,24.0,190.0,43.0,129.379035,878.6399999999999,1039.5602,0.0,3792.348,258.0,89.443799,6.0,6.0,11.0,48.767506,0.0,20.0,43.0,170.061084,93.0,102.403962,244.007861,6.0,68.0,11.0074,-15.98,-8.820296,1,2.0,Medium
4.0,0.0,0.0,0.0,0.0,0.0,0.0,0.0,0.0,0.0,0.0,0.0,0.0,0.0,0.0,6.0,2.0,9.0,0.0,0.0,0.0,0.0,0.0,0.0,0.0,0.0,0.0,0.0,21.0,1130.0,2461.293511,10.0,138.0,48.0,99.174645,811.9000000000001,756.7942,0.0,2869.262,194.0,60.680738000000005,0.0,0.0,2.0,56.586125,0.0,4.0,48.0,124.795086,68.0,88.289174,188.994716,0.0,56.0,14.6624,-15.829999999999998,-8.573463,1,4.0,Medium
0.0,0.0,6.0,0.0,0.0,0.0,0.0,0.0,0.0,0.0,5.0,0.0,0.0,0.0,0.0,0.0,5.0,0.0,0.0,0.0,0.0,5.0,0.0,0.0,0.0,0.0,0.0,0.0,21.0,1116.0,2400.728583,12.0,132.0,41.0,98.777588,850.24,752.2228,0.0,2865.141,191.0,57.526726,0.0,0.0,1.0,50.85547,0.0,12.0,41.0,124.786557,59.0,107.357354,191.42376600000003,0.0,59.0,6.287999999999999,-15.29,-8.717122,1,3.0,Medium
0.0,5.0,0.0,0.0,0.0,0.0,0.0,0.0,0.0,0.0,0.0,0.0,0.0,0.0,0.0,6.0,4.0,0.0,6.0,0.0,0.0,0.0,0.0,0.0,0.0,0.0,0.0,0.0,21.0,1036.0,2135.59865,16.0,120.0,43.0,95.604891,881.2,688.4868,0.0,2662.324,178.0,53.282797,0.0,0.0,1.0,51.576532,0.0,10.0,43.0,111.854746,61.0,93.62692,175.950895,0.0,58.0,2.083400000000001,-15.58,-8.663939,1,4.0,Medium
6.0,0.0,0.0,0.0,0.0,0.0,0.0,0.0,0.0,6.0,0.0,0.0,0.0,0.0,0.0,0.0,4.0,0.0,0.0,0.0,0.0,0.0,7.0,0.0,0.0,0.0,0.0,0.0,23.0,1526.0,3522.9521130000003,12.0,192.0,52.0,133.398576,908.08,1031.9598,0.0,3873.678,262.0,88.930517,6.0,6.0,8.0,51.289437,0.0,12.0,52.0,171.124198,95.0,110.268152,249.54404,6.0,70.0,11.6851,-17.150000000000002,-8.749193,2,0.0,High
0.0,5.0,0.0,0.0,0.0,0.0,0.0,0.0,0.0,0.0,0.0,0.0,0.0,0.0,0.0,5.0,2.0,10.0,0.0,0.0,0.0,0.0,0.0,0.0,0.0,0.0,0.0,0.0,22.0,1196.0,2595.957636,15.0,146.0,44.0,106.69504700000002,859.61,815.646,0.0,3043.025,205.0,64.92586399999999,0.0,0.0,3.0,56.504545,0.0,10.0,44.0,133.383403,72.0,94.28042,202.200895,0.0,59.0,14.1046,-16.33,-8.669118,0,5.0,Low
0.0,6.0,0.0,0.0,0.0,0.0,0.0,0.0,0.0,0.0,5.0,0.0,0.0,0.0,0.0,0.0,3.0,0.0,0.0,0.0,0.0,0.0,7.0,0.0,0.0,0.0,0.0,0.0,21.0,1308.0,2757.657045,12.0,164.0,41.0,128.686621,822.58,904.3708,0.0,3316.021,223.0,74.31279699999999,0.0,0.0,3.0,50.786393,0.0,12.0,41.0,147.67940800000002,95.0,110.25208,223.947074,0.0,59.0,19.8365,-15.29,-8.687886,1,3.0,Medium
5.0,0.0,0.0,0.0,0.0,0.0,0.0,0.0,0.0,7.0,0.0,0.0,0.0,0.0,0.0,2.0,7.0,0.0,0.0,0.0,0.0,0.0,0.0,0.0,0.0,0.0,0.0,0.0,21.0,1160.0,2716.8062510000004,14.0,133.0,51.0,92.148057,923.46,741.1159999999999,0.0,2992.617,201.0,61.541408,7.0,7.0,5.0,43.767271,0.0,12.0,51.0,124.046529,56.0,85.141659,185.084022,7.0,68.0,-15.355300000000002,-15.98,-8.732443,0,5.0,Low
0.0,5.0,0.0,0.0,0.0,0.0,0.0,0.0,0.0,0.0,0.0,0.0,0.0,0.0,0.0,7.0,2.0,0.0,0.0,0.0,0.0,0.0,8.0,0.0,0.0,0.0,0.0,0.0,22.0,1376.0,3036.793594,17.0,174.0,46.0,125.34844900000002,900.07,947.1856,0.0,3467.7790000000005,235.0,78.59891400000001,0.0,0.0,3.0,59.885225000000005,0.0,10.0,46.0,154.796129,94.0,106.783048,232.120895,0.0,61.0,21.8194,-16.41,-8.663357,0,5.0,Low
0.0,0.0,0.0,0.0,5.0,0.0,0.0,0.0,0.0,7.0,0.0,0.0,0.0,0.0,0.0,0.0,3.0,7.0,0.0,0.0,0.0,0.0,0.0,0.0,0.0,0.0,0.0,0.0,22.0,1490.0,3592.4737710000004,12.0,195.0,51.0,113.295011,737.98,1004.8424,0.0,3682.002,258.0,90.141923,7.0,7.0,9.0,66.931561,0.0,12.0,51.0,168.001359,89.0,93.620215,226.393127,7.0,63.0,7.2901,-18.14,-8.837496,1,3.0,Medium
0.0,4.0,0.0,0.0,0.0,0.0,5.0,0.0,0.0,0.0,0.0,0.0,0.0,0.0,0.0,2.0,0.0,0.0,0.0,0.0,0.0,0.0,11.0,0.0,0.0,0.0,0.0,0.0,22.0,1596.0,3474.295727,15.0,213.0,42.0,152.34765900000002,763.02,1127.2323,0.0,3965.468,272.0,98.555724,0.0,0.0,9.0,64.66251700000001,0.0,13.0,42.0,184.264015,125.0,118.020063,266.164716,0.0,59.0,32.310199999999995,-16.66,-8.649153,1,2.0,Medium
0.0,0.0,0.0,0.0,0.0,0.0,5.0,0.0,0.0,0.0,0.0,0.0,0.0,0.0,0.0,4.0,3.0,0.0,0.0,0.0,0.0,0.0,10.0,0.0,0.0,0.0,0.0,0.0,22.0,1462.0,3192.553049,9.0,198.0,48.0,131.179267,723.21,1008.1757,0.0,3578.0370000000003,251.0,90.020291,0.0,0.0,2.0,77.350371,0.0,5.0,48.0,165.354771,115.0,106.942425,233.26,0.0,53.0,28.581399999999995,-17.740000000000002,-8.466245,1,3.0,Medium
6.0,0.0,0.0,0.0,0.0,0.0,0.0,0.0,0.0,0.0,0.0,0.0,0.0,0.0,0.0,6.0,2.0,8.0,0.0,0.0,0.0,0.0,0.0,0.0,0.0,0.0,0.0,0.0,22.0,1192.0,2583.9066780000003,12.0,142.0,50.0,107.299586,893.4799999999999,797.6654,0.0,3060.32,204.0,62.774108,0.0,0.0,4.0,53.273656,0.0,6.0,50.0,131.8895,70.0,95.352192,204.117074,0.0,62.0,12.2954,-16.119999999999997,-8.643106,1,4.0,Medium
0.0,4.0,0.0,0.0,0.0,0.0,5.0,0.0,0.0,0.0,0.0,0.0,0.0,0.0,0.0,6.0,6.0,0.0,0.0,0.0,0.0,0.0,0.0,0.0,0.0,0.0,0.0,0.0,21.0,1070.0,2247.293404,19.0,123.0,44.0,94.248289,900.6199999999999,700.0225000000002,0.0,2731.004,184.0,55.819791,0.0,0.0,3.0,56.606294000000005,0.0,13.0,44.0,115.40849500000002,66.0,88.532317,178.794716,0.0,61.0,-10.307100000000002,-16.03,-8.718321,0,5.0,Low
0.0,0.0,0.0,6.0,0.0,0.0,0.0,0.0,0.0,0.0,6.0,0.0,0.0,0.0,0.0,0.0,5.0,5.0,0.0,0.0,0.0,0.0,0.0,0.0,0.0,0.0,0.0,0.0,22.0,1234.0,2614.757856,6.0,157.0,50.0,110.483885,729.77,821.4272,0.0,3048.9350000000004,213.0,70.26050599999999,0.0,0.0,1.0,72.05772999999999,0.0,6.0,50.0,136.124702,91.0,101.023842,195.14,0.0,56.0,8.8355,-17.86,-8.565609,1,4.0,Medium
5.0,0.0,0.0,0.0,0.0,0.0,5.0,0.0,0.0,6.0,0.0,0.0,0.0,0.0,0.0,0.0,0.0,0.0,0.0,0.0,0.0,0.0,5.0,0.0,0.0,0.0,0.0,0.0,21.0,1540.0,3512.180585,16.0,195.0,48.0,139.807614,794.72,1052.5482,0.0,3887.458,264.0,92.674087,6.0,6.0,16.0,48.054069,0.0,16.0,48.0,174.22464200000002,104.0,104.788537,249.967861,6.0,69.0,7.783799999999999,-16.02,-8.78247,1,3.0,Medium
0.0,0.0,0.0,0.0,0.0,0.0,6.0,0.0,0.0,8.0,0.0,0.0,0.0,0.0,0.0,0.0,3.0,0.0,0.0,0.0,0.0,0.0,4.0,0.0,0.0,0.0,0.0,0.0,21.0,1472.0,3430.8681850000003,14.0,191.0,50.0,122.28744,729.7900000000001,987.5798,0.0,3641.941,255.0,90.793478,8.0,8.0,11.0,61.512327,0.0,14.0,50.0,163.32103600000002,99.0,93.351334,222.139288,8.0,64.0,0.0634999999999994,-17.47,-8.833007,1,4.0,Medium
0.0,6.0,0.0,0.0,0.0,0.0,0.0,0.0,0.0,0.0,0.0,0.0,0.0,0.0,0.0,5.0,5.0,0.0,0.0,0.0,0.0,0.0,0.0,0.0,0.0,0.0,5.0,0.0,21.0,1340.0,3328.166379,37.0,141.0,71.0,105.888413,1402.14,824.7358,0.0,3461.2740000000003,230.0,66.720096,5.0,5.0,1.0,44.93005,0.0,12.0,71.0,137.383575,68.0,89.426398,220.010649,5.0,89.0,-19.2331,-16.490000000000002,-8.695786,0,5.0,Low
6.0,0.0,0.0,0.0,0.0,0.0,5.0,0.0,0.0,7.0,0.0,0.0,0.0,0.0,0.0,0.0,0.0,0.0,0.0,0.0,0.0,0.0,6.0,0.0,0.0,0.0,0.0,0.0,24.0,1762.0,4031.27021,18.0,223.0,55.0,159.759911,914.9299999999998,1204.559,0.0,4452.65,302.0,105.852486,7.0,7.0,18.0,53.846662,0.0,18.0,55.0,199.405291,118.0,120.062028,286.550201,7.0,79.0,9.8961,-18.22,-8.729159,1,1.0,Medium
0.0,0.0,0.0,0.0,0.0,0.0,5.0,0.0,0.0,0.0,0.0,0.0,0.0,0.0,0.0,6.0,2.0,0.0,0.0,0.0,0.0,0.0,9.0,0.0,0.0,0.0,0.0,0.0,22.0,1456.0,3186.821655,11.0,195.0,50.0,130.237583,749.84,999.6103,0.0,3568.9620000000004,250.0,88.709094,0.0,0.0,3.0,77.21900500000001,0.0,5.0,50.0,163.887391,113.0,105.400979,232.18,0.0,55.0,26.533,-17.82,-8.504215,1,3.0,Medium
0.0,0.0,0.0,0.0,4.0,0.0,0.0,0.0,0.0,0.0,0.0,0.0,0.0,0.0,0.0,6.0,4.0,0.0,0.0,0.0,0.0,0.0,7.0,0.0,0.0,0.0,0.0,0.0,21.0,1350.0,3076.455185,10.0,180.0,48.0,110.27841,746.76,919.0206,0.0,3310.536,232.0,80.360091,0.0,0.0,0.0,74.853587,0.0,4.0,48.0,152.539486,95.0,98.01293,215.01,0.0,52.0,22.7615,-16.99,-8.552366,0,6.0,Low
4.0,0.0,0.0,0.0,0.0,0.0,0.0,0.0,0.0,6.0,0.0,0.0,0.0,0.0,0.0,4.0,0.0,0.0,0.0,0.0,0.0,0.0,7.0,0.0,0.0,0.0,0.0,0.0,21.0,1502.0,3519.351573,14.0,192.0,52.0,130.51313,825.8000000000001,1021.0268,0.0,3776.774,258.0,89.375695,6.0,6.0,10.0,52.046413,0.0,10.0,52.0,168.521168,97.0,101.151576,241.051682,6.0,66.0,16.8491,-16.23,-8.777058,1,4.0,Medium
5.0,0.0,0.0,0.0,0.0,0.0,5.0,0.0,0.0,0.0,0.0,0.0,0.0,0.0,0.0,0.0,6.0,0.0,0.0,0.0,0.0,0.0,5.0,0.0,0.0,0.0,0.0,0.0,21.0,1228.0,2591.1851030000003,10.0,153.0,42.0,114.284346,795.6800000000001,830.838,0.0,3112.24,210.0,69.67419699999999,0.0,0.0,4.0,54.815295,0.0,10.0,42.0,137.783414,86.0,100.695115,207.990895,0.0,57.0,7.192799999999998,-15.54,-8.724641,1,4.0,Medium
4.0,0.0,0.0,0.0,0.0,0.0,0.0,0.0,0.0,7.0,0.0,0.0,0.0,0.0,0.0,0.0,4.0,0.0,0.0,0.0,0.0,0.0,6.0,0.0,0.0,0.0,0.0,0.0,21.0,1404.0,3297.771564,11.0,178.0,49.0,118.418884,813.8699999999999,943.4843,0.0,3542.3740000000007,242.0,82.82861499999999,7.0,7.0,7.0,49.652712,0.0,11.0,49.0,156.422864,86.0,97.185087,223.20784300000005,7.0,64.0,7.845000000000001,-16.15,-8.790948,1,3.0,Medium
0.0,0.0,0.0,0.0,0.0,0.0,5.0,0.0,0.0,0.0,0.0,0.0,0.0,0.0,0.0,6.0,5.0,6.0,0.0,0.0,0.0,0.0,0.0,0.0,0.0,0.0,0.0,0.0,22.0,1150.0,2455.030791,11.0,144.0,50.0,96.602741,791.3299999999999,757.5973,0.0,2850.561,199.0,64.115199,0.0,0.0,0.0,73.276303,0.0,5.0,50.0,124.831405,77.0,87.696593,181.18,0.0,55.0,4.835799999999999,-17.82,-8.577109,1,4.0,Medium
0.0,0.0,0.0,0.0,4.0,0.0,0.0,0.0,0.0,0.0,0.0,0.0,0.0,0.0,0.0,6.0,3.0,8.0,0.0,0.0,0.0,0.0,0.0,0.0,0.0,0.0,0.0,0.0,21.0,1212.0,2744.970773,10.0,157.0,48.0,95.817774,732.93,815.7116000000001,0.0,2988.923,209.0,69.239546,0.0,0.0,1.0,72.145921,0.0,4.0,48.0,135.64250800000002,77.0,87.293112,192.01,0.0,52.0,15.8309,-16.99,-8.525221,1,4.0,Medium
0.0,0.0,0.0,0.0,0.0,0.0,6.0,0.0,0.0,0.0,0.0,0.0,0.0,0.0,0.0,5.0,3.0,0.0,0.0,8.0,0.0,0.0,0.0,0.0,0.0,0.0,0.0,0.0,22.0,1180.0,2602.903609,11.0,149.0,49.0,92.359186,747.88,786.6482000000001,0.0,2922.736,204.0,65.828999,0.0,0.0,3.0,76.17986400000001,0.0,6.0,49.0,131.11193500000002,70.0,87.822294,186.18,0.0,55.0,7.2115,-17.82,-8.54636,1,4.0,Medium
5.0,0.0,0.0,0.0,0.0,0.0,0.0,0.0,0.0,0.0,0.0,0.0,0.0,0.0,0.0,6.0,3.0,0.0,0.0,0.0,0.0,0.0,8.0,0.0,0.0,0.0,0.0,0.0,22.0,1352.0,2975.2356170000003,11.0,171.0,50.0,122.780709,879.67,919.2773,0.0,3413.611,231.0,76.53361100000001,0.0,0.0,2.0,59.695981,0.0,5.0,50.0,151.553297,92.0,106.265168,228.160895,0.0,60.0,22.7787,-16.37,-8.566402,1,4.0,Medium
4.0,0.0,0.0,0.0,0.0,0.0,5.0,0.0,0.0,10.0,0.0,0.0,0.0,0.0,0.0,0.0,2.0,0.0,0.0,0.0,0.0,0.0,0.0,0.0,0.0,0.0,0.0,0.0,21.0,1446.0,3412.9380120000005,19.0,175.0,52.0,121.380629,849.42,955.4079,0.0,3672.442000000001,250.0,84.64072700000001,10.0,10.0,17.0,44.20212,0.0,19.0,52.0,159.07240900000002,84.0,92.247407,224.996326,10.0,75.0,-14.6683,-16.589999999999996,-8.840171,1,4.0,Medium
4.0,0.0,0.0,0.0,0.0,0.0,8.0,0.0,0.0,0.0,0.0,0.0,0.0,0.0,0.0,0.0,2.0,0.0,0.0,0.0,0.0,0.0,7.0,0.0,0.0,0.0,0.0,0.0,21.0,1430.0,3036.528655,12.0,186.0,42.0,137.37985400000002,726.04,991.607,0.0,3574.748,244.0,86.438065,0.0,0.0,10.0,59.633295,0.0,12.0,42.0,163.57104800000002,111.0,108.552786,238.914716,0.0,58.0,17.2993,-15.91,-8.702691,1,1.0,Medium
7.0,0.0,0.0,0.0,0.0,0.0,5.0,0.0,0.0,6.0,0.0,0.0,0.0,0.0,0.0,0.0,3.0,0.0,0.0,0.0,0.0,0.0,0.0,0.0,0.0,0.0,0.0,0.0,21.0,1334.0,3005.9494870000003,18.0,156.0,48.0,119.535148,891.4899999999999,884.3174,0.0,3442.349,229.0,74.393382,6.0,6.0,15.0,39.095189,0.0,18.0,48.0,147.584402,78.0,96.670603,220.880219,6.0,73.0,-12.521,-15.52,-8.778978,1,4.0,Medium
0.0,4.0,0.0,0.0,0.0,0.0,4.0,0.0,0.0,8.0,0.0,0.0,0.0,0.0,0.0,0.0,0.0,0.0,0.0,0.0,0.0,0.0,5.0,0.0,0.0,0.0,0.0,0.0,21.0,1570.0,3664.625699,20.0,200.0,46.0,137.926074,801.1800000000001,1076.2186,0.0,3945.162,270.0,95.824879,8.0,8.0,16.0,48.807303000000005,0.0,20.0,46.0,177.14157999999998,103.0,102.073194,249.04400400000003,8.0,70.0,4.707699999999999,-16.39,-8.809188,1,4.0,Medium
0.0,4.0,0.0,0.0,0.0,0.0,0.0,0.0,0.0,0.0,0.0,0.0,0.0,0.0,0.0,8.0,3.0,0.0,0.0,0.0,0.0,7.0,0.0,0.0,0.0,0.0,0.0,0.0,22.0,1146.0,2665.091402,16.0,137.0,48.0,83.630719,903.69,764.4026,0.0,2912.271,197.0,58.405562,0.0,0.0,1.0,64.293719,0.0,8.0,48.0,127.894011,46.0,90.704778,191.124716,0.0,60.0,8.2499,-16.700000000000003,-8.651489,1,4.0,Medium
0.0,5.0,0.0,0.0,0.0,0.0,0.0,0.0,0.0,0.0,0.0,0.0,0.0,0.0,0.0,3.0,4.0,0.0,0.0,0.0,0.0,0.0,10.0,0.0,0.0,0.0,0.0,0.0,22.0,1388.0,3048.256382,13.0,180.0,42.0,127.231817,846.81,964.3164,0.0,3485.929,237.0,81.221308,0.0,0.0,1.0,60.147957000000005,0.0,10.0,42.0,157.730889,98.0,109.86594,234.280895,0.0,57.0,25.9162,-16.25,-8.599978,1,4.0,Medium
0.0,0.0,0.0,5.0,0.0,0.0,0.0,0.0,0.0,0.0,0.0,0.0,0.0,0.0,0.0,3.0,4.0,0.0,0.0,0.0,0.0,0.0,0.0,9.0,0.0,0.0,0.0,0.0,21.0,1332.0,2814.408968,8.0,179.0,45.0,122.203012,690.51,912.9739,0.0,3264.535,229.0,81.442803,0.0,0.0,1.0,72.935181,0.0,5.0,45.0,149.243601,106.0,108.503197,212.09000000000003,0.0,50.0,22.5232,-16.91,-8.544868,1,4.0,Medium
0.0,0.0,0.0,6.0,0.0,0.0,0.0,0.0,0.0,0.0,0.0,0.0,0.0,0.0,0.0,6.0,4.0,0.0,0.0,0.0,0.0,0.0,0.0,5.0,0.0,0.0,0.0,0.0,21.0,1260.0,2731.909591,12.0,163.0,48.0,109.77808600000002,755.64,846.387,0.0,3104.123,217.0,73.93704899999999,0.0,0.0,2.0,72.34629100000001,0.0,6.0,48.0,139.395372,93.0,99.589577,199.93,0.0,54.0,11.1196,-17.07,-8.646074,1,4.0,Medium
5.0,0.0,0.0,0.0,0.0,0.0,6.0,0.0,0.0,7.0,0.0,0.0,0.0,0.0,0.0,0.0,0.0,0.0,0.0,0.0,0.0,0.0,4.0,0.0,0.0,0.0,0.0,0.0,22.0,1608.0,3678.296446,18.0,202.0,51.0,144.838473,839.13,1093.6926,0.0,4061.658,276.0,96.54186,7.0,7.0,18.0,49.819978000000006,0.0,18.0,51.0,181.192027,107.0,107.799337,259.134022,7.0,74.0,3.1228,-16.93,-8.775918,1,4.0,Medium
0.0,0.0,0.0,0.0,0.0,0.0,6.0,0.0,0.0,7.0,0.0,0.0,0.0,0.0,0.0,0.0,4.0,0.0,0.0,0.0,0.0,0.0,4.0,0.0,0.0,0.0,0.0,0.0,21.0,1420.0,3277.3689380000005,13.0,184.0,49.0,118.033562,729.95,950.6281,0.0,3512.7380000000003,246.0,86.960163,7.0,7.0,9.0,62.63919800000001,0.0,13.0,49.0,157.247498,96.0,92.669097,215.143127,7.0,62.0,-0.0350000000000001,-17.39,-8.823956,1,4.0,Medium
0.0,0.0,0.0,0.0,0.0,0.0,4.0,0.0,0.0,8.0,0.0,0.0,0.0,0.0,0.0,0.0,4.0,0.0,0.0,0.0,0.0,0.0,6.0,0.0,0.0,0.0,0.0,0.0,22.0,1524.0,3573.375166,12.0,200.0,52.0,125.298056,761.04,1024.8064,0.0,3765.112,264.0,94.040078,8.0,8.0,8.0,65.341182,0.0,12.0,52.0,169.336204,102.0,98.324208,230.429288,8.0,64.0,6.349400000000001,-18.18,-8.839633,1,3.0,Medium
5.0,0.0,0.0,0.0,0.0,0.0,5.0,0.0,0.0,7.0,0.0,0.0,0.0,0.0,0.0,0.0,7.0,0.0,0.0,0.0,0.0,0.0,0.0,0.0,0.0,0.0,0.0,0.0,24.0,1406.0,3189.1833010000005,17.0,166.0,55.0,118.24025000000002,984.1,915.7369,0.0,3593.571,243.0,78.15160300000001,7.0,7.0,10.0,53.992343,0.0,17.0,55.0,152.92337200000003,80.0,102.214744,224.594022,7.0,77.0,-17.349800000000002,-18.47,-8.772228,1,4.0,Medium
0.0,4.0,0.0,0.0,0.0,0.0,6.0,0.0,0.0,0.0,0.0,0.0,0.0,0.0,0.0,0.0,3.0,0.0,0.0,0.0,0.0,0.0,8.0,0.0,0.0,0.0,0.0,0.0,21.0,1400.0,2994.274885,14.0,183.0,38.0,132.79178,742.1899999999999,977.9574,0.0,3495.677,239.0,84.68824599999999,0.0,0.0,7.0,59.747491,0.0,14.0,38.0,160.316732,107.0,107.738454,233.994716,0.0,56.0,18.5551,-15.83,-8.705968,1,2.0,Medium
6.0,0.0,0.0,0.0,0.0,0.0,0.0,0.0,0.0,0.0,0.0,0.0,0.0,0.0,0.0,4.0,2.0,0.0,0.0,0.0,0.0,0.0,10.0,0.0,0.0,0.0,0.0,0.0,22.0,1444.0,3178.81718,10.0,186.0,48.0,134.856234,853.02,997.2898,0.0,3645.51,246.0,83.87437599999998,0.0,0.0,4.0,57.132396,0.0,6.0,48.0,164.324926,102.0,112.767868,246.19707400000004,0.0,60.0,30.074,-16.04,-8.558953,1,3.0,Medium
0.0,0.0,6.0,0.0,0.0,0.0,0.0,0.0,0.0,0.0,0.0,0.0,0.0,0.0,0.0,4.0,3.0,0.0,0.0,0.0,0.0,0.0,8.0,0.0,0.0,0.0,0.0,0.0,21.0,1344.0,2934.125315,16.0,171.0,40.0,127.10541,857.3499999999999,934.342,0.0,3398.211,229.0,77.76520199999999,0.0,0.0,3.0,52.907883,0.0,12.0,40.0,152.446052,95.0,114.973782,229.463766,0.0,58.0,22.1307,-15.25,-8.708478,1,4.0,Medium
4.0,0.0,0.0,0.0,0.0,0.0,0.0,0.0,0.0,6.0,0.0,0.0,0.0,0.0,0.0,0.0,4.0,0.0,0.0,0.0,0.0,0.0,8.0,0.0,0.0,0.0,0.0,0.0,22.0,1488.0,3457.880416,10.0,192.0,50.0,127.84086,826.5,1009.4866,0.0,3738.728,256.0,88.768998,6.0,6.0,6.0,55.004096,0.0,10.0,50.0,167.02134800000002,96.0,104.867262,238.421682,6.0,64.0,15.4684,-16.86,-8.778288,1,1.0,Medium
0.0,0.0,0.0,5.0,0.0,0.0,0.0,0.0,0.0,0.0,0.0,0.0,0.0,0.0,0.0,7.0,2.0,0.0,0.0,0.0,0.0,0.0,8.0,0.0,0.0,0.0,0.0,0.0,22.0,1456.0,3281.030269,12.0,194.0,51.0,125.761214,770.07,996.4751,0.0,3570.934,250.0,87.91951399999999,0.0,0.0,3.0,77.60866000000001,0.0,5.0,51.0,164.249179,109.0,105.889168,232.14,0.0,56.0,25.2594,-17.86,-8.5470705,1,4.0,Medium
0.0,0.0,0.0,0.0,0.0,0.0,6.0,0.0,0.0,0.0,0.0,0.0,0.0,0.0,0.0,4.0,5.0,0.0,6.0,0.0,0.0,0.0,0.0,0.0,0.0,0.0,0.0,0.0,21.0,1080.0,2180.7719450000004,10.0,135.0,46.0,97.18174,729.01,712.2454,0.0,2678.361,187.0,60.81073,0.0,0.0,1.0,68.409043,0.0,6.0,46.0,116.454824,77.0,90.845534,170.01,0.0,52.0,1.939500000000001,-16.990000000000002,-8.609583,1,4.0,Medium
0.0,0.0,0.0,5.0,0.0,0.0,0.0,0.0,0.0,0.0,0.0,0.0,0.0,0.0,0.0,4.0,6.0,0.0,0.0,0.0,0.0,0.0,0.0,7.0,0.0,0.0,0.0,0.0,22.0,1288.0,2739.368616,9.0,169.0,48.0,113.65859,764.7,867.3167000000001,0.0,3168.23,222.0,76.204242,0.0,0.0,-1.0,75.580978,0.0,5.0,48.0,142.40286400000002,97.0,105.894811,204.26,0.0,53.0,14.6018,-17.74,-8.571007,0,5.0,Low
0.0,0.0,0.0,0.0,4.0,0.0,0.0,0.0,0.0,7.0,0.0,0.0,0.0,0.0,0.0,0.0,3.0,0.0,0.0,0.0,0.0,0.0,7.0,0.0,0.0,0.0,0.0,0.0,21.0,1570.0,3781.602052,11.0,211.0,49.0,124.649116,707.24,1071.7537,0.0,3860.429,271.0,98.124098,7.0,7.0,8.0,65.830026,0.0,11.0,49.0,178.34979,104.0,99.681309,240.223127,7.0,60.0,16.3968,-17.310000000000002,-8.815962,1,3.0,Medium
0.0,0.0,0.0,0.0,0.0,0.0,4.0,0.0,0.0,6.0,0.0,0.0,0.0,0.0,0.0,0.0,3.0,0.0,0.0,0.0,0.0,0.0,8.0,0.0,0.0,0.0,0.0,0.0,21.0,1500.0,3468.1579650000003,10.0,201.0,48.0,127.423102,693.5699999999999,1023.449,0.0,3690.153,259.0,93.936802,6.0,6.0,7.0,65.409827,0.0,10.0,48.0,168.659242,107.0,98.904146,230.226966,6.0,58.0,16.0297,-17.23,-8.771251,1,3.0,Medium
0.0,4.0,0.0,0.0,0.0,0.0,0.0,0.0,0.0,0.0,0.0,0.0,0.0,0.0,0.0,7.0,3.0,0.0,0.0,0.0,0.0,0.0,8.0,0.0,0.0,0.0,0.0,0.0,22.0,1344.0,2967.790773,15.0,171.0,47.0,120.291772,883.46,919.5628,0.0,3373.19,230.0,76.792855,0.0,0.0,1.0,63.09003,0.0,8.0,47.0,150.435663,92.0,104.399,224.164716,0.0,59.0,21.3993,-16.66,-8.6156435,1,4.0,Medium
0.0,0.0,0.0,0.0,0.0,0.0,6.0,0.0,0.0,0.0,0.0,0.0,0.0,0.0,0.0,4.0,2.0,0.0,0.0,0.0,0.0,9.0,0.0,0.0,0.0,0.0,0.0,0.0,21.0,1206.0,2790.672857,10.0,156.0,46.0,86.28967300000001,687.52,816.1804,0.0,2975.952,208.0,67.83282399999999,0.0,0.0,4.0,75.79335400000001,0.0,6.0,46.0,137.530745,59.0,87.89183600000001,191.01,0.0,52.0,13.2162,-16.99,-8.553547,1,4.0,Medium
5.0,0.0,0.0,0.0,0.0,0.0,0.0,0.0,0.0,7.0,7.0,0.0,0.0,0.0,0.0,0.0,0.0,0.0,0.0,0.0,0.0,0.0,3.0,0.0,0.0,0.0,0.0,0.0,22.0,1512.0,3410.683852,12.0,185.0,58.0,140.16170599999998,877.1,1009.7504,0.0,3839.054,260.0,86.525489,7.0,7.0,12.0,46.926626,0.0,12.0,58.0,166.89290700000004,99.0,109.743807,243.094022,7.0,75.0,7.223599999999999,-16.97,-8.700657,1,3.0,Medium
0.0,4.0,0.0,0.0,0.0,0.0,0.0,0.0,0.0,0.0,0.0,0.0,0.0,0.0,0.0,6.0,4.0,0.0,0.0,7.0,0.0,0.0,0.0,0.0,0.0,0.0,0.0,0.0,21.0,1028.0,2302.291675,14.0,121.0,44.0,79.87999400000001,850.76,681.57,0.0,2624.851,177.0,52.08127,0.0,0.0,0.0,58.715489000000005,0.0,8.0,44.0,113.26636,48.0,83.936967,171.994716,0.0,56.0,4.245500000000001,-15.830000000000002,-8.587111,0,5.0,Low
0.0,5.0,0.0,0.0,0.0,0.0,0.0,0.0,0.0,6.0,0.0,0.0,0.0,0.0,0.0,4.0,0.0,0.0,0.0,0.0,0.0,0.0,7.0,0.0,0.0,0.0,0.0,0.0,22.0,1562.0,3644.267797,20.0,198.0,49.0,137.09133300000002,893.74,1072.0564,0.0,3938.482,268.0,92.729942,6.0,6.0,11.0,52.046413,0.0,16.0,49.0,175.84959200000003,100.0,106.745624,253.217861,6.0,70.0,14.4835,-16.77,-8.778339,1,4.0,Medium
4.0,0.0,0.0,0.0,0.0,0.0,4.0,0.0,0.0,8.0,0.0,0.0,0.0,0.0,0.0,0.0,0.0,0.0,0.0,0.0,0.0,0.0,5.0,0.0,0.0,0.0,0.0,0.0,21.0,1570.0,3664.625699,16.0,200.0,50.0,137.926074,789.98,1068.0158,0.0,3949.098,270.0,95.381863,8.0,8.0,16.0,48.807303000000005,0.0,16.0,50.0,176.77457600000002,103.0,102.073194,249.04400400000003,8.0,70.0,6.4156999999999975,-16.39,-8.79839,1,3.0,Medium
0.0,4.0,0.0,0.0,0.0,0.0,0.0,0.0,0.0,0.0,0.0,0.0,0.0,0.0,0.0,8.0,2.0,7.0,0.0,0.0,0.0,0.0,0.0,0.0,0.0,0.0,0.0,0.0,21.0,1118.0,2441.797709,16.0,134.0,46.0,97.290247,863.5600000000001,749.3525999999999,0.0,2841.216,192.0,59.341996,0.0,0.0,2.0,56.749285,0.0,8.0,46.0,122.642304,66.0,87.494778,186.914716,0.0,58.0,9.3388,-15.91,-8.659012,0,5.0,Low
0.0,0.0,0.0,0.0,0.0,0.0,5.0,0.0,0.0,7.0,0.0,0.0,0.0,0.0,0.0,0.0,4.0,0.0,0.0,0.0,0.0,0.0,6.0,0.0,0.0,0.0,0.0,0.0,22.0,1514.0,3505.4264780000003,12.0,199.0,51.0,126.376797,751.81,1020.7184,0.0,3737.1020000000008,262.0,93.470312,7.0,7.0,8.0,66.665882,0.0,12.0,51.0,168.591093,104.0,99.33774,230.393127,7.0,63.0,6.9689,-18.14,-8.818653,1,3.0,Medium
6.0,0.0,0.0,0.0,0.0,0.0,6.0,0.0,0.0,7.0,0.0,0.0,0.0,0.0,0.0,0.0,2.0,0.0,0.0,0.0,0.0,0.0,0.0,0.0,0.0,0.0,0.0,0.0,21.0,1396.0,3175.9964720000003,19.0,166.0,49.0,124.064968,868.1299999999999,928.5607,0.0,3577.172,240.0,79.79494100000001,7.0,7.0,17.0,41.370952,0.0,19.0,49.0,154.717652,84.0,96.664561,226.880201,7.0,74.0,-12.5516,-15.89,-8.797256,1,4.0,Medium
3.0,0.0,0.0,0.0,0.0,0.0,0.0,0.0,0.0,8.0,0.0,0.0,0.0,0.0,0.0,0.0,5.0,0.0,0.0,0.0,0.0,0.0,5.0,0.0,0.0,0.0,0.0,0.0,21.0,1370.0,3253.420642,11.0,173.0,50.0,111.538921,813.73,910.9889,0.0,3448.753,237.0,80.632362,8.0,8.0,6.0,51.220792,0.0,11.0,50.0,151.19215300000002,81.0,92.90607,213.247825,8.0,64.0,2.6965999999999983,-16.48,-8.808009,1,3.0,Medium
0.0,5.0,0.0,0.0,0.0,0.0,0.0,0.0,0.0,7.0,0.0,0.0,0.0,0.0,0.0,7.0,3.0,0.0,0.0,0.0,0.0,0.0,0.0,0.0,0.0,0.0,0.0,0.0,22.0,1308.0,3080.5095390000006,24.0,151.0,53.0,106.508283,1009.59,854.8475,0.0,3354.192,226.0,70.758015,7.0,7.0,9.0,47.918296000000005,0.0,17.0,53.0,141.02662300000003,67.0,90.941059,209.094022,7.0,75.0,-12.6895,-16.97,-8.781656,0,5.0,Low
5.0,0.0,0.0,0.0,0.0,0.0,0.0,0.0,0.0,0.0,0.0,0.0,0.0,0.0,0.0,2.0,3.0,0.0,0.0,0.0,0.0,0.0,12.0,0.0,0.0,0.0,0.0,0.0,22.0,1472.0,3244.393101,7.0,195.0,46.0,136.81840499999998,798.75,1024.1581,0.0,3686.263,251.0,87.824531,0.0,0.0,2.0,60.978421,0.0,5.0,46.0,168.559125,108.0,114.502472,248.320895,0.0,56.0,35.6751,-16.21,-8.46903,1,3.0,Medium
0.0,0.0,0.0,0.0,0.0,0.0,4.0,0.0,0.0,15.0,0.0,0.0,0.0,0.0,0.0,3.0,2.0,0.0,0.0,0.0,0.0,0.0,0.0,0.0,0.0,0.0,0.0,0.0,24.0,1692.0,4171.286544,22.0,210.0,66.0,129.35849,942.36,1103.5907,0.0,4225.401,295.0,101.61264800000002,15.0,15.0,17.0,61.371303,0.0,19.0,66.0,183.191905,95.0,95.610271,245.702415,15.0,85.0,-17.9882,-20.44,-8.839844,1,4.0,Medium
0.0,6.0,0.0,0.0,0.0,0.0,6.0,0.0,0.0,0.0,0.0,0.0,0.0,0.0,0.0,6.0,4.0,0.0,0.0,0.0,0.0,0.0,0.0,0.0,0.0,0.0,0.0,0.0,22.0,1204.0,2526.763008,24.0,138.0,44.0,111.215788,964.58,803.3358000000001,0.0,3092.4300000000003,206.0,63.80063,0.0,0.0,8.0,53.599318,0.0,18.0,44.0,132.058808,76.0,98.206182,205.877074,0.0,68.0,-9.8266,-16.36,-8.76764,0,5.0,Low
6.0,0.0,0.0,0.0,0.0,0.0,0.0,0.0,0.0,6.0,0.0,0.0,0.0,0.0,0.0,4.0,0.0,0.0,0.0,0.0,0.0,0.0,5.0,0.0,0.0,0.0,0.0,0.0,21.0,1458.0,3399.662519,16.0,180.0,52.0,128.47215599999998,881.08,984.421,0.0,3713.418,250.0,84.097779,6.0,6.0,12.0,44.617095,0.0,12.0,52.0,162.98753,89.0,100.76526,238.96404,6.0,70.0,9.7437,-15.73,-8.765287,1,2.0,Medium
0.0,0.0,0.0,5.0,0.0,0.0,0.0,0.0,0.0,0.0,0.0,0.0,0.0,0.0,0.0,6.0,3.0,0.0,0.0,8.0,0.0,0.0,0.0,0.0,0.0,0.0,0.0,0.0,22.0,1192.0,2740.409012,11.0,151.0,50.0,88.627362,763.67,794.5243,0.0,2950.766,206.0,66.110133,0.0,0.0,2.0,76.881544,0.0,5.0,50.0,133.18083,67.0,89.19192,188.18,0.0,55.0,9.6197,-17.82,-8.544969,1,4.0,Medium
0.0,5.0,0.0,0.0,0.0,0.0,0.0,0.0,0.0,0.0,0.0,0.0,0.0,0.0,0.0,5.0,3.0,0.0,0.0,0.0,0.0,8.0,0.0,0.0,0.0,0.0,0.0,0.0,21.0,1108.0,2588.7242370000004,15.0,133.0,42.0,80.803867,847.14,749.312,0.0,2829.684,190.0,56.682604,0.0,0.0,2.0,58.043988,0.0,10.0,42.0,125.723941,41.0,89.240264,187.990895,0.0,57.0,9.2025,-15.54,-8.692289,0,5.0,Low
0.0,6.0,0.0,0.0,0.0,5.0,0.0,0.0,0.0,0.0,5.0,0.0,0.0,0.0,0.0,0.0,5.0,0.0,0.0,0.0,0.0,0.0,0.0,0.0,0.0,0.0,0.0,0.0,21.0,1110.0,2337.0138340000003,17.0,126.0,41.0,103.067688,872.4399999999999,738.4793,0.0,2861.094,190.0,56.717246,0.0,0.0,6.0,48.17948,0.0,17.0,41.0,122.614985,68.0,104.192663,190.747074,0.0,64.0,-9.3226,-15.489999999999998,-8.702793,0,5.0,Low
0.0,0.0,0.0,0.0,5.0,0.0,0.0,0.0,0.0,0.0,0.0,0.0,0.0,0.0,0.0,4.0,3.0,0.0,0.0,0.0,0.0,0.0,9.0,0.0,0.0,0.0,0.0,0.0,21.0,1470.0,3368.7825330000005,9.0,201.0,46.0,122.392202,696.9100000000001,1018.1317,0.0,3590.1360000000004,252.0,90.441161,0.0,0.0,2.0,76.206867,0.0,5.0,46.0,169.03396300000003,108.0,104.495384,235.05,0.0,51.0,31.0948,-16.95,-8.518234,0,5.0,Low
0.0,0.0,6.0,0.0,0.0,0.0,0.0,0.0,0.0,7.0,0.0,0.0,0.0,0.0,0.0,0.0,3.0,0.0,0.0,0.0,0.0,0.0,6.0,0.0,0.0,0.0,0.0,0.0,22.0,1532.0,3560.6068430000005,19.0,193.0,45.0,135.978794,898.4200000000001,1049.8387,0.0,3882.833,263.0,90.988921,7.0,7.0,10.0,46.447907,0.0,19.0,45.0,172.354396,97.0,115.733509,248.806893,7.0,70.0,8.2401,-16.439999999999998,-8.787482,0,5.0,Low
0.0,0.0,0.0,0.0,0.0,0.0,0.0,0.0,0.0,0.0,0.0,0.0,0.0,0.0,0.0,4.0,4.0,0.0,0.0,0.0,0.0,0.0,8.0,0.0,0.0,0.0,5.0,0.0,21.0,1556.0,3883.37026,24.0,192.0,76.0,121.597923,1185.44,992.3442,0.0,3852.66,268.0,89.046313,5.0,5.0,-4.0,68.048468,0.0,0.0,76.0,164.720974,102.0,95.221878,240.313575,5.0,76.0,12.268999999999998,-17.950000000000003,-8.740317,0,7.0,Low
5.0,0.0,0.0,0.0,0.0,0.0,0.0,0.0,0.0,7.0,0.0,0.0,0.0,0.0,3.0,0.0,0.0,0.0,0.0,0.0,0.0,0.0,7.0,0.0,0.0,0.0,0.0,0.0,22.0,1608.0,3805.419526,18.0,205.0,51.0,138.69226500000002,881.58,1101.0369,0.0,4052.646,276.0,96.112923,7.0,7.0,12.0,51.057112,0.0,15.0,51.0,181.566283,101.0,107.99413900000002,259.254022,7.0,71.0,15.4258,-16.81,-8.784853,1,3.0,Medium
0.0,0.0,0.0,0.0,0.0,0.0,6.0,0.0,0.0,0.0,0.0,0.0,0.0,0.0,0.0,0.0,4.0,0.0,0.0,0.0,0.0,0.0,8.0,0.0,0.0,0.0,3.0,0.0,21.0,1536.0,3577.570464,18.0,198.0,60.0,131.019635,932.4,1018.3308,0.0,3781.008,264.0,92.534489,3.0,3.0,2.0,70.113764,0.0,6.0,60.0,168.483084,114.0,101.275888,240.60814500000004,3.0,66.0,13.874399999999998,-17.55,-8.715775,0,5.0,Low
0.0,4.0,0.0,0.0,0.0,0.0,0.0,0.0,0.0,8.0,0.0,0.0,0.0,0.0,0.0,0.0,4.0,0.0,0.0,0.0,0.0,0.0,6.0,0.0,0.0,0.0,0.0,0.0,22.0,1484.0,3507.184214,16.0,188.0,48.0,124.194288,865.04,1003.8428,0.0,3738.696000000001,256.0,88.210118,8.0,8.0,8.0,51.730646,0.0,16.0,48.0,165.46436,90.0,101.077324,234.41400400000003,8.0,68.0,5.157800000000002,-17.020000000000003,-8.821687,1,4.0,Medium
0.0,0.0,0.0,3.0,0.0,0.0,0.0,0.0,0.0,7.0,0.0,0.0,0.0,0.0,0.0,0.0,3.0,0.0,0.0,0.0,0.0,0.0,8.0,0.0,0.0,0.0,0.0,0.0,21.0,1528.0,3633.005444,10.0,205.0,49.0,125.764194,702.8,1041.388,0.0,3760.2440000000006,264.0,95.726458,7.0,7.0,7.0,64.51128600000001,0.0,10.0,49.0,172.1723,105.0,99.41912299999998,233.263127,7.0,59.0,16.580499999999997,-17.27,-8.799241,1,1.0,Medium
0.0,4.0,0.0,0.0,0.0,0.0,0.0,0.0,0.0,0.0,0.0,0.0,0.0,0.0,0.0,5.0,6.0,0.0,0.0,0.0,0.0,6.0,0.0,0.0,0.0,0.0,0.0,0.0,21.0,1016.0,2329.28672,13.0,120.0,43.0,73.064756,858.19,670.7792,0.0,2592.809,175.0,50.655037,0.0,0.0,-2.0,59.79357099999999,0.0,8.0,43.0,112.518177,39.0,85.02606,170.034716,0.0,55.0,2.8186,-15.79,-8.632698,0,5.0,Low
0.0,5.0,0.0,0.0,0.0,0.0,7.0,0.0,0.0,0.0,0.0,0.0,0.0,0.0,0.0,0.0,3.0,0.0,0.0,0.0,0.0,0.0,7.0,0.0,0.0,0.0,0.0,0.0,22.0,1448.0,3075.8943200000003,17.0,186.0,39.0,138.625438,803.37,1009.7729,0.0,3635.263,247.0,86.528763,0.0,0.0,9.0,59.435466000000005,0.0,17.0,39.0,165.57104500000003,109.0,112.451065,244.120895,0.0,61.0,14.2157,-16.41,-8.735229,1,4.0,Medium
0.0,0.0,0.0,0.0,0.0,5.0,0.0,0.0,0.0,0.0,0.0,0.0,0.0,0.0,0.0,4.0,3.0,0.0,9.0,0.0,0.0,0.0,0.0,0.0,0.0,0.0,0.0,0.0,21.0,1080.0,2272.284426,9.0,136.0,46.0,93.588751,696.9100000000001,718.8767,0.0,2678.3810000000003,187.0,59.961072,0.0,0.0,2.0,67.766228,0.0,5.0,46.0,118.032537,71.0,98.246645,170.05,0.0,51.0,7.051200000000001,-16.95,-8.588699,1,4.0,Medium
0.0,4.0,0.0,0.0,0.0,0.0,9.0,0.0,0.0,0.0,0.0,0.0,0.0,0.0,0.0,0.0,3.0,0.0,0.0,0.0,0.0,0.0,6.0,0.0,0.0,0.0,0.0,0.0,22.0,1446.0,3049.145269,17.0,186.0,40.0,138.156835,781.81,1004.0025,0.0,3615.809,247.0,86.915539,0.0,0.0,10.0,62.526075,0.0,17.0,40.0,164.83189900000002,111.0,110.881349,241.084716,0.0,61.0,10.8318,-16.740000000000002,-8.739898,1,4.0,Medium
0.0,4.0,0.0,0.0,0.0,0.0,0.0,0.0,0.0,0.0,6.0,0.0,0.0,0.0,0.0,0.0,2.0,0.0,0.0,9.0,0.0,0.0,0.0,0.0,0.0,0.0,0.0,0.0,21.0,1112.0,2391.905353,8.0,135.0,44.0,96.611592,757.1,751.9872,0.0,2823.245,191.0,58.519724,0.0,0.0,2.0,57.439673,0.0,8.0,44.0,124.739306,62.0,94.536077,185.994716,0.0,56.0,13.3537,-15.829999999999998,-8.58119,1,4.0,Medium
0.0,3.0,0.0,0.0,0.0,0.0,0.0,0.0,0.0,0.0,6.0,0.0,0.0,0.0,0.0,0.0,3.0,9.0,0.0,0.0,0.0,0.0,0.0,0.0,0.0,0.0,0.0,0.0,21.0,1134.0,2343.975492,6.0,141.0,45.0,107.33676599999998,740.49,766.1154,0.0,2854.8990000000003,195.0,62.162085000000005,0.0,0.0,0.0,57.629874,0.0,6.0,45.0,125.27457,78.0,95.394666,187.038537,0.0,54.0,16.4589,-16.08,-8.538254,1,4.0,Medium
0.0,0.0,0.0,4.0,0.0,0.0,0.0,0.0,0.0,8.0,0.0,0.0,0.0,0.0,0.0,0.0,4.0,0.0,0.0,0.0,0.0,0.0,5.0,0.0,0.0,0.0,0.0,0.0,21.0,1466.0,3517.812803,12.0,192.0,50.0,116.92581,734.74,984.1954,0.0,3622.914,254.0,90.227163,8.0,8.0,8.0,62.194735,0.0,12.0,50.0,163.390312,95.0,94.575014,221.219288,8.0,62.0,4.587699999999998,-17.39,-8.850455,1,3.0,Medium
0.0,4.0,0.0,0.0,0.0,0.0,0.0,0.0,0.0,6.0,0.0,0.0,0.0,0.0,0.0,4.0,0.0,0.0,0.0,0.0,0.0,0.0,0.0,7.0,0.0,0.0,0.0,0.0,21.0,1460.0,3291.2111990000003,18.0,185.0,48.0,132.19089,837.0,996.9106,0.0,3674.649,251.0,86.972301,6.0,6.0,10.0,51.096317,0.0,14.0,48.0,162.42962200000002,97.0,105.288065,234.051682,6.0,66.0,12.4104,-16.23,-8.774891,1,4.0,Medium
0.0,4.0,0.0,0.0,0.0,0.0,0.0,0.0,0.0,0.0,0.0,0.0,0.0,0.0,0.0,4.0,7.0,0.0,0.0,0.0,0.0,0.0,7.0,0.0,0.0,0.0,0.0,0.0,22.0,1218.0,2654.269494,12.0,153.0,44.0,106.511388,878.09,822.7234,0.0,3068.675,209.0,67.923993,0.0,0.0,-3.0,62.012444,0.0,8.0,44.0,135.047898,80.0,100.268154,203.284716,0.0,56.0,13.4724,-16.540000000000003,-8.643294,0,5.0,Low
6.0,0.0,0.0,0.0,0.0,0.0,6.0,0.0,0.0,7.0,0.0,0.0,0.0,0.0,0.0,0.0,0.0,0.0,0.0,0.0,0.0,0.0,5.0,0.0,0.0,0.0,0.0,0.0,24.0,1750.0,3987.973421,19.0,220.0,55.0,159.015366,919.37,1193.5477,0.0,4426.592,300.0,104.781772,7.0,7.0,19.0,53.534637,0.0,19.0,55.0,197.698184,117.0,119.180591,284.510201,7.0,80.0,6.214299999999998,-18.26,-8.744473,1,1.0,Medium
5.0,0.0,0.0,0.0,0.0,0.0,0.0,0.0,0.0,7.0,0.0,0.0,0.0,0.0,0.0,4.0,0.0,0.0,0.0,0.0,0.0,0.0,6.0,0.0,0.0,0.0,0.0,0.0,22.0,1560.0,3668.919696,16.0,196.0,55.0,135.268047,893.4100000000001,1054.8796,0.0,3945.354,268.0,91.675224,7.0,7.0,12.0,50.409688,0.0,12.0,55.0,174.428841,97.0,104.850655,251.214022,7.0,72.0,12.3172,-16.85,-8.773369,1,3.0,Medium
0.0,0.0,4.0,0.0,0.0,5.0,0.0,0.0,0.0,0.0,4.0,0.0,0.0,0.0,0.0,0.0,0.0,0.0,0.0,0.0,0.0,0.0,8.0,0.0,0.0,0.0,0.0,0.0,21.0,1472.0,3222.2256880000004,13.0,192.0,42.0,140.75079300000002,733.18,1030.2567,0.0,3672.917,251.0,87.793634,0.0,0.0,9.0,58.838854,0.0,13.0,42.0,169.477185,112.0,124.989629,245.525844,0.0,59.0,24.7662,-15.95,-8.661783,2,0.0,High
0.0,6.0,0.0,0.0,0.0,0.0,6.0,0.0,0.0,0.0,0.0,0.0,0.0,0.0,0.0,0.0,4.0,0.0,0.0,0.0,0.0,5.0,0.0,0.0,0.0,0.0,0.0,0.0,21.0,1182.0,2577.5884830000005,18.0,142.0,36.0,100.993907,816.9,809.478,0.0,3022.562,202.0,64.18002999999999,0.0,0.0,8.0,52.897104,0.0,18.0,36.0,134.86663700000005,63.0,96.464292,202.907074,0.0,60.0,-0.8936000000000011,-15.329999999999998,-8.762975,0,5.0,Low
0.0,0.0,0.0,0.0,0.0,0.0,5.0,0.0,0.0,0.0,0.0,0.0,0.0,0.0,0.0,6.0,5.0,0.0,0.0,0.0,0.0,0.0,5.0,0.0,0.0,0.0,0.0,0.0,21.0,1212.0,2615.51886,11.0,156.0,48.0,104.407401,765.03,808.9063,0.0,2988.903,209.0,70.26687,0.0,0.0,0.0,71.974784,0.0,5.0,48.0,133.14430099999998,88.0,91.882155,191.97000000000003,0.0,53.0,10.011499999999998,-17.029999999999998,-8.595019,1,4.0,Medium
0.0,0.0,0.0,4.0,4.0,0.0,0.0,0.0,0.0,0.0,0.0,0.0,0.0,0.0,0.0,0.0,4.0,0.0,0.0,0.0,0.0,0.0,10.0,0.0,0.0,0.0,0.0,0.0,22.0,1588.0,3620.963394,8.0,220.0,44.0,135.181908,669.44,1109.8436,0.0,3869.696,272.0,100.07957,0.0,0.0,4.0,79.812018,0.0,8.0,44.0,184.546884,122.0,114.668356,254.3,0.0,52.0,32.261399999999995,-17.700000000000003,-8.567908,1,3.0,Medium
6.0,0.0,0.0,0.0,0.0,0.0,0.0,0.0,0.0,0.0,0.0,0.0,0.0,0.0,0.0,5.0,3.0,0.0,0.0,0.0,0.0,0.0,8.0,0.0,0.0,0.0,0.0,0.0,22.0,1360.0,2982.680461,11.0,171.0,49.0,125.269646,887.0799999999999,927.1946,0.0,3450.096,232.0,76.717383,0.0,0.0,3.0,56.301932,0.0,6.0,49.0,153.037935,92.0,108.131336,232.157074,0.0,61.0,22.4501,-16.08,-8.594352,1,3.0,Medium
0.0,5.0,0.0,0.0,0.0,0.0,0.0,0.0,0.0,7.0,0.0,0.0,0.0,0.0,0.0,4.0,5.0,0.0,0.0,0.0,0.0,0.0,0.0,0.0,0.0,0.0,0.0,0.0,21.0,1208.0,2839.9222050000003,21.0,139.0,48.0,97.283537,950.26,786.6791,0.0,3105.873,209.0,65.11824399999999,7.0,7.0,7.0,44.145759,0.0,17.0,48.0,130.073438,60.0,86.177419,193.004022,7.0,70.0,-15.1389,-16.06,-8.761584,0,5.0,Low
4.0,4.0,0.0,0.0,0.0,0.0,0.0,0.0,0.0,7.0,0.0,0.0,0.0,0.0,0.0,0.0,0.0,0.0,0.0,0.0,0.0,0.0,6.0,0.0,0.0,0.0,0.0,0.0,21.0,1532.0,3573.782848,19.0,190.0,45.0,138.645592,880.31,1053.9755,0.0,3920.730000000001,262.0,90.052851,7.0,7.0,15.0,36.833492,0.0,19.0,45.0,173.864728,94.0,106.721279,255.032559,7.0,72.0,9.5254,-15.15,-8.789263,1,3.0,Medium
0.0,5.0,0.0,0.0,0.0,0.0,0.0,0.0,0.0,0.0,0.0,0.0,0.0,0.0,0.0,8.0,2.0,0.0,0.0,0.0,0.0,7.0,0.0,0.0,0.0,0.0,0.0,0.0,22.0,1178.0,2734.094223,18.0,140.0,47.0,88.687396,920.3,792.0254,0.0,3006.86,202.0,60.211621,0.0,0.0,3.0,61.088914,0.0,10.0,47.0,132.254477,48.0,93.088826,199.080895,0.0,62.0,8.67,-16.45,-8.696098,1,4.0,Medium
0.0,0.0,0.0,0.0,0.0,0.0,5.0,0.0,0.0,0.0,0.0,0.0,0.0,0.0,0.0,4.0,3.0,10.0,0.0,0.0,0.0,0.0,0.0,0.0,0.0,0.0,0.0,0.0,22.0,1222.0,2617.138349,9.0,158.0,48.0,105.507017,723.21,824.1957,0.0,3016.957,211.0,70.70178100000001,0.0,0.0,2.0,73.32847100000001,0.0,5.0,48.0,135.439131,85.0,90.321145,193.26,0.0,53.0,14.418399999999998,-17.740000000000002,-8.465228,1,4.0,Medium
0.0,4.0,0.0,0.0,0.0,0.0,0.0,0.0,0.0,6.0,0.0,0.0,0.0,0.0,0.0,0.0,3.0,8.0,0.0,0.0,0.0,0.0,0.0,0.0,0.0,0.0,0.0,0.0,21.0,1268.0,2941.6352530000004,14.0,157.0,44.0,105.781534,797.5699999999999,855.3014,0.0,3214.8730000000005,219.0,72.652034,6.0,6.0,7.0,48.581771,0.0,14.0,44.0,140.85488600000002,71.0,88.360238,202.211682,6.0,62.0,3.5077,-16.07,-8.791258,1,4.0,Medium
0.0,6.0,0.0,0.0,0.0,0.0,0.0,0.0,0.0,5.0,0.0,0.0,0.0,0.0,0.0,0.0,3.0,0.0,0.0,0.0,0.0,0.0,0.0,7.0,0.0,0.0,0.0,0.0,21.0,1376.0,3029.485686,17.0,172.0,41.0,127.779406,844.78,944.5853,0.0,3498.272,236.0,80.704972,5.0,5.0,8.0,45.056602,0.0,17.0,41.0,153.94070800000003,90.0,107.302404,227.127879,5.0,64.0,8.449300000000001,-15.490000000000002,-8.760497,1,4.0,Medium
0.0,0.0,5.0,0.0,0.0,0.0,0.0,0.0,0.0,0.0,0.0,0.0,0.0,0.0,0.0,4.0,5.0,0.0,0.0,0.0,0.0,0.0,8.0,0.0,0.0,0.0,0.0,0.0,22.0,1334.0,2909.5498580000003,14.0,170.0,43.0,122.582754,880.87,917.3062,0.0,3360.6500000000005,228.0,76.564315,0.0,0.0,0.0,59.317493,0.0,10.0,43.0,149.979433,93.0,114.038013,224.804805,0.0,58.0,20.2428,-16.29,-8.671358,0,6.0,Low
0.0,5.0,0.0,0.0,0.0,0.0,0.0,0.0,0.0,6.0,6.0,0.0,0.0,0.0,0.0,0.0,0.0,0.0,0.0,0.0,0.0,0.0,4.0,0.0,0.0,0.0,0.0,0.0,21.0,1456.0,3276.613106,16.0,180.0,49.0,135.692593,841.9000000000001,989.2782,0.0,3688.012,250.0,84.48943700000001,6.0,6.0,11.0,45.529478,0.0,16.0,49.0,162.18313600000002,97.0,106.329306,235.927861,6.0,70.0,8.637799999999999,-16.06,-8.7393675,1,3.0,Medium
0.0,0.0,5.0,0.0,0.0,0.0,0.0,0.0,0.0,7.0,0.0,0.0,0.0,0.0,0.0,3.0,0.0,0.0,0.0,0.0,0.0,0.0,7.0,0.0,0.0,0.0,0.0,0.0,22.0,1620.0,3793.639262,20.0,207.0,49.0,143.714996,887.1800000000001,1114.4383,0.0,4078.732,278.0,97.551724,7.0,7.0,12.0,50.730298000000005,0.0,17.0,49.0,182.67458800000003,106.0,115.718586,260.817932,7.0,71.0,15.3568,-16.81,-8.756178,1,3.0,Medium
6.0,0.0,0.0,0.0,0.0,0.0,0.0,0.0,0.0,0.0,0.0,0.0,0.0,0.0,0.0,5.0,2.0,0.0,0.0,0.0,0.0,0.0,9.0,0.0,0.0,0.0,0.0,0.0,22.0,1414.0,3111.527809,11.0,180.0,49.0,131.34681,873.25,971.0696,0.0,3577.347,241.0,81.051646,0.0,0.0,4.0,56.811786,0.0,6.0,49.0,160.073469,98.0,110.708542,241.157074,0.0,61.0,26.8499,-16.08,-8.576137,1,3.0,Medium
0.0,4.0,0.0,0.0,0.0,0.0,0.0,0.0,0.0,0.0,0.0,0.0,0.0,0.0,0.0,6.0,2.0,0.0,0.0,0.0,0.0,0.0,0.0,9.0,0.0,0.0,0.0,0.0,21.0,1292.0,2685.843403,14.0,165.0,44.0,124.43679000000002,823.1,889.0260000000001,0.0,3244.055,221.0,74.850743,0.0,0.0,2.0,58.984283,0.0,8.0,44.0,143.782316,95.0,108.566669,215.994716,0.0,56.0,22.1902,-15.829999999999998,-8.612005,0,5.0,Low
6.0,0.0,0.0,0.0,0.0,0.0,0.0,0.0,0.0,0.0,0.0,0.0,0.0,0.0,0.0,5.0,3.0,8.0,0.0,0.0,0.0,0.0,0.0,0.0,0.0,0.0,0.0,0.0,22.0,1168.0,2522.348701,11.0,139.0,49.0,104.731846,887.0799999999999,780.0106000000001,0.0,3001.232,200.0,61.262575,0.0,0.0,3.0,53.084412,0.0,6.0,49.0,129.105423,68.0,94.834312,200.157074,0.0,61.0,11.119699999999998,-16.08,-8.62242,1,4.0,Medium
0.0,0.0,0.0,0.0,0.0,0.0,6.0,0.0,0.0,0.0,0.0,0.0,0.0,0.0,0.0,6.0,2.0,8.0,0.0,0.0,0.0,0.0,0.0,0.0,0.0,0.0,0.0,0.0,22.0,1252.0,2683.193106,12.0,160.0,50.0,108.955238,754.28,841.415,0.0,3094.04,216.0,72.183572,0.0,0.0,4.0,73.68946,0.0,6.0,50.0,138.247772,88.0,91.222518,198.14,0.0,56.0,11.5208,-17.86,-8.580862,1,4.0,Medium
0.0,0.0,0.0,0.0,0.0,0.0,10.0,0.0,0.0,0.0,0.0,0.0,0.0,0.0,0.0,4.0,4.0,0.0,0.0,0.0,0.0,0.0,6.0,0.0,0.0,0.0,0.0,0.0,24.0,1512.0,3216.7432580000004,14.0,198.0,52.0,136.576758,811.8399999999999,1027.4022,0.0,3717.108,260.0,91.211328,0.0,0.0,6.0,82.70971,0.0,10.0,52.0,169.056678,118.0,111.532446,240.48,0.0,62.0,12.4168,-19.52,-8.604854,1,2.0,Medium
0.0,0.0,0.0,0.0,0.0,0.0,5.0,0.0,0.0,6.0,0.0,0.0,0.0,0.0,0.0,0.0,3.0,0.0,0.0,0.0,0.0,0.0,0.0,8.0,0.0,0.0,0.0,0.0,22.0,1522.0,3348.8900710000007,11.0,202.0,50.0,136.194687,724.31,1034.5807,0.0,3750.185,263.0,95.052483,6.0,6.0,8.0,67.726637,0.0,11.0,50.0,169.207423,113.0,108.537331,233.396966,6.0,61.0,12.5492,-18.06,-8.751366,1,1.0,Medium
0.0,0.0,0.0,0.0,0.0,0.0,5.0,0.0,0.0,7.0,0.0,0.0,0.0,0.0,0.0,0.0,3.0,7.0,0.0,0.0,0.0,0.0,0.0,0.0,0.0,0.0,0.0,0.0,22.0,1400.0,3231.483536,12.0,180.0,51.0,114.483386,737.98,935.8074,0.0,3471.597,243.0,84.28161800000001,7.0,7.0,9.0,64.360406,0.0,12.0,51.0,154.685679,89.0,90.28005,211.393127,7.0,63.0,1.4545999999999992,-18.14,-8.816029,1,3.0,Medium
0.0,0.0,0.0,0.0,0.0,0.0,6.0,0.0,0.0,0.0,0.0,0.0,0.0,0.0,0.0,5.0,5.0,0.0,0.0,6.0,0.0,0.0,0.0,0.0,0.0,0.0,0.0,0.0,22.0,1132.0,2464.974733,11.0,141.0,49.0,88.846386,775.54,744.9721999999999,0.0,2808.504,196.0,62.234935,0.0,0.0,1.0,75.294624,0.0,6.0,49.0,124.111935,68.0,86.71272400000001,178.18,0.0,55.0,2.0279,-17.82,-8.592124,1,4.0,Medium
0.0,0.0,0.0,0.0,0.0,0.0,5.0,0.0,0.0,0.0,0.0,0.0,0.0,0.0,0.0,5.0,4.0,0.0,0.0,0.0,0.0,0.0,7.0,0.0,0.0,0.0,0.0,0.0,21.0,1296.0,2811.655579,10.0,171.0,47.0,113.993989,730.97,879.0015000000001,0.0,3184.317,223.0,77.42386299999998,0.0,0.0,1.0,72.80524799999999,0.0,5.0,47.0,144.43129199999998,98.0,96.518687,206.01,0.0,52.0,17.635399999999997,-16.99,-8.566519,0,5.0,Low
0.0,4.0,0.0,0.0,0.0,0.0,0.0,0.0,0.0,6.0,0.0,0.0,0.0,0.0,0.0,0.0,4.0,7.0,0.0,0.0,0.0,0.0,0.0,0.0,0.0,0.0,0.0,0.0,21.0,1238.0,2870.3293750000003,14.0,152.0,44.0,102.271595,811.4,829.8244,0.0,3143.73,214.0,70.249622,6.0,6.0,6.0,48.474107,0.0,14.0,44.0,136.81091600000002,68.0,87.44516,197.211682,6.0,62.0,0.5242000000000004,-16.07,-8.784685,0,5.0,Low
0.0,0.0,0.0,0.0,0.0,0.0,6.0,0.0,0.0,0.0,0.0,0.0,0.0,0.0,0.0,5.0,3.0,7.0,0.0,0.0,0.0,0.0,0.0,0.0,0.0,0.0,0.0,0.0,21.0,1170.0,2494.415848,11.0,149.0,47.0,101.356033,721.58,783.0792,0.0,2892.754,202.0,67.164455,0.0,0.0,3.0,70.187747,0.0,6.0,47.0,128.818771,82.0,86.57956,184.97,0.0,53.0,8.4393,-17.03,-8.59491,1,4.0,Medium
0.0,6.0,0.0,0.0,0.0,0.0,6.0,0.0,0.0,0.0,0.0,0.0,0.0,0.0,0.0,6.0,3.0,0.0,0.0,0.0,0.0,0.0,0.0,0.0,0.0,0.0,0.0,0.0,21.0,1176.0,2470.849605,24.0,135.0,42.0,109.694262,924.45,788.1318,0.0,3021.375,201.0,62.695458,0.0,0.0,9.0,50.394513,0.0,18.0,42.0,129.457854,75.0,94.996182,201.667074,0.0,66.0,-8.748899999999999,-15.57,-8.785322,0,5.0,Low
0.0,0.0,0.0,4.0,0.0,0.0,0.0,0.0,0.0,6.0,0.0,0.0,0.0,0.0,0.0,0.0,4.0,0.0,0.0,0.0,0.0,0.0,7.0,0.0,0.0,0.0,0.0,0.0,21.0,1470.0,3468.509005,10.0,196.0,48.0,120.572382,707.4,998.042,0.0,3619.01,254.0,91.229059,6.0,6.0,6.0,65.468185,0.0,10.0,48.0,165.314304,101.0,98.36495200000002,225.226966,6.0,58.0,13.1903,-17.23,-8.786119,1,1.0,Medium
0.0,0.0,0.0,0.0,0.0,0.0,6.0,0.0,0.0,7.0,0.0,0.0,0.0,0.0,0.0,3.0,6.0,0.0,0.0,0.0,0.0,0.0,0.0,0.0,0.0,0.0,0.0,0.0,22.0,1304.0,3002.5668800000003,16.0,160.0,54.0,102.949652,844.5999999999999,843.2965000000002,0.0,3252.053,227.0,75.262882,7.0,7.0,7.0,64.372319,0.0,13.0,54.0,140.058547,79.0,87.12391299999999,195.233127,7.0,67.0,-15.1848,-18.3,-8.798329,0,5.0,Low
0.0,8.0,0.0,0.0,0.0,0.0,0.0,0.0,0.0,0.0,5.0,0.0,0.0,0.0,0.0,0.0,3.0,0.0,0.0,0.0,0.0,0.0,5.0,0.0,0.0,0.0,0.0,0.0,21.0,1264.0,2637.967991,16.0,152.0,39.0,126.645647,883.46,871.8664,0.0,3250.697,215.0,69.256389,0.0,0.0,5.0,43.357075,0.0,16.0,39.0,142.329272,87.0,109.865764,221.859432,0.0,63.0,11.8771,-14.79,-8.737267,1,4.0,Medium
0.0,0.0,0.0,0.0,0.0,0.0,4.0,0.0,0.0,8.0,0.0,0.0,0.0,0.0,0.0,0.0,4.0,0.0,0.0,0.0,0.0,0.0,5.0,0.0,0.0,0.0,0.0,0.0,21.0,1442.0,3388.614415,12.0,188.0,50.0,117.699366,734.74,965.7274,0.0,3566.806,250.0,88.600643,8.0,8.0,8.0,61.626523,0.0,12.0,50.0,159.69971600000002,95.0,92.537002,217.219288,8.0,62.0,3.0272999999999985,-17.39,-8.839907,1,3.0,Medium
0.0,6.0,0.0,0.0,0.0,0.0,0.0,0.0,0.0,0.0,0.0,0.0,0.0,0.0,0.0,5.0,4.0,0.0,6.0,0.0,0.0,0.0,0.0,0.0,0.0,0.0,0.0,0.0,21.0,1044.0,2143.0434940000005,17.0,120.0,41.0,98.093828,891.4100000000001,698.4548000000001,0.0,2697.8250000000003,179.0,53.577323,0.0,0.0,2.0,48.182483000000005,0.0,12.0,41.0,113.431135,61.0,95.493088,179.947074,0.0,59.0,1.3278000000000008,-15.29,-8.697687,1,4.0,Medium
5.0,0.0,0.0,0.0,0.0,0.0,0.0,0.0,0.0,0.0,0.0,0.0,0.0,0.0,0.0,7.0,2.0,0.0,0.0,0.0,0.0,0.0,8.0,0.0,0.0,0.0,0.0,0.0,22.0,1376.0,3036.793594,12.0,174.0,51.0,125.34844900000002,886.07,936.9321,0.0,3472.699,235.0,78.045144,0.0,0.0,3.0,59.885225000000005,0.0,5.0,51.0,154.337374,94.0,106.783048,232.120895,0.0,61.0,23.9544,-16.41,-8.574612,0,5.0,Low
0.0,0.0,0.0,0.0,4.0,0.0,0.0,0.0,0.0,6.0,0.0,0.0,0.0,0.0,0.0,0.0,3.0,0.0,0.0,0.0,0.0,0.0,8.0,0.0,0.0,0.0,0.0,0.0,21.0,1572.0,3756.950153,10.0,213.0,48.0,126.472402,693.5699999999999,1078.677,0.0,3858.477,271.0,98.625046,6.0,6.0,7.0,67.466751,0.0,10.0,48.0,179.311786,107.0,101.576278,242.226966,6.0,58.0,20.6981,-17.23,-8.7711115,1,2.0,Medium
5.0,0.0,0.0,0.0,0.0,0.0,0.0,0.0,0.0,8.0,0.0,0.0,0.0,0.0,0.0,5.0,4.0,0.0,0.0,0.0,0.0,0.0,0.0,0.0,0.0,0.0,0.0,0.0,22.0,1312.0,3110.8928320000005,18.0,152.0,57.0,105.626681,982.63,846.2361,0.0,3370.139,227.0,71.014494,8.0,8.0,9.0,46.412937,0.0,13.0,57.0,141.073252,66.0,90.587536,208.170183,8.0,75.0,-12.8074,-16.97,-8.77361,1,4.0,Medium
0.0,0.0,5.0,0.0,0.0,0.0,0.0,0.0,0.0,0.0,6.0,0.0,0.0,0.0,0.0,0.0,4.0,0.0,0.0,0.0,0.0,0.0,6.0,0.0,0.0,0.0,0.0,0.0,21.0,1282.0,2670.742515,10.0,161.0,43.0,127.261178,815.2,878.403,0.0,3237.431,219.0,72.658073,0.0,0.0,1.0,53.310412,0.0,10.0,43.0,143.348511,96.0,116.198901,216.514805,0.0,58.0,18.7969,-15.58,-8.652588,1,4.0,Medium
5.0,0.0,0.0,0.0,0.0,0.0,0.0,0.0,0.0,0.0,0.0,0.0,0.0,0.0,0.0,3.0,3.0,0.0,0.0,0.0,0.0,10.0,0.0,0.0,0.0,0.0,0.0,0.0,21.0,1120.0,2656.042979,8.0,137.0,45.0,78.350821,792.68,754.6589,0.0,2858.714,192.0,57.327276,0.0,0.0,2.0,59.120722,0.0,5.0,45.0,128.54233,37.0,90.03466,190.070895,0.0,55.0,14.949899999999998,-15.46,-8.579043,1,4.0,Medium
0.0,0.0,0.0,0.0,0.0,0.0,4.0,0.0,0.0,0.0,0.0,0.0,0.0,0.0,0.0,5.0,4.0,0.0,0.0,0.0,0.0,0.0,0.0,0.0,0.0,8.0,0.0,0.0,21.0,1500.0,3145.96116,9.0,206.0,47.0,155.239742,726.53,1038.3168,0.0,3659.239,257.0,95.039769,0.0,0.0,0.0,67.998577,0.0,4.0,47.0,167.460719,139.0,144.608876,240.05,0.0,51.0,34.9532,-16.95,-8.515484,0,5.0,Low
7.0,0.0,0.0,0.0,0.0,0.0,5.0,0.0,0.0,7.0,0.0,0.0,0.0,0.0,0.0,0.0,0.0,0.0,0.0,0.0,0.0,0.0,5.0,0.0,0.0,0.0,0.0,0.0,24.0,1740.0,3971.425683,19.0,217.0,55.0,158.739424,942.57,1186.2561,0.0,4420.972,298.0,103.213528,7.0,7.0,19.0,50.132003,0.0,19.0,55.0,196.638472,114.0,119.86887,285.50638000000004,7.0,81.0,6.343399999999999,-17.97,-8.749291,1,1.0,Medium
0.0,4.0,0.0,0.0,0.0,0.0,6.0,0.0,0.0,0.0,0.0,0.0,0.0,0.0,0.0,0.0,0.0,5.0,0.0,0.0,0.0,0.0,6.0,0.0,0.0,0.0,0.0,0.0,21.0,1442.0,3093.109579,14.0,190.0,38.0,138.18714699999998,700.7,1017.5924,0.0,3596.8900000000003,246.0,88.03178,0.0,0.0,10.0,59.266103,0.0,14.0,38.0,166.46551399999998,110.0,107.159432,240.994716,0.0,56.0,24.673,-15.83,-8.688958,1,2.0,Medium
6.0,0.0,0.0,0.0,0.0,0.0,0.0,0.0,0.0,0.0,0.0,0.0,0.0,0.0,0.0,3.0,4.0,0.0,0.0,0.0,0.0,0.0,8.0,0.0,0.0,0.0,0.0,0.0,21.0,1284.0,2803.651104,9.0,162.0,45.0,118.61264,834.15,876.681,0.0,3260.865,219.0,72.589145,0.0,0.0,2.0,52.718639,0.0,6.0,45.0,144.868827,87.0,103.885576,220.027074,0.0,57.0,21.1764,-15.21,-8.590813,1,3.0,Medium
0.0,4.0,0.0,0.0,0.0,0.0,0.0,0.0,0.0,6.0,0.0,0.0,0.0,0.0,0.0,0.0,3.0,0.0,0.0,0.0,0.0,0.0,0.0,9.0,0.0,0.0,0.0,0.0,22.0,1488.0,3293.404426,14.0,192.0,46.0,136.07514400000002,823.87,1020.0114,0.0,3735.8,256.0,89.886607,6.0,6.0,7.0,54.29239799999999,0.0,14.0,46.0,166.12003600000003,102.0,112.762811,238.421682,6.0,64.0,14.649299999999998,-16.86,-8.7577095,1,2.0,Medium
0.0,0.0,0.0,5.0,0.0,0.0,0.0,0.0,0.0,0.0,5.0,0.0,0.0,0.0,0.0,0.0,3.0,0.0,0.0,0.0,0.0,0.0,0.0,8.0,0.0,0.0,0.0,0.0,21.0,1362.0,2801.006391,5.0,182.0,47.0,132.037313,662.14,932.9765,0.0,3339.622,234.0,82.90856099999999,0.0,0.0,2.0,71.13866300000001,0.0,5.0,47.0,152.42632600000002,114.0,114.278774,217.01,0.0,52.0,24.1354,-16.99,-8.469737,1,4.0,Medium
0.0,5.0,0.0,0.0,0.0,0.0,0.0,0.0,0.0,0.0,0.0,0.0,0.0,0.0,0.0,4.0,6.0,0.0,0.0,0.0,0.0,6.0,0.0,0.0,0.0,0.0,0.0,0.0,21.0,1024.0,2336.731564,14.0,120.0,41.0,75.55369300000001,868.4000000000001,680.7472,0.0,2628.31,176.0,50.949563000000005,0.0,0.0,-1.0,56.399522,0.0,10.0,41.0,114.094566,39.0,86.892228,174.030895,0.0,56.0,2.062999999999999,-15.5,-8.667796,0,5.0,Low
5.0,0.0,0.0,0.0,0.0,0.0,0.0,0.0,0.0,0.0,0.0,0.0,0.0,0.0,0.0,3.0,2.0,12.0,0.0,0.0,0.0,0.0,0.0,0.0,0.0,0.0,0.0,0.0,22.0,1208.0,2615.453438,8.0,150.0,47.0,108.579445,805.15,821.0369000000001,0.0,3072.0550000000003,207.0,66.153852,0.0,0.0,3.0,56.341385,0.0,5.0,47.0,135.444434,74.0,95.074816,204.280895,0.0,57.0,19.8552,-16.25,-8.518614,1,4.0,Medium
0.0,6.0,0.0,0.0,0.0,0.0,0.0,0.0,0.0,0.0,0.0,0.0,0.0,0.0,0.0,4.0,4.0,7.0,0.0,0.0,0.0,0.0,0.0,0.0,0.0,0.0,0.0,0.0,21.0,1086.0,2333.571443,16.0,128.0,40.0,97.132641,871.18,733.979,0.0,2794.0420000000004,186.0,56.90798199999999,0.0,0.0,2.0,49.582699,0.0,12.0,40.0,120.226928,62.0,90.191354,186.987074,0.0,58.0,5.4762,-15.25,-8.698238,0,5.0,Low
0.0,0.0,0.0,0.0,0.0,0.0,6.0,0.0,0.0,0.0,0.0,0.0,0.0,0.0,0.0,4.0,4.0,0.0,0.0,0.0,0.0,0.0,0.0,7.0,0.0,0.0,0.0,0.0,21.0,1272.0,2607.5077870000005,10.0,167.0,46.0,118.436628,715.1800000000001,861.8914000000001,0.0,3128.233,219.0,76.32946899999999,0.0,0.0,2.0,71.863737,0.0,6.0,46.0,140.51709200000002,101.0,101.833065,202.01,0.0,52.0,14.447,-16.99,-8.581677,1,3.0,Medium
4.0,0.0,0.0,0.0,0.0,0.0,0.0,0.0,0.0,8.0,0.0,0.0,0.0,0.0,0.0,0.0,2.0,0.0,0.0,0.0,0.0,0.0,8.0,0.0,0.0,0.0,0.0,0.0,22.0,1592.0,3764.87891,12.0,206.0,52.0,136.348616,826.18,1083.39,0.0,3997.134,274.0,96.435628,8.0,8.0,10.0,52.750354,0.0,12.0,52.0,179.16842400000002,102.0,106.231736,252.414004,8.0,68.0,15.665399999999998,-17.020000000000003,-8.804789,1,1.0,Medium
4.0,0.0,0.0,0.0,0.0,0.0,0.0,0.0,0.0,0.0,0.0,0.0,0.0,0.0,0.0,5.0,3.0,0.0,0.0,0.0,0.0,0.0,10.0,0.0,0.0,0.0,0.0,0.0,22.0,1404.0,3102.3695150000003,9.0,183.0,49.0,127.31062,831.8,963.8004,0.0,3513.452,240.0,81.99529899999999,0.0,0.0,1.0,63.73125,0.0,4.0,49.0,158.571573,100.0,108.517652,234.244716,0.0,57.0,29.555499999999995,-16.58,-8.490445,0,5.0,Low
0.0,0.0,0.0,0.0,0.0,0.0,4.0,0.0,0.0,0.0,0.0,0.0,0.0,0.0,0.0,4.0,5.0,0.0,0.0,0.0,0.0,0.0,8.0,0.0,0.0,0.0,0.0,0.0,21.0,1284.0,2793.394391,8.0,171.0,46.0,112.170794,720.13,872.358,0.0,3151.2870000000003,221.0,76.983044,0.0,0.0,-1.0,72.92802900000001,0.0,4.0,46.0,143.354322,97.0,96.882244,204.09,0.0,50.0,20.1415,-16.91,-8.526259,0,7.0,Low
0.0,0.0,0.0,0.0,0.0,0.0,4.0,0.0,0.0,8.0,0.0,0.0,0.0,0.0,0.0,0.0,3.0,0.0,0.0,0.0,0.0,0.0,6.0,0.0,0.0,0.0,0.0,0.0,21.0,1496.0,3517.461763,12.0,197.0,50.0,123.77653,720.9100000000001,1009.6024,0.0,3694.057,259.0,92.934906,8.0,8.0,9.0,62.136377,0.0,12.0,50.0,166.73525,101.0,95.114208,226.219288,8.0,62.0,7.427100000000001,-17.39,-8.845258,1,3.0,Medium
0.0,3.0,0.0,0.0,0.0,0.0,5.0,0.0,0.0,0.0,0.0,0.0,0.0,0.0,0.0,0.0,4.0,0.0,0.0,0.0,0.0,0.0,10.0,0.0,0.0,0.0,0.0,0.0,22.0,1462.0,3153.3296040000005,11.0,195.0,41.0,136.078338,747.4399999999999,1020.4249,0.0,3625.452,250.0,89.392336,0.0,0.0,4.0,66.97898,0.0,11.0,41.0,167.29986100000002,113.0,112.023049,241.288537,0.0,55.0,25.1389,-16.83,-8.595012,1,4.0,Medium
0.0,0.0,0.0,0.0,0.0,0.0,5.0,0.0,0.0,7.0,0.0,0.0,0.0,0.0,0.0,0.0,4.0,0.0,0.0,0.0,0.0,0.0,5.0,0.0,0.0,0.0,0.0,0.0,21.0,1432.0,3320.665727,12.0,187.0,49.0,118.778107,725.51,961.6394,0.0,3538.7960000000007,248.0,88.030877,7.0,7.0,8.0,62.951223,0.0,12.0,49.0,158.95460500000002,97.0,93.550534,217.183127,7.0,61.0,3.646799999999997,-17.349999999999998,-8.827567,1,3.0,Medium
0.0,8.0,0.0,0.0,0.0,0.0,6.0,0.0,0.0,0.0,0.0,0.0,0.0,0.0,0.0,0.0,3.0,0.0,0.0,0.0,0.0,0.0,5.0,0.0,0.0,0.0,0.0,0.0,22.0,1394.0,2939.657528,22.0,171.0,36.0,136.308522,890.25,972.0276,0.0,3563.335,237.0,80.014865,0.0,0.0,11.0,48.603514,0.0,22.0,36.0,159.252948,98.0,112.753028,243.029432,0.0,66.0,5.9583999999999975,-15.62,-8.781276,1,3.0,Medium
5.0,0.0,0.0,0.0,0.0,0.0,0.0,0.0,0.0,4.0,0.0,0.0,0.0,0.0,0.0,0.0,5.0,8.0,0.0,0.0,0.0,0.0,0.0,0.0,0.0,0.0,0.0,0.0,22.0,1224.0,2759.5529830000005,9.0,149.0,48.0,103.851981,840.63,813.9712999999999,0.0,3127.031,211.0,67.342865,4.0,4.0,4.0,50.835513,0.0,9.0,48.0,135.210475,68.0,92.589812,200.385539,4.0,62.0,4.788099999999998,-16.45,-8.742687,1,3.0,Medium
0.0,5.0,0.0,0.0,0.0,0.0,0.0,0.0,0.0,0.0,7.0,0.0,0.0,0.0,0.0,0.0,3.0,0.0,7.0,0.0,0.0,0.0,0.0,0.0,0.0,0.0,0.0,0.0,22.0,1154.0,2237.878169,10.0,137.0,46.0,118.943258,836.9,775.737,0.0,2947.772,198.0,61.213739,0.0,0.0,2.0,52.310047,0.0,10.0,46.0,125.579534,81.0,110.29083,195.120895,0.0,61.0,9.3535,-16.41,-8.666214,1,3.0,Medium
0.0,0.0,0.0,0.0,0.0,0.0,5.0,0.0,0.0,0.0,0.0,0.0,0.0,0.0,0.0,4.0,6.0,0.0,0.0,0.0,0.0,0.0,7.0,0.0,0.0,0.0,0.0,0.0,22.0,1300.0,2806.011005,9.0,171.0,48.0,112.947775,764.7,876.5507,0.0,3196.284,224.0,77.017502,0.0,0.0,-1.0,75.820809,0.0,5.0,48.0,144.24816900000002,97.0,99.210807,206.26,0.0,53.0,15.381999999999998,-17.74,-8.553231,0,7.0,Low
5.0,0.0,0.0,0.0,0.0,0.0,5.0,0.0,0.0,0.0,0.0,0.0,0.0,0.0,0.0,0.0,5.0,0.0,0.0,0.0,0.0,0.0,7.0,0.0,0.0,0.0,0.0,0.0,22.0,1364.0,2904.7932020000003,10.0,174.0,44.0,127.9602,808.15,933.792,0.0,3437.797,233.0,79.44789499999999,0.0,0.0,5.0,59.039808,0.0,10.0,44.0,154.45543600000002,99.0,109.059527,230.200895,0.0,59.0,14.9147,-16.330000000000002,-8.685664,1,3.0,Medium
0.0,0.0,0.0,0.0,0.0,0.0,5.0,0.0,0.0,0.0,7.0,0.0,0.0,0.0,0.0,0.0,3.0,0.0,0.0,0.0,0.0,7.0,0.0,0.0,0.0,0.0,0.0,0.0,22.0,1246.0,2698.9072050000004,5.0,159.0,51.0,102.92129699999998,706.9,834.1065000000001,0.0,3078.981,215.0,69.305993,0.0,0.0,2.0,75.391608,0.0,5.0,51.0,139.52864200000002,75.0,100.200681,197.14,0.0,56.0,13.562499999999998,-17.86,-8.454616,1,4.0,Medium
0.0,0.0,4.0,0.0,0.0,0.0,0.0,0.0,0.0,0.0,0.0,0.0,0.0,0.0,0.0,6.0,3.0,0.0,0.0,0.0,0.0,0.0,8.0,0.0,0.0,0.0,0.0,0.0,21.0,1316.0,2896.263549,14.0,169.0,44.0,120.152526,836.93,905.172,0.0,3299.155,225.0,76.17615,0.0,0.0,1.0,59.695981,0.0,8.0,44.0,147.87906,93.0,107.718004,219.645844,0.0,56.0,22.8617,-15.83,-8.628441,0,5.0,Low
0.0,5.0,0.0,0.0,0.0,0.0,6.0,0.0,0.0,7.0,0.0,0.0,0.0,0.0,0.0,0.0,0.0,0.0,0.0,0.0,0.0,0.0,4.0,0.0,0.0,0.0,0.0,0.0,22.0,1608.0,3678.296446,23.0,202.0,46.0,144.838473,853.13,1103.9461,0.0,4056.738,276.0,97.09563,7.0,7.0,18.0,49.819978000000006,0.0,23.0,46.0,181.650782,107.0,107.799337,259.134022,7.0,74.0,0.9878,-16.93,-8.8044815,1,4.0,Medium
5.0,0.0,0.0,0.0,0.0,0.0,5.0,0.0,0.0,0.0,0.0,0.0,0.0,0.0,0.0,0.0,4.0,0.0,0.0,0.0,0.0,0.0,8.0,0.0,0.0,0.0,0.0,0.0,22.0,1418.0,3033.64055,10.0,183.0,44.0,134.03736400000005,794.3199999999999,977.667,0.0,3565.048,242.0,83.782158,0.0,0.0,6.0,59.549662,0.0,10.0,44.0,161.49097,105.0,111.636733,239.200895,0.0,59.0,19.3145,-16.33,-8.654369,2,0.0,High
0.0,0.0,0.0,0.0,0.0,4.0,0.0,0.0,0.0,6.0,0.0,0.0,0.0,0.0,0.0,0.0,3.0,0.0,0.0,0.0,0.0,0.0,0.0,8.0,0.0,0.0,0.0,0.0,21.0,1428.0,3250.2544530000005,10.0,189.0,48.0,121.547038,693.5699999999999,968.045,0.0,3521.829,247.0,87.824998,6.0,6.0,7.0,64.30233899999999,0.0,10.0,48.0,159.311786,99.0,106.433306,218.226966,6.0,58.0,11.3485,-17.23,-8.763044,2,0.0,High
0.0,4.0,0.0,0.0,0.0,0.0,0.0,0.0,0.0,0.0,7.0,0.0,0.0,0.0,0.0,0.0,3.0,0.0,0.0,8.0,0.0,0.0,0.0,0.0,0.0,0.0,0.0,0.0,22.0,1146.0,2432.359762,8.0,138.0,47.0,101.14759099999998,806.46,768.7982,0.0,2910.299,197.0,59.813462,0.0,0.0,1.0,60.030926,0.0,8.0,47.0,127.369828,66.0,99.290762,191.164716,0.0,59.0,11.514,-16.66,-8.592351,1,3.0,Medium
0.0,5.0,0.0,0.0,0.0,0.0,5.0,0.0,0.0,0.0,0.0,0.0,0.0,0.0,0.0,5.0,0.0,0.0,0.0,0.0,0.0,0.0,6.0,0.0,0.0,0.0,0.0,0.0,21.0,1402.0,3027.822336,20.0,177.0,42.0,133.20021000000003,827.8499999999999,973.2405,0.0,3530.0110000000004,239.0,82.119895,0.0,0.0,10.0,56.27136899999999,0.0,15.0,42.0,159.198088,102.0,105.861721,236.790895,0.0,62.0,15.336100000000002,-15.74,-8.765111,0,5.0,Low
0.0,6.0,0.0,0.0,0.0,0.0,0.0,0.0,0.0,0.0,0.0,0.0,0.0,0.0,0.0,5.0,3.0,0.0,0.0,8.0,0.0,0.0,0.0,0.0,0.0,0.0,0.0,0.0,22.0,1120.0,2503.617181,17.0,131.0,43.0,90.703534,903.88,755.2028,0.0,2883.112,192.0,57.084059,0.0,0.0,3.0,55.76406,0.0,12.0,43.0,125.304169,52.0,91.951968,192.157074,0.0,61.0,5.4241,-16.08,-8.691184,0,5.0,Low
5.0,0.0,0.0,0.0,0.0,0.0,0.0,0.0,0.0,0.0,0.0,0.0,0.0,0.0,0.0,0.0,3.0,0.0,0.0,0.0,0.0,0.0,7.0,0.0,0.0,0.0,7.0,0.0,22.0,1770.0,4482.089754,33.0,207.0,86.0,144.357752,1453.95,1121.4908999999998,0.0,4480.435,303.0,98.294601,7.0,7.0,2.0,52.32712,0.0,5.0,86.0,187.565805,109.0,107.752476,285.0899,7.0,96.0,4.324000000000002,-17.810000000000002,-8.645752,0,6.0,Low
0.0,6.0,0.0,0.0,0.0,0.0,0.0,0.0,0.0,0.0,0.0,0.0,0.0,0.0,0.0,5.0,4.0,0.0,0.0,0.0,0.0,0.0,7.0,0.0,0.0,0.0,0.0,0.0,22.0,1306.0,2853.833113,17.0,162.0,43.0,119.192482,917.71,895.6238000000001,0.0,3316.9410000000003,223.0,73.04764399999999,0.0,0.0,2.0,55.792078,0.0,12.0,43.0,146.552907,86.0,105.55413,223.157074,0.0,61.0,15.4883,-16.080000000000002,-8.7297125,0,5.0,Low
5.0,0.0,0.0,0.0,0.0,0.0,4.0,0.0,0.0,7.0,0.0,0.0,0.0,0.0,0.0,0.0,6.0,0.0,0.0,0.0,0.0,0.0,0.0,0.0,0.0,0.0,0.0,0.0,22.0,1308.0,2991.805936,16.0,154.0,51.0,109.864579,913.23,852.4652,0.0,3350.268,226.0,72.67771,7.0,7.0,10.0,47.384904,0.0,16.0,51.0,142.39303700000002,73.0,94.098975,209.214022,7.0,72.0,-15.912400000000002,-16.85,-8.77569,0,5.0,Low
0.0,0.0,0.0,0.0,0.0,0.0,8.0,0.0,0.0,0.0,0.0,0.0,0.0,0.0,0.0,3.0,5.0,0.0,0.0,0.0,0.0,0.0,6.0,0.0,0.0,0.0,0.0,0.0,22.0,1348.0,2872.2573570000004,11.0,177.0,47.0,120.300728,743.96,913.612,0.0,3313.5240000000003,232.0,80.96235300000001,0.0,0.0,3.0,75.715198,0.0,8.0,47.0,150.413839,104.0,101.203028,214.18,0.0,55.0,11.9605,-17.82,-8.610195,1,4.0,Medium
5.0,0.0,0.0,0.0,0.0,0.0,0.0,0.0,0.0,0.0,0.0,0.0,0.0,0.0,0.0,5.0,4.0,0.0,0.0,0.0,0.0,0.0,7.0,0.0,0.0,0.0,0.0,0.0,21.0,1246.0,2728.916889,10.0,156.0,47.0,112.614279,846.97,842.5435,0.0,3156.217,213.0,69.58264299999999,0.0,0.0,1.0,55.792078,0.0,5.0,47.0,139.132732,83.0,99.960082,210.990895,0.0,57.0,18.2809,-15.54,-8.584913,1,4.0,Medium
4.0,0.0,0.0,0.0,0.0,0.0,0.0,0.0,0.0,8.0,0.0,0.0,0.0,0.0,0.0,0.0,0.0,3.0,0.0,0.0,0.0,0.0,7.0,0.0,0.0,0.0,0.0,0.0,22.0,1628.0,3849.949196,12.0,212.0,52.0,140.801269,798.52,1115.946,0.0,4083.312,280.0,99.308601,8.0,8.0,12.0,52.563492,0.0,12.0,52.0,184.2648,105.0,106.399764,258.414004,8.0,68.0,20.2161,-17.020000000000003,-8.799109,1,1.0,Medium
0.0,0.0,0.0,0.0,0.0,0.0,8.0,0.0,0.0,0.0,0.0,0.0,0.0,0.0,0.0,2.0,4.0,0.0,0.0,0.0,0.0,0.0,8.0,0.0,0.0,0.0,0.0,0.0,22.0,1432.0,3068.394076,10.0,192.0,46.0,129.887316,709.9,983.7072,0.0,3508.938,246.0,88.119346,0.0,0.0,4.0,76.545662,0.0,8.0,46.0,161.70083,114.0,105.83956,228.22000000000003,0.0,54.0,19.5844,-17.78,-8.565521,1,4.0,Medium
0.0,0.0,0.0,0.0,0.0,0.0,6.0,0.0,0.0,7.0,0.0,0.0,0.0,0.0,0.0,0.0,4.0,4.0,0.0,0.0,0.0,0.0,0.0,0.0,0.0,0.0,0.0,0.0,21.0,1324.0,3047.2030580000005,13.0,168.0,49.0,107.764662,729.95,877.0361,0.0,3288.306,230.0,79.232759,7.0,7.0,9.0,61.030438,0.0,13.0,49.0,145.28124200000002,84.0,86.02058500000001,199.143127,7.0,62.0,-5.7002,-17.39,-8.814999,1,4.0,Medium
0.0,5.0,0.0,0.0,0.0,0.0,4.0,0.0,0.0,7.0,0.0,0.0,0.0,0.0,0.0,5.0,0.0,0.0,0.0,0.0,0.0,0.0,0.0,0.0,0.0,0.0,0.0,0.0,21.0,1400.0,3243.6824180000003,26.0,166.0,49.0,121.181753,919.1,935.7887,0.0,3569.733,241.0,79.683973,7.0,7.0,16.0,45.126319,0.0,21.0,49.0,154.171223,82.0,93.478375,224.804022,7.0,75.0,-11.0912,-16.259999999999998,-8.810226,1,4.0,Medium
0.0,0.0,0.0,5.0,0.0,0.0,0.0,0.0,0.0,0.0,0.0,0.0,0.0,0.0,0.0,6.0,3.0,0.0,8.0,0.0,0.0,0.0,0.0,0.0,0.0,0.0,0.0,0.0,22.0,1192.0,2518.100468,11.0,151.0,50.0,105.193522,763.67,794.7003,0.0,2950.766,206.0,67.70013300000001,0.0,0.0,2.0,72.226168,0.0,5.0,50.0,130.15139,83.0,99.67284,188.18,0.0,55.0,9.6325,-17.82,-8.580374,1,4.0,Medium
0.0,6.0,0.0,0.0,0.0,0.0,0.0,0.0,0.0,0.0,0.0,0.0,0.0,0.0,0.0,5.0,4.0,0.0,0.0,0.0,0.0,7.0,0.0,0.0,0.0,0.0,0.0,0.0,22.0,1138.0,2618.4231130000003,17.0,134.0,43.0,86.040853,917.71,766.6838,0.0,2924.1850000000004,195.0,57.483081,0.0,0.0,2.0,57.316377,0.0,12.0,43.0,128.262712,44.0,93.919234,195.157074,0.0,61.0,5.563,-16.080000000000002,-8.703891,0,5.0,Low
4.0,0.0,0.0,0.0,0.0,0.0,0.0,0.0,0.0,6.0,0.0,0.0,0.0,0.0,0.0,5.0,6.0,0.0,0.0,0.0,0.0,0.0,0.0,0.0,0.0,0.0,0.0,0.0,21.0,1148.0,2678.9781140000005,15.0,132.0,53.0,90.540722,929.01,731.5566000000001,0.0,2945.105,199.0,60.547387,6.0,6.0,4.0,48.666679,0.0,10.0,53.0,122.056507,57.0,83.62901399999998,182.011682,6.0,67.0,-12.7738,-16.27,-8.729412,0,5.0,Low
0.0,4.0,0.0,0.0,0.0,0.0,5.0,0.0,0.0,7.0,0.0,0.0,0.0,0.0,0.0,0.0,0.0,0.0,0.0,0.0,0.0,0.0,0.0,0.0,0.0,0.0,0.0,6.0,22.0,1810.0,4529.386212,50.0,205.0,77.0,146.208081,1431.33,1154.291,0.0,4589.26,312.0,103.054672,13.0,13.0,16.0,45.921304,0.0,26.0,77.0,190.050797,106.0,99.554762,279.111731,13.0,107.0,-28.6527,-18.58,-8.657034,1,4.0,Medium
0.0,0.0,0.0,5.0,0.0,0.0,0.0,0.0,0.0,7.0,0.0,0.0,0.0,0.0,0.0,0.0,3.0,0.0,0.0,0.0,0.0,0.0,0.0,7.0,0.0,0.0,0.0,0.0,22.0,1556.0,3567.631437,12.0,206.0,51.0,133.164776,737.98,1055.3594,0.0,3836.299,269.0,96.991315,7.0,7.0,9.0,66.935905,0.0,12.0,51.0,173.78132200000002,110.0,108.59895,237.393127,7.0,63.0,10.5885,-18.14,-8.799145,2,0.0,High
0.0,0.0,0.0,0.0,0.0,0.0,8.0,0.0,0.0,0.0,4.0,0.0,0.0,0.0,0.0,0.0,2.0,8.0,0.0,0.0,0.0,0.0,0.0,0.0,0.0,0.0,0.0,0.0,22.0,1312.0,2698.968138,8.0,170.0,48.0,123.297528,678.6999999999999,890.9936,0.0,3234.358,226.0,77.583864,0.0,0.0,6.0,72.26592600000001,0.0,8.0,48.0,146.31843600000002,102.0,99.904656,208.14,0.0,56.0,13.221799999999998,-17.86,-8.577971,1,2.0,Medium
5.0,0.0,0.0,0.0,0.0,0.0,0.0,0.0,0.0,7.0,0.0,0.0,0.0,0.0,0.0,0.0,4.0,0.0,0.0,0.0,0.0,0.0,6.0,0.0,0.0,0.0,0.0,0.0,22.0,1464.0,3422.687788,12.0,184.0,51.0,124.997087,867.81,984.2604,0.0,3709.002,252.0,85.62909199999999,7.0,7.0,8.0,49.652712,0.0,12.0,51.0,163.29253300000002,89.0,102.779135,235.374022,7.0,68.0,7.6144,-16.689999999999998,-8.780255,1,3.0,Medium
0.0,0.0,0.0,0.0,0.0,0.0,8.0,0.0,0.0,0.0,0.0,0.0,0.0,0.0,0.0,4.0,4.0,0.0,0.0,6.0,0.0,0.0,0.0,0.0,0.0,0.0,0.0,0.0,22.0,1192.0,2574.517874,12.0,150.0,48.0,96.943884,750.3599999999999,793.0448000000001,0.0,2951.802,206.0,67.25049999999999,0.0,0.0,4.0,75.50103800000001,0.0,8.0,48.0,131.984712,76.0,89.58638200000001,188.14,0.0,56.0,2.2882,-17.86,-8.676023,1,4.0,Medium
0.0,0.0,0.0,5.0,0.0,0.0,0.0,0.0,0.0,0.0,5.0,0.0,0.0,0.0,0.0,0.0,3.0,8.0,0.0,0.0,0.0,0.0,0.0,0.0,0.0,0.0,0.0,0.0,21.0,1218.0,2601.406487,5.0,158.0,47.0,109.582073,662.14,822.7284999999999,0.0,3002.974,210.0,70.706793,0.0,0.0,2.0,69.006967,0.0,5.0,47.0,135.875014,90.0,96.254334,193.01,0.0,52.0,15.9258,-16.99,-8.461092,1,4.0,Medium
6.0,0.0,0.0,0.0,0.0,0.0,0.0,0.0,0.0,7.0,0.0,0.0,0.0,0.0,0.0,0.0,4.0,0.0,0.0,0.0,0.0,0.0,4.0,0.0,0.0,0.0,0.0,0.0,21.0,1360.0,3178.08251,13.0,166.0,49.0,116.37791,869.15,906.8785,0.0,3479.018,234.0,77.550699,7.0,7.0,9.0,42.223394,0.0,13.0,49.0,150.889226,78.0,96.798771,221.120201,7.0,68.0,0.7395999999999994,-15.65,-8.776414,1,4.0,Medium
0.0,0.0,0.0,0.0,0.0,0.0,5.0,0.0,0.0,0.0,0.0,0.0,0.0,0.0,0.0,5.0,3.0,0.0,0.0,8.0,0.0,0.0,0.0,0.0,0.0,0.0,0.0,0.0,21.0,1110.0,2461.439647,10.0,140.0,47.0,85.505041,717.14,738.5805,0.0,2750.488,192.0,61.460278,0.0,0.0,2.0,72.77723,0.0,5.0,47.0,123.182554,64.0,82.916525,175.01,0.0,52.0,7.571199999999999,-16.99,-8.526542,1,4.0,Medium
0.0,5.0,0.0,0.0,0.0,0.0,0.0,0.0,0.0,0.0,0.0,0.0,0.0,0.0,0.0,4.0,3.0,0.0,0.0,0.0,10.0,0.0,0.0,0.0,0.0,0.0,0.0,0.0,22.0,1112.0,2455.887509,14.0,133.0,43.0,80.485357,853.21,751.6012000000001,0.0,2843.667,191.0,56.431451,0.0,0.0,2.0,60.554551,0.0,10.0,43.0,125.159626,40.0,103.26076,188.240895,0.0,58.0,9.0119,-16.29,-8.714447,0,6.0,Low
0.0,6.0,0.0,0.0,6.0,0.0,0.0,0.0,0.0,0.0,0.0,0.0,0.0,0.0,0.0,5.0,4.0,0.0,0.0,0.0,0.0,0.0,0.0,0.0,0.0,0.0,0.0,0.0,21.0,1260.0,2842.47991,23.0,150.0,41.0,105.700472,918.05,853.3190000000001,0.0,3214.773,215.0,68.216291,0.0,0.0,8.0,53.290655,0.0,18.0,41.0,142.652593,73.0,98.4865,215.707074,0.0,65.0,-2.922,-15.529999999999998,-8.805967,0,5.0,Low
6.0,0.0,0.0,0.0,0.0,0.0,3.0,0.0,0.0,9.0,0.0,0.0,0.0,0.0,0.0,0.0,3.0,0.0,0.0,0.0,0.0,0.0,0.0,0.0,0.0,0.0,0.0,0.0,21.0,1374.0,3226.343289,18.0,162.0,51.0,116.574867,895.98,903.873,0.0,3531.999,237.0,77.670924,9.0,9.0,15.0,38.523723,0.0,18.0,51.0,150.87944700000003,75.0,92.94172799999998,219.992523,9.0,75.0,-14.5086,-15.93,-8.820179,1,4.0,Medium
0.0,0.0,0.0,0.0,0.0,0.0,6.0,0.0,0.0,0.0,3.0,0.0,0.0,0.0,0.0,0.0,4.0,0.0,0.0,0.0,0.0,0.0,0.0,0.0,8.0,0.0,0.0,0.0,21.0,1506.0,2899.580653,6.0,207.0,45.0,172.294139,661.9499999999999,1046.1692,0.0,3673.314,258.0,96.712956,0.0,0.0,2.0,66.205187,0.0,6.0,45.0,167.404692,151.0,163.359656,241.05,0.0,51.0,32.8793,-16.95,-8.508849,1,3.0,Medium
0.0,0.0,0.0,5.0,0.0,0.0,0.0,0.0,0.0,0.0,0.0,0.0,0.0,0.0,0.0,4.0,5.0,0.0,0.0,0.0,0.0,0.0,7.0,0.0,0.0,0.0,0.0,0.0,21.0,1302.0,2911.595587,9.0,173.0,46.0,110.459304,724.57,884.4317,0.0,3195.3640000000005,224.0,77.94548,0.0,0.0,0.0,73.326269,0.0,5.0,46.0,146.26046000000002,96.0,98.548322,207.05,0.0,51.0,18.4102,-16.95,-8.57169,0,6.0,Low
4.0,0.0,0.0,0.0,0.0,0.0,0.0,0.0,0.0,0.0,0.0,0.0,0.0,0.0,0.0,7.0,3.0,7.0,0.0,0.0,0.0,0.0,0.0,0.0,0.0,0.0,0.0,0.0,21.0,1094.0,2380.239732,11.0,131.0,49.0,94.722507,845.96,723.495,0.0,2786.064,188.0,57.387447,0.0,0.0,1.0,56.560041,0.0,4.0,49.0,119.491223,64.0,86.97689799999999,182.954716,0.0,57.0,9.8711,-15.87,-8.563995,1,4.0,Medium
0.0,5.0,0.0,0.0,0.0,0.0,6.0,0.0,0.0,0.0,0.0,0.0,0.0,0.0,0.0,4.0,6.0,0.0,0.0,0.0,0.0,0.0,0.0,0.0,0.0,0.0,0.0,0.0,21.0,1096.0,2278.73083,20.0,126.0,41.0,99.502105,895.04,725.1994000000001,0.0,2808.61,188.0,57.86633299999999,0.0,0.0,5.0,53.22083000000001,0.0,16.0,41.0,119.529234,69.0,91.576374,185.790895,0.0,62.0,-11.5204,-15.74,-8.730836,0,5.0,Low
0.0,5.0,0.0,0.0,0.0,0.0,0.0,0.0,0.0,0.0,0.0,0.0,0.0,0.0,0.0,5.0,3.0,0.0,0.0,0.0,0.0,0.0,0.0,0.0,8.0,0.0,0.0,0.0,21.0,1444.0,2878.564957,15.0,189.0,42.0,164.107891,847.14,1008.04,0.0,3615.196,246.0,87.762828,0.0,0.0,2.0,50.453204,0.0,10.0,42.0,160.568141,129.0,161.396272,243.990895,0.0,57.0,31.0609,-15.54,-8.6530075,1,4.0,Medium
4.0,0.0,0.0,0.0,0.0,0.0,0.0,0.0,0.0,0.0,0.0,0.0,0.0,0.0,0.0,5.0,4.0,0.0,0.0,0.0,0.0,0.0,9.0,0.0,0.0,0.0,0.0,0.0,22.0,1350.0,2973.522167,9.0,174.0,49.0,121.233456,845.63,919.9254,0.0,3386.201,231.0,77.661036,0.0,0.0,0.0,63.221396,0.0,4.0,49.0,151.53603900000002,94.0,105.940446,225.244716,0.0,57.0,25.1557,-16.58,-8.525679,0,6.0,Low
5.0,0.0,0.0,0.0,0.0,0.0,5.0,0.0,0.0,5.0,0.0,0.0,0.0,0.0,0.0,0.0,0.0,0.0,0.0,0.0,0.0,0.0,0.0,0.0,0.0,0.0,0.0,7.0,22.0,1820.0,4544.8959620000005,50.0,202.0,84.0,148.768262,1522.61,1145.4788,0.0,4636.581,313.0,101.367948,12.0,12.0,15.0,44.15920199999999,0.0,22.0,84.0,189.510606,107.0,101.598347,284.891236,12.0,111.0,-28.1118,-18.41,-8.634138,1,4.0,Medium
3.0,0.0,0.0,0.0,0.0,0.0,0.0,0.0,0.0,6.0,0.0,0.0,0.0,0.0,0.0,0.0,4.0,0.0,0.0,0.0,0.0,0.0,8.0,0.0,0.0,0.0,0.0,0.0,21.0,1428.0,3332.9641920000004,9.0,186.0,48.0,121.262657,772.56,968.7105,0.0,3572.1000000000004,246.0,85.968521,6.0,6.0,5.0,55.004096,0.0,9.0,48.0,160.151679,93.0,99.273214,226.255503,6.0,60.0,15.698999999999998,-16.32,-8.784411,1,3.0,Medium
0.0,0.0,0.0,0.0,0.0,5.0,0.0,0.0,0.0,8.0,0.0,0.0,0.0,0.0,0.0,0.0,3.0,0.0,0.0,0.0,0.0,0.0,0.0,6.0,0.0,0.0,0.0,0.0,22.0,1500.0,3516.912263,13.0,195.0,52.0,122.326875,751.6500000000001,1006.8831,0.0,3712.008,260.0,91.290392,8.0,8.0,10.0,64.697563,0.0,13.0,52.0,166.67091100000002,97.0,107.067719,226.389288,8.0,65.0,2.776299999999999,-18.22,-8.815572,1,3.0,Medium
0.0,6.0,0.0,0.0,0.0,0.0,0.0,0.0,0.0,0.0,0.0,0.0,0.0,0.0,0.0,4.0,3.0,0.0,0.0,8.0,0.0,0.0,0.0,0.0,0.0,0.0,0.0,0.0,21.0,1068.0,2386.145801,16.0,125.0,40.0,86.614268,857.3499999999999,722.344,0.0,2752.969,183.0,54.46735399999999,0.0,0.0,3.0,52.370011,0.0,12.0,40.0,119.919138,49.0,88.224088,183.987074,0.0,58.0,5.3261,-15.25,-8.682116,0,5.0,Low
4.0,0.0,0.0,0.0,0.0,4.0,0.0,0.0,0.0,7.0,0.0,0.0,0.0,0.0,0.0,0.0,0.0,0.0,0.0,0.0,0.0,0.0,6.0,0.0,0.0,0.0,0.0,0.0,21.0,1548.0,3682.802144,15.0,198.0,49.0,131.955856,776.31,1056.4711,0.0,3891.038000000001,266.0,93.024047,7.0,7.0,15.0,50.422364,0.0,15.0,49.0,175.770316,98.0,106.769907,247.047843,7.0,68.0,9.1566,-16.310000000000002,-8.797425,1,3.0,Medium
4.0,0.0,0.0,0.0,0.0,0.0,0.0,0.0,0.0,8.0,0.0,0.0,0.0,0.0,0.0,0.0,3.0,0.0,0.0,0.0,0.0,0.0,0.0,7.0,0.0,0.0,0.0,0.0,22.0,1496.0,3407.8911880000005,12.0,190.0,52.0,131.949212,840.01,1007.196,0.0,3771.694,258.0,89.25495500000001,8.0,8.0,9.0,51.290404,0.0,12.0,52.0,165.67434000000003,96.0,107.791019,236.414004,8.0,68.0,8.5349,-17.020000000000003,-8.767263,2,0.0,High
0.0,0.0,0.0,0.0,4.0,0.0,0.0,0.0,0.0,0.0,0.0,0.0,0.0,0.0,0.0,4.0,3.0,0.0,0.0,0.0,0.0,0.0,11.0,0.0,0.0,0.0,0.0,0.0,22.0,1546.0,3524.6420260000004,8.0,213.0,48.0,130.973112,718.77,1074.415,0.0,3772.419,265.0,95.779249,0.0,0.0,1.0,79.71932000000001,0.0,4.0,48.0,177.714422,116.0,110.495994,247.3,0.0,52.0,36.9316,-17.700000000000003,-8.437136,1,4.0,Medium
0.0,0.0,0.0,0.0,6.0,0.0,0.0,0.0,0.0,0.0,0.0,0.0,0.0,0.0,0.0,5.0,3.0,0.0,0.0,0.0,0.0,0.0,7.0,0.0,0.0,0.0,0.0,0.0,21.0,1446.0,3330.39442,11.0,195.0,47.0,117.900558,721.58,994.7072,0.0,3537.996,248.0,87.71977799999999,0.0,0.0,3.0,76.088463,0.0,6.0,47.0,165.738535,103.0,102.222654,230.97,0.0,53.0,25.356,-17.03,-8.567207,0,5.0,Low
0.0,4.0,0.0,0.0,0.0,0.0,5.0,0.0,0.0,0.0,0.0,0.0,0.0,0.0,0.0,0.0,3.0,0.0,0.0,0.0,0.0,9.0,0.0,0.0,0.0,0.0,0.0,0.0,21.0,1196.0,2734.901674,13.0,150.0,38.0,90.912802,737.75,823.1887,0.0,3016.763,205.0,65.747379,0.0,0.0,6.0,62.019329,0.0,13.0,38.0,138.50787400000002,54.0,93.660739,200.034716,0.0,55.0,9.475799999999998,-15.79,-8.729218,1,2.0,Medium
3.0,0.0,0.0,0.0,0.0,0.0,0.0,0.0,0.0,0.0,0.0,0.0,0.0,0.0,0.0,5.0,4.0,0.0,0.0,0.0,0.0,0.0,0.0,10.0,0.0,0.0,0.0,0.0,22.0,1312.0,2707.4518740000003,8.0,170.0,49.0,124.650743,817.99,892.0583,0.0,3277.609,225.0,76.23369399999999,0.0,0.0,-1.0,65.57877500000001,0.0,3.0,49.0,145.076358,98.0,112.042874,216.288537,0.0,55.0,24.8074,-16.83,-8.509403,0,7.0,Low
0.0,4.0,0.0,0.0,0.0,0.0,0.0,0.0,0.0,0.0,0.0,0.0,0.0,0.0,0.0,6.0,5.0,6.0,0.0,0.0,0.0,0.0,0.0,0.0,0.0,0.0,0.0,0.0,21.0,1040.0,2247.375877,14.0,123.0,44.0,88.644828,864.5899999999999,688.566,0.0,2651.897,179.0,53.916518,0.0,0.0,-1.0,56.263133,0.0,8.0,44.0,113.03018,59.0,85.54393999999999,173.99471599999998,0.0,56.0,4.003899999999999,-15.83,-8.589924,0,5.0,Low
0.0,0.0,0.0,0.0,0.0,0.0,5.0,0.0,0.0,6.0,0.0,0.0,0.0,0.0,0.0,5.0,6.0,0.0,0.0,0.0,0.0,0.0,0.0,0.0,0.0,0.0,0.0,0.0,22.0,1258.0,2886.633028,16.0,153.0,55.0,98.498635,866.95,808.7907,0.0,3139.833,219.0,71.18908400000001,6.0,6.0,5.0,65.67984899999999,0.0,11.0,55.0,134.224736,75.0,85.781667,189.196966,6.0,66.0,-13.6499,-18.26,-8.78513,1,4.0,Medium
0.0,0.0,0.0,5.0,0.0,0.0,0.0,0.0,0.0,6.0,0.0,0.0,0.0,0.0,0.0,4.0,0.0,0.0,0.0,0.0,0.0,0.0,0.0,6.0,0.0,0.0,0.0,0.0,21.0,1524.0,3508.194829,15.0,200.0,52.0,131.34348799999998,737.44,1034.5649,0.0,3759.169,263.0,94.171327,6.0,6.0,11.0,65.240821,0.0,11.0,52.0,170.130254,108.0,103.6101,234.026966,6.0,63.0,12.2608,-17.43,-8.774041,1,3.0,Medium
0.0,6.0,0.0,0.0,0.0,0.0,0.0,0.0,0.0,6.0,0.0,0.0,0.0,0.0,0.0,0.0,3.0,0.0,0.0,0.0,0.0,0.0,6.0,0.0,0.0,0.0,0.0,0.0,21.0,1416.0,3282.277959,18.0,177.0,42.0,124.27836,858.45,969.981,0.0,3598.4130000000005,243.0,83.050434,6.0,6.0,9.0,44.369973,0.0,18.0,42.0,159.437262,87.0,101.270946,232.12404,6.0,66.0,6.878700000000002,-15.570000000000002,-8.798094,0,5.0,Low
0.0,4.0,0.0,0.0,0.0,0.0,0.0,0.0,0.0,0.0,0.0,0.0,0.0,0.0,0.0,7.0,3.0,7.0,0.0,0.0,0.0,0.0,0.0,0.0,0.0,0.0,0.0,0.0,21.0,1094.0,2380.239732,15.0,131.0,45.0,94.722507,857.1600000000001,731.6978,0.0,2782.128,188.0,57.830463,0.0,0.0,1.0,56.560041,0.0,8.0,45.0,119.858227,64.0,86.97689799999999,182.954716,0.0,57.0,8.1631,-15.87,-8.630713,0,5.0,Low
0.0,0.0,0.0,0.0,0.0,0.0,5.0,0.0,0.0,0.0,0.0,0.0,0.0,0.0,0.0,5.0,4.0,7.0,0.0,0.0,0.0,0.0,0.0,0.0,0.0,0.0,0.0,0.0,21.0,1128.0,2408.8652890000003,10.0,143.0,47.0,96.023414,730.97,750.2155,0.0,2791.561,195.0,63.90090599999999,0.0,0.0,1.0,69.98991799999999,0.0,5.0,47.0,123.490344,77.0,84.883791,178.01,0.0,52.0,7.721299999999999,-16.99,-8.573963,1,4.0,Medium
4.0,0.0,0.0,0.0,0.0,0.0,6.0,0.0,0.0,0.0,0.0,0.0,0.0,0.0,0.0,6.0,5.0,0.0,0.0,0.0,0.0,0.0,0.0,0.0,0.0,0.0,0.0,0.0,21.0,1112.0,2332.843963,16.0,129.0,48.0,99.580908,880.03,724.6834,0.0,2836.133,191.0,58.640324,0.0,0.0,5.0,56.804123,0.0,10.0,48.0,120.369918,71.0,90.228086,185.754716,0.0,62.0,-7.8811,-16.07,-8.735965,0,5.0,Low
3.0,0.0,0.0,0.0,0.0,0.0,8.0,0.0,0.0,7.0,0.0,0.0,0.0,0.0,0.0,0.0,4.0,0.0,0.0,0.0,0.0,0.0,0.0,0.0,0.0,0.0,0.0,0.0,22.0,1412.0,3196.00253,18.0,172.0,51.0,121.081701,848.05,932.7758,0.0,3563.894,244.0,82.34129599999999,7.0,7.0,14.0,54.58583,0.0,18.0,51.0,155.169315,89.0,96.113955,221.141664,7.0,72.0,-14.7346,-17.509999999999998,-8.795265,1,4.0,Medium
0.0,5.0,0.0,0.0,0.0,0.0,0.0,0.0,0.0,0.0,0.0,0.0,0.0,0.0,0.0,6.0,3.0,7.0,0.0,0.0,0.0,0.0,0.0,0.0,0.0,0.0,0.0,0.0,21.0,1102.0,2387.684576,16.0,131.0,43.0,97.211444,867.37,741.6658,0.0,2817.629,189.0,58.124989,0.0,0.0,2.0,53.165992,0.0,10.0,43.0,121.434616,64.0,88.843066,186.950895,0.0,58.0,7.407500000000001,-15.580000000000002,-8.684202,0,5.0,Low
0.0,0.0,0.0,0.0,0.0,0.0,6.0,0.0,0.0,7.0,0.0,0.0,0.0,0.0,0.0,0.0,4.0,0.0,0.0,0.0,0.0,0.0,5.0,0.0,0.0,0.0,0.0,0.0,22.0,1502.0,3462.1296890000003,13.0,196.0,51.0,125.632252,756.25,1009.7071,0.0,3711.044,260.0,92.399598,7.0,7.0,9.0,66.353857,0.0,13.0,51.0,166.883986,103.0,98.456303,228.353127,7.0,64.0,3.287099999999999,-18.18,-8.817288,1,3.0,Medium
0.0,4.0,0.0,0.0,0.0,0.0,0.0,0.0,0.0,0.0,5.0,0.0,0.0,0.0,0.0,0.0,3.0,10.0,0.0,0.0,0.0,0.0,0.0,0.0,0.0,0.0,0.0,0.0,22.0,1194.0,2486.69215,8.0,148.0,45.0,112.654035,788.0,811.9741999999999,0.0,3018.571,205.0,65.49013,0.0,0.0,1.0,57.90847,0.0,8.0,45.0,132.750392,80.0,99.804322,199.244716,0.0,57.0,16.955,-16.58,-8.575748,1,3.0,Medium
4.0,0.0,0.0,0.0,0.0,0.0,0.0,0.0,0.0,8.0,0.0,0.0,0.0,0.0,0.0,0.0,4.0,6.0,0.0,0.0,0.0,0.0,0.0,0.0,0.0,0.0,0.0,0.0,22.0,1340.0,3161.935394,12.0,164.0,52.0,108.790938,853.8399999999999,885.2520000000001,0.0,3405.9840000000004,232.0,76.175996,8.0,8.0,8.0,49.317506,0.0,12.0,52.0,147.147972,72.0,91.104556,210.41400400000003,8.0,68.0,-1.6320000000000014,-17.020000000000003,-8.790347,1,4.0,Medium
0.0,4.0,0.0,0.0,0.0,0.0,0.0,0.0,0.0,0.0,0.0,0.0,0.0,0.0,0.0,6.0,4.0,0.0,0.0,0.0,0.0,0.0,8.0,0.0,0.0,0.0,0.0,0.0,22.0,1320.0,2906.232796,14.0,168.0,46.0,117.724032,877.06,901.908,0.0,3314.102,226.0,75.28132199999999,0.0,0.0,0.0,62.900786,0.0,8.0,46.0,147.651586,90.0,103.88112,220.204716,0.0,58.0,20.2236,-16.62,-8.613284,0,6.0,Low
0.0,0.0,0.0,0.0,0.0,0.0,5.0,4.0,0.0,0.0,0.0,0.0,0.0,0.0,0.0,0.0,3.0,9.0,0.0,0.0,0.0,0.0,0.0,0.0,0.0,0.0,0.0,0.0,21.0,1188.0,2503.131604,9.0,154.0,42.0,104.097852,633.75,807.4143,0.0,2930.963,205.0,69.716977,0.0,0.0,6.0,69.219266,0.0,9.0,42.0,133.314751,85.0,92.522427,188.05,0.0,51.0,7.561,-16.95,-8.648492,1,2.0,Medium
5.0,0.0,0.0,0.0,0.0,0.0,0.0,0.0,0.0,0.0,0.0,0.0,0.0,0.0,0.0,0.0,3.0,0.0,0.0,0.0,0.0,0.0,7.0,0.0,0.0,0.0,6.0,0.0,21.0,1654.0,4139.74073,29.0,195.0,78.0,136.684705,1328.27,1055.9987,0.0,4188.151,283.0,92.165936,6.0,6.0,2.0,49.939964,0.0,5.0,78.0,176.42877900000002,103.0,103.517934,268.067185,6.0,88.0,6.4018000000000015,-16.78,-8.688717,0,6.0,Low
0.0,5.0,0.0,0.0,0.0,0.0,0.0,0.0,0.0,3.0,0.0,0.0,0.0,0.0,0.0,0.0,8.0,6.0,0.0,0.0,0.0,0.0,0.0,0.0,0.0,0.0,0.0,0.0,22.0,1112.0,2463.44198,13.0,132.0,42.0,92.578225,882.45,736.3190999999999,0.0,2850.6220000000003,192.0,59.258496,3.0,3.0,0.0,51.747056,0.0,13.0,42.0,121.507752,59.0,90.077419,183.389378,3.0,60.0,-3.4124000000000017,-16.37,-8.706824,0,6.0,Low
0.0,5.0,0.0,0.0,0.0,0.0,0.0,0.0,0.0,0.0,0.0,0.0,0.0,0.0,0.0,4.0,3.0,0.0,0.0,0.0,0.0,0.0,0.0,10.0,0.0,0.0,0.0,0.0,22.0,1352.0,2783.899539,14.0,173.0,43.0,132.196357,853.21,935.8012,0.0,3404.747,231.0,78.666541,0.0,0.0,2.0,58.979921,0.0,10.0,43.0,151.28846600000003,100.0,116.29309,228.240895,0.0,58.0,23.1909,-16.29,-8.619858,0,5.0,Low
0.0,5.0,0.0,0.0,0.0,0.0,0.0,0.0,0.0,0.0,7.0,0.0,0.0,0.0,0.0,0.0,3.0,0.0,0.0,0.0,0.0,0.0,7.0,0.0,0.0,0.0,0.0,0.0,22.0,1364.0,2851.578515,10.0,172.0,46.0,134.693216,836.9,936.842,0.0,3438.717,233.0,77.583106,0.0,0.0,2.0,56.854139,0.0,10.0,46.0,152.97903200000002,102.0,115.276972,230.120895,0.0,61.0,21.9983,-16.41,-8.594805,1,3.0,Medium
0.0,0.0,0.0,0.0,0.0,6.0,0.0,0.0,0.0,0.0,0.0,0.0,0.0,0.0,0.0,5.0,5.0,0.0,0.0,0.0,0.0,5.0,0.0,0.0,0.0,0.0,0.0,0.0,21.0,1074.0,2535.603958,11.0,133.0,47.0,71.802289,749.24,704.3131999999999,0.0,2666.3060000000005,186.0,56.613195000000005,0.0,0.0,1.0,73.039658,0.0,6.0,47.0,119.674842,49.0,88.95202,168.97,0.0,53.0,0.1236999999999977,-17.029999999999998,-8.63869,1,4.0,Medium
0.0,0.0,5.0,0.0,0.0,0.0,0.0,0.0,0.0,7.0,0.0,0.0,0.0,0.0,0.0,0.0,4.0,0.0,0.0,0.0,0.0,0.0,7.0,0.0,0.0,0.0,0.0,0.0,23.0,1576.0,3664.878734,17.0,201.0,48.0,137.533302,908.11,1076.6779,0.0,3972.523,271.0,94.122297,7.0,7.0,8.0,53.367371000000006,0.0,17.0,48.0,176.923311,101.0,117.374946,253.147932,7.0,70.0,10.752,-17.48,-8.784878,1,2.0,Medium
0.0,0.0,0.0,4.0,0.0,0.0,0.0,0.0,0.0,0.0,5.0,0.0,0.0,0.0,0.0,0.0,3.0,0.0,0.0,0.0,0.0,0.0,10.0,0.0,0.0,0.0,0.0,0.0,22.0,1498.0,3257.49619,4.0,204.0,49.0,138.656497,684.0,1035.3858,0.0,3662.175,257.0,92.26512,0.0,0.0,1.0,76.109118,0.0,4.0,49.0,170.228472,122.0,115.710498,239.26,0.0,53.0,33.87,-17.740000000000002,-8.3901825,0,5.0,Low
0.0,5.0,0.0,0.0,0.0,0.0,0.0,0.0,0.0,6.0,0.0,0.0,0.0,0.0,0.0,0.0,0.0,5.0,0.0,0.0,0.0,0.0,5.0,0.0,0.0,0.0,0.0,0.0,21.0,1480.0,3440.9571800000003,16.0,190.0,43.0,130.69421400000002,786.52,1025.8682,0.0,3732.288,254.0,88.922172,6.0,6.0,11.0,47.603244,0.0,16.0,43.0,168.26111200000005,94.0,100.885082,240.167861,6.0,64.0,16.9763,-15.82,-8.801238,1,1.0,Medium
0.0,4.0,0.0,0.0,0.0,0.0,0.0,0.0,0.0,0.0,0.0,0.0,0.0,0.0,0.0,4.0,3.0,11.0,0.0,0.0,0.0,0.0,0.0,0.0,0.0,0.0,0.0,0.0,22.0,1170.0,2536.702716,12.0,145.0,44.0,102.580569,822.77,795.8453999999999,0.0,2960.491,201.0,64.010684,0.0,0.0,1.0,59.62777,0.0,8.0,44.0,130.28283,71.0,92.29357,195.284716,0.0,56.0,15.492299999999998,-16.540000000000003,-8.588946,0,5.0,Low
0.0,0.0,0.0,0.0,0.0,0.0,0.0,0.0,0.0,12.0,0.0,0.0,0.0,0.0,0.0,0.0,3.0,0.0,0.0,0.0,0.0,0.0,0.0,0.0,6.0,0.0,3.0,0.0,24.0,1992.0,4831.904127,24.0,255.0,78.0,176.54304299999998,1134.87,1305.957,0.0,4935.435,345.0,123.56907900000002,15.0,15.0,9.0,59.612499,0.0,12.0,78.0,213.582612,141.0,147.907944,295.432077,15.0,90.0,6.6021,-20.64,-8.633365,1,1.0,Medium
0.0,0.0,0.0,0.0,0.0,0.0,5.0,0.0,0.0,7.0,0.0,0.0,0.0,0.0,0.0,0.0,0.0,3.0,0.0,0.0,0.0,0.0,0.0,0.0,7.0,0.0,0.0,0.0,22.0,1784.0,3866.39209,12.0,244.0,51.0,182.72317,696.49,1238.4714,0.0,4372.349,307.0,116.642444,7.0,7.0,12.0,62.381091000000005,0.0,12.0,51.0,199.957017,154.0,156.161791,275.393127,7.0,63.0,29.52,-18.14,-8.63656,1,2.0,Medium
4.0,0.0,0.0,0.0,0.0,0.0,5.0,0.0,0.0,0.0,0.0,0.0,0.0,0.0,0.0,4.0,0.0,0.0,0.0,0.0,0.0,0.0,8.0,0.0,0.0,0.0,0.0,0.0,21.0,1454.0,3154.956234,13.0,189.0,46.0,137.730121,765.9799999999999,1007.5101,0.0,3634.772,248.0,87.027813,0.0,0.0,9.0,60.306638,0.0,9.0,46.0,165.757609,110.0,108.114205,242.874716,0.0,59.0,24.2479,-15.95,-8.657782,1,1.0,Medium
0.0,0.0,4.0,0.0,0.0,0.0,0.0,0.0,0.0,7.0,0.0,0.0,0.0,0.0,0.0,0.0,3.0,0.0,0.0,0.0,0.0,0.0,0.0,7.0,0.0,0.0,0.0,0.0,21.0,1440.0,3244.422694,15.0,184.0,45.0,130.123828,811.24,981.7111,0.0,3623.608,248.0,86.759484,7.0,7.0,8.0,49.21247,0.0,15.0,45.0,160.19528000000005,96.0,110.945666,228.858971,7.0,64.0,9.3665,-16.150000000000002,-8.772612,1,3.0,Medium
0.0,5.0,0.0,0.0,0.0,0.0,0.0,0.0,0.0,0.0,0.0,0.0,0.0,0.0,0.0,5.0,6.0,0.0,0.0,0.0,0.0,6.0,0.0,0.0,0.0,0.0,0.0,0.0,22.0,1076.0,2454.202944,15.0,126.0,44.0,79.642959,914.93,713.606,0.0,2758.453,185.0,53.566268,0.0,0.0,-1.0,59.79357099999999,0.0,10.0,44.0,119.479597,42.0,90.620108,182.200895,0.0,59.0,2.161,-16.33,-8.682293,0,5.0,Low
6.0,0.0,0.0,0.0,0.0,0.0,0.0,0.0,0.0,7.0,0.0,0.0,0.0,0.0,0.0,0.0,2.0,0.0,0.0,0.0,0.0,0.0,6.0,0.0,0.0,0.0,0.0,0.0,21.0,1468.0,3435.777206,13.0,184.0,49.0,128.532238,841.49,994.6285,0.0,3733.52,252.0,86.219225,7.0,7.0,11.0,43.243102,0.0,13.0,49.0,164.960294,90.0,101.953183,239.120201,7.0,68.0,9.5392,-15.65,-8.778864,1,2.0,Medium
4.0,0.0,0.0,0.0,0.0,0.0,0.0,0.0,0.0,0.0,0.0,0.0,0.0,0.0,0.0,4.0,2.0,12.0,0.0,0.0,0.0,0.0,0.0,0.0,0.0,0.0,0.0,0.0,22.0,1200.0,2608.008594,8.0,150.0,48.0,106.090508,797.74,813.1196,0.0,3035.57,206.0,65.97008,0.0,0.0,2.0,59.735434,0.0,4.0,48.0,133.95979599999998,74.0,93.208648,200.284716,0.0,56.0,20.1838,-16.54,-8.485096,1,4.0,Medium
0.0,0.0,0.0,0.0,0.0,0.0,4.0,0.0,0.0,0.0,5.0,0.0,0.0,0.0,0.0,0.0,4.0,0.0,0.0,0.0,0.0,8.0,0.0,0.0,0.0,0.0,0.0,0.0,21.0,1146.0,2545.649703,4.0,147.0,47.0,87.866623,671.53,766.6038000000001,0.0,2831.646,198.0,63.07683,0.0,0.0,0.0,73.058449,0.0,4.0,47.0,128.962774,61.0,92.01105,181.05,0.0,51.0,13.2445,-16.95,-8.46096,1,4.0,Medium
0.0,0.0,0.0,6.0,0.0,0.0,0.0,0.0,0.0,0.0,0.0,0.0,0.0,0.0,0.0,5.0,4.0,0.0,0.0,0.0,0.0,0.0,0.0,6.0,0.0,0.0,0.0,0.0,21.0,1284.0,2766.60748,11.0,168.0,47.0,113.52719,735.4100000000001,867.9902000000001,0.0,3158.259,221.0,76.353149,0.0,0.0,2.0,72.531173,0.0,6.0,47.0,142.724179,97.0,102.23983,203.97000000000003,0.0,53.0,13.953599999999998,-17.03,-8.614909,1,4.0,Medium
0.0,0.0,0.0,0.0,0.0,5.0,0.0,0.0,0.0,0.0,0.0,0.0,0.0,0.0,0.0,6.0,3.0,0.0,0.0,8.0,0.0,0.0,0.0,0.0,0.0,0.0,0.0,0.0,22.0,1132.0,2632.446457,11.0,141.0,50.0,79.852427,763.67,748.3543,0.0,2810.496,196.0,60.503528,0.0,0.0,2.0,76.14419900000001,0.0,5.0,50.0,126.109765,57.0,90.146585,178.18,0.0,55.0,5.7187,-17.82,-8.571446,1,4.0,Medium
0.0,0.0,4.0,0.0,0.0,0.0,0.0,0.0,0.0,0.0,0.0,0.0,0.0,0.0,5.0,0.0,3.0,0.0,0.0,0.0,0.0,0.0,0.0,10.0,0.0,0.0,0.0,0.0,22.0,1398.0,2937.749616,18.0,182.0,40.0,133.51542999999998,857.0,977.5297,0.0,3490.569,239.0,83.06362999999999,0.0,0.0,1.0,62.91866,0.0,13.0,40.0,157.35048,104.0,123.280736,232.895844,0.0,57.0,25.3144,-16.58,-8.645356,0,6.0,Low
0.0,4.0,0.0,0.0,0.0,0.0,0.0,0.0,0.0,6.0,0.0,0.0,0.0,0.0,0.0,0.0,2.0,0.0,0.0,0.0,0.0,0.0,0.0,9.0,0.0,0.0,0.0,0.0,21.0,1460.0,3237.4910230000005,14.0,189.0,44.0,134.553618,783.74,1004.8074,0.0,3664.745,251.0,88.78143499999999,6.0,6.0,8.0,51.087593,0.0,14.0,44.0,163.51908200000003,101.0,109.552811,234.211682,6.0,62.0,15.727,-16.07,-8.763583,1,2.0,Medium
0.0,5.0,0.0,0.0,0.0,0.0,0.0,0.0,0.0,0.0,0.0,0.0,0.0,0.0,0.0,6.0,4.0,0.0,0.0,0.0,0.0,7.0,0.0,0.0,0.0,0.0,0.0,0.0,22.0,1130.0,2610.978269,16.0,134.0,45.0,83.551916,907.5,756.7158,0.0,2888.684,194.0,57.188555,0.0,0.0,1.0,60.710426,0.0,10.0,45.0,126.68632300000002,44.0,92.053066,191.160895,0.0,60.0,6.3186,-16.37,-8.686295,0,5.0,Low
0.0,0.0,0.0,5.0,0.0,0.0,0.0,0.0,0.0,0.0,0.0,0.0,0.0,0.0,0.0,4.0,3.0,0.0,0.0,0.0,0.0,0.0,10.0,0.0,0.0,0.0,0.0,0.0,22.0,1492.0,3354.051034,9.0,203.0,48.0,130.212322,723.21,1031.2607,0.0,3648.172000000001,256.0,92.053441,0.0,0.0,2.0,78.060636,0.0,5.0,48.0,169.968016,115.0,109.48994,238.26,0.0,53.0,30.5319,-17.740000000000002,-8.487501,1,3.0,Medium
0.0,4.0,0.0,0.0,0.0,0.0,0.0,0.0,0.0,7.0,0.0,0.0,0.0,0.0,0.0,3.0,7.0,0.0,0.0,0.0,0.0,0.0,0.0,0.0,0.0,0.0,0.0,0.0,21.0,1152.0,2709.3614070000003,18.0,133.0,48.0,89.65912,927.25,741.4015,0.0,2952.1960000000004,200.0,61.800652,7.0,7.0,4.0,47.16132,0.0,15.0,48.0,122.928895,56.0,83.275491,181.087843,7.0,67.0,-16.7347,-16.27,-8.747013,0,5.0,Low
0.0,0.0,0.0,5.0,0.0,0.0,0.0,0.0,5.0,0.0,0.0,0.0,0.0,0.0,0.0,0.0,4.0,0.0,0.0,0.0,0.0,0.0,8.0,0.0,0.0,0.0,0.0,0.0,22.0,1498.0,3277.877225,15.0,203.0,39.0,134.450129,692.3199999999999,1047.4635,0.0,3658.363,257.0,94.210298,0.0,0.0,6.0,77.273097,0.0,15.0,39.0,171.86153000000002,120.0,110.742853,239.22,0.0,54.0,18.4845,-17.78,-8.67039,1,2.0,Medium
5.0,0.0,0.0,0.0,0.0,0.0,0.0,0.0,0.0,0.0,0.0,0.0,0.0,0.0,0.0,2.0,1.0,0.0,0.0,14.0,0.0,0.0,0.0,0.0,0.0,0.0,0.0,0.0,22.0,1160.0,2663.727057,7.0,143.0,46.0,88.48203699999999,771.0899999999999,789.3901000000001,0.0,2958.875,199.0,60.97182299999999,0.0,0.0,4.0,61.056853,0.0,5.0,46.0,133.132717,50.0,91.34299,196.320895,0.0,56.0,19.1627,-16.21,-8.444749,1,4.0,Medium
0.0,4.0,0.0,0.0,0.0,0.0,0.0,0.0,0.0,0.0,6.0,0.0,0.0,0.0,0.0,0.0,0.0,0.0,5.0,0.0,0.0,0.0,0.0,0.0,7.0,0.0,0.0,0.0,22.0,1548.0,2953.15023,8.0,206.0,46.0,183.740908,755.74,1088.5212,0.0,3851.16,264.0,95.400992,0.0,0.0,4.0,54.415729,0.0,8.0,46.0,172.894078,146.0,171.61956500000002,258.204716,0.0,58.0,41.9162,-16.62,-8.508024,1,3.0,Medium
5.0,0.0,0.0,0.0,0.0,0.0,0.0,0.0,0.0,0.0,0.0,0.0,0.0,0.0,0.0,7.0,2.0,8.0,0.0,0.0,0.0,0.0,0.0,0.0,0.0,0.0,0.0,0.0,22.0,1184.0,2576.461834,12.0,142.0,51.0,104.810649,886.07,789.7481,0.0,3023.835,203.0,62.59033600000001,0.0,0.0,3.0,56.667705,0.0,5.0,51.0,130.404862,70.0,93.486024,200.120895,0.0,61.0,12.624,-16.41,-8.611536,1,4.0,Medium
0.0,0.0,5.0,0.0,0.0,0.0,0.0,0.0,0.0,0.0,6.0,0.0,0.0,0.0,0.0,0.0,0.0,0.0,0.0,0.0,6.0,0.0,0.0,0.0,0.0,0.0,5.0,0.0,22.0,1570.0,3766.477913,30.0,179.0,75.0,129.951789,1283.0800000000002,1006.826,0.0,3993.821,269.0,83.099876,5.0,5.0,5.0,52.557382,0.0,10.0,75.0,167.416621,86.0,120.25777499999998,254.78838,5.0,90.0,1.8707,-17.57,-8.644437,0,5.0,Low
0.0,4.0,0.0,0.0,0.0,0.0,0.0,0.0,0.0,0.0,0.0,0.0,0.0,0.0,0.0,2.0,9.0,0.0,0.0,0.0,0.0,0.0,7.0,0.0,0.0,0.0,0.0,0.0,22.0,1170.0,2531.15354,10.0,147.0,42.0,101.375908,865.2900000000001,787.4138,0.0,2950.4990000000003,201.0,64.900927,0.0,0.0,-5.0,61.633956,0.0,8.0,42.0,129.47974399999998,76.0,99.232394,195.364716,0.0,54.0,11.121,-16.46,-8.661474,0,7.0,Low
5.0,0.0,0.0,0.0,0.0,0.0,7.0,0.0,0.0,7.0,0.0,0.0,0.0,0.0,0.0,0.0,0.0,0.0,0.0,0.0,0.0,0.0,3.0,0.0,0.0,0.0,0.0,0.0,22.0,1596.0,3634.999657,19.0,199.0,51.0,144.093928,843.5699999999999,1082.6813,0.0,4035.6,274.0,95.471146,7.0,7.0,19.0,49.507953,0.0,19.0,51.0,179.48492000000005,106.0,106.9179,257.094022,7.0,75.0,-0.5589999999999993,-16.97,-8.7836485,1,4.0,Medium
0.0,4.0,0.0,0.0,0.0,0.0,4.0,0.0,0.0,8.0,0.0,0.0,0.0,0.0,0.0,0.0,5.0,0.0,0.0,0.0,0.0,0.0,0.0,0.0,0.0,0.0,0.0,0.0,21.0,1300.0,3020.3889590000003,20.0,155.0,46.0,107.540254,870.33,856.8435999999999,0.0,3308.907,225.0,74.15356399999999,8.0,8.0,11.0,46.258033,0.0,20.0,46.0,141.96391,73.0,89.187164,204.04400400000003,8.0,70.0,-17.2913,-16.39,-8.808872,1,4.0,Medium
6.0,0.0,0.0,0.0,0.0,0.0,5.0,0.0,0.0,5.0,0.0,0.0,0.0,0.0,0.0,0.0,5.0,0.0,0.0,0.0,0.0,0.0,0.0,0.0,0.0,0.0,0.0,0.0,21.0,1250.0,2783.4474190000005,16.0,146.0,47.0,110.224593,877.8399999999999,821.7936,0.0,3217.573,215.0,68.864762,5.0,5.0,11.0,43.42686499999999,0.0,16.0,47.0,137.242149,73.0,93.604318,205.927879,5.0,69.0,-13.4666,-15.689999999999998,-8.753382,0,5.0,Low
0.0,0.0,0.0,0.0,0.0,0.0,6.0,0.0,0.0,0.0,0.0,0.0,0.0,0.0,0.0,4.0,5.0,0.0,0.0,0.0,0.0,0.0,6.0,0.0,0.0,0.0,0.0,0.0,21.0,1260.0,2706.800813,10.0,165.0,46.0,110.681704,729.01,850.3353999999999,0.0,3099.1710000000003,217.0,74.84161599999999,0.0,0.0,1.0,72.303979,0.0,6.0,46.0,139.940108,95.0,95.11937,200.01,0.0,52.0,12.7779,-16.990000000000002,-8.595288,1,4.0,Medium
5.0,0.0,0.0,0.0,0.0,0.0,6.0,0.0,0.0,7.0,0.0,0.0,0.0,0.0,0.0,0.0,0.0,0.0,0.0,0.0,0.0,4.0,0.0,0.0,0.0,0.0,0.0,0.0,22.0,1512.0,3543.7764460000003,18.0,186.0,51.0,125.894685,839.13,1020.0126,0.0,3837.226,260.0,87.647824,7.0,7.0,18.0,50.691006,0.0,18.0,51.0,170.740487,83.0,101.150825,243.134022,7.0,74.0,-2.5488,-16.93,-8.808992,1,4.0,Medium
4.0,0.0,0.0,0.0,0.0,0.0,4.0,0.0,0.0,0.0,0.0,0.0,0.0,0.0,0.0,0.0,4.0,0.0,0.0,0.0,0.0,0.0,0.0,0.0,0.0,9.0,0.0,0.0,21.0,1586.0,3279.406006,8.0,216.0,42.0,173.767565,735.94,1114.7442,0.0,3929.45,270.0,100.66573599999998,0.0,0.0,4.0,54.103154,0.0,8.0,42.0,180.316018,148.0,160.03396800000002,265.074716,0.0,54.0,38.567400000000006,-15.75,-8.558418,1,3.0,Medium
4.0,0.0,0.0,0.0,0.0,0.0,0.0,0.0,0.0,0.0,0.0,0.0,0.0,0.0,0.0,5.0,6.0,0.0,0.0,0.0,0.0,0.0,6.0,0.0,0.0,0.0,0.0,0.0,21.0,1160.0,2531.06672,9.0,144.0,47.0,101.480438,846.99,773.0964,0.0,2933.393,199.0,63.55307499999999,0.0,0.0,-2.0,58.48702899999999,0.0,4.0,47.0,127.828483,75.0,94.998828,194.034716,0.0,55.0,13.034,-15.79,-8.571684,0,5.0,Low
5.0,0.0,0.0,0.0,0.0,0.0,0.0,0.0,0.0,5.0,0.0,0.0,0.0,0.0,0.0,0.0,4.0,0.0,0.0,0.0,0.0,0.0,0.0,7.0,0.0,0.0,0.0,0.0,21.0,1344.0,2960.4828650000004,10.0,169.0,47.0,122.72272900000002,814.17,906.709,0.0,3408.603,231.0,78.34514300000001,5.0,5.0,6.0,48.26140699999999,0.0,10.0,47.0,149.12148700000003,88.0,104.91835600000002,219.1717,5.0,62.0,10.1642,-15.740000000000002,-8.735407,1,1.0,Medium
6.0,0.0,0.0,0.0,0.0,0.0,0.0,0.0,0.0,5.0,0.0,0.0,0.0,0.0,0.0,0.0,5.0,0.0,0.0,0.0,0.0,0.0,6.0,0.0,0.0,0.0,0.0,0.0,22.0,1392.0,3184.692115,11.0,173.0,49.0,121.546008,881.94,935.9291,0.0,3546.169,239.0,79.657767,5.0,5.0,6.0,48.701649,0.0,11.0,49.0,155.414172,85.0,103.798709,229.337879,5.0,66.0,8.2645,-16.28,-8.7509,2,0.0,High
0.0,0.0,0.0,0.0,0.0,6.0,0.0,0.0,0.0,0.0,0.0,0.0,0.0,0.0,0.0,5.0,3.0,0.0,0.0,0.0,0.0,0.0,0.0,7.0,0.0,0.0,0.0,0.0,21.0,1260.0,2733.30828,11.0,164.0,47.0,109.314112,721.58,851.8442,0.0,3103.159,217.0,73.552856,0.0,0.0,3.0,72.020485,0.0,6.0,47.0,140.351785,91.0,106.553561,199.97,0.0,53.0,13.2821,-17.03,-8.628421,1,4.0,Medium
5.0,0.0,0.0,0.0,0.0,0.0,7.0,0.0,0.0,0.0,0.0,0.0,0.0,0.0,0.0,6.0,4.0,0.0,0.0,0.0,0.0,0.0,0.0,0.0,0.0,0.0,0.0,0.0,22.0,1214.0,2543.310746,18.0,141.0,50.0,111.49173,924.58,798.3232,0.0,3103.954,208.0,64.70435,0.0,0.0,8.0,57.001952,0.0,12.0,50.0,132.568014,79.0,97.51790300000002,204.880895,0.0,67.0,-7.393700000000001,-16.65,-8.758038,0,5.0,Low
0.0,0.0,0.0,0.0,0.0,0.0,7.0,0.0,0.0,0.0,0.0,0.0,0.0,0.0,0.0,2.0,5.0,0.0,0.0,0.0,0.0,0.0,7.0,0.0,0.0,0.0,0.0,0.0,21.0,1308.0,2798.082766,9.0,174.0,44.0,116.956007,692.99,891.7645,0.0,3209.4390000000003,225.0,79.41636199999999,0.0,0.0,2.0,72.633174,0.0,7.0,44.0,146.73591499999998,102.0,98.356585,208.05,0.0,51.0,15.5443,-16.95,-8.586897,1,4.0,Medium
0.0,4.0,0.0,0.0,0.0,0.0,0.0,0.0,0.0,6.0,0.0,0.0,0.0,0.0,4.0,0.0,0.0,0.0,0.0,0.0,0.0,0.0,7.0,0.0,0.0,0.0,0.0,0.0,21.0,1526.0,3611.632185,22.0,196.0,44.0,130.399522,848.1999999999999,1055.8124,0.0,3825.01,262.0,91.972003,6.0,6.0,10.0,52.482165,0.0,18.0,44.0,172.736152,97.0,102.59712,245.051682,6.0,66.0,14.9871,-16.23,-8.822622,0,5.0,Low
0.0,6.0,0.0,0.0,0.0,0.0,0.0,0.0,0.0,0.0,0.0,0.0,0.0,0.0,0.0,6.0,3.0,7.0,0.0,0.0,0.0,0.0,0.0,0.0,0.0,0.0,0.0,0.0,22.0,1162.0,2512.6008,18.0,137.0,44.0,103.789647,924.11,784.4926,0.0,2983.273,199.0,61.03622,0.0,0.0,3.0,53.165992,0.0,12.0,44.0,128.396036,67.0,94.437114,199.117074,0.0,62.0,6.7499,-16.12,-8.725192,0,5.0,Low
3.0,0.0,0.0,0.0,0.0,0.0,3.0,0.0,0.0,8.0,8.0,0.0,0.0,0.0,0.0,0.0,0.0,0.0,0.0,0.0,0.0,0.0,0.0,0.0,0.0,0.0,0.0,0.0,22.0,1494.0,3349.792534,14.0,181.0,60.0,136.839468,858.04,984.969,0.0,3772.052,258.0,85.74164999999999,8.0,8.0,14.0,51.102358,0.0,14.0,60.0,162.837262,99.0,105.113107,233.017825,8.0,77.0,-3.5877,-17.71,-8.721628,1,4.0,Medium
0.0,4.0,0.0,0.0,0.0,0.0,0.0,0.0,0.0,6.0,0.0,0.0,0.0,0.0,0.0,0.0,5.0,0.0,0.0,0.0,0.0,0.0,6.0,0.0,0.0,0.0,0.0,0.0,21.0,1352.0,3144.272317,14.0,171.0,44.0,114.165006,825.23,914.7354,0.0,3409.235,233.0,79.438316,6.0,6.0,5.0,50.779583,0.0,14.0,44.0,150.71633,83.0,96.50285,216.211682,6.0,62.0,6.038500000000001,-16.07,-8.802773,0,5.0,Low
5.0,0.0,0.0,0.0,0.0,0.0,0.0,0.0,0.0,0.0,0.0,0.0,0.0,0.0,0.0,4.0,6.0,0.0,6.0,0.0,0.0,0.0,0.0,0.0,0.0,0.0,0.0,0.0,21.0,988.0,2012.4826960000005,9.0,114.0,46.0,90.469411,854.4000000000001,642.9237,0.0,2549.068,170.0,49.705961,0.0,0.0,-1.0,51.198044,0.0,5.0,46.0,105.827837,57.0,92.59116,168.030895,0.0,56.0,1.867,-15.5,-8.550271,0,5.0,Low
0.0,4.0,0.0,0.0,0.0,0.0,5.0,0.0,0.0,0.0,0.0,0.0,0.0,0.0,0.0,4.0,0.0,0.0,0.0,0.0,0.0,0.0,0.0,8.0,0.0,0.0,0.0,0.0,21.0,1406.0,2894.2243780000003,17.0,181.0,42.0,139.647561,777.18,978.7769,0.0,3518.62,240.0,84.217789,0.0,0.0,9.0,59.220814,0.0,13.0,42.0,158.74341300000003,110.0,112.841621,234.874716,0.0,59.0,19.4191,-15.95,-8.701528,1,4.0,Medium
0.0,5.0,0.0,0.0,0.0,0.0,0.0,0.0,0.0,6.0,0.0,0.0,0.0,0.0,0.0,0.0,5.0,0.0,0.0,0.0,0.0,0.0,5.0,0.0,0.0,0.0,0.0,0.0,21.0,1330.0,3084.42779,16.0,165.0,43.0,113.144519,855.67,898.4832,0.0,3376.5730000000003,229.0,76.910112,6.0,6.0,6.0,47.064924,0.0,16.0,43.0,148.04126200000002,79.0,96.309692,215.167861,6.0,64.0,2.058799999999998,-15.82,-8.802133,1,4.0,Medium
0.0,0.0,0.0,5.0,0.0,0.0,0.0,0.0,0.0,0.0,0.0,0.0,0.0,0.0,0.0,4.0,3.0,0.0,0.0,0.0,0.0,0.0,0.0,0.0,0.0,10.0,0.0,0.0,22.0,1732.0,3717.812024,9.0,243.0,48.0,180.838832,723.21,1216.6407000000002,0.0,4209.252,296.0,112.734931,0.0,0.0,2.0,71.662266,0.0,5.0,48.0,196.620916,165.0,168.50088,278.26,0.0,53.0,47.5769,-17.740000000000002,-8.458387,1,3.0,Medium
0.0,5.0,0.0,0.0,0.0,0.0,0.0,0.0,0.0,0.0,0.0,0.0,0.0,0.0,0.0,6.0,5.0,0.0,0.0,0.0,0.0,0.0,6.0,0.0,0.0,0.0,0.0,0.0,22.0,1244.0,2717.540921,16.0,153.0,45.0,110.626381,921.33,841.7808,0.0,3154.1890000000003,213.0,68.41885500000001,0.0,0.0,0.0,58.676273,0.0,10.0,45.0,137.940984,80.0,101.110756,210.160895,0.0,60.0,11.8441,-16.369999999999997,-8.712454,1,4.0,Medium
0.0,4.0,0.0,0.0,0.0,0.0,0.0,0.0,0.0,0.0,0.0,0.0,0.0,0.0,0.0,6.0,2.0,0.0,0.0,0.0,0.0,0.0,9.0,0.0,0.0,0.0,0.0,0.0,21.0,1346.0,2979.166741,14.0,174.0,44.0,122.27967,823.1,930.579,0.0,3370.298,230.0,78.510413,0.0,0.0,2.0,60.205835,0.0,8.0,44.0,152.086166,95.0,103.248326,224.994716,0.0,56.0,25.7011,-15.829999999999998,-8.59966,0,5.0,Low
0.0,5.0,0.0,0.0,0.0,0.0,0.0,0.0,0.0,0.0,0.0,0.0,0.0,0.0,0.0,4.0,4.0,0.0,0.0,0.0,0.0,8.0,0.0,0.0,0.0,0.0,0.0,0.0,21.0,1084.0,2527.16626,14.0,130.0,41.0,78.23612700000001,840.74,731.6572000000001,0.0,2770.596,186.0,55.171071,0.0,0.0,1.0,57.854744,0.0,10.0,41.0,122.939864,39.0,88.722384,184.030895,0.0,56.0,8.026799999999998,-15.5,-8.690928,0,5.0,Low
0.0,8.0,0.0,0.0,0.0,0.0,0.0,0.0,0.0,0.0,0.0,0.0,0.0,0.0,0.0,4.0,3.0,6.0,0.0,0.0,0.0,0.0,0.0,0.0,0.0,0.0,0.0,0.0,21.0,1120.0,2400.271207,20.0,129.0,38.0,103.736056,918.23,763.7476,0.0,2912.077,191.0,58.117688,0.0,0.0,5.0,43.065425,0.0,16.0,38.0,124.90389,63.0,94.044372,197.899432,0.0,62.0,3.332899999999998,-14.750000000000002,-8.741703,0,5.0,Low
0.0,0.0,0.0,0.0,0.0,0.0,10.0,0.0,0.0,0.0,0.0,0.0,0.0,0.0,0.0,2.0,2.0,8.0,0.0,0.0,0.0,0.0,0.0,0.0,0.0,0.0,0.0,0.0,22.0,1324.0,2779.163434,12.0,172.0,46.0,120.014754,691.12,902.2506,0.0,3262.46,228.0,79.191636,0.0,0.0,8.0,73.7238,0.0,10.0,46.0,148.425172,100.0,95.934074,210.14,0.0,56.0,9.69,-17.86,-8.654877,1,2.0,Medium
0.0,6.0,0.0,0.0,0.0,0.0,0.0,0.0,0.0,0.0,0.0,0.0,0.0,0.0,0.0,5.0,3.0,0.0,0.0,7.0,0.0,0.0,0.0,0.0,0.0,0.0,0.0,0.0,21.0,1068.0,2378.73934,17.0,124.0,41.0,87.425608,877.58,719.1608000000001,0.0,2754.941,183.0,54.181855,0.0,0.0,3.0,52.116635,0.0,12.0,41.0,119.203215,50.0,88.18718299999999,183.947074,0.0,59.0,3.910000000000001,-15.29,-8.688233,0,5.0,Low
0.0,0.0,0.0,0.0,0.0,0.0,6.0,0.0,0.0,0.0,0.0,0.0,0.0,0.0,0.0,5.0,5.0,0.0,0.0,0.0,0.0,0.0,0.0,6.0,0.0,0.0,0.0,0.0,22.0,1276.0,2628.723301,11.0,165.0,49.0,116.20905,775.54,855.4922,0.0,3145.152,220.0,75.018541,0.0,0.0,1.0,74.88365999999999,0.0,6.0,49.0,139.789239,98.0,102.392812,202.18,0.0,55.0,10.5353,-17.82,-8.591318,1,4.0,Medium
6.0,0.0,0.0,0.0,0.0,0.0,6.0,0.0,0.0,7.0,0.0,0.0,0.0,0.0,0.0,0.0,3.0,0.0,0.0,0.0,0.0,0.0,0.0,0.0,0.0,0.0,0.0,0.0,22.0,1424.0,3231.9098750000003,19.0,169.0,51.0,125.586494,908.26,943.7647,0.0,3648.227,245.0,80.900113,7.0,7.0,16.0,44.575757,0.0,19.0,51.0,157.318606,85.0,99.874561,231.090201,7.0,76.0,-13.6293,-16.68,-8.786193,1,4.0,Medium
3.0,0.0,0.0,0.0,0.0,0.0,5.0,0.0,0.0,8.0,0.0,0.0,0.0,0.0,0.0,6.0,0.0,0.0,0.0,0.0,0.0,0.0,0.0,0.0,0.0,0.0,0.0,0.0,22.0,1482.0,3462.197962,22.0,179.0,58.0,124.744162,914.46,977.0652,0.0,3744.046,256.0,85.453162,8.0,8.0,16.0,54.000936,0.0,16.0,58.0,161.96203400000002,89.0,94.816165,231.017825,8.0,77.0,-9.7359,-17.71,-8.7811985,1,4.0,Medium
0.0,6.0,0.0,0.0,0.0,0.0,0.0,0.0,0.0,0.0,0.0,0.0,0.0,0.0,0.0,4.0,3.0,0.0,0.0,0.0,0.0,0.0,9.0,0.0,0.0,0.0,0.0,0.0,22.0,1390.0,3049.969832,16.0,177.0,42.0,128.77907,883.65,965.719,0.0,3512.3550000000005,237.0,80.20463699999999,0.0,0.0,3.0,56.622542,0.0,12.0,42.0,157.839898,96.0,110.190662,237.197074,0.0,60.0,23.1122,-16.04,-8.668124,0,5.0,Low
0.0,0.0,6.0,0.0,0.0,0.0,0.0,0.0,0.0,0.0,0.0,0.0,0.0,0.0,0.0,6.0,5.0,0.0,0.0,0.0,0.0,0.0,5.0,0.0,0.0,0.0,0.0,0.0,22.0,1258.0,2726.612628,18.0,153.0,44.0,115.530924,951.77,853.2306,0.0,3205.689,215.0,68.89065099999999,0.0,0.0,1.0,54.961614,0.0,12.0,44.0,139.508558,82.0,111.487924,214.593766,0.0,62.0,10.204999999999998,-16.119999999999997,-8.755788,1,3.0,Medium
0.0,0.0,0.0,6.0,0.0,0.0,0.0,0.0,0.0,0.0,0.0,0.0,0.0,0.0,0.0,5.0,3.0,0.0,0.0,0.0,0.0,0.0,0.0,7.0,0.0,0.0,0.0,0.0,21.0,1332.0,2862.863346,11.0,176.0,47.0,119.84403400000002,721.58,907.2482,0.0,3271.483,229.0,80.280782,0.0,0.0,3.0,72.905299,0.0,6.0,47.0,148.837063,103.0,105.407963,211.97,0.0,53.0,17.9633,-17.03,-8.583994,1,4.0,Medium
0.0,4.0,0.0,0.0,0.0,0.0,0.0,0.0,0.0,0.0,0.0,0.0,0.0,0.0,0.0,4.0,3.0,10.0,0.0,0.0,0.0,0.0,0.0,0.0,0.0,0.0,0.0,0.0,21.0,1112.0,2409.483435,12.0,137.0,42.0,97.549104,796.47,755.1643999999999,0.0,2818.293,191.0,60.5031,0.0,0.0,1.0,56.315301,0.0,8.0,42.0,123.637906,67.0,88.168492,186.074716,0.0,54.0,13.5865,-15.75,-8.600765,1,4.0,Medium
6.0,0.0,0.0,0.0,0.0,0.0,5.0,0.0,0.0,7.0,0.0,0.0,0.0,0.0,0.0,3.0,0.0,0.0,0.0,0.0,0.0,0.0,0.0,0.0,0.0,0.0,0.0,0.0,21.0,1426.0,3275.119844,21.0,169.0,52.0,126.435569,896.7199999999999,948.6614,0.0,3653.243,245.0,81.06599100000001,7.0,7.0,18.0,41.740855,0.0,18.0,52.0,157.741456,85.0,96.522432,231.800201,7.0,76.0,-9.7425,-15.97,-8.787298,1,4.0,Medium
0.0,0.0,0.0,0.0,0.0,0.0,9.0,0.0,0.0,0.0,0.0,0.0,0.0,0.0,0.0,4.0,3.0,0.0,0.0,0.0,0.0,0.0,5.0,0.0,0.0,0.0,0.0,0.0,21.0,1332.0,2834.6051420000003,13.0,174.0,46.0,120.602397,714.67,905.0515,0.0,3275.4990000000003,229.0,80.298,0.0,0.0,6.0,72.38761199999999,0.0,9.0,46.0,148.889855,104.0,97.629471,211.89,0.0,55.0,10.532099999999998,-17.11,-8.675187,1,3.0,Medium
0.0,5.0,0.0,0.0,0.0,0.0,0.0,0.0,0.0,0.0,0.0,0.0,0.0,0.0,0.0,3.0,5.0,8.0,0.0,0.0,0.0,0.0,0.0,0.0,0.0,0.0,0.0,0.0,21.0,1060.0,2274.316523,13.0,127.0,40.0,93.018163,834.3399999999999,714.1784,0.0,2711.508,182.0,55.992802,0.0,0.0,0.0,52.705924,0.0,10.0,40.0,117.126355,61.0,88.204504,180.070895,0.0,55.0,6.863899999999999,-15.46,-8.640803,0,5.0,Low
0.0,4.0,0.0,0.0,0.0,0.0,0.0,0.0,0.0,7.0,0.0,0.0,0.0,0.0,0.0,0.0,0.0,3.0,0.0,0.0,0.0,0.0,8.0,0.0,0.0,0.0,0.0,0.0,22.0,1630.0,3825.297297,15.0,214.0,47.0,142.62455500000002,796.05,1131.0721,0.0,4077.424,280.0,100.252565,7.0,7.0,11.0,54.200217,0.0,15.0,47.0,185.5938,108.0,108.294733,260.417843,7.0,66.0,22.8094,-16.94,-8.788573,1,1.0,Medium
0.0,0.0,0.0,6.0,0.0,0.0,0.0,0.0,0.0,0.0,0.0,0.0,0.0,0.0,0.0,0.0,6.0,0.0,0.0,0.0,0.0,0.0,6.0,0.0,0.0,0.0,6.0,0.0,24.0,1812.0,4540.720421999999,30.0,222.0,84.0,140.724114,1337.1,1154.7594,0.0,4487.52,312.0,104.691738,6.0,6.0,0.0,77.107842,0.0,6.0,84.0,193.358988,120.0,111.88212,279.67629,6.0,90.0,1.1820000000000022,-20.64,-8.614371,0,6.0,Low
5.0,0.0,0.0,0.0,0.0,0.0,0.0,0.0,0.0,0.0,7.0,0.0,0.0,0.0,0.0,0.0,3.0,0.0,0.0,0.0,0.0,7.0,0.0,0.0,0.0,0.0,0.0,0.0,22.0,1196.0,2616.1685150000003,5.0,144.0,51.0,101.541587,822.9,797.6485,0.0,3050.881,205.0,61.46477300000001,0.0,0.0,2.0,58.378438,0.0,5.0,51.0,134.230082,60.0,103.642076,202.120895,0.0,61.0,14.207999999999998,-16.41,-8.559877,1,4.0,Medium
0.0,0.0,5.0,0.0,0.0,0.0,5.0,0.0,0.0,0.0,0.0,0.0,0.0,0.0,0.0,4.0,0.0,0.0,0.0,0.0,0.0,0.0,8.0,0.0,0.0,0.0,0.0,0.0,22.0,1544.0,3337.302653,19.0,200.0,43.0,149.24584900000002,833.92,1081.6247,0.0,3866.615,263.0,92.88206,0.0,0.0,10.0,60.306638,0.0,15.0,43.0,176.621568,118.0,122.51685799999998,259.604805,0.0,63.0,23.8328,-16.490000000000002,-8.69405,1,2.0,Medium
3.0,0.0,0.0,0.0,0.0,0.0,6.0,0.0,0.0,7.0,0.0,0.0,0.0,0.0,0.0,0.0,5.0,0.0,0.0,0.0,0.0,0.0,0.0,0.0,0.0,0.0,0.0,0.0,21.0,1300.0,2968.988009,16.0,157.0,49.0,108.894937,826.6999999999999,851.8444,0.0,3290.453,225.0,74.709026,7.0,7.0,11.0,50.985367,0.0,16.0,49.0,141.91150700000003,78.0,89.512417,203.011664,7.0,68.0,-15.0929,-16.64,-8.793703,1,4.0,Medium
0.0,0.0,0.0,0.0,0.0,0.0,6.0,0.0,0.0,8.0,0.0,0.0,0.0,0.0,0.0,0.0,4.0,0.0,0.0,0.0,0.0,0.0,3.0,0.0,0.0,0.0,0.0,0.0,21.0,1418.0,3302.020837,14.0,182.0,50.0,116.210276,743.62,943.7048,0.0,3514.69,246.0,86.459215,8.0,8.0,10.0,61.002473,0.0,14.0,50.0,156.285502,93.0,90.77412800000002,213.139288,8.0,64.0,-4.3363,-17.47,-8.830121,0,5.0,Low
0.0,0.0,0.0,0.0,0.0,0.0,5.0,0.0,0.0,0.0,0.0,0.0,0.0,0.0,0.0,6.0,3.0,0.0,0.0,0.0,0.0,0.0,7.0,0.0,0.0,0.0,0.0,0.0,21.0,1320.0,2873.213556,11.0,174.0,48.0,116.561729,737.37,896.6563000000001,0.0,3243.405,227.0,78.935396,0.0,0.0,2.0,72.99449200000001,0.0,5.0,48.0,147.215369,100.0,97.036567,209.97,0.0,53.0,18.8111,-17.03,-8.567167,0,5.0,Low
0.0,4.0,0.0,0.0,0.0,0.0,0.0,0.0,0.0,0.0,0.0,0.0,0.0,0.0,0.0,6.0,5.0,0.0,0.0,0.0,0.0,6.0,0.0,0.0,0.0,0.0,0.0,0.0,21.0,1040.0,2390.844697,14.0,123.0,44.0,75.632496,864.5899999999999,688.434,0.0,2651.897,179.0,52.16657000000001,0.0,0.0,-1.0,59.982815,0.0,8.0,44.0,115.302254,41.0,85.54393999999999,173.99471599999998,0.0,56.0,3.9943,-15.83,-8.637063,0,5.0,Low
0.0,4.0,0.0,0.0,0.0,0.0,5.0,0.0,0.0,0.0,0.0,0.0,0.0,0.0,0.0,4.0,0.0,0.0,0.0,0.0,0.0,0.0,8.0,0.0,0.0,0.0,0.0,0.0,21.0,1454.0,3154.956234,17.0,189.0,42.0,137.730121,777.18,1015.7129,0.0,3630.836,248.0,87.470829,0.0,0.0,9.0,60.306638,0.0,13.0,42.0,166.124613,110.0,108.114205,242.874716,0.0,59.0,22.5399,-15.95,-8.695402,0,5.0,Low
0.0,2.0,0.0,0.0,0.0,0.0,5.0,0.0,0.0,7.0,0.0,0.0,0.0,0.0,0.0,0.0,0.0,0.0,0.0,0.0,0.0,0.0,7.0,0.0,0.0,0.0,0.0,0.0,21.0,1604.0,3716.366065,16.0,211.0,47.0,141.045789,731.07,1104.635,0.0,3982.476,276.0,100.311521,7.0,7.0,14.0,57.561321,0.0,16.0,47.0,181.746605,113.0,103.473042,251.095485,7.0,65.0,13.2866,-16.85,-8.808756,1,2.0,Medium
0.0,5.0,0.0,0.0,0.0,0.0,0.0,0.0,0.0,0.0,0.0,0.0,0.0,0.0,0.0,5.0,5.0,0.0,6.0,0.0,0.0,0.0,0.0,0.0,0.0,0.0,0.0,0.0,21.0,1012.0,2074.0406730000004,15.0,117.0,42.0,93.037151,874.8,670.832,0.0,2603.236,174.0,51.771264,0.0,0.0,0.0,51.387288,0.0,10.0,42.0,109.070669,59.0,93.10904,171.990895,0.0,57.0,0.9077000000000002,-15.54,-8.643468,0,5.0,Low
0.0,0.0,0.0,0.0,0.0,0.0,0.0,0.0,5.0,0.0,0.0,0.0,0.0,0.0,0.0,6.0,3.0,0.0,0.0,0.0,0.0,0.0,0.0,8.0,0.0,0.0,0.0,0.0,22.0,1354.0,2797.242451,16.0,178.0,45.0,126.077859,777.67,929.0528000000002,0.0,3324.575,233.0,81.675561,0.0,0.0,2.0,75.623327,0.0,10.0,45.0,149.929412,107.0,107.551189,215.18,0.0,55.0,16.8774,-17.82,-8.608824,0,5.0,Low
0.0,5.0,0.0,0.0,0.0,0.0,6.0,0.0,0.0,0.0,0.0,0.0,0.0,0.0,0.0,0.0,3.0,0.0,0.0,0.0,0.0,0.0,0.0,8.0,0.0,0.0,0.0,0.0,22.0,1412.0,2858.459253,16.0,181.0,39.0,141.287423,798.93,983.8482,0.0,3549.105,241.0,84.346437,0.0,0.0,8.0,58.661667,0.0,16.0,39.0,159.896952,110.0,118.059918,238.160895,0.0,60.0,14.7767,-16.37,-8.712527,1,2.0,Medium
0.0,6.0,0.0,0.0,0.0,0.0,0.0,0.0,0.0,6.0,0.0,0.0,0.0,0.0,0.0,0.0,4.0,0.0,0.0,0.0,0.0,0.0,6.0,0.0,0.0,0.0,0.0,0.0,22.0,1444.0,3338.1913620000005,18.0,180.0,44.0,125.799886,898.5799999999999,985.185,0.0,3669.4680000000008,248.0,84.155606,6.0,6.0,8.0,47.574778,0.0,18.0,44.0,162.038216,88.0,104.480946,236.33404,6.0,68.0,5.801000000000002,-16.36,-8.795,0,5.0,Low
0.0,6.0,0.0,0.0,0.0,0.0,5.0,0.0,0.0,7.0,0.0,0.0,0.0,0.0,0.0,0.0,4.0,0.0,0.0,0.0,0.0,0.0,0.0,0.0,0.0,0.0,0.0,0.0,22.0,1382.0,3146.359316,24.0,163.0,45.0,120.253875,934.45,923.2052,0.0,3541.13,238.0,78.30108800000001,7.0,7.0,14.0,44.377928,0.0,24.0,45.0,152.540685,80.0,98.178792,224.130201,7.0,75.0,-16.9093,-16.64,-8.80739,1,4.0,Medium
0.0,0.0,0.0,0.0,0.0,0.0,5.0,0.0,0.0,0.0,0.0,0.0,0.0,0.0,0.0,0.0,5.0,0.0,0.0,0.0,0.0,0.0,6.0,0.0,0.0,0.0,5.0,0.0,21.0,1562.0,3807.196451,25.0,192.0,72.0,125.83573,1140.5500000000002,998.2935,0.0,3867.771,269.0,90.6494,5.0,5.0,0.0,67.260929,0.0,5.0,72.0,166.155733,107.0,96.474791,241.27357500000005,5.0,77.0,2.3566000000000003,-17.990000000000002,-8.785601,0,5.0,Low
0.0,0.0,0.0,5.0,0.0,0.0,0.0,0.0,0.0,0.0,0.0,0.0,0.0,0.0,0.0,6.0,4.0,0.0,0.0,0.0,0.0,0.0,0.0,7.0,0.0,0.0,0.0,0.0,22.0,1336.0,2862.48457,11.0,175.0,50.0,118.79407,777.5,902.6263,0.0,3286.406,230.0,79.227308,0.0,0.0,1.0,75.959466,0.0,5.0,50.0,147.97101800000002,101.0,106.930571,212.18,0.0,55.0,16.953200000000002,-17.82,-8.5646925,0,5.0,Low
0.0,0.0,0.0,0.0,0.0,0.0,6.0,0.0,0.0,0.0,0.0,0.0,0.0,0.0,0.0,6.0,4.0,0.0,0.0,0.0,0.0,0.0,7.0,0.0,0.0,0.0,0.0,0.0,23.0,1418.0,3070.590921,12.0,186.0,52.0,124.9374,808.24,959.928,0.0,3486.708,244.0,84.40928899999999,0.0,0.0,2.0,79.60193100000001,0.0,6.0,52.0,157.745704,107.0,105.15233600000002,225.35,0.0,58.0,17.3737,-18.65,-8.555498,1,3.0,Medium
0.0,4.0,0.0,0.0,0.0,0.0,0.0,0.0,5.0,0.0,0.0,0.0,0.0,0.0,0.0,0.0,3.0,0.0,0.0,0.0,0.0,10.0,0.0,0.0,0.0,0.0,0.0,0.0,22.0,1254.0,2886.0324250000003,18.0,158.0,35.0,93.775545,778.05,874.1012000000001,0.0,3154.041,215.0,69.517075,0.0,0.0,6.0,65.95174499999999,0.0,18.0,35.0,145.990232,55.0,97.785817,209.244716,0.0,57.0,9.244999999999996,-16.58,-8.747437,0,6.0,Low
4.0,0.0,0.0,0.0,0.0,0.0,6.0,0.0,0.0,8.0,0.0,0.0,0.0,0.0,0.0,4.0,0.0,0.0,0.0,0.0,0.0,0.0,0.0,0.0,0.0,0.0,0.0,0.0,22.0,1508.0,3493.635388,22.0,182.0,56.0,129.997978,906.08,1000.1914,0.0,3822.636,260.0,87.38895,8.0,8.0,18.0,50.615472,0.0,18.0,56.0,165.991022,92.0,97.860222,238.014004,8.0,78.0,-10.5222,-17.419999999999998,-8.785275,1,4.0,Medium
0.0,0.0,0.0,0.0,0.0,0.0,0.0,0.0,0.0,0.0,0.0,0.0,0.0,0.0,0.0,4.0,4.0,6.0,0.0,0.0,0.0,0.0,8.0,0.0,0.0,0.0,0.0,0.0,22.0,1324.0,2934.940826,4.0,180.0,48.0,113.421478,714.84,908.9692,0.0,3244.428,228.0,79.448492,0.0,0.0,-4.0,75.987502,0.0,0.0,48.0,148.905388,96.0,98.799636,210.46,0.0,48.0,34.0928,-17.54,-8.287634,0,7.0,Low
2.0,0.0,0.0,0.0,0.0,0.0,2.0,0.0,0.0,7.0,0.0,0.0,0.0,0.0,0.0,0.0,11.0,0.0,0.0,0.0,0.0,0.0,0.0,0.0,0.0,0.0,0.0,0.0,22.0,1128.0,2613.696355,11.0,133.0,51.0,84.02931,890.5799999999999,710.0215000000001,0.0,2861.163,197.0,61.064697,7.0,7.0,0.0,56.603661,0.0,11.0,51.0,118.930038,57.0,83.555293,171.425485,7.0,64.0,-19.8897,-17.520000000000003,-8.741397,1,3.0,Medium
0.0,0.0,0.0,0.0,0.0,0.0,5.0,0.0,0.0,0.0,0.0,0.0,0.0,0.0,0.0,6.0,4.0,0.0,0.0,0.0,0.0,0.0,6.0,0.0,0.0,0.0,0.0,0.0,21.0,1266.0,2744.3662080000004,11.0,165.0,48.0,110.484565,751.2,852.7813000000001,0.0,3116.154,218.0,74.601133,0.0,0.0,1.0,72.484638,0.0,5.0,48.0,140.17983500000005,94.0,94.459361,200.97000000000003,0.0,53.0,14.4113,-17.03,-8.581953,1,4.0,Medium
0.0,5.0,0.0,0.0,0.0,0.0,0.0,0.0,0.0,0.0,0.0,0.0,0.0,0.0,0.0,4.0,5.0,0.0,0.0,0.0,0.0,0.0,7.0,0.0,0.0,0.0,0.0,0.0,21.0,1222.0,2667.358912,14.0,153.0,41.0,110.046539,854.57,835.1422,0.0,3092.209,209.0,68.62487999999999,0.0,0.0,0.0,55.602834,0.0,10.0,41.0,136.80741,81.0,99.442202,207.030895,0.0,56.0,14.970199999999998,-15.5,-8.702148,1,4.0,Medium
4.0,0.0,0.0,0.0,0.0,0.0,8.0,0.0,0.0,0.0,0.0,0.0,0.0,0.0,0.0,2.0,8.0,0.0,0.0,0.0,0.0,0.0,0.0,0.0,0.0,0.0,0.0,0.0,22.0,1128.0,2313.626576,14.0,132.0,46.0,101.496712,875.78,734.9956,0.0,2873.222,194.0,60.226462,0.0,0.0,4.0,59.64761,0.0,12.0,46.0,122.491418,74.0,94.758104,188.044716,0.0,62.0,-12.2256,-16.78,-8.706981,0,5.0,Low
2.0,0.0,0.0,0.0,0.0,0.0,8.0,0.0,0.0,6.0,0.0,0.0,0.0,0.0,0.0,0.0,6.0,0.0,0.0,0.0,0.0,0.0,0.0,0.0,0.0,0.0,0.0,0.0,22.0,1328.0,2973.500462,16.0,162.0,50.0,111.771146,834.3999999999999,870.2520000000001,0.0,3339.1179999999995,230.0,76.81267600000001,6.0,6.0,10.0,58.917506,0.0,16.0,50.0,144.827062,84.0,93.04767,206.189324,6.0,68.0,-15.6802,-17.68,-8.789216,0,5.0,Low
0.0,6.0,0.0,0.0,0.0,0.0,0.0,0.0,0.0,0.0,0.0,0.0,0.0,0.0,0.0,5.0,4.0,0.0,0.0,0.0,0.0,0.0,0.0,6.0,0.0,0.0,0.0,0.0,21.0,1188.0,2473.52347,17.0,144.0,41.0,113.031872,891.4100000000001,808.8428000000001,0.0,3034.473,203.0,65.168429,0.0,0.0,2.0,51.263051,0.0,12.0,41.0,131.380519,79.0,103.312486,203.947074,0.0,59.0,9.825599999999998,-15.29,-8.754542,0,5.0,Low
0.0,5.0,0.0,0.0,0.0,0.0,0.0,0.0,0.0,0.0,6.0,0.0,0.0,0.0,0.0,0.0,4.0,6.0,0.0,0.0,0.0,0.0,0.0,0.0,0.0,0.0,0.0,0.0,21.0,1108.0,2268.0635,10.0,132.0,43.0,106.920303,815.2,744.9300000000001,0.0,2830.648,190.0,58.566967,0.0,0.0,1.0,50.897272,0.0,10.0,43.0,121.863592,73.0,97.417528,187.950895,0.0,58.0,8.3486,-15.58,-8.65455,1,4.0,Medium
0.0,0.0,0.0,5.0,0.0,0.0,0.0,0.0,0.0,0.0,0.0,0.0,0.0,0.0,0.0,5.0,4.0,0.0,0.0,0.0,0.0,0.0,0.0,7.0,0.0,0.0,0.0,0.0,21.0,1284.0,2745.01319,10.0,169.0,47.0,114.704804,730.97,869.7675,0.0,3156.263,221.0,76.610603,0.0,0.0,1.0,72.565417,0.0,5.0,47.0,142.58598700000002,98.0,103.20269100000002,204.01,0.0,52.0,16.8552,-16.99,-8.575853,0,5.0,Low
3.0,0.0,0.0,0.0,0.0,0.0,0.0,0.0,0.0,8.0,0.0,0.0,0.0,0.0,0.0,0.0,4.0,0.0,0.0,0.0,0.0,0.0,7.0,0.0,0.0,0.0,0.0,0.0,22.0,1506.0,3567.028741,11.0,194.0,52.0,125.214775,826.2,1013.9429,0.0,3774.31,260.0,90.40606,8.0,8.0,7.0,55.445305000000005,0.0,11.0,52.0,167.864175,94.0,101.27048200000002,235.457825,8.0,66.0,10.4185,-17.27,-8.814921,1,1.0,Medium
0.0,0.0,0.0,0.0,0.0,6.0,0.0,0.0,0.0,0.0,0.0,0.0,0.0,0.0,0.0,5.0,3.0,0.0,0.0,0.0,0.0,0.0,0.0,8.0,0.0,0.0,0.0,0.0,22.0,1336.0,2885.477549,11.0,175.0,49.0,117.152482,747.88,906.3062,0.0,3287.438,230.0,78.585661,0.0,0.0,3.0,75.59941599999999,0.0,6.0,49.0,149.06562300000002,98.0,112.931694,212.18,0.0,55.0,16.2141,-17.82,-8.585701,1,4.0,Medium
0.0,5.0,0.0,0.0,0.0,0.0,0.0,0.0,0.0,7.0,0.0,0.0,0.0,0.0,0.0,0.0,3.0,0.0,0.0,0.0,0.0,6.0,0.0,0.0,0.0,0.0,0.0,0.0,21.0,1292.0,3164.9943850000004,17.0,157.0,44.0,95.059879,841.6800000000001,868.7899,0.0,3296.379,223.0,71.736636,7.0,7.0,9.0,47.754449,0.0,17.0,44.0,145.473024,52.0,89.596367,207.164022,7.0,66.0,-1.9503000000000004,-15.9,-8.833206,0,5.0,Low
3.0,0.0,0.0,0.0,0.0,0.0,0.0,0.0,0.0,0.0,0.0,0.0,0.0,0.0,0.0,8.0,2.0,8.0,0.0,0.0,0.0,0.0,0.0,0.0,0.0,0.0,0.0,0.0,21.0,1116.0,2444.100766,11.0,136.0,50.0,95.743509,824.7199999999999,741.0547,0.0,2820.722,192.0,59.606087,0.0,0.0,1.0,60.061754,0.0,3.0,50.0,122.050555,67.0,86.025808,183.958537,0.0,56.0,13.1832,-16.16,-8.563508,1,4.0,Medium
0.0,5.0,0.0,0.0,0.0,0.0,0.0,0.0,0.0,0.0,0.0,0.0,0.0,0.0,0.0,7.0,3.0,0.0,0.0,0.0,7.0,0.0,0.0,0.0,0.0,0.0,0.0,0.0,22.0,1112.0,2450.197451,17.0,130.0,46.0,84.751345,913.9,742.0516,0.0,2849.583,191.0,55.853678,0.0,0.0,2.0,59.527516,0.0,10.0,46.0,123.011857,46.0,99.2197,188.120895,0.0,61.0,4.7636,-16.41,-8.682976,1,4.0,Medium
3.0,0.0,0.0,0.0,0.0,0.0,8.0,0.0,0.0,6.0,0.0,0.0,0.0,0.0,0.0,0.0,0.0,0.0,0.0,0.0,0.0,0.0,5.0,0.0,0.0,0.0,0.0,0.0,22.0,1630.0,3686.740023,17.0,210.0,50.0,147.213643,779.06,1115.1991,0.0,4070.946,280.0,100.179296,6.0,6.0,17.0,58.261971,0.0,17.0,50.0,184.273447,116.0,108.317748,259.145503,6.0,70.0,7.165899999999999,-17.43,-8.762573,1,3.0,Medium
0.0,0.0,0.0,5.0,0.0,0.0,0.0,0.0,0.0,0.0,0.0,0.0,0.0,0.0,0.0,6.0,3.0,7.0,0.0,0.0,0.0,0.0,0.0,0.0,0.0,0.0,0.0,0.0,21.0,1182.0,2631.921251,11.0,151.0,48.0,97.624209,737.37,790.9553000000001,0.0,2920.784,204.0,67.445589,0.0,0.0,2.0,70.88942700000001,0.0,5.0,48.0,130.887666,79.0,87.949186,186.97,0.0,53.0,10.8475,-17.03,-8.582381,1,4.0,Medium
6.0,0.0,0.0,0.0,0.0,0.0,0.0,0.0,0.0,7.0,0.0,0.0,0.0,0.0,0.0,0.0,0.0,3.0,0.0,0.0,0.0,0.0,6.0,0.0,0.0,0.0,0.0,0.0,22.0,1586.0,3705.608243,13.0,202.0,51.0,140.58358099999998,840.1299999999999,1086.2635,0.0,4018.004,272.0,94.531633,7.0,7.0,13.0,46.770899,0.0,13.0,51.0,179.69315799999998,100.0,107.908417,258.330201,7.0,70.0,17.412,-16.439999999999998,-8.768303,1,2.0,Medium
0.0,5.0,0.0,0.0,0.0,0.0,0.0,0.0,0.0,0.0,7.0,0.0,0.0,0.0,0.0,0.0,3.0,0.0,0.0,7.0,0.0,0.0,0.0,0.0,0.0,0.0,0.0,0.0,22.0,1154.0,2432.398145,10.0,137.0,46.0,104.447868,836.9,775.583,0.0,2947.772,198.0,59.822489,0.0,0.0,2.0,56.383501,0.0,10.0,46.0,128.230294,67.0,101.120025,195.120895,0.0,61.0,9.3423,-16.41,-8.641766,1,4.0,Medium
5.0,0.0,0.0,0.0,0.0,0.0,4.0,0.0,0.0,7.0,0.0,0.0,0.0,0.0,0.0,0.0,0.0,0.0,0.0,0.0,0.0,0.0,7.0,0.0,0.0,0.0,0.0,0.0,23.0,1714.0,3949.650775,16.0,220.0,53.0,153.926253,856.55,1174.7941999999998,0.0,4312.08,294.0,104.122723,7.0,7.0,16.0,54.158687,0.0,16.0,53.0,194.242729,116.0,115.34941700000002,276.42402200000004,7.0,74.0,13.8085,-17.64,-8.730852,1,1.0,Medium
4.0,0.0,0.0,0.0,0.0,0.0,0.0,0.0,0.0,6.0,0.0,0.0,0.0,0.0,0.0,0.0,3.0,0.0,0.0,0.0,0.0,0.0,8.0,0.0,0.0,0.0,0.0,0.0,21.0,1460.0,3401.9670130000004,10.0,189.0,48.0,126.319334,786.37,994.2826,0.0,3667.673,251.0,87.663826,6.0,6.0,7.0,51.799291,0.0,10.0,48.0,164.42039400000002,95.0,101.657262,234.211682,6.0,62.0,16.5461,-16.07,-8.782211,1,1.0,Medium
0.0,5.0,0.0,0.0,0.0,0.0,0.0,0.0,0.0,0.0,6.0,0.0,0.0,0.0,0.0,4.0,6.0,0.0,0.0,0.0,0.0,0.0,0.0,0.0,0.0,0.0,0.0,0.0,21.0,1024.0,2086.46014,14.0,114.0,47.0,96.131629,923.78,662.6872000000001,0.0,2640.142,176.0,50.198627,0.0,0.0,-1.0,51.008264,0.0,10.0,47.0,108.73608000000002,63.0,93.99858,173.79089499999998,0.0,62.0,-4.849600000000001,-15.74,-8.59864,0,5.0,Low
0.0,0.0,0.0,0.0,0.0,0.0,4.0,0.0,0.0,7.0,0.0,0.0,0.0,0.0,0.0,0.0,3.0,0.0,0.0,0.0,0.0,0.0,8.0,0.0,0.0,0.0,0.0,0.0,22.0,1580.0,3677.570615000001,11.0,211.0,51.0,133.198506,733.54,1075.6047,0.0,3890.411,273.0,98.875289,7.0,7.0,8.0,67.487761,0.0,11.0,51.0,177.333734,111.0,102.796383,241.433127,7.0,62.0,15.050499999999998,-18.1,-8.792114,1,1.0,Medium
0.0,0.0,0.0,4.0,0.0,0.0,0.0,0.0,0.0,7.0,0.0,0.0,0.0,0.0,0.0,3.0,0.0,0.0,0.0,0.0,0.0,0.0,7.0,0.0,0.0,0.0,0.0,0.0,21.0,1594.0,3806.682183,14.0,212.0,52.0,132.52948,726.4399999999999,1087.9581,0.0,3925.477,275.0,99.596973,7.0,7.0,11.0,64.909046,0.0,11.0,52.0,179.740073,110.0,100.600829,244.103127,7.0,63.0,16.8159,-17.43,-8.806021,1,2.0,Medium
0.0,4.0,0.0,0.0,0.0,0.0,7.0,0.0,0.0,7.0,0.0,0.0,0.0,0.0,0.0,0.0,3.0,0.0,0.0,0.0,0.0,0.0,0.0,0.0,0.0,0.0,0.0,0.0,21.0,1374.0,3123.5413890000004,22.0,166.0,45.0,119.284233,842.3199999999999,918.483,0.0,3483.283,237.0,80.110896,7.0,7.0,15.0,47.978391,0.0,22.0,45.0,151.875653,85.0,93.592234,217.927843,7.0,71.0,-15.2358,-16.43,-8.820489,1,4.0,Medium
0.0,5.0,0.0,0.0,0.0,0.0,5.0,0.0,0.0,0.0,0.0,0.0,0.0,0.0,0.0,6.0,5.0,0.0,0.0,0.0,0.0,0.0,0.0,0.0,0.0,0.0,0.0,0.0,21.0,1102.0,2316.296225,21.0,126.0,43.0,99.304966,917.23,727.6452999999999,0.0,2825.5930000000003,189.0,57.62585000000001,0.0,0.0,5.0,53.401489,0.0,15.0,43.0,119.76896100000002,68.0,90.916365,186.750895,0.0,63.0,-9.887,-15.779999999999998,-8.737295,0,5.0,Low
0.0,0.0,0.0,4.0,0.0,0.0,0.0,0.0,0.0,0.0,0.0,0.0,0.0,0.0,0.0,5.0,3.0,0.0,0.0,0.0,0.0,0.0,0.0,0.0,0.0,9.0,0.0,0.0,21.0,1602.0,3440.382995,9.0,223.0,47.0,165.606001,712.7,1119.1978,0.0,3898.706,274.0,103.068701,0.0,0.0,1.0,68.436806,0.0,4.0,47.0,180.852139,150.0,155.12518799999998,257.05,0.0,51.0,42.617900000000006,-16.95,-8.49291,1,3.0,Medium
0.0,4.0,0.0,0.0,0.0,0.0,0.0,0.0,0.0,0.0,0.0,0.0,0.0,0.0,0.0,4.0,2.0,12.0,0.0,0.0,0.0,0.0,0.0,0.0,0.0,0.0,0.0,0.0,22.0,1200.0,2608.008594,12.0,150.0,44.0,106.090508,808.94,821.3224,0.0,3031.6340000000005,206.0,66.413096,0.0,0.0,2.0,59.735434,0.0,8.0,44.0,134.3268,74.0,93.208648,200.284716,0.0,56.0,18.4758,-16.54,-8.567194,0,5.0,Low
0.0,0.0,0.0,4.0,0.0,0.0,0.0,0.0,0.0,0.0,0.0,0.0,0.0,0.0,0.0,5.0,3.0,0.0,0.0,0.0,0.0,0.0,0.0,9.0,0.0,0.0,0.0,0.0,21.0,1332.0,2819.674766,9.0,178.0,47.0,122.199262,712.7,910.8028,0.0,3267.491,229.0,80.79569,0.0,0.0,1.0,72.97378699999999,0.0,4.0,47.0,148.560679,105.0,107.333685,212.05,0.0,51.0,23.7665,-16.95,-8.529938,0,5.0,Low
0.0,0.0,0.0,0.0,5.0,0.0,0.0,0.0,0.0,6.0,0.0,0.0,0.0,0.0,0.0,0.0,3.0,0.0,0.0,0.0,0.0,0.0,7.0,0.0,0.0,0.0,0.0,0.0,21.0,1578.0,3785.851411000001,11.0,213.0,48.0,125.490182,698.01,1081.4727,0.0,3874.5,272.0,98.726393,6.0,6.0,8.0,67.668957,0.0,11.0,48.0,180.267815,106.0,101.362874,243.186966,6.0,59.0,18.1834,-17.27,-8.790241,1,3.0,Medium
0.0,0.0,0.0,5.0,0.0,0.0,0.0,0.0,0.0,0.0,0.0,0.0,0.0,0.0,0.0,4.0,3.0,0.0,0.0,10.0,0.0,0.0,0.0,0.0,0.0,0.0,0.0,0.0,22.0,1192.0,2755.221934,9.0,153.0,48.0,87.004682,723.21,800.8907,0.0,2946.822,206.0,66.681131,0.0,0.0,2.0,77.388296,0.0,5.0,48.0,134.61267600000002,65.0,89.26572999999999,188.26,0.0,53.0,12.4519,-17.740000000000002,-8.509456,1,4.0,Medium
0.0,4.0,0.0,0.0,0.0,0.0,0.0,0.0,0.0,0.0,0.0,0.0,0.0,0.0,0.0,7.0,3.0,0.0,0.0,0.0,0.0,7.0,0.0,0.0,0.0,0.0,0.0,0.0,21.0,1094.0,2547.620022,15.0,131.0,45.0,79.54145299999999,857.1600000000001,731.5438,0.0,2782.128,188.0,55.788857,0.0,0.0,1.0,60.89967,0.0,8.0,45.0,122.50898,43.0,86.97689799999999,182.954716,0.0,57.0,8.1519,-15.87,-8.6446085,0,5.0,Low
0.0,0.0,0.0,0.0,0.0,0.0,5.0,0.0,0.0,0.0,0.0,0.0,0.0,0.0,0.0,4.0,3.0,0.0,0.0,0.0,0.0,0.0,0.0,9.0,0.0,0.0,0.0,0.0,21.0,1326.0,2714.46896,9.0,177.0,46.0,125.737697,696.9100000000001,907.5437,0.0,3253.488,228.0,80.921186,0.0,0.0,2.0,72.41416,0.0,5.0,46.0,147.414433,108.0,106.473562,211.05,0.0,51.0,21.7484,-16.95,-8.525501,1,4.0,Medium
4.0,0.0,0.0,0.0,0.0,0.0,4.0,0.0,0.0,0.0,0.0,0.0,0.0,0.0,0.0,5.0,8.0,0.0,0.0,0.0,0.0,0.0,0.0,0.0,0.0,0.0,0.0,0.0,21.0,1004.0,2100.184868,13.0,114.0,47.0,86.34793,892.4100000000001,641.3012000000001,0.0,2574.659,173.0,50.601693,0.0,0.0,0.0,56.219221,0.0,8.0,47.0,106.928987,59.0,86.318668,167.874716,0.0,59.0,-10.4928,-15.95,-8.5857525,1,4.0,Medium
0.0,6.0,0.0,0.0,0.0,0.0,0.0,0.0,0.0,7.0,0.0,0.0,0.0,0.0,0.0,3.0,0.0,0.0,0.0,0.0,0.0,0.0,6.0,0.0,0.0,0.0,0.0,0.0,22.0,1568.0,3676.36454,22.0,196.0,48.0,137.756984,917.62,1075.1011,0.0,3975.935,269.0,92.52352,7.0,7.0,13.0,47.015639,0.0,19.0,48.0,176.463985,97.0,106.716823,255.210201,7.0,73.0,9.4266,-16.560000000000002,-8.784817,1,2.0,Medium
0.0,4.0,0.0,0.0,0.0,0.0,0.0,0.0,0.0,7.0,0.0,0.0,0.0,0.0,0.0,3.0,0.0,0.0,0.0,0.0,0.0,0.0,8.0,0.0,0.0,0.0,0.0,0.0,22.0,1612.0,3796.053594,18.0,208.0,50.0,139.797958,856.74,1107.6055,0.0,4041.259,277.0,97.579928,7.0,7.0,11.0,54.444957,0.0,15.0,50.0,181.814121,105.0,107.103139,257.297843,7.0,69.0,17.386,-17.060000000000002,-8.787936,1,1.0,Medium
4.0,0.0,0.0,0.0,0.0,0.0,0.0,0.0,0.0,7.0,0.0,0.0,0.0,0.0,0.0,0.0,0.0,0.0,0.0,0.0,0.0,0.0,6.0,0.0,0.0,0.0,4.0,0.0,21.0,1756.0,4443.514048,27.0,214.0,73.0,143.024968,1156.07,1144.6371,0.0,4427.290000000001,302.0,102.922587,11.0,11.0,11.0,46.382116,0.0,11.0,73.0,190.567152,106.0,101.283255,274.458703,11.0,88.0,3.8446000000000016,-17.11,-8.733237,1,3.0,Medium
0.0,4.0,0.0,0.0,0.0,0.0,0.0,0.0,0.0,6.0,0.0,0.0,0.0,0.0,0.0,0.0,4.0,0.0,0.0,0.0,0.0,0.0,0.0,8.0,0.0,0.0,0.0,0.0,22.0,1440.0,3197.1485600000005,14.0,184.0,46.0,129.7583,837.6999999999999,980.7534,0.0,3622.576,248.0,85.958974,6.0,6.0,6.0,53.918272,0.0,14.0,46.0,160.00715200000002,96.0,109.594678,230.421682,6.0,64.0,10.6396,-16.86,-8.765804,1,2.0,Medium
4.0,0.0,0.0,0.0,0.0,0.0,0.0,0.0,0.0,0.0,0.0,0.0,0.0,0.0,0.0,3.0,3.0,0.0,0.0,0.0,0.0,0.0,0.0,0.0,12.0,0.0,0.0,0.0,22.0,1680.0,3268.149337,7.0,231.0,47.0,202.45414,791.34,1183.2928,0.0,4154.75,286.0,107.57898699999998,0.0,0.0,1.0,55.599378,0.0,4.0,47.0,187.986167,168.0,200.92478,280.324716,0.0,55.0,51.7765,-16.5,-8.470529,1,3.0,Medium
0.0,0.0,6.0,0.0,0.0,0.0,0.0,0.0,0.0,0.0,0.0,0.0,0.0,0.0,0.0,5.0,3.0,8.0,0.0,0.0,0.0,0.0,0.0,0.0,0.0,0.0,0.0,0.0,22.0,1204.0,2591.264935,17.0,145.0,43.0,110.65687599999998,903.88,820.0168000000001,0.0,3079.49,206.0,64.927099,0.0,0.0,3.0,53.084412,0.0,12.0,43.0,133.898571,74.0,105.404638,205.633766,0.0,61.0,10.8983,-16.08,-8.740977,0,5.0,Low
4.0,0.0,0.0,0.0,0.0,0.0,6.0,0.0,0.0,0.0,0.0,0.0,0.0,0.0,0.0,0.0,2.0,0.0,0.0,0.0,0.0,0.0,9.0,0.0,0.0,0.0,0.0,0.0,21.0,1454.0,3123.122233,10.0,192.0,42.0,138.868944,717.16,1013.6296,0.0,3626.864,248.0,88.57949299999999,0.0,0.0,8.0,60.257345,0.0,10.0,42.0,166.985262,113.0,110.31566,242.994716,0.0,56.0,24.6629,-15.829999999999998,-8.657371,1,1.0,Medium
0.0,7.0,0.0,0.0,0.0,0.0,0.0,0.0,0.0,0.0,0.0,0.0,0.0,0.0,0.0,5.0,3.0,0.0,0.0,0.0,0.0,0.0,6.0,0.0,0.0,0.0,0.0,0.0,21.0,1256.0,2738.075183,19.0,153.0,40.0,116.650469,908.02,864.1676,0.0,3213.224,214.0,69.41426799999999,0.0,0.0,4.0,48.872614,0.0,14.0,40.0,141.276885,81.0,102.150972,217.903253,0.0,61.0,12.5863,-15.04,-8.778951,0,6.0,Low
0.0,0.0,0.0,0.0,0.0,0.0,5.0,0.0,0.0,0.0,0.0,0.0,0.0,0.0,0.0,4.0,6.0,0.0,0.0,0.0,0.0,0.0,0.0,6.0,0.0,0.0,0.0,0.0,21.0,1182.0,2425.701362,9.0,153.0,46.0,106.787165,738.4000000000001,789.7697000000001,0.0,2913.816,204.0,69.13828699999999,0.0,0.0,-1.0,71.291782,0.0,5.0,46.0,129.075781,90.0,96.969163,187.05,0.0,51.0,9.719299999999995,-16.95,-8.587242,0,5.0,Low
2.0,0.0,0.0,0.0,0.0,0.0,0.0,0.0,0.0,8.0,0.0,0.0,0.0,0.0,0.0,0.0,4.0,0.0,0.0,0.0,0.0,0.0,8.0,0.0,0.0,0.0,0.0,0.0,22.0,1528.0,3626.873268,10.0,200.0,52.0,126.235262,798.56,1032.2458,0.0,3805.988,264.0,93.045018,8.0,8.0,6.0,59.159964,0.0,10.0,52.0,170.63099400000002,98.0,101.46364,236.501646,8.0,64.0,13.971199999999998,-17.52,-8.823778,1,1.0,Medium
0.0,0.0,0.0,0.0,0.0,0.0,4.0,0.0,0.0,7.0,0.0,0.0,0.0,0.0,0.0,0.0,4.0,0.0,0.0,0.0,0.0,0.0,7.0,0.0,0.0,0.0,0.0,0.0,22.0,1526.0,3548.7232670000003,11.0,202.0,51.0,127.121342,747.37,1031.7297,0.0,3763.16,264.0,94.541026,7.0,7.0,7.0,66.977907,0.0,11.0,51.0,170.2982,105.0,100.219177,232.433127,7.0,62.0,10.6507,-18.1,-8.8071995,1,1.0,Medium
0.0,0.0,0.0,0.0,0.0,0.0,0.0,5.0,0.0,0.0,0.0,0.0,0.0,0.0,0.0,7.0,3.0,0.0,0.0,0.0,0.0,0.0,7.0,0.0,0.0,0.0,0.0,0.0,22.0,1312.0,2887.237696,12.0,170.0,51.0,111.354475,783.9000000000001,883.3451,0.0,3233.278,226.0,75.94549599999999,0.0,0.0,2.0,75.34969600000001,0.0,5.0,51.0,145.52933000000002,93.0,102.782952,208.14,0.0,56.0,15.0081,-17.86,-8.582616,1,4.0,Medium
0.0,0.0,0.0,0.0,0.0,0.0,8.0,0.0,0.0,6.0,0.0,0.0,0.0,0.0,0.0,0.0,2.0,0.0,0.0,0.0,0.0,0.0,6.0,0.0,0.0,0.0,0.0,0.0,22.0,1588.0,3608.578908,14.0,210.0,50.0,138.12077599999998,723.8,1082.3578,0.0,3911.478,274.0,99.42764400000002,6.0,6.0,12.0,68.38624,0.0,14.0,50.0,178.502836,116.0,103.74281,244.276966,6.0,64.0,9.0244,-18.18,-8.789091,1,2.0,Medium
0.0,0.0,0.0,0.0,0.0,0.0,5.0,0.0,0.0,0.0,0.0,0.0,0.0,0.0,0.0,6.0,3.0,0.0,0.0,0.0,0.0,0.0,0.0,8.0,0.0,0.0,0.0,0.0,22.0,1354.0,2797.242451,11.0,178.0,50.0,126.077859,763.67,918.7993,0.0,3329.495,233.0,81.121791,0.0,0.0,2.0,75.623327,0.0,5.0,50.0,149.47065700000002,107.0,107.551189,215.18,0.0,55.0,19.0124,-17.82,-8.542146,1,3.0,Medium
0.0,0.0,0.0,0.0,0.0,0.0,6.0,0.0,0.0,0.0,0.0,0.0,0.0,0.0,0.0,6.0,2.0,0.0,0.0,0.0,0.0,0.0,7.0,0.0,0.0,0.0,0.0,0.0,21.0,1362.0,2958.764115,12.0,180.0,48.0,121.894348,727.98,929.52,0.0,3344.598,234.0,82.19894499999998,0.0,0.0,4.0,73.192321,0.0,6.0,48.0,152.543796,105.0,98.732336,216.93,0.0,54.0,19.5291,-17.07,-8.580121,1,4.0,Medium
0.0,5.0,0.0,0.0,0.0,0.0,0.0,0.0,0.0,0.0,0.0,0.0,0.0,0.0,0.0,4.0,6.0,0.0,6.0,0.0,0.0,0.0,0.0,0.0,0.0,0.0,0.0,0.0,21.0,988.0,2012.4826960000005,14.0,114.0,41.0,90.469411,868.4000000000001,653.1772000000001,0.0,2544.148,170.0,50.259731,0.0,0.0,-1.0,51.198044,0.0,10.0,41.0,106.286592,57.0,92.59116,168.030895,0.0,56.0,-0.2680000000000007,-15.5,-8.623105,0,5.0,Low
0.0,0.0,4.0,0.0,0.0,0.0,5.0,0.0,0.0,7.0,0.0,0.0,0.0,0.0,0.0,0.0,0.0,6.0,0.0,0.0,0.0,0.0,0.0,0.0,0.0,0.0,0.0,0.0,22.0,1522.0,3482.133098,20.0,191.0,47.0,135.150175,818.25,1039.2896,0.0,3834.918,262.0,91.103442,7.0,7.0,16.0,51.433522,0.0,20.0,47.0,170.912001,98.0,105.948048,241.868971,7.0,71.0,1.7119,-17.14,-8.784429,1,4.0,Medium
4.0,0.0,0.0,0.0,0.0,0.0,5.0,0.0,0.0,0.0,0.0,0.0,0.0,0.0,0.0,6.0,6.0,0.0,0.0,0.0,0.0,0.0,0.0,0.0,0.0,0.0,0.0,0.0,21.0,1070.0,2247.293404,15.0,123.0,48.0,94.248289,889.4200000000001,691.8197000000001,0.0,2734.94,184.0,55.376775,0.0,0.0,3.0,56.606294000000005,0.0,9.0,48.0,115.041491,66.0,88.532317,178.794716,0.0,61.0,-8.5991,-16.03,-8.689709,0,5.0,Low
5.0,0.0,0.0,0.0,0.0,0.0,0.0,0.0,0.0,7.0,0.0,0.0,0.0,0.0,0.0,6.0,4.0,0.0,0.0,0.0,0.0,0.0,0.0,0.0,0.0,0.0,0.0,0.0,22.0,1284.0,3018.951562,18.0,148.0,57.0,103.940543,989.19,826.9392,0.0,3300.0240000000003,222.0,68.692712,7.0,7.0,8.0,47.729052,0.0,12.0,57.0,137.783791,65.0,90.423179,205.134022,7.0,74.0,-11.7302,-16.93,-8.753951,1,4.0,Medium
0.0,0.0,0.0,0.0,0.0,0.0,5.0,0.0,0.0,0.0,0.0,0.0,0.0,0.0,0.0,0.0,5.0,0.0,0.0,0.0,0.0,0.0,6.0,0.0,0.0,0.0,6.0,0.0,22.0,1678.0,4149.545475,29.0,204.0,80.0,133.508777,1266.23,1063.7857,0.0,4160.055,289.0,96.778065,6.0,6.0,0.0,69.648085,0.0,5.0,80.0,177.29275900000002,113.0,100.709333,258.29629,6.0,85.0,0.2788000000000004,-19.02,-8.689993,0,6.0,Low
0.0,0.0,0.0,0.0,0.0,0.0,8.0,0.0,0.0,6.0,0.0,0.0,0.0,0.0,0.0,6.0,2.0,0.0,0.0,0.0,0.0,0.0,0.0,0.0,0.0,0.0,0.0,0.0,22.0,1408.0,3204.8426820000004,20.0,174.0,56.0,117.064232,845.1800000000001,925.0366,0.0,3502.5000000000005,244.0,82.49126400000002,6.0,6.0,12.0,66.46258,0.0,14.0,56.0,152.99409400000002,92.0,91.386854,214.036966,6.0,70.0,-10.3202,-18.42,-8.807874,1,4.0,Medium
0.0,0.0,0.0,0.0,5.0,0.0,0.0,0.0,0.0,6.0,0.0,0.0,0.0,0.0,0.0,0.0,4.0,0.0,0.0,0.0,0.0,0.0,6.0,0.0,0.0,0.0,0.0,0.0,21.0,1524.0,3657.004063,11.0,204.0,48.0,119.413018,711.8399999999999,1037.5977,0.0,3747.2490000000007,263.0,94.39213,6.0,6.0,7.0,67.159103,0.0,11.0,48.0,173.232281,100.0,98.785668,234.186966,6.0,59.0,13.7836,-17.27,-8.808062,1,2.0,Medium
0.0,0.0,0.0,0.0,0.0,0.0,0.0,0.0,0.0,5.0,0.0,0.0,0.0,0.0,0.0,6.0,5.0,0.0,0.0,0.0,0.0,0.0,6.0,0.0,0.0,0.0,0.0,0.0,22.0,1344.0,3140.023051,11.0,173.0,55.0,106.612386,837.48,888.4253000000001,0.0,3327.259,233.0,78.555135,5.0,5.0,0.0,69.065943,0.0,5.0,55.0,146.506344,85.0,92.601701,205.360805,5.0,60.0,10.2361,-18.02,-8.740752,0,5.0,Low
0.0,0.0,0.0,0.0,0.0,0.0,8.0,0.0,0.0,0.0,0.0,0.0,0.0,0.0,0.0,4.0,6.0,0.0,0.0,0.0,0.0,0.0,4.0,0.0,0.0,0.0,0.0,0.0,22.0,1264.0,2676.1206380000003,12.0,162.0,48.0,110.71414,778.02,843.5168000000001,0.0,3118.11,218.0,73.80536,0.0,0.0,2.0,74.88473400000001,0.0,8.0,48.0,139.126848,94.0,96.566496,200.14,0.0,56.0,4.336599999999999,-17.86,-8.682462,1,4.0,Medium
0.0,0.0,0.0,0.0,0.0,0.0,5.0,0.0,0.0,5.0,0.0,0.0,0.0,0.0,0.0,0.0,6.0,0.0,0.0,0.0,0.0,0.0,6.0,0.0,0.0,0.0,0.0,0.0,22.0,1410.0,3198.427984,10.0,185.0,49.0,117.869041,752.1299999999999,946.815,0.0,3478.696,244.0,85.803682,5.0,5.0,4.0,68.919624,0.0,10.0,49.0,156.444017,98.0,97.973266,216.400805,5.0,59.0,6.7719000000000005,-17.98,-8.761574,1,3.0,Medium
5.0,0.0,0.0,0.0,0.0,0.0,5.0,0.0,0.0,0.0,0.0,0.0,0.0,0.0,0.0,0.0,4.0,0.0,0.0,0.0,0.0,0.0,7.0,0.0,0.0,0.0,0.0,0.0,21.0,1336.0,2848.8797990000003,10.0,171.0,42.0,126.43867400000002,768.02,918.588,0.0,3366.742,228.0,78.34272299999999,0.0,0.0,6.0,55.835003,0.0,10.0,42.0,151.85448200000002,98.0,105.849527,225.990895,0.0,57.0,15.9924,-15.54,-8.695364,1,3.0,Medium
4.0,0.0,0.0,4.0,0.0,0.0,0.0,0.0,0.0,0.0,0.0,0.0,0.0,0.0,0.0,0.0,4.0,0.0,0.0,0.0,0.0,0.0,0.0,9.0,0.0,0.0,0.0,0.0,21.0,1340.0,2787.896165,8.0,175.0,42.0,129.58727000000002,735.94,924.8172,0.0,3354.343,229.0,80.01924499999998,0.0,0.0,4.0,59.208347,0.0,8.0,42.0,151.71515399999998,103.0,114.280477,224.074716,0.0,54.0,21.2764,-15.75,-8.596674,1,1.0,Medium
0.0,4.0,0.0,0.0,0.0,0.0,0.0,0.0,0.0,0.0,0.0,0.0,0.0,0.0,0.0,2.0,3.0,0.0,0.0,0.0,0.0,13.0,0.0,0.0,0.0,0.0,0.0,0.0,22.0,1182.0,2867.0476280000003,10.0,149.0,42.0,76.271581,782.31,811.2038,0.0,2984.601,203.0,62.000888,0.0,0.0,1.0,67.523921,0.0,8.0,42.0,137.72544299999998,34.0,93.087966,197.364716,0.0,54.0,19.0871,-16.46,-8.611314,0,5.0,Low
9.0,0.0,0.0,0.0,0.0,0.0,0.0,0.0,0.0,0.0,0.0,0.0,0.0,0.0,0.0,4.0,3.0,0.0,0.0,0.0,0.0,0.0,6.0,0.0,0.0,0.0,0.0,0.0,22.0,1324.0,2870.436251,13.0,159.0,48.0,125.717609,949.77,898.5061000000001,0.0,3423.2249999999995,225.0,71.623239,0.0,0.0,6.0,45.478565,0.0,9.0,48.0,148.988935,84.0,109.611188,234.065611,0.0,66.0,15.0161,-15.29,-8.70838,1,1.0,Medium
0.0,0.0,0.0,0.0,0.0,0.0,5.0,0.0,0.0,0.0,0.0,0.0,0.0,0.0,0.0,6.0,3.0,0.0,0.0,0.0,0.0,0.0,8.0,0.0,0.0,0.0,0.0,0.0,22.0,1402.0,3057.9743070000004,11.0,186.0,50.0,124.160419,763.67,955.7353,0.0,3441.711,241.0,84.374831,0.0,0.0,2.0,76.709151,0.0,5.0,50.0,156.851857,107.0,102.823773,223.18,0.0,55.0,22.1332,-17.82,-8.533046,1,3.0,Medium
0.0,0.0,3.0,0.0,0.0,0.0,4.0,0.0,0.0,7.0,0.0,0.0,0.0,0.0,0.0,0.0,0.0,0.0,0.0,0.0,0.0,0.0,8.0,0.0,0.0,0.0,0.0,0.0,22.0,1694.0,3919.037195,17.0,223.0,48.0,151.331052,783.37,1172.3241,0.0,4216.259,291.0,105.793466,7.0,7.0,14.0,57.873346,0.0,17.0,48.0,192.536453,120.0,115.23369,268.04001,7.0,68.0,17.481099999999998,-17.35,-8.762185,1,1.0,Medium
0.0,4.0,0.0,0.0,0.0,0.0,0.0,0.0,0.0,0.0,0.0,0.0,0.0,0.0,0.0,8.0,3.0,0.0,0.0,0.0,0.0,0.0,7.0,0.0,0.0,0.0,0.0,0.0,22.0,1314.0,2900.501402,16.0,165.0,48.0,116.782348,903.69,893.3426,0.0,3305.027,225.0,73.970125,0.0,0.0,1.0,62.76942,0.0,8.0,48.0,146.18420600000002,88.0,102.339674,219.124716,0.0,60.0,18.1752,-16.700000000000003,-8.653698,0,6.0,Low
4.0,0.0,0.0,0.0,0.0,0.0,5.0,0.0,0.0,0.0,0.0,0.0,0.0,0.0,0.0,0.0,5.0,0.0,0.0,0.0,0.0,0.0,7.0,0.0,0.0,0.0,0.0,0.0,21.0,1304.0,2779.876978,9.0,168.0,42.0,121.381997,754.21,893.0159,0.0,3271.169,223.0,76.64741799999999,0.0,0.0,4.0,59.039808,0.0,9.0,42.0,147.58576700000003,96.0,103.46547900000002,218.034716,0.0,55.0,15.1453,-15.79,-8.668657,1,3.0,Medium
0.0,4.0,0.0,0.0,0.0,0.0,0.0,0.0,0.0,0.0,0.0,0.0,0.0,0.0,0.0,6.0,2.0,0.0,0.0,0.0,0.0,0.0,0.0,10.0,0.0,0.0,0.0,0.0,22.0,1368.0,2838.012672,14.0,176.0,46.0,132.27516000000003,849.4,943.488,0.0,3428.334,234.0,79.88354799999999,0.0,0.0,2.0,62.563214,0.0,8.0,46.0,152.49615400000002,102.0,114.944802,228.204716,0.0,58.0,25.1222,-16.619999999999997,-8.569017,0,5.0,Low
0.0,0.0,6.0,0.0,0.0,0.0,5.0,0.0,0.0,6.0,0.0,0.0,0.0,0.0,0.0,0.0,4.0,0.0,0.0,0.0,0.0,0.0,0.0,0.0,0.0,0.0,0.0,0.0,21.0,1338.0,3005.8629,23.0,159.0,42.0,120.403501,894.48,898.7515000000001,0.0,3425.034,230.0,76.362601,6.0,6.0,13.0,42.299994,0.0,23.0,42.0,148.108835,82.0,104.85688100000002,218.400732,6.0,71.0,-13.5895,-15.77,-8.80704,0,5.0,Low
5.0,0.0,0.0,0.0,0.0,0.0,0.0,0.0,0.0,0.0,0.0,0.0,0.0,0.0,0.0,0.0,3.0,0.0,0.0,0.0,0.0,0.0,8.0,0.0,0.0,0.0,5.0,0.0,21.0,1620.0,3982.152457,25.0,195.0,72.0,136.610348,1228.89,1049.5855,0.0,4094.173,277.0,91.476706,5.0,5.0,2.0,51.267467,0.0,5.0,72.0,174.928241,104.0,105.070598,264.25447,5.0,82.0,11.8017,-16.54,-8.699913,1,3.0,Medium
0.0,0.0,0.0,0.0,0.0,0.0,5.0,0.0,0.0,0.0,0.0,0.0,0.0,0.0,0.0,6.0,4.0,6.0,0.0,0.0,0.0,0.0,0.0,0.0,0.0,0.0,0.0,0.0,21.0,1122.0,2399.117388,11.0,141.0,48.0,95.081215,751.2,742.3933000000001,0.0,2779.5060000000003,194.0,63.010027,0.0,0.0,1.0,70.071498,0.0,5.0,48.0,122.23045100000002,76.0,84.486593,176.97000000000003,0.0,53.0,5.913499999999999,-17.03,-8.58578,1,4.0,Medium
0.0,0.0,0.0,0.0,0.0,5.0,0.0,0.0,0.0,0.0,0.0,0.0,0.0,0.0,0.0,7.0,3.0,0.0,0.0,0.0,0.0,0.0,0.0,7.0,0.0,0.0,0.0,0.0,22.0,1300.0,2816.079992,12.0,168.0,51.0,112.586875,783.9000000000001,874.1111000000001,0.0,3205.224,224.0,75.132236,0.0,0.0,2.0,75.411365,0.0,5.0,51.0,143.68403,93.0,108.403116,206.14,0.0,56.0,14.2279,-17.86,-8.5947485,1,4.0,Medium
0.0,4.0,0.0,0.0,0.0,0.0,0.0,0.0,0.0,0.0,5.0,0.0,0.0,0.0,0.0,0.0,3.0,0.0,0.0,0.0,0.0,0.0,9.0,0.0,0.0,0.0,0.0,0.0,21.0,1352.0,2877.3460990000003,8.0,176.0,43.0,130.727595,761.7,936.8752,0.0,3381.3450000000003,231.0,79.369205,0.0,0.0,1.0,58.215711,0.0,8.0,43.0,153.029544,103.0,110.638396,226.034716,0.0,55.0,27.7959,-15.79,-8.554696,1,4.0,Medium
0.0,0.0,0.0,0.0,0.0,0.0,7.0,0.0,0.0,0.0,0.0,0.0,0.0,0.0,0.0,2.0,3.0,0.0,0.0,0.0,0.0,0.0,10.0,0.0,0.0,0.0,0.0,0.0,22.0,1498.0,3240.538213,9.0,204.0,46.0,136.709025,691.63,1038.5935,0.0,3662.247,257.0,93.524323,0.0,0.0,4.0,77.367541,0.0,7.0,46.0,170.443471,121.0,109.298203,239.26,0.0,53.0,27.666,-17.740000000000002,-8.523465,1,3.0,Medium
0.0,4.0,0.0,0.0,0.0,0.0,4.0,0.0,0.0,7.0,0.0,0.0,0.0,0.0,0.0,0.0,7.0,0.0,0.0,0.0,0.0,0.0,0.0,0.0,0.0,0.0,0.0,0.0,22.0,1276.0,2922.803115,19.0,151.0,47.0,104.807902,910.62,835.0958999999999,0.0,3250.759,221.0,71.425421,7.0,7.0,8.0,50.589709,0.0,19.0,47.0,138.49132600000002,71.0,91.714927,201.257843,7.0,70.0,-18.4675,-17.1,-8.772856,0,6.0,Low
0.0,6.0,0.0,0.0,0.0,0.0,0.0,0.0,0.0,0.0,4.0,0.0,0.0,0.0,0.0,0.0,4.0,7.0,0.0,0.0,0.0,0.0,0.0,0.0,0.0,0.0,0.0,0.0,21.0,1110.0,2301.361311,12.0,132.0,40.0,105.945173,827.1800000000001,753.1397999999999,0.0,2850.15,190.0,58.804242,0.0,0.0,2.0,48.141995,0.0,12.0,40.0,123.208892,70.0,96.517714,190.987074,0.0,58.0,8.092600000000001,-15.25,-8.696089,0,5.0,Low
0.0,5.0,0.0,0.0,0.0,0.0,0.0,0.0,0.0,7.0,0.0,0.0,0.0,0.0,0.0,0.0,4.0,0.0,0.0,0.0,0.0,0.0,7.0,0.0,0.0,0.0,0.0,0.0,23.0,1546.0,3607.448539,17.0,196.0,48.0,132.595777,908.11,1053.5929,0.0,3902.388,266.0,91.622297,7.0,7.0,8.0,53.367371000000006,0.0,17.0,48.0,173.38777600000003,96.0,108.566341,248.584022,7.0,70.0,8.801499999999999,-17.48,-8.80638,0,5.0,Low
5.0,0.0,0.0,0.0,0.0,0.0,0.0,0.0,0.0,0.0,0.0,0.0,0.0,0.0,0.0,3.0,5.0,8.0,0.0,0.0,0.0,0.0,0.0,0.0,0.0,0.0,0.0,0.0,21.0,1060.0,2274.316523,8.0,127.0,45.0,93.018163,820.3399999999999,703.9249,0.0,2716.428,182.0,55.439032,0.0,0.0,0.0,52.705924,0.0,5.0,45.0,116.6676,61.0,88.204504,180.070895,0.0,55.0,8.998899999999999,-15.46,-8.562978,1,4.0,Medium
0.0,0.0,0.0,0.0,0.0,0.0,6.0,0.0,0.0,0.0,0.0,0.0,0.0,0.0,0.0,5.0,2.0,8.0,0.0,0.0,0.0,0.0,0.0,0.0,0.0,0.0,0.0,0.0,21.0,1200.0,2565.721726,11.0,154.0,47.0,104.865972,707.75,808.5562,0.0,2963.897,207.0,69.566867,0.0,0.0,4.0,70.295411,0.0,6.0,47.0,132.862741,85.0,87.49463800000001,189.97000000000003,0.0,53.0,11.4228,-17.03,-8.577121,1,4.0,Medium
0.0,0.0,0.0,0.0,0.0,0.0,5.0,0.0,0.0,0.0,0.0,0.0,0.0,0.0,0.0,0.0,2.0,0.0,0.0,0.0,0.0,0.0,10.0,0.0,0.0,0.0,5.0,0.0,22.0,1806.0,4378.499246,25.0,231.0,74.0,151.665912,1125.36,1188.9975,0.0,4447.83,310.0,109.091624,5.0,5.0,3.0,72.50515000000001,0.0,5.0,74.0,196.898823,132.0,109.993615,281.48357500000003,5.0,79.0,18.8781,-18.78,-8.652085,1,4.0,Medium
0.0,0.0,0.0,0.0,0.0,0.0,4.0,0.0,0.0,6.0,0.0,0.0,0.0,0.0,0.0,0.0,5.0,0.0,0.0,0.0,0.0,0.0,6.0,0.0,0.0,0.0,0.0,0.0,21.0,1392.0,3210.463269,10.0,183.0,48.0,115.268774,721.23,935.699,0.0,3435.651,241.0,85.268276,6.0,6.0,5.0,64.390119,0.0,10.0,48.0,154.588174,95.0,93.749734,212.226966,6.0,58.0,7.2301,-17.229999999999997,-8.789813,1,4.0,Medium
0.0,0.0,5.0,0.0,0.0,0.0,0.0,0.0,0.0,0.0,0.0,0.0,0.0,0.0,0.0,4.0,4.0,0.0,0.0,0.0,0.0,0.0,8.0,0.0,0.0,0.0,0.0,0.0,21.0,1306.0,2853.636455,14.0,167.0,41.0,121.061228,840.74,902.1022,0.0,3289.5950000000003,223.0,75.459143,0.0,0.0,1.0,56.112688,0.0,10.0,41.0,147.378479,92.0,110.828013,220.594805,0.0,56.0,21.3205,-15.5,-8.683738,0,5.0,Low
0.0,4.0,0.0,0.0,0.0,0.0,0.0,0.0,0.0,0.0,0.0,0.0,0.0,0.0,0.0,5.0,4.0,0.0,0.0,8.0,0.0,0.0,0.0,0.0,0.0,0.0,0.0,0.0,21.0,1028.0,2309.698136,13.0,122.0,43.0,79.06865400000001,830.53,684.7532,0.0,2622.879,177.0,52.36676899999999,0.0,0.0,0.0,58.968865,0.0,8.0,43.0,113.982283,47.0,83.973872,172.034716,0.0,55.0,5.6616,-15.79,-8.578871,0,5.0,Low
4.0,0.0,0.0,0.0,0.0,0.0,4.0,0.0,0.0,8.0,0.0,0.0,0.0,0.0,0.0,0.0,0.0,0.0,0.0,0.0,0.0,0.0,0.0,5.0,0.0,0.0,0.0,0.0,21.0,1540.0,3501.668289,16.0,195.0,50.0,139.12447400000002,789.98,1044.9308,0.0,3878.963,265.0,93.348713,8.0,8.0,16.0,48.128663,0.0,16.0,50.0,172.16132600000003,103.0,105.027829,244.04400400000003,8.0,70.0,4.465199999999999,-16.39,-8.78047,1,3.0,Medium
5.0,0.0,0.0,0.0,0.0,0.0,5.0,0.0,0.0,8.0,0.0,0.0,0.0,0.0,0.0,0.0,3.0,0.0,0.0,0.0,0.0,0.0,0.0,0.0,0.0,0.0,0.0,0.0,21.0,1374.0,3174.9423390000006,18.0,164.0,50.0,117.92955,863.55,907.0766,0.0,3509.609,237.0,78.669402,8.0,8.0,15.0,43.251057,0.0,18.0,50.0,151.194048,80.0,93.266981,218.960183,8.0,73.0,-14.0182,-16.18,-8.811511,1,4.0,Medium
0.0,4.0,0.0,0.0,0.0,0.0,0.0,0.0,0.0,0.0,0.0,0.0,0.0,0.0,0.0,5.0,2.0,0.0,0.0,0.0,0.0,0.0,10.0,0.0,0.0,0.0,0.0,0.0,21.0,1376.0,3046.456112,13.0,180.0,43.0,125.789094,802.87,956.7992,0.0,3438.461,235.0,81.33314299999999,0.0,0.0,2.0,60.526445,0.0,8.0,43.0,156.337623,99.0,105.307652,230.034716,0.0,55.0,28.9252,-15.79,-8.57041,1,4.0,Medium
0.0,4.0,0.0,0.0,0.0,0.0,0.0,0.0,0.0,0.0,0.0,0.0,0.0,0.0,0.0,5.0,5.0,0.0,0.0,0.0,0.0,0.0,0.0,7.0,0.0,0.0,0.0,0.0,21.0,1172.0,2431.7736940000004,13.0,146.0,43.0,109.235362,844.36,792.8552000000001,0.0,2958.519,201.0,65.48394400000001,0.0,0.0,-1.0,58.046787,0.0,8.0,43.0,128.772471,81.0,101.712523,196.034716,0.0,55.0,12.9951,-15.79,-8.660818,1,4.0,Medium
0.0,6.0,0.0,0.0,0.0,0.0,6.0,0.0,0.0,0.0,0.0,0.0,0.0,0.0,0.0,0.0,2.0,0.0,0.0,0.0,0.0,0.0,9.0,0.0,0.0,0.0,0.0,0.0,23.0,1574.0,3372.954681,18.0,204.0,40.0,152.02535,841.84,1107.486,0.0,3954.216,268.0,94.844971,0.0,0.0,10.0,60.257345,0.0,18.0,40.0,181.275106,119.0,121.503756,267.327074,0.0,64.0,21.6397,-16.91,-8.677397,1,2.0,Medium
4.0,0.0,0.0,0.0,0.0,0.0,0.0,0.0,0.0,0.0,0.0,0.0,0.0,0.0,0.0,4.0,4.0,0.0,0.0,0.0,0.0,0.0,10.0,0.0,0.0,0.0,0.0,0.0,22.0,1380.0,3040.811538,8.0,180.0,48.0,124.74288,825.4,946.1456,0.0,3454.364,236.0,80.483766,0.0,0.0,0.0,63.542006,0.0,4.0,48.0,155.787496,98.0,107.999772,230.28471600000003,0.0,56.0,28.3798,-16.54,-8.492393,0,6.0,Low
6.0,0.0,0.0,0.0,0.0,0.0,0.0,0.0,0.0,7.0,0.0,0.0,0.0,0.0,0.0,0.0,4.0,0.0,0.0,0.0,0.0,0.0,7.0,0.0,0.0,0.0,0.0,0.0,24.0,1606.0,3732.364763,13.0,202.0,55.0,139.17398,948.05,1084.1155,0.0,4073.936,276.0,93.869004,7.0,7.0,9.0,53.367371000000006,0.0,13.0,55.0,179.79869000000002,99.0,114.160389,260.750201,7.0,74.0,10.7059,-18.02,-8.753961,1,1.0,Medium
0.0,0.0,0.0,0.0,0.0,0.0,0.0,0.0,0.0,6.0,4.0,0.0,0.0,0.0,0.0,0.0,4.0,0.0,0.0,0.0,0.0,0.0,8.0,0.0,0.0,0.0,0.0,0.0,22.0,1480.0,3395.8909080000003,6.0,196.0,54.0,126.697644,752.86,996.9782,0.0,3648.8960000000006,256.0,89.93017,6.0,6.0,2.0,67.139588,0.0,6.0,54.0,164.06476,104.0,103.72895,226.436966,6.0,60.0,19.3992,-18.02,-8.69462,1,3.0,Medium
0.0,0.0,5.0,0.0,0.0,0.0,0.0,0.0,0.0,7.0,0.0,0.0,0.0,0.0,0.0,3.0,0.0,0.0,0.0,0.0,0.0,0.0,0.0,0.0,7.0,0.0,0.0,0.0,22.0,1746.0,3811.839892,20.0,228.0,49.0,183.454388,887.1800000000001,1211.8853,0.0,4373.299,299.0,109.182357,7.0,7.0,12.0,45.612661,0.0,17.0,49.0,194.873068,141.0,167.22019699999998,281.817932,7.0,71.0,24.5576,-16.81,-8.62485,1,2.0,Medium
0.0,0.0,0.0,0.0,0.0,0.0,6.0,0.0,0.0,0.0,0.0,0.0,0.0,0.0,0.0,4.0,4.0,0.0,0.0,0.0,0.0,8.0,0.0,0.0,0.0,0.0,0.0,0.0,22.0,1204.0,2751.368912,10.0,154.0,48.0,86.469982,741.48,805.9294,0.0,2975.864,208.0,66.827242,0.0,0.0,2.0,78.270548,0.0,6.0,48.0,135.70905,60.0,90.186758,190.22,0.0,54.0,9.1566,-17.78,-8.580716,1,4.0,Medium
5.0,0.0,0.0,0.0,0.0,0.0,6.0,0.0,0.0,7.0,0.0,0.0,0.0,0.0,0.0,0.0,0.0,0.0,0.0,0.0,0.0,0.0,6.0,0.0,0.0,0.0,0.0,0.0,24.0,1772.0,4047.817948,18.0,226.0,55.0,160.035853,891.73,1211.8506,0.0,4458.27,304.0,107.42073,7.0,7.0,18.0,57.249296,0.0,18.0,55.0,200.465003,121.0,119.373749,285.554022,7.0,78.0,9.767,-18.51,-8.723921,1,1.0,Medium
0.0,4.0,0.0,0.0,0.0,0.0,0.0,0.0,0.0,0.0,6.0,0.0,0.0,0.0,0.0,0.0,5.0,0.0,0.0,0.0,0.0,0.0,6.0,0.0,0.0,0.0,0.0,0.0,21.0,1220.0,2544.309499,8.0,153.0,44.0,117.266976,798.5899999999999,827.6951999999999,0.0,3072.7070000000003,209.0,68.352014,0.0,0.0,-1.0,56.51521699999999,0.0,8.0,44.0,135.45251000000002,89.0,105.006248,203.994716,0.0,56.0,16.4263,-15.83,-8.584582,0,5.0,Low
0.0,0.0,0.0,0.0,0.0,0.0,5.0,0.0,0.0,0.0,0.0,0.0,0.0,0.0,0.0,5.0,4.0,8.0,0.0,0.0,0.0,0.0,0.0,0.0,0.0,0.0,0.0,0.0,22.0,1186.0,2536.08457,10.0,151.0,49.0,101.054879,757.27,790.8965000000001,0.0,2933.759,205.0,67.40849,0.0,0.0,1.0,73.302387,0.0,5.0,49.0,130.135268,81.0,89.008869,187.22000000000003,0.0,54.0,9.6271,-17.78,-8.536722,1,4.0,Medium
0.0,4.0,0.0,0.0,0.0,0.0,0.0,0.0,0.0,0.0,0.0,0.0,0.0,0.0,0.0,4.0,4.0,9.0,0.0,0.0,0.0,0.0,0.0,0.0,0.0,0.0,0.0,0.0,21.0,1082.0,2338.177557,12.0,132.0,42.0,94.039165,810.3000000000001,729.6874,0.0,2747.1500000000005,186.0,58.100688000000005,0.0,0.0,0.0,56.207637,0.0,8.0,42.0,119.593936,64.0,87.253414,181.074716,0.0,54.0,10.603,-15.75,-8.598648,0,5.0,Low
0.0,6.0,0.0,0.0,0.0,0.0,0.0,0.0,0.0,0.0,0.0,0.0,0.0,0.0,0.0,6.0,3.0,0.0,0.0,0.0,0.0,0.0,0.0,6.0,0.0,0.0,0.0,0.0,21.0,1212.0,2535.0814470000005,18.0,147.0,42.0,115.599612,897.81,826.4976000000001,0.0,3093.561,207.0,66.67996199999999,0.0,0.0,3.0,51.452295,0.0,12.0,42.0,134.16459600000002,81.0,103.830366,207.907074,0.0,60.0,11.0013,-15.33,-8.758909,0,5.0,Low
0.0,0.0,0.0,6.0,0.0,0.0,0.0,0.0,0.0,7.0,0.0,0.0,0.0,0.0,0.0,0.0,3.0,0.0,0.0,0.0,0.0,0.0,6.0,0.0,0.0,0.0,0.0,0.0,22.0,1592.0,3784.774619,13.0,211.0,51.0,130.549082,742.4200000000001,1081.2841,0.0,3922.457,275.0,99.173641,7.0,7.0,10.0,67.71602899999999,0.0,13.0,51.0,179.45541400000002,109.0,104.090527,243.353127,7.0,64.0,10.0275,-18.18,-8.827809,2,0.0,High
3.0,0.0,0.0,0.0,0.0,0.0,7.0,0.0,0.0,7.0,0.0,0.0,0.0,0.0,0.0,0.0,4.0,0.0,0.0,0.0,0.0,0.0,0.0,0.0,0.0,0.0,0.0,0.0,21.0,1342.0,3054.538568,17.0,163.0,49.0,114.227556,817.31,884.7081000000001,0.0,3391.646,232.0,77.97257499999999,7.0,7.0,13.0,51.183196,0.0,17.0,49.0,147.239934,83.0,91.208186,209.971664,7.0,69.0,-14.3749,-16.68,-8.798186,1,4.0,Medium
6.0,0.0,0.0,0.0,0.0,0.0,5.0,0.0,0.0,6.0,0.0,0.0,0.0,0.0,0.0,0.0,0.0,0.0,0.0,0.0,0.0,0.0,4.0,0.0,0.0,0.0,0.0,0.0,21.0,1518.0,3452.3360580000003,17.0,189.0,48.0,138.787127,822.36,1034.2453,0.0,3855.78,260.0,90.035129,6.0,6.0,17.0,44.33941,0.0,17.0,48.0,171.45782300000002,100.0,104.595379,248.92404,6.0,71.0,4.2311,-15.77,-8.776393,1,3.0,Medium
0.0,0.0,0.0,5.0,0.0,0.0,0.0,0.0,0.0,0.0,0.0,0.0,0.0,0.0,0.0,4.0,3.0,0.0,0.0,0.0,0.0,0.0,0.0,9.0,0.0,0.0,0.0,0.0,21.0,1356.0,2875.966945,9.0,182.0,46.0,124.77075200000002,696.9100000000001,930.6287,0.0,3323.623,233.0,82.954336,0.0,0.0,2.0,73.124425,0.0,5.0,46.0,152.027678,108.0,109.021077,216.05,0.0,51.0,23.6989,-16.95,-8.541923,1,4.0,Medium
0.0,0.0,0.0,0.0,0.0,0.0,5.0,0.0,0.0,7.0,0.0,0.0,0.0,0.0,0.0,0.0,0.0,4.0,0.0,0.0,0.0,0.0,0.0,5.0,0.0,0.0,0.0,0.0,21.0,1522.0,3442.931829,12.0,202.0,49.0,134.016263,670.1899999999999,1040.4624,0.0,3753.233,263.0,95.607375,7.0,7.0,12.0,62.703239,0.0,12.0,49.0,170.51723500000003,109.0,100.165481,232.183127,7.0,61.0,13.630299999999998,-17.349999999999998,-8.786841,1,1.0,Medium
3.0,0.0,0.0,0.0,0.0,0.0,3.0,0.0,0.0,8.0,0.0,0.0,0.0,0.0,0.0,0.0,7.0,0.0,0.0,0.0,0.0,0.0,0.0,0.0,0.0,0.0,0.0,0.0,21.0,1226.0,2865.835579,14.0,146.0,50.0,97.150958,854.71,790.205,0.0,3116.077,213.0,68.751694,8.0,8.0,7.0,49.265009,0.0,14.0,50.0,131.999764,66.0,85.107347,189.127825,8.0,67.0,-17.148400000000002,-16.6,-8.769338,0,5.0,Low
0.0,5.0,0.0,0.0,0.0,0.0,0.0,0.0,0.0,0.0,0.0,0.0,0.0,0.0,0.0,6.0,5.0,5.0,0.0,0.0,0.0,0.0,0.0,0.0,0.0,0.0,0.0,0.0,21.0,1042.0,2245.0728200000003,16.0,121.0,43.0,90.191566,895.03,690.7117999999999,0.0,2675.343,179.0,53.320165,0.0,0.0,0.0,52.950664,0.0,10.0,43.0,113.34667600000002,58.0,87.01291,176.950895,0.0,58.0,1.4405,-15.579999999999998,-8.639295,0,5.0,Low
0.0,0.0,0.0,0.0,0.0,4.0,0.0,0.0,0.0,0.0,0.0,0.0,0.0,0.0,0.0,5.0,3.0,0.0,0.0,0.0,0.0,0.0,10.0,0.0,0.0,0.0,0.0,0.0,22.0,1420.0,3211.388811,9.0,191.0,49.0,120.620884,739.0,974.4988,0.0,3479.8240000000005,244.0,85.409511,0.0,0.0,1.0,77.320122,0.0,4.0,49.0,160.844165,104.0,108.56628,226.26,0.0,53.0,27.4787,-17.740000000000002,-8.504856,0,5.0,Low
0.0,5.0,0.0,0.0,0.0,0.0,0.0,0.0,0.0,6.0,0.0,0.0,0.0,0.0,0.0,0.0,3.0,0.0,0.0,0.0,0.0,0.0,0.0,8.0,0.0,0.0,0.0,0.0,22.0,1472.0,3266.1513810000006,16.0,187.0,45.0,134.814977,854.31,1008.3762,0.0,3717.165,253.0,87.765033,6.0,6.0,8.0,50.713467,0.0,16.0,45.0,164.36761800000002,98.0,111.978726,238.377861,6.0,66.0,11.0597,-16.61,-8.760251,1,2.0,Medium
0.0,0.0,0.0,0.0,0.0,0.0,10.0,0.0,0.0,0.0,0.0,0.0,0.0,0.0,0.0,4.0,4.0,0.0,0.0,0.0,0.0,0.0,4.0,0.0,0.0,0.0,0.0,0.0,22.0,1348.0,2847.2217560000004,14.0,174.0,48.0,121.37937800000002,759.24,909.2442,0.0,3320.496,232.0,80.332458,0.0,0.0,6.0,75.280392,0.0,10.0,48.0,149.783702,104.0,99.958034,214.06,0.0,58.0,5.772599999999999,-17.939999999999998,-8.70125,1,4.0,Medium
4.0,0.0,0.0,0.0,0.0,0.0,0.0,0.0,0.0,7.0,0.0,0.0,0.0,0.0,0.0,0.0,3.0,0.0,0.0,0.0,0.0,0.0,0.0,8.0,0.0,0.0,0.0,0.0,22.0,1492.0,3350.6478070000003,11.0,191.0,51.0,134.012178,826.3399999999999,1009.5023,0.0,3755.715,257.0,89.349273,7.0,7.0,8.0,52.791401,0.0,11.0,51.0,165.713686,99.0,110.276915,237.417843,7.0,66.0,12.4461,-16.94,-8.747727,2,0.0,High
0.0,6.0,0.0,0.0,0.0,0.0,0.0,0.0,0.0,0.0,0.0,0.0,0.0,0.0,0.0,6.0,3.0,0.0,0.0,0.0,0.0,6.0,0.0,0.0,0.0,0.0,0.0,0.0,21.0,1104.0,2528.850339,18.0,129.0,42.0,85.74584999999999,897.81,743.6796,0.0,2841.075,189.0,55.778688,0.0,0.0,3.0,53.573205,0.0,12.0,42.0,124.023186,45.0,90.312036,189.907074,0.0,60.0,4.8345,-15.33,-8.710572,0,5.0,Low
0.0,0.0,5.0,0.0,0.0,0.0,0.0,0.0,0.0,0.0,0.0,0.0,0.0,0.0,0.0,5.0,5.0,0.0,0.0,0.0,0.0,0.0,7.0,0.0,0.0,0.0,0.0,0.0,22.0,1304.0,2842.260487,15.0,164.0,44.0,119.07333,901.1,891.086,0.0,3292.487,223.0,73.74158499999999,0.0,0.0,0.0,58.996883,0.0,10.0,44.0,145.727976,89.0,111.978687,219.764805,0.0,59.0,17.0187,-16.330000000000002,-8.699841,0,6.0,Low
0.0,6.0,0.0,0.0,0.0,0.0,0.0,0.0,0.0,7.0,0.0,0.0,0.0,0.0,0.0,0.0,3.0,0.0,0.0,0.0,0.0,0.0,7.0,0.0,0.0,0.0,0.0,0.0,23.0,1578.0,3676.45136,19.0,199.0,47.0,137.65245399999998,924.72,1081.2157,0.0,3996.977,271.0,93.428356,7.0,7.0,10.0,50.162566,0.0,19.0,47.0,177.748242,98.0,110.950389,256.540201,7.0,72.0,9.2216,-17.23,-8.787604,0,5.0,Low
4.0,0.0,0.0,0.0,0.0,0.0,6.0,0.0,0.0,0.0,0.0,0.0,0.0,0.0,0.0,5.0,6.0,0.0,0.0,0.0,0.0,0.0,0.0,0.0,0.0,0.0,0.0,0.0,21.0,1088.0,2271.285986,15.0,126.0,47.0,97.013168,873.6300000000001,707.0286000000001,0.0,2777.045,187.0,57.12879099999999,0.0,0.0,4.0,56.614879,0.0,10.0,47.0,117.58584100000002,69.0,89.710206,181.794716,0.0,61.0,-9.0568,-16.03,-8.718697,0,5.0,Low
5.0,0.0,0.0,0.0,0.0,0.0,0.0,0.0,0.0,7.0,0.0,0.0,0.0,0.0,0.0,0.0,0.0,3.0,0.0,0.0,0.0,0.0,0.0,7.0,0.0,0.0,0.0,0.0,22.0,1566.0,3537.3123960000003,12.0,201.0,51.0,143.28182800000002,812.49,1072.2474,0.0,3951.493,269.0,94.324181,7.0,7.0,12.0,49.535462,0.0,12.0,51.0,176.001427,104.0,112.238064,252.374022,7.0,68.0,18.234,-16.69,-8.738703,1,1.0,Medium
4.0,0.0,0.0,0.0,0.0,0.0,6.0,0.0,0.0,6.0,0.0,0.0,0.0,0.0,0.0,0.0,5.0,0.0,0.0,0.0,0.0,0.0,0.0,0.0,0.0,0.0,0.0,0.0,21.0,1280.0,2884.4915830000004,16.0,153.0,48.0,109.697736,840.67,840.4648,0.0,3256.823,221.0,72.57101599999999,6.0,6.0,11.0,48.907433,0.0,16.0,48.0,140.106684,77.0,91.214228,203.971682,6.0,68.0,-14.3443,-16.31,-8.775414,1,4.0,Medium
0.0,0.0,0.0,0.0,0.0,0.0,5.0,0.0,0.0,8.0,0.0,0.0,0.0,0.0,0.0,0.0,2.0,0.0,0.0,0.0,0.0,0.0,7.0,0.0,0.0,0.0,0.0,0.0,22.0,1620.0,3787.773073,13.0,215.0,52.0,136.707839,737.82,1101.5451,0.0,3993.556000000001,280.0,101.63789,8.0,8.0,11.0,66.04886499999999,0.0,13.0,52.0,181.70016500000003,113.0,102.597183,246.389288,8.0,65.0,11.4672,-18.22,-8.83165,2,0.0,High
5.0,0.0,0.0,0.0,0.0,0.0,0.0,0.0,0.0,0.0,0.0,0.0,0.0,0.0,0.0,6.0,3.0,7.0,0.0,0.0,0.0,0.0,0.0,0.0,0.0,0.0,0.0,0.0,21.0,1102.0,2387.684576,11.0,131.0,48.0,97.211444,853.37,731.4123,0.0,2822.549,189.0,57.571219,0.0,0.0,2.0,53.165992,0.0,5.0,48.0,120.975861,64.0,88.843066,186.950895,0.0,58.0,9.5425,-15.580000000000002,-8.589298,1,4.0,Medium
0.0,0.0,0.0,0.0,0.0,0.0,8.0,0.0,0.0,0.0,0.0,0.0,0.0,0.0,0.0,5.0,4.0,0.0,0.0,0.0,0.0,0.0,5.0,0.0,0.0,0.0,0.0,0.0,22.0,1342.0,2866.525963,13.0,174.0,49.0,119.359044,770.59,905.0466,0.0,3304.449,231.0,79.651156,0.0,0.0,4.0,75.583832,0.0,8.0,49.0,148.946459,102.0,99.661582,213.1,0.0,57.0,9.9121,-17.9,-8.64854,0,5.0,Low
0.0,3.0,0.0,0.0,0.0,0.0,5.0,0.0,0.0,7.0,0.0,0.0,0.0,0.0,0.0,0.0,0.0,0.0,0.0,0.0,0.0,0.0,0.0,7.0,0.0,0.0,0.0,0.0,22.0,1622.0,3613.141915,18.0,210.0,48.0,149.301752,787.81,1115.1428,0.0,4049.931,279.0,100.376342,7.0,7.0,15.0,56.611225,0.0,18.0,48.0,182.249475,116.0,113.203579,256.261664,7.0,69.0,9.8983,-17.39,-8.759294,2,0.0,High
0.0,0.0,0.0,5.0,0.0,0.0,0.0,0.0,0.0,0.0,0.0,0.0,0.0,0.0,0.0,4.0,3.0,0.0,0.0,0.0,0.0,0.0,9.0,0.0,0.0,0.0,0.0,0.0,21.0,1410.0,3169.2902830000003,9.0,191.0,46.0,122.613632,696.9100000000001,972.1817,0.0,3449.866,242.0,86.614006,0.0,0.0,2.0,74.345977,0.0,5.0,46.0,160.331528,108.0,103.702734,225.05,0.0,51.0,27.2098,-16.95,-8.528722,1,4.0,Medium
0.0,5.0,0.0,0.0,0.0,0.0,8.0,0.0,0.0,0.0,0.0,0.0,0.0,0.0,0.0,4.0,5.0,0.0,0.0,0.0,0.0,0.0,0.0,0.0,0.0,0.0,0.0,0.0,22.0,1208.0,2505.745351,22.0,141.0,43.0,111.688869,916.39,806.1308,0.0,3082.051,207.0,65.49860299999999,0.0,0.0,8.0,56.821293,0.0,18.0,43.0,132.787042,80.0,98.177912,203.92089500000003,0.0,66.0,-11.1621,-16.61,-8.770054,0,5.0,Low
0.0,6.0,0.0,0.0,0.0,0.0,0.0,0.0,0.0,0.0,0.0,0.0,0.0,0.0,0.0,6.0,3.0,0.0,0.0,0.0,6.0,0.0,0.0,0.0,0.0,0.0,0.0,0.0,21.0,1068.0,2338.274229,18.0,123.0,42.0,84.57301199999999,897.81,715.9776,0.0,2756.913,183.0,53.338908,0.0,0.0,3.0,52.397073000000006,0.0,12.0,42.0,118.487292,45.0,96.010968,183.907074,0.0,60.0,2.4939,-15.33,-8.706245,0,5.0,Low
0.0,5.0,0.0,0.0,0.0,0.0,0.0,0.0,0.0,0.0,0.0,0.0,0.0,0.0,0.0,4.0,6.0,0.0,0.0,0.0,0.0,7.0,0.0,0.0,0.0,0.0,0.0,0.0,22.0,1082.0,2487.8623150000003,14.0,128.0,43.0,78.416436,894.7,721.4062,0.0,2770.508,186.0,54.16548900000001,0.0,0.0,-1.0,60.331938,0.0,10.0,43.0,121.118169,40.0,91.017306,183.240895,0.0,58.0,3.9671999999999983,-16.29,-8.693093,0,6.0,Low
4.0,0.0,0.0,0.0,0.0,0.0,0.0,0.0,0.0,8.0,0.0,0.0,0.0,0.0,0.0,5.0,0.0,0.0,0.0,0.0,0.0,0.0,6.0,0.0,0.0,0.0,0.0,0.0,23.0,1632.0,3870.887502,17.0,206.0,59.0,138.55451399999998,925.97,1099.118,0.0,4109.127,281.0,96.429939,8.0,8.0,12.0,55.881671,0.0,12.0,59.0,181.618695,101.0,106.876724,258.424004,8.0,75.0,11.6666,-18.009999999999998,-8.773965,1,1.0,Medium
0.0,0.0,0.0,0.0,0.0,5.0,0.0,0.0,0.0,0.0,6.0,0.0,0.0,0.0,0.0,0.0,4.0,0.0,0.0,0.0,0.0,0.0,6.0,0.0,0.0,0.0,0.0,0.0,21.0,1272.0,2749.58644,5.0,166.0,48.0,113.961483,685.2,858.4375,0.0,3130.181,219.0,73.872068,0.0,0.0,1.0,70.296502,0.0,5.0,48.0,142.194961,96.0,107.451081,201.97000000000003,0.0,53.0,16.3854,-17.03,-8.552696,1,3.0,Medium
5.0,0.0,0.0,0.0,0.0,0.0,5.0,0.0,0.0,7.0,0.0,0.0,0.0,0.0,4.0,0.0,0.0,0.0,0.0,0.0,0.0,0.0,0.0,0.0,0.0,0.0,0.0,0.0,21.0,1442.0,3359.955612,25.0,173.0,49.0,123.833024,900.51,967.3269,0.0,3668.93,248.0,83.03551100000001,7.0,7.0,17.0,45.570656,0.0,21.0,49.0,160.10479800000002,85.0,96.101808,231.804022,7.0,75.0,-9.567900000000002,-16.259999999999998,-8.81071,1,4.0,Medium
4.0,0.0,0.0,0.0,0.0,0.0,0.0,0.0,0.0,0.0,0.0,0.0,0.0,0.0,0.0,5.0,3.0,0.0,0.0,0.0,0.0,0.0,9.0,0.0,0.0,0.0,0.0,0.0,21.0,1322.0,2917.608764,9.0,171.0,47.0,119.71193,805.5,904.7214,0.0,3315.146,226.0,76.555864,0.0,0.0,1.0,60.016591,0.0,4.0,47.0,148.93508500000002,93.0,102.730446,221.034716,0.0,55.0,26.2334,-15.79,-8.531484,0,5.0,Low
3.0,0.0,0.0,0.0,0.0,0.0,0.0,0.0,0.0,0.0,0.0,0.0,0.0,0.0,0.0,8.0,2.0,0.0,0.0,0.0,0.0,0.0,8.0,0.0,0.0,0.0,0.0,0.0,21.0,1308.0,2904.432526,11.0,168.0,50.0,116.281309,824.7199999999999,888.2387000000001,0.0,3269.586,224.0,75.06089499999999,0.0,0.0,1.0,63.279274,0.0,3.0,50.0,145.983067,91.0,99.322832,215.958537,0.0,56.0,24.5136,-16.16,-8.5391,0,5.0,Low
0.0,0.0,5.0,0.0,0.0,0.0,0.0,0.0,0.0,0.0,0.0,0.0,0.0,0.0,0.0,0.0,5.0,0.0,0.0,0.0,0.0,0.0,6.0,0.0,0.0,0.0,5.0,0.0,21.0,1542.0,3781.887956,30.0,182.0,67.0,129.39354500000002,1270.5500000000002,995.174,0.0,3904.886,264.0,85.86195,5.0,5.0,0.0,50.247759,0.0,10.0,67.0,164.85146300000002,97.0,108.724791,250.81838,5.0,82.0,2.8176000000000005,-16.54,-8.725586,0,5.0,Low
4.0,0.0,0.0,0.0,0.0,0.0,4.0,0.0,0.0,7.0,0.0,0.0,0.0,0.0,0.0,0.0,0.0,0.0,0.0,0.0,0.0,0.0,0.0,6.0,0.0,0.0,0.0,0.0,21.0,1536.0,3444.424908,15.0,196.0,49.0,141.18743999999998,776.31,1047.2371,0.0,3862.984,264.0,93.443031,7.0,7.0,15.0,49.62966,0.0,15.0,49.0,172.200672,106.0,107.513725,245.047843,7.0,68.0,8.376399999999999,-16.310000000000002,-8.773832,1,3.0,Medium
0.0,0.0,0.0,5.0,0.0,0.0,0.0,0.0,0.0,0.0,0.0,0.0,0.0,0.0,0.0,7.0,3.0,0.0,0.0,0.0,0.0,0.0,7.0,0.0,0.0,0.0,0.0,0.0,22.0,1402.0,3152.182921,12.0,185.0,51.0,119.68405,783.9000000000001,952.6001,0.0,3443.683,241.0,83.585251,0.0,0.0,2.0,77.09880600000001,0.0,5.0,51.0,157.213645,103.0,103.311962,223.14,0.0,56.0,20.8596,-17.86,-8.564329,1,4.0,Medium
2.0,0.0,0.0,0.0,0.0,0.0,7.0,0.0,0.0,7.0,0.0,0.0,0.0,0.0,0.0,0.0,5.0,0.0,0.0,0.0,0.0,0.0,0.0,0.0,0.0,0.0,0.0,0.0,21.0,1310.0,2985.5357470000004,16.0,160.0,49.0,109.170879,803.4999999999999,859.136,0.0,3296.073,227.0,76.27726999999999,7.0,7.0,11.0,54.388001,0.0,16.0,49.0,142.97121900000002,81.0,88.824138,202.015485,7.0,67.0,-15.222,-16.93,-8.800083,1,4.0,Medium
0.0,0.0,0.0,0.0,0.0,0.0,8.0,0.0,0.0,0.0,0.0,0.0,0.0,0.0,0.0,2.0,5.0,0.0,0.0,0.0,0.0,0.0,6.0,0.0,0.0,0.0,0.0,0.0,21.0,1296.0,2754.785977,10.0,171.0,44.0,116.211462,697.4300000000001,880.7532000000001,0.0,3183.3810000000003,223.0,78.345648,0.0,0.0,3.0,72.32114899999999,0.0,8.0,44.0,145.028808,101.0,97.475148,206.01,0.0,52.0,11.8625,-16.990000000000002,-8.627864,0,5.0,Low
0.0,4.0,0.0,0.0,0.0,0.0,0.0,0.0,0.0,0.0,0.0,0.0,0.0,0.0,0.0,3.0,2.0,0.0,0.0,0.0,0.0,0.0,12.0,0.0,0.0,0.0,0.0,0.0,21.0,1436.0,3181.034854,11.0,192.0,41.0,132.807942,762.4100000000001,1009.2396,0.0,3574.7870000000003,245.0,86.97860299999999,0.0,0.0,2.0,61.167665,0.0,8.0,41.0,164.840537,107.0,109.426304,240.114716,0.0,53.0,35.373400000000004,-15.71,-8.517453,1,4.0,Medium
0.0,0.0,6.0,0.0,0.0,0.0,0.0,0.0,0.0,7.0,0.0,0.0,0.0,0.0,0.0,0.0,3.0,0.0,0.0,0.0,0.0,0.0,5.0,0.0,0.0,0.0,0.0,0.0,21.0,1450.0,3375.846092,19.0,181.0,43.0,128.380104,872.12,990.7597,0.0,3684.527,249.0,85.549486,7.0,7.0,10.0,42.733248,0.0,19.0,43.0,162.71790800000002,90.0,109.946303,235.596893,7.0,68.0,4.9179999999999975,-15.65,-8.7980585,0,5.0,Low
0.0,0.0,0.0,5.0,0.0,0.0,0.0,0.0,0.0,7.0,0.0,0.0,0.0,0.0,0.0,0.0,3.0,0.0,0.0,0.0,0.0,7.0,0.0,0.0,0.0,0.0,0.0,0.0,22.0,1430.0,3560.361811,12.0,185.0,51.0,98.335387,737.98,958.7384,0.0,3541.732,248.0,84.273162,7.0,7.0,9.0,69.4103,0.0,12.0,51.0,161.949677,68.0,92.827565,216.393127,7.0,63.0,3.3938999999999986,-18.14,-8.855914,1,3.0,Medium
0.0,0.0,0.0,5.0,0.0,0.0,0.0,0.0,0.0,0.0,0.0,0.0,0.0,0.0,0.0,6.0,3.0,0.0,0.0,0.0,0.0,0.0,0.0,8.0,0.0,0.0,0.0,0.0,22.0,1384.0,2958.740436,11.0,183.0,50.0,125.110914,763.67,941.8843,0.0,3399.63,238.0,83.15494100000001,0.0,0.0,2.0,76.33359200000001,0.0,5.0,50.0,154.08390200000002,107.0,110.098704,220.18,0.0,55.0,20.9629,-17.82,-8.547198,1,3.0,Medium
4.0,0.0,0.0,0.0,0.0,0.0,6.0,0.0,0.0,0.0,0.0,0.0,0.0,0.0,0.0,0.0,3.0,9.0,0.0,0.0,0.0,0.0,0.0,0.0,0.0,0.0,0.0,0.0,22.0,1266.0,2661.162406,10.0,159.0,44.0,117.28544499999998,757.2900000000001,863.2516,0.0,3192.947,217.0,72.298006,0.0,0.0,7.0,59.84244,0.0,10.0,44.0,142.66214000000002,87.0,98.566508,211.204716,0.0,58.0,10.8385,-16.62,-8.682414,1,2.0,Medium
0.0,0.0,0.0,0.0,0.0,0.0,6.0,0.0,0.0,5.0,0.0,0.0,0.0,0.0,0.0,0.0,4.0,0.0,0.0,0.0,0.0,0.0,0.0,6.0,0.0,0.0,0.0,0.0,21.0,1388.0,3032.516248,11.0,182.0,47.0,123.118214,702.6099999999999,936.7727,0.0,3424.672,240.0,85.522279,5.0,5.0,7.0,65.09827999999999,0.0,11.0,47.0,153.63559,102.0,100.004597,213.150805,5.0,58.0,6.226999999999999,-17.229999999999997,-8.751789,1,2.0,Medium
0.0,5.0,0.0,0.0,0.0,0.0,0.0,0.0,0.0,5.0,0.0,0.0,0.0,0.0,0.0,4.0,0.0,0.0,0.0,0.0,0.0,8.0,0.0,0.0,0.0,0.0,0.0,0.0,22.0,1372.0,3350.575898,19.0,168.0,48.0,101.027043,880.0699999999999,931.6197,0.0,3487.666,236.0,75.442818,5.0,5.0,10.0,55.425194,0.0,15.0,48.0,155.90850799999998,55.0,95.343569,223.2217,5.0,68.0,7.4416,-16.689999999999998,-8.821973,1,4.0,Medium
4.0,0.0,0.0,0.0,0.0,0.0,5.0,0.0,0.0,7.0,0.0,0.0,0.0,0.0,0.0,6.0,0.0,0.0,0.0,0.0,0.0,0.0,0.0,0.0,0.0,0.0,0.0,0.0,22.0,1462.0,3377.7015360000005,22.0,175.0,57.0,125.546961,928.43,965.6856,0.0,3710.416,252.0,83.31515200000001,7.0,7.0,16.0,51.923002,0.0,16.0,57.0,160.15721100000002,88.0,96.517976,231.977843,7.0,77.0,-8.987300000000001,-17.38,-8.769876,1,4.0,Medium
4.0,0.0,0.0,0.0,0.0,0.0,3.0,0.0,0.0,7.0,0.0,0.0,0.0,0.0,0.0,0.0,0.0,0.0,0.0,0.0,0.0,0.0,7.0,0.0,0.0,0.0,0.0,0.0,21.0,1584.0,3683.270589,14.0,205.0,49.0,140.493905,771.87,1085.9504000000002,0.0,3973.204,272.0,96.95352499999998,7.0,7.0,14.0,50.756053,0.0,14.0,49.0,179.443679,107.0,104.8496,253.087843,7.0,67.0,14.3988,-16.27,-8.789478,1,2.0,Medium
0.0,5.0,0.0,0.0,0.0,0.0,0.0,0.0,0.0,0.0,0.0,0.0,0.0,0.0,0.0,6.0,4.0,0.0,0.0,7.0,0.0,0.0,0.0,0.0,0.0,0.0,0.0,0.0,22.0,1088.0,2427.207899,16.0,127.0,45.0,86.45819700000001,907.5,724.3968,0.0,2790.495,187.0,54.992501,0.0,0.0,1.0,58.715489000000005,0.0,10.0,45.0,120.22778,51.0,89.531015,184.160895,0.0,60.0,3.587900000000001,-16.37,-8.649007,0,5.0,Low
2.0,0.0,0.0,0.0,0.0,0.0,3.0,0.0,0.0,7.0,0.0,0.0,0.0,0.0,0.0,0.0,0.0,0.0,0.0,0.0,0.0,0.0,9.0,0.0,0.0,0.0,0.0,0.0,21.0,1628.0,3802.959643,12.0,217.0,49.0,142.534879,716.59,1122.5562,0.0,4036.56,280.0,102.231441,7.0,7.0,12.0,58.185371,0.0,12.0,49.0,184.97731700000003,115.0,105.235916,255.175485,7.0,63.0,21.5042,-16.77,-8.797102,1,1.0,Medium
6.0,0.0,0.0,0.0,0.0,0.0,0.0,0.0,0.0,0.0,0.0,0.0,0.0,0.0,0.0,5.0,3.0,0.0,0.0,0.0,0.0,0.0,0.0,8.0,0.0,0.0,0.0,0.0,22.0,1312.0,2721.9486050000005,11.0,163.0,49.0,127.187086,887.0799999999999,890.2586000000001,0.0,3337.88,224.0,73.464343,0.0,0.0,3.0,55.216108,0.0,6.0,49.0,145.65673500000003,92.0,112.858752,224.157074,0.0,61.0,19.3293,-16.08,-8.60589,1,3.0,Medium
0.0,0.0,0.0,0.0,0.0,0.0,8.0,0.0,0.0,0.0,0.0,0.0,0.0,0.0,0.0,4.0,5.0,0.0,0.0,0.0,0.0,0.0,6.0,0.0,0.0,0.0,0.0,0.0,23.0,1400.0,2989.7287370000004,12.0,183.0,50.0,124.389994,790.49,946.4708,0.0,3443.6670000000004,241.0,83.579058,0.0,0.0,3.0,79.109247,0.0,8.0,50.0,155.79887,107.0,104.930908,222.35,0.0,58.0,12.0585,-18.65,-8.595785,1,3.0,Medium
0.0,0.0,0.0,4.0,0.0,0.0,0.0,0.0,0.0,7.0,0.0,0.0,0.0,0.0,0.0,0.0,3.0,0.0,0.0,0.0,0.0,0.0,8.0,0.0,0.0,0.0,0.0,0.0,22.0,1604.0,3806.769003,11.0,215.0,51.0,132.42495,733.54,1094.0727,0.0,3946.519,277.0,100.501809,7.0,7.0,8.0,68.055973,0.0,11.0,51.0,181.02433,111.0,104.834395,245.433127,7.0,62.0,16.610899999999997,-18.1,-8.793431,1,3.0,Medium
5.0,0.0,0.0,0.0,0.0,0.0,0.0,0.0,0.0,7.0,0.0,0.0,0.0,0.0,0.0,0.0,3.0,0.0,0.0,0.0,0.0,0.0,0.0,0.0,0.0,7.0,0.0,0.0,22.0,1686.0,3806.167829,12.0,221.0,51.0,166.512808,853.98,1157.9014,0.0,4229.009,289.0,104.440398,7.0,7.0,9.0,45.683707,0.0,12.0,51.0,188.985097,130.0,146.663999,272.374022,7.0,68.0,23.9457,-16.69,-8.661413,1,1.0,Medium
0.0,0.0,0.0,6.0,0.0,0.0,0.0,0.0,0.0,0.0,0.0,0.0,0.0,0.0,0.0,5.0,3.0,0.0,0.0,0.0,0.0,0.0,0.0,8.0,0.0,0.0,0.0,0.0,22.0,1408.0,3015.032615,11.0,187.0,49.0,127.68240400000002,747.88,961.7102,0.0,3455.762,242.0,85.313587,0.0,0.0,3.0,76.48423,0.0,6.0,49.0,157.550901,110.0,111.786096,224.18,0.0,55.0,20.8953,-17.82,-8.553168,1,3.0,Medium
0.0,5.0,0.0,0.0,0.0,0.0,0.0,0.0,0.0,0.0,0.0,0.0,0.0,0.0,0.0,5.0,3.0,0.0,0.0,0.0,0.0,9.0,0.0,0.0,0.0,0.0,0.0,0.0,22.0,1166.0,2739.854988,15.0,141.0,44.0,83.66661,873.44,789.971,0.0,2971.882,200.0,59.89853,0.0,0.0,2.0,61.976404,0.0,10.0,44.0,132.747544,42.0,93.365342,197.200895,0.0,59.0,11.106699999999998,-16.33,-8.69711,0,5.0,Low
2.0,0.0,0.0,0.0,0.0,0.0,4.0,0.0,0.0,7.0,0.0,0.0,0.0,0.0,0.0,0.0,0.0,0.0,0.0,0.0,0.0,0.0,8.0,0.0,0.0,0.0,0.0,0.0,21.0,1616.0,3759.662854,13.0,214.0,49.0,141.790334,721.03,1111.5449,0.0,4010.502,278.0,101.160727,7.0,7.0,13.0,57.873346,0.0,13.0,49.0,183.27021,114.0,104.354479,253.135485,7.0,64.0,17.8224,-16.810000000000002,-8.807422,1,1.0,Medium
0.0,0.0,0.0,4.0,0.0,0.0,0.0,0.0,0.0,0.0,0.0,0.0,0.0,0.0,0.0,6.0,3.0,9.0,0.0,0.0,0.0,0.0,0.0,0.0,0.0,0.0,0.0,0.0,22.0,1222.0,2712.596254,10.0,157.0,50.0,101.026383,759.23,819.6326,0.0,3018.905,211.0,69.685406,0.0,0.0,1.0,73.969678,0.0,4.0,50.0,135.32548400000002,81.0,90.78407,193.22,0.0,54.0,14.6287,-17.779999999999998,-8.5027,1,4.0,Medium
6.0,0.0,0.0,0.0,0.0,0.0,3.0,0.0,0.0,8.0,0.0,0.0,0.0,0.0,0.0,0.0,0.0,0.0,0.0,0.0,0.0,0.0,5.0,0.0,0.0,0.0,0.0,0.0,22.0,1620.0,3772.994185,17.0,203.0,52.0,144.228335,867.12,1101.5003,0.0,4110.106,278.0,96.614096,8.0,8.0,17.0,45.404669,0.0,17.0,52.0,182.584533,103.0,108.355521,262.206362,8.0,75.0,6.3142,-16.64,-8.779763,1,3.0,Medium
0.0,4.0,0.0,0.0,0.0,0.0,0.0,0.0,0.0,0.0,0.0,0.0,0.0,0.0,0.0,2.0,4.0,0.0,0.0,0.0,0.0,0.0,12.0,0.0,0.0,0.0,0.0,0.0,22.0,1440.0,3175.39028,10.0,192.0,42.0,131.761728,796.14,1006.7888,0.0,3586.754,246.0,86.57224199999999,0.0,0.0,0.0,64.18322599999999,0.0,8.0,42.0,164.657414,106.0,112.118424,240.364716,0.0,54.0,33.120000000000005,-16.46,-8.510717,0,7.0,Low
5.0,0.0,0.0,0.0,0.0,0.0,5.0,0.0,0.0,5.0,0.0,0.0,0.0,0.0,0.0,0.0,6.0,0.0,0.0,0.0,0.0,0.0,0.0,0.0,0.0,0.0,0.0,0.0,21.0,1218.0,2714.4445980000005,15.0,143.0,47.0,105.167916,864.03,796.2215,0.0,3122.0,210.0,67.16945700000001,5.0,5.0,9.0,46.63167,0.0,15.0,47.0,132.973434,71.0,91.22027,197.9717,5.0,67.0,-14.3137,-15.94,-8.743233,0,5.0,Low
0.0,0.0,0.0,0.0,5.0,0.0,0.0,0.0,0.0,0.0,0.0,0.0,0.0,0.0,5.0,0.0,3.0,0.0,0.0,0.0,0.0,0.0,0.0,8.0,0.0,0.0,0.0,0.0,21.0,1422.0,3156.1120710000005,15.0,192.0,42.0,120.658208,731.14,988.204,0.0,3474.972,244.0,87.057006,0.0,0.0,2.0,75.345123,0.0,10.0,42.0,162.211281,104.0,108.970404,227.01,0.0,52.0,24.5574,-16.99,-8.589264,0,5.0,Low
0.0,0.0,0.0,0.0,0.0,0.0,6.0,0.0,0.0,0.0,0.0,0.0,0.0,0.0,0.0,6.0,3.0,7.0,0.0,0.0,0.0,0.0,0.0,0.0,0.0,0.0,0.0,0.0,22.0,1222.0,2611.887228,12.0,155.0,50.0,105.445299,768.11,815.9380000000001,0.0,3022.897,211.0,69.78116,0.0,0.0,3.0,73.581796,0.0,6.0,50.0,134.203802,85.0,90.30744,193.14,0.0,56.0,8.5373,-17.86,-8.593206,1,4.0,Medium
0.0,0.0,5.0,0.0,0.0,0.0,0.0,0.0,0.0,7.0,0.0,0.0,0.0,0.0,0.0,0.0,3.0,0.0,0.0,0.0,0.0,0.0,0.0,7.0,0.0,0.0,0.0,0.0,22.0,1506.0,3380.8249570000007,17.0,191.0,46.0,137.689536,867.98,1029.1549,0.0,3803.279,259.0,90.170715,7.0,7.0,9.0,49.21247,0.0,17.0,46.0,167.863807,100.0,118.301435,241.937932,7.0,68.0,9.099,-16.69,-8.758395,1,2.0,Medium
4.0,0.0,0.0,0.0,0.0,0.0,0.0,0.0,0.0,0.0,0.0,0.0,0.0,0.0,0.0,4.0,2.0,0.0,0.0,0.0,0.0,0.0,12.0,0.0,0.0,0.0,0.0,0.0,22.0,1488.0,3298.506234,8.0,198.0,48.0,136.897208,797.74,1033.8956,0.0,3708.866,254.0,89.15229199999999,0.0,0.0,2.0,64.561714,0.0,4.0,48.0,169.858564,110.0,113.154184,248.284716,0.0,56.0,37.1794,-16.54,-8.443071,1,4.0,Medium
6.0,0.0,0.0,0.0,0.0,0.0,0.0,0.0,0.0,0.0,0.0,0.0,0.0,0.0,0.0,7.0,3.0,0.0,0.0,0.0,0.0,0.0,6.0,0.0,0.0,0.0,0.0,0.0,22.0,1300.0,2848.101719,13.0,159.0,51.0,118.250798,927.54,874.7542000000001,0.0,3313.7699999999995,222.0,71.071923,0.0,0.0,3.0,55.660712,0.0,6.0,51.0,144.535021,84.0,104.012684,222.077074,0.0,63.0,16.0019,-16.160000000000004,-8.656216,1,4.0,Medium
6.0,0.0,0.0,0.0,0.0,0.0,0.0,0.0,0.0,7.0,0.0,0.0,0.0,0.0,0.0,0.0,3.0,0.0,0.0,0.0,0.0,0.0,8.0,0.0,0.0,0.0,0.0,0.0,24.0,1660.0,3861.212111,13.0,211.0,55.0,145.25114399999998,934.22,1127.9905,0.0,4201.187,285.0,98.203267,7.0,7.0,10.0,53.877225,0.0,13.0,55.0,186.834224,105.0,116.737595,269.750201,7.0,74.0,15.1057,-18.02,-8.733403,1,1.0,Medium
0.0,2.0,0.0,0.0,0.0,0.0,0.0,0.0,0.0,8.0,0.0,0.0,0.0,0.0,0.0,0.0,4.0,0.0,0.0,0.0,0.0,0.0,7.0,0.0,0.0,0.0,0.0,0.0,21.0,1446.0,3442.112517,12.0,188.0,48.0,118.63657200000002,777.86,977.2682,0.0,3605.714,250.0,87.827091,8.0,8.0,6.0,55.445305000000005,0.0,12.0,48.0,161.17800800000003,91.0,95.676434,223.291646,8.0,62.0,9.7951,-16.73,-8.84354,1,1.0,Medium
2.0,0.0,0.0,0.0,0.0,0.0,3.0,0.0,0.0,9.0,0.0,0.0,0.0,0.0,0.0,0.0,8.0,0.0,0.0,0.0,0.0,0.0,0.0,0.0,0.0,0.0,0.0,0.0,22.0,1274.0,3006.245408,14.0,153.0,53.0,97.869685,880.8700000000001,816.7886000000001,0.0,3220.762,222.0,71.994876,9.0,9.0,6.0,54.547748,0.0,14.0,53.0,136.40554100000003,68.0,86.61553599999999,192.377807,9.0,69.0,-18.9747,-17.72,-8.78019,0,5.0,Low
0.0,4.0,0.0,0.0,0.0,0.0,0.0,0.0,0.0,0.0,0.0,0.0,0.0,0.0,0.0,3.0,3.0,0.0,0.0,0.0,0.0,11.0,0.0,0.0,0.0,0.0,0.0,0.0,21.0,1118.0,2682.257506,11.0,139.0,41.0,74.63536099999999,776.24,762.7446,0.0,2830.348,192.0,58.18574099999999,0.0,0.0,1.0,63.053138,0.0,8.0,41.0,129.063268,35.0,88.56568999999999,187.114716,0.0,53.0,15.376699999999998,-15.71,-8.649285,0,5.0,Low
0.0,0.0,0.0,0.0,0.0,0.0,6.0,0.0,0.0,5.0,0.0,0.0,0.0,0.0,0.0,0.0,4.0,0.0,0.0,0.0,0.0,0.0,7.0,0.0,0.0,0.0,0.0,0.0,22.0,1506.0,3412.825891,11.0,200.0,49.0,129.278824,728.91,1023.5537,0.0,3707.14,260.0,93.401494,5.0,5.0,7.0,69.627307,0.0,11.0,49.0,168.807978,109.0,102.246241,232.360805,5.0,60.0,11.8897,-18.02,-8.754723,1,1.0,Medium
0.0,0.0,0.0,0.0,0.0,0.0,8.0,0.0,0.0,0.0,0.0,0.0,0.0,0.0,0.0,0.0,5.0,0.0,0.0,0.0,0.0,0.0,6.0,0.0,0.0,0.0,2.0,0.0,21.0,1424.0,3204.541265,16.0,183.0,54.0,123.379024,855.73,946.02,0.0,3507.6630000000005,245.0,85.36956799999999,2.0,2.0,3.0,70.307363,0.0,8.0,54.0,156.532798,107.0,98.488472,223.71543000000003,2.0,62.0,7.510899999999999,-17.39,-8.737037,0,5.0,Low
0.0,0.0,0.0,4.0,0.0,0.0,0.0,0.0,0.0,0.0,0.0,0.0,0.0,0.0,0.0,5.0,3.0,0.0,0.0,9.0,0.0,0.0,0.0,0.0,0.0,0.0,0.0,0.0,21.0,1116.0,2574.051914,9.0,142.0,47.0,81.155266,712.7,745.0228000000001,0.0,2762.519,193.0,61.620281,0.0,0.0,1.0,73.590233,0.0,4.0,47.0,125.044723,60.0,83.813553,176.05,0.0,51.0,11.005399999999998,-16.95,-8.501215,1,4.0,Medium
0.0,0.0,0.0,0.0,0.0,6.0,0.0,0.0,0.0,0.0,0.0,0.0,0.0,0.0,0.0,4.0,4.0,0.0,0.0,8.0,0.0,0.0,0.0,0.0,0.0,0.0,0.0,0.0,22.0,1120.0,2605.5881480000003,10.0,140.0,48.0,78.10119,741.48,741.2914000000001,0.0,2779.486,194.0,60.02932,0.0,0.0,2.0,75.958124,0.0,6.0,48.0,125.378474,56.0,91.50703,176.22,0.0,54.0,3.6952,-17.78,-8.606729,1,4.0,Medium
0.0,0.0,0.0,0.0,0.0,0.0,8.0,0.0,0.0,7.0,0.0,0.0,0.0,0.0,0.0,0.0,3.0,0.0,0.0,0.0,0.0,0.0,4.0,0.0,0.0,0.0,0.0,0.0,22.0,1532.0,3504.383459,15.0,199.0,51.0,130.220326,751.3,1031.5594999999998,0.0,3786.179,265.0,94.592433,7.0,7.0,12.0,66.239661,0.0,15.0,51.0,170.50530600000002,107.0,99.270635,233.273127,7.0,66.0,0.3232999999999997,-18.26,-8.805668,1,4.0,Medium
0.0,4.0,0.0,0.0,0.0,0.0,5.0,0.0,0.0,0.0,0.0,0.0,0.0,0.0,0.0,0.0,5.0,7.0,0.0,0.0,0.0,0.0,0.0,0.0,0.0,0.0,0.0,0.0,21.0,1136.0,2377.0866880000003,13.0,140.0,38.0,103.411422,765.41,772.4327000000001,0.0,2874.4770000000003,195.0,63.567477,0.0,0.0,4.0,56.224478,0.0,13.0,38.0,127.011823,75.0,91.830583,190.034716,0.0,55.0,3.523199999999999,-15.79,-8.729557,0,5.0,Low
0.0,0.0,0.0,0.0,0.0,0.0,4.0,0.0,0.0,0.0,0.0,0.0,0.0,0.0,0.0,5.0,4.0,0.0,0.0,8.0,0.0,0.0,0.0,0.0,0.0,0.0,0.0,0.0,21.0,1068.0,2375.889088,9.0,134.0,47.0,80.172422,726.53,705.7168,0.0,2649.295,185.0,58.19672899999999,0.0,0.0,0.0,72.57940099999999,0.0,4.0,47.0,117.854127,59.0,81.220756,168.05,0.0,51.0,6.853199999999999,-16.95,-8.497604,1,4.0,Medium
0.0,0.0,0.0,0.0,0.0,0.0,5.0,0.0,0.0,5.0,0.0,0.0,0.0,0.0,0.0,0.0,5.0,0.0,0.0,0.0,0.0,0.0,6.0,0.0,0.0,0.0,0.0,0.0,21.0,1382.0,3142.5145810000004,10.0,182.0,47.0,116.347515,712.0,931.611,0.0,3407.6410000000005,239.0,84.69851,5.0,5.0,5.0,65.71481899999999,0.0,10.0,47.0,153.843063,97.0,94.763266,212.190805,5.0,57.0,7.849600000000001,-17.189999999999998,-8.763352,1,4.0,Medium
0.0,0.0,0.0,0.0,0.0,0.0,5.0,0.0,0.0,7.0,0.0,0.0,0.0,0.0,0.0,0.0,5.0,0.0,0.0,0.0,0.0,0.0,5.0,0.0,0.0,0.0,0.0,0.0,22.0,1460.0,3376.57913,12.0,190.0,51.0,120.299633,765.64,976.8434,0.0,3609.851000000001,253.0,89.136049,7.0,7.0,7.0,66.15602799999999,0.0,12.0,51.0,161.55555900000002,98.0,96.760534,221.393127,7.0,63.0,2.569099999999997,-18.14,-8.82134,1,3.0,Medium
2.0,0.0,0.0,0.0,0.0,0.0,6.0,0.0,0.0,7.0,0.0,0.0,0.0,0.0,0.0,0.0,0.0,0.0,0.0,0.0,0.0,0.0,6.0,0.0,0.0,0.0,0.0,0.0,21.0,1592.0,3673.069276,15.0,208.0,49.0,140.301244,729.9099999999999,1089.5223,0.0,3958.386,274.0,99.019299,7.0,7.0,15.0,57.249296,0.0,15.0,49.0,179.855996,112.0,102.591605,249.055485,7.0,66.0,10.4588,-16.89,-8.798648,1,1.0,Medium
0.0,3.0,0.0,0.0,0.0,0.0,0.0,0.0,0.0,6.0,0.0,0.0,0.0,0.0,0.0,0.0,4.0,0.0,0.0,0.0,0.0,0.0,0.0,8.0,0.0,0.0,0.0,0.0,21.0,1380.0,3072.232336,12.0,178.0,45.0,123.180097,780.9599999999999,937.9266,0.0,3456.932,238.0,83.047743,6.0,6.0,5.0,53.918272,0.0,12.0,45.0,153.04573200000002,93.0,104.00063,218.255503,6.0,60.0,11.2972,-16.32,-8.774951,1,3.0,Medium
0.0,0.0,0.0,0.0,0.0,0.0,5.0,0.0,0.0,0.0,0.0,0.0,0.0,0.0,0.0,6.0,6.0,0.0,0.0,0.0,0.0,0.0,5.0,0.0,0.0,0.0,0.0,0.0,22.0,1240.0,2671.432263,11.0,159.0,50.0,105.928927,805.1600000000001,824.1103,0.0,3059.958,214.0,71.372042,0.0,0.0,-1.0,75.179589,0.0,5.0,50.0,135.745255,89.0,95.092155,196.18,0.0,55.0,8.933799999999998,-17.82,-8.590919,0,5.0,Low
0.0,4.0,0.0,0.0,0.0,0.0,0.0,0.0,0.0,0.0,0.0,0.0,0.0,0.0,0.0,5.0,3.0,0.0,0.0,0.0,10.0,0.0,0.0,0.0,0.0,0.0,0.0,0.0,22.0,1104.0,2448.442665,13.0,133.0,45.0,77.99642,843.0,741.6332,0.0,2808.166,190.0,56.13692499999999,0.0,0.0,1.0,63.9486,0.0,8.0,45.0,123.583237,40.0,101.394592,184.244716,0.0,57.0,9.7675,-16.58,-8.67787,1,4.0,Medium
0.0,4.0,0.0,0.0,0.0,0.0,0.0,0.0,0.0,0.0,0.0,0.0,0.0,0.0,0.0,4.0,5.0,0.0,0.0,0.0,0.0,0.0,0.0,8.0,0.0,0.0,0.0,0.0,21.0,1196.0,2466.4715830000005,12.0,151.0,42.0,112.984466,824.13,814.4584,0.0,3012.655,205.0,67.90004400000001,0.0,0.0,-1.0,58.231669,0.0,8.0,42.0,132.101278,85.0,104.362776,200.074716,0.0,54.0,15.8291,-15.75,-8.639717,0,5.0,Low
0.0,4.0,0.0,0.0,0.0,0.0,0.0,0.0,0.0,0.0,0.0,0.0,0.0,0.0,0.0,6.0,3.0,0.0,0.0,0.0,8.0,0.0,0.0,0.0,0.0,0.0,0.0,0.0,21.0,1052.0,2327.177913,14.0,125.0,44.0,76.751146,836.93,702.4080000000001,0.0,2681.967,181.0,53.135038,0.0,0.0,1.0,59.869861,0.0,8.0,44.0,116.76636,41.0,94.972672,175.99471599999998,0.0,56.0,6.8373,-15.83,-8.657037,0,5.0,Low
0.0,0.0,0.0,0.0,0.0,0.0,5.0,0.0,0.0,8.0,0.0,0.0,0.0,0.0,0.0,4.0,4.0,0.0,0.0,0.0,0.0,0.0,0.0,0.0,0.0,0.0,0.0,0.0,21.0,1310.0,3076.160142,17.0,161.0,54.0,102.917125,820.0999999999999,849.8353000000001,0.0,3268.0960000000005,228.0,76.239009,8.0,8.0,9.0,60.03205799999999,0.0,13.0,54.0,140.986781,78.0,83.418261,195.019288,8.0,67.0,-13.5509,-17.59,-8.815951,0,5.0,Low
0.0,3.0,0.0,0.0,0.0,0.0,0.0,0.0,0.0,8.0,0.0,0.0,0.0,0.0,0.0,0.0,4.0,0.0,0.0,0.0,0.0,0.0,6.0,0.0,0.0,0.0,0.0,0.0,21.0,1424.0,3382.2679900000003,14.0,182.0,47.0,117.616085,808.3,961.016,0.0,3573.0520000000006,246.0,85.29888700000001,8.0,8.0,7.0,51.730646,0.0,14.0,47.0,158.50294000000002,87.0,95.483276,222.247825,8.0,64.0,5.8154,-16.48,-8.830002,1,3.0,Medium
4.0,0.0,0.0,0.0,0.0,0.0,4.0,0.0,0.0,0.0,0.0,0.0,0.0,0.0,0.0,6.0,0.0,0.0,0.0,0.0,0.0,0.0,0.0,0.0,7.0,0.0,0.0,0.0,21.0,1532.0,3081.874911,14.0,201.0,48.0,171.19521,802.0,1063.528,0.0,3819.071,261.0,94.0837,0.0,0.0,8.0,54.859806,0.0,8.0,48.0,171.160282,138.0,156.378601,255.834716,0.0,60.0,30.6823,-15.990000000000002,-8.602879,1,2.0,Medium
4.0,0.0,0.0,0.0,0.0,0.0,0.0,0.0,0.0,0.0,0.0,0.0,0.0,0.0,0.0,7.0,3.0,0.0,0.0,0.0,0.0,0.0,7.0,0.0,0.0,0.0,0.0,0.0,21.0,1262.0,2783.030022,11.0,159.0,49.0,112.693082,845.96,852.281,0.0,3178.82,216.0,70.910404,0.0,0.0,1.0,59.375371,0.0,4.0,49.0,140.43217099999998,85.0,98.611794,210.954716,0.0,57.0,19.7852,-15.87,-8.57045,1,4.0,Medium
4.0,0.0,0.0,0.0,0.0,0.0,0.0,0.0,0.0,0.0,5.0,0.0,0.0,0.0,0.0,0.0,4.0,0.0,0.0,0.0,0.0,0.0,8.0,0.0,0.0,0.0,0.0,0.0,21.0,1298.0,2748.498751,4.0,167.0,47.0,124.650431,764.3299999999999,884.7973999999999,0.0,3258.03,222.0,74.591926,0.0,0.0,0.0,57.705857,0.0,4.0,47.0,145.627006,97.0,108.06119,217.034716,0.0,55.0,25.1041,-15.79,-8.510853,0,6.0,Low
0.0,5.0,0.0,0.0,0.0,0.0,6.0,0.0,0.0,0.0,0.0,0.0,0.0,0.0,0.0,6.0,5.0,0.0,0.0,0.0,0.0,0.0,0.0,0.0,0.0,0.0,0.0,0.0,22.0,1172.0,2457.7601870000003,22.0,135.0,45.0,106.159111,947.97,775.713,0.0,2997.841,201.0,61.994571,0.0,0.0,6.0,56.804123,0.0,16.0,45.0,127.698342,74.0,95.822134,197.920895,0.0,66.0,-10.2467,-16.61,-8.753123,0,5.0,Low
0.0,0.0,0.0,0.0,0.0,0.0,6.0,0.0,0.0,0.0,0.0,0.0,0.0,0.0,0.0,5.0,5.0,5.0,0.0,0.0,0.0,0.0,0.0,0.0,0.0,0.0,0.0,0.0,21.0,1110.0,2351.8040920000003,11.0,139.0,47.0,94.336155,749.24,732.1252,0.0,2750.468,192.0,62.359631,0.0,0.0,1.0,69.972419,0.0,6.0,47.0,120.730831,76.0,84.749404,174.97000000000003,0.0,53.0,2.4723,-17.029999999999998,-8.60924,1,4.0,Medium
3.0,0.0,0.0,0.0,0.0,0.0,6.0,0.0,0.0,3.0,0.0,0.0,0.0,0.0,0.0,0.0,0.0,0.0,0.0,0.0,0.0,0.0,9.0,0.0,0.0,0.0,0.0,0.0,21.0,1578.0,3514.617153,12.0,210.0,45.0,146.57390099999998,702.87,1098.9126,0.0,3918.9,270.0,98.384133,3.0,3.0,12.0,60.081537,0.0,12.0,45.0,180.937161,120.0,109.978323,256.02702,3.0,60.0,24.1113,-16.32,-8.740281,2,0.0,High
4.0,0.0,0.0,0.0,0.0,0.0,0.0,0.0,0.0,7.0,0.0,0.0,0.0,0.0,0.0,0.0,0.0,4.0,0.0,0.0,0.0,0.0,0.0,7.0,0.0,0.0,0.0,0.0,22.0,1564.0,3539.6154530000003,11.0,203.0,51.0,141.73509,784.85,1072.1523000000002,0.0,3927.063,269.0,95.031288,7.0,7.0,11.0,52.847931,0.0,11.0,51.0,175.776682,105.0,110.769094,249.417843,7.0,66.0,20.3704,-16.94,-8.748377,2,0.0,High
0.0,0.0,0.0,0.0,0.0,0.0,5.0,0.0,0.0,0.0,0.0,0.0,0.0,0.0,0.0,7.0,2.0,0.0,0.0,0.0,0.0,0.0,7.0,0.0,0.0,0.0,0.0,0.0,21.0,1344.0,2934.771533,12.0,177.0,49.0,119.129469,743.7700000000001,914.3111,0.0,3302.4930000000004,231.0,80.44692899999998,0.0,0.0,3.0,73.183736,0.0,5.0,49.0,149.999446,102.0,97.554447,213.93,0.0,54.0,19.9868,-17.07,-8.572582,1,4.0,Medium
0.0,0.0,0.0,0.0,0.0,0.0,6.0,0.0,0.0,0.0,0.0,0.0,0.0,0.0,0.0,5.0,4.0,8.0,0.0,0.0,0.0,0.0,0.0,0.0,0.0,0.0,0.0,0.0,23.0,1256.0,2677.548532,11.0,160.0,51.0,107.90902400000002,788.01,838.9642,0.0,3106.007,217.0,71.777211,0.0,0.0,2.0,76.705021,0.0,6.0,51.0,138.064649,87.0,93.914638,198.39,0.0,57.0,9.2674,-18.61,-8.550202,1,4.0,Medium
0.0,4.0,0.0,0.0,0.0,0.0,0.0,0.0,0.0,0.0,0.0,0.0,0.0,0.0,0.0,6.0,4.0,0.0,0.0,8.0,0.0,0.0,0.0,0.0,0.0,0.0,0.0,0.0,22.0,1080.0,2427.169516,14.0,128.0,46.0,83.15792,877.06,717.6120000000001,0.0,2753.022,186.0,54.983474,0.0,0.0,0.0,62.362914,0.0,8.0,46.0,119.367314,50.0,87.701752,180.204716,0.0,58.0,5.7596,-16.62,-8.594554,1,4.0,Medium
2.0,0.0,0.0,0.0,0.0,0.0,0.0,0.0,0.0,8.0,0.0,0.0,0.0,0.0,0.0,0.0,4.0,0.0,0.0,0.0,0.0,0.0,7.0,0.0,0.0,0.0,0.0,0.0,21.0,1446.0,3442.112517,10.0,188.0,50.0,118.63657200000002,772.26,973.1668,0.0,3607.682,250.0,87.605583,8.0,8.0,6.0,55.445305000000005,0.0,10.0,50.0,160.994506,91.0,95.676434,223.291646,8.0,62.0,10.6491,-16.73,-8.829865,1,1.0,Medium
0.0,7.0,0.0,0.0,0.0,0.0,0.0,0.0,0.0,7.0,0.0,0.0,0.0,0.0,0.0,0.0,3.0,0.0,0.0,0.0,0.0,0.0,4.0,0.0,0.0,0.0,0.0,0.0,21.0,1392.0,3247.085331,21.0,169.0,42.0,121.434587,902.56,946.8055,0.0,3567.7030000000004,239.0,80.021282,7.0,7.0,11.0,39.018589000000006,0.0,21.0,42.0,155.80019800000002,80.0,99.182819,229.07638,7.0,70.0,-1.4023000000000003,-15.400000000000002,-8.821465,0,5.0,Low
4.0,0.0,0.0,0.0,0.0,0.0,0.0,0.0,0.0,0.0,4.0,0.0,0.0,0.0,0.0,4.0,0.0,0.0,0.0,0.0,0.0,0.0,10.0,0.0,0.0,0.0,0.0,0.0,22.0,1500.0,3254.833314,8.0,196.0,52.0,143.826372,807.0,1035.9256,0.0,3746.824000000001,256.0,88.42615799999999,0.0,0.0,4.0,62.858278,0.0,4.0,52.0,169.905768,114.0,116.397652,250.12471600000003,0.0,60.0,35.699,-16.700000000000003,-8.446578,1,3.0,Medium
5.0,0.0,0.0,0.0,0.0,0.0,5.0,0.0,0.0,7.0,0.0,0.0,0.0,0.0,0.0,5.0,0.0,0.0,0.0,0.0,0.0,0.0,0.0,0.0,0.0,0.0,0.0,0.0,22.0,1470.0,3385.14638,22.0,175.0,56.0,128.03589800000003,935.84,973.6029,0.0,3746.901,253.0,83.498924,7.0,7.0,17.0,48.528953,0.0,17.0,56.0,161.641849,88.0,98.384144,235.974022,7.0,78.0,-9.3159,-17.09,-8.770047,1,4.0,Medium
0.0,6.0,0.0,0.0,0.0,0.0,0.0,0.0,0.0,0.0,0.0,0.0,0.0,0.0,0.0,5.0,5.0,0.0,0.0,0.0,0.0,0.0,6.0,0.0,0.0,0.0,0.0,0.0,22.0,1252.0,2724.9857650000004,17.0,153.0,43.0,113.115318,931.54,851.7488000000001,0.0,3189.6900000000005,214.0,68.713381,0.0,0.0,1.0,55.282224,0.0,12.0,43.0,139.517373,80.0,102.976924,214.157074,0.0,61.0,11.0885,-16.08,-8.739301,0,5.0,Low
0.0,0.0,0.0,0.0,0.0,0.0,5.0,0.0,0.0,0.0,0.0,0.0,0.0,0.0,0.0,4.0,4.0,8.0,0.0,0.0,0.0,0.0,0.0,0.0,0.0,0.0,0.0,0.0,21.0,1134.0,2418.61319,9.0,145.0,46.0,96.965613,710.74,758.0377,0.0,2803.616,196.0,64.791785,0.0,0.0,1.0,69.908338,0.0,5.0,46.0,124.750237,78.0,85.280989,179.05,0.0,51.0,9.5291,-16.95,-8.542354,1,4.0,Medium
0.0,0.0,0.0,0.0,0.0,0.0,5.0,0.0,0.0,0.0,0.0,0.0,0.0,0.0,0.0,6.0,4.0,0.0,0.0,0.0,0.0,0.0,7.0,0.0,0.0,0.0,0.0,0.0,22.0,1348.0,2929.126959,11.0,177.0,50.0,118.083255,777.5,911.8603,0.0,3314.46,232.0,80.040568,0.0,0.0,1.0,76.199297,0.0,5.0,50.0,149.816323,101.0,100.246567,214.18,0.0,55.0,17.7334,-17.82,-8.557189,0,5.0,Low
0.0,0.0,0.0,0.0,0.0,0.0,6.0,0.0,0.0,4.0,0.0,0.0,0.0,0.0,0.0,0.0,3.0,8.0,0.0,0.0,0.0,0.0,0.0,0.0,0.0,0.0,0.0,0.0,21.0,1288.0,2871.9288290000004,10.0,167.0,46.0,109.04278399999998,675.11,868.0889999999999,0.0,3185.269,223.0,77.342462,4.0,4.0,7.0,64.841707,0.0,10.0,46.0,143.236508,87.0,87.634186,198.154644,4.0,56.0,5.9383,-17.15,-8.7424345,1,2.0,Medium
0.0,0.0,0.0,5.0,0.0,0.0,0.0,0.0,0.0,6.0,0.0,0.0,0.0,0.0,0.0,0.0,2.0,0.0,0.0,0.0,0.0,0.0,0.0,8.0,0.0,0.0,0.0,0.0,21.0,1524.0,3454.474653,11.0,204.0,48.0,133.706216,684.18,1042.4617,0.0,3749.265,263.0,95.980461,6.0,6.0,9.0,65.23209700000001,0.0,11.0,48.0,171.219714,112.0,107.874846,234.186966,6.0,59.0,15.5774,-17.27,-8.763136,1,1.0,Medium
0.0,0.0,0.0,6.0,0.0,0.0,0.0,0.0,0.0,0.0,0.0,0.0,0.0,0.0,0.0,5.0,4.0,0.0,0.0,0.0,6.0,0.0,0.0,0.0,0.0,0.0,0.0,0.0,21.0,1140.0,2569.800262,11.0,144.0,47.0,82.50059,735.4100000000001,757.4702,0.0,2821.611,197.0,63.012095,0.0,0.0,2.0,73.475951,0.0,6.0,47.0,127.046875,61.0,94.420432,179.97000000000003,0.0,53.0,5.446199999999999,-17.03,-8.665021,1,4.0,Medium
0.0,0.0,0.0,0.0,0.0,0.0,5.0,0.0,0.0,7.0,3.0,0.0,0.0,0.0,0.0,0.0,0.0,0.0,0.0,0.0,0.0,0.0,7.0,0.0,0.0,0.0,0.0,0.0,22.0,1658.0,3794.790158,12.0,220.0,54.0,146.76658,724.18,1131.9284,0.0,4083.698,286.0,103.761369,7.0,7.0,12.0,66.66293999999999,0.0,12.0,54.0,186.215331,122.0,108.213356,254.273127,7.0,66.0,16.8581,-18.26,-8.766442,1,1.0,Medium
4.0,0.0,0.0,0.0,0.0,0.0,6.0,0.0,0.0,7.0,0.0,0.0,0.0,0.0,0.0,0.0,0.0,0.0,5.0,0.0,0.0,0.0,0.0,0.0,0.0,0.0,0.0,0.0,22.0,1480.0,3299.7835830000004,17.0,183.0,51.0,134.60899,811.49,996.9205,0.0,3742.661,255.0,87.48841300000001,7.0,7.0,17.0,50.288857,0.0,17.0,51.0,164.387776,96.0,104.430965,235.177843,7.0,72.0,-2.3565000000000005,-17.18,-8.765616,1,4.0,Medium
0.0,4.0,0.0,0.0,0.0,0.0,0.0,0.0,0.0,6.0,0.0,0.0,0.0,0.0,0.0,0.0,0.0,0.0,0.0,0.0,0.0,0.0,5.0,0.0,6.0,0.0,0.0,0.0,21.0,1730.0,3804.109597,14.0,234.0,44.0,178.613162,756.0799999999999,1217.6364,0.0,4297.976000000001,296.0,111.078745,6.0,6.0,10.0,48.942307,0.0,14.0,44.0,196.34984,143.0,153.533118,279.211682,6.0,62.0,35.9239,-16.07,-8.64523,1,2.0,Medium
0.0,5.0,0.0,0.0,0.0,0.0,0.0,0.0,0.0,0.0,0.0,0.0,0.0,0.0,0.0,6.0,5.0,0.0,0.0,0.0,0.0,0.0,0.0,0.0,0.0,6.0,0.0,0.0,22.0,1388.0,2935.797515,16.0,177.0,45.0,141.00228700000002,921.33,953.0088,0.0,3490.837,237.0,80.827749,0.0,0.0,0.0,54.837251,0.0,10.0,45.0,153.932724,110.0,136.51731999999998,234.160895,0.0,60.0,22.0711,-16.369999999999997,-8.688916,0,6.0,Low
0.0,5.0,0.0,0.0,0.0,0.0,0.0,0.0,0.0,0.0,0.0,0.0,0.0,0.0,0.0,2.0,3.0,0.0,0.0,0.0,0.0,0.0,0.0,11.0,0.0,0.0,0.0,0.0,21.0,1324.0,2701.126048,12.0,172.0,39.0,131.856195,786.45,924.5456,0.0,3328.74,226.0,78.465936,0.0,0.0,2.0,55.770754,0.0,10.0,39.0,149.232242,101.0,115.215463,224.110895,0.0,54.0,25.926900000000003,-15.420000000000002,-8.609321,1,3.0,Medium
0.0,0.0,0.0,4.0,0.0,0.0,0.0,0.0,0.0,0.0,0.0,0.0,0.0,0.0,0.0,7.0,3.0,7.0,0.0,0.0,0.0,0.0,0.0,0.0,0.0,0.0,0.0,0.0,21.0,1158.0,2575.629072,11.0,147.0,49.0,95.052719,753.1600000000001,771.1294,0.0,2864.652,200.0,65.28694300000001,0.0,0.0,1.0,70.738789,0.0,4.0,49.0,127.420667,76.0,86.261794,182.97,0.0,53.0,10.9151,-17.03,-8.567267,1,4.0,Medium
