A3413,A3407,A3400,M0562,D5915,M0082,D5927,A1235,D5795,M2901,M3342,A1405,D1531,E0652,H1770,M0085,A0141,M0081,A0142,M0280,A1389,M0326,M0591,A0144,D4129,M0083,GluMA,GalAM,DP,total_hbd,total_balabanj,total_n_oxygen,total_n_nitrogen,total_logp,total_num_sat_rings,total_n_carbon,total_chi1v,total_tpsa,total_num_valence_electrons,total_bertzct,total_num_aromatic_heterocycles,total_molar_ref,total_num_aliphatic_rings,total_num_rings,total_kappa3,total_mw,total_arom_rings,total_kappa1,charge,total_heavy_atom_count,total_chi0v,total_hallkieralpha,total_hba,total_num_heteroatoms,total_rot_bonds,total_kappa2,predicted_docking_score,Consensus_Class,score,fluorescence
0.0,0.0,0.0,0.0,0.0,0.0,0.0,0.0,0.0,6.0,0.0,0.0,0.0,0.0,4.0,0.0,4.0,0.0,0.0,0.0,0.0,0.0,0.0,0.0,8.0,0.0,0.0,0.0,22.0,14.0,63.167316,50.0,10.0,27.144,6.0,220.0,103.479354,808.06,1624.0,3541.182372,0.0,1115.7682,6.0,6.0,157.707118,3981.608,0.0,250.436966,2.0,280.0,178.871896,-18.02,50.0,60.0,136.0,163.187952,-8.631055,1,4.0,Medium
6.0,0.0,0.0,0.0,0.0,0.0,0.0,0.0,0.0,6.0,0.0,0.0,0.0,0.0,0.0,0.0,2.0,0.0,0.0,0.0,0.0,0.0,0.0,0.0,8.0,0.0,0.0,0.0,22.0,12.0,42.745758,50.0,12.0,27.6778,6.0,222.0,105.45176,854.12,1696.0,3616.686778,0.0,1171.9988,6.0,6.0,168.49434200000002,4266.522,0.0,278.33404,10.0,290.0,189.499898,-16.36,50.0,68.0,140.0,183.370662,-8.625264,0,7.0,High
6.0,0.0,0.0,0.0,0.0,0.0,0.0,0.0,0.0,3.0,0.0,0.0,0.0,0.0,0.0,0.0,4.0,0.0,0.0,0.0,0.0,0.0,0.0,0.0,8.0,0.0,0.0,0.0,21.0,9.0,42.921566,45.0,9.0,28.46,3.0,198.0,92.846643,814.4699999999999,1512.0,3100.275634,0.0,1045.9397,3.0,3.0,163.23763100000002,3807.858,0.0,253.135557,5.0,258.0,168.67833000000002,-15.33,45.0,60.0,130.0,169.087502,-8.632966,0,6.0,High
6.0,0.0,0.0,0.0,0.0,0.0,0.0,0.0,0.0,6.0,0.0,0.0,0.0,0.0,0.0,6.0,4.0,0.0,0.0,0.0,0.0,0.0,0.0,0.0,0.0,0.0,0.0,0.0,22.0,18.0,45.651118,56.0,12.0,-10.9816,6.0,144.0,66.554702,1003.16,1264.0,2934.4551360000005,0.0,815.5596,6.0,6.0,92.12499,3266.394,0.0,206.09404,8.0,218.0,135.978968,-16.6,56.0,74.0,64.0,104.743342,-8.731491,1,4.0,Medium
5.0,0.0,0.0,0.0,0.0,0.0,5.0,0.0,0.0,0.0,0.0,0.0,0.0,0.0,0.0,0.0,10.0,2.0,0.0,0.0,0.0,0.0,0.0,0.0,0.0,0.0,0.0,0.0,22.0,10.0,55.68615799999999,44.0,10.0,-9.9169,0.0,121.0,53.912878000000006,877.3000000000001,1046.0,2145.473522,0.0,677.621,0.0,0.0,92.849241,2689.326,0.0,177.200895,0.0,180.0,113.294638,-16.33,44.0,59.0,63.0,92.43993,-8.618303,1,3.0,Medium
5.0,0.0,0.0,0.0,0.0,0.0,0.0,0.0,0.0,0.0,0.0,0.0,0.0,0.0,0.0,2.0,6.0,0.0,0.0,0.0,0.0,0.0,0.0,0.0,8.0,0.0,0.0,0.0,21.0,7.0,49.885472,44.0,5.0,29.6688,0.0,180.0,82.674459,813.9399999999999,1372.0,2693.891026,0.0,944.8221,0.0,0.0,159.842632,3442.852,0.0,232.110895,-1.0,234.0,151.757155,-15.420000000000002,44.0,54.0,123.0,156.404671,-8.593758,1,2.0,Medium
5.0,0.0,0.0,0.0,0.0,0.0,0.0,0.0,0.0,0.0,0.0,0.0,0.0,0.0,0.0,6.0,5.0,0.0,0.0,0.0,0.0,0.0,6.0,0.0,0.0,0.0,0.0,0.0,22.0,11.0,58.676273,50.0,5.0,13.9791,0.0,153.0,67.865085,907.33,1244.0,2717.540921,0.0,831.5273,0.0,0.0,101.110756,3159.109,0.0,210.160895,0.0,213.0,137.48222900000002,-16.369999999999997,50.0,60.0,80.0,110.626381,-8.607608,1,4.0,Medium
5.0,0.0,0.0,0.0,0.0,0.0,5.0,0.0,0.0,0.0,0.0,0.0,0.0,0.0,0.0,1.0,10.0,0.0,0.0,0.0,0.0,0.0,0.0,0.0,0.0,0.0,0.0,0.0,21.0,11.0,52.455269,43.0,10.0,-13.6305,0.0,111.0,49.514415,871.23,982.0,2008.5063400000004,0.0,629.1178,0.0,0.0,88.326965,2535.073,0.0,166.950895,0.0,169.0,105.389821,-15.58,43.0,58.0,58.0,86.466266,-8.57743,1,3.0,Medium
6.0,0.0,0.0,0.0,0.0,0.0,0.0,0.0,0.0,6.0,0.0,0.0,0.0,0.0,0.0,7.0,3.0,0.0,0.0,0.0,0.0,0.0,0.0,0.0,0.0,0.0,0.0,0.0,22.0,19.0,45.840362,57.0,12.0,-9.8059,6.0,147.0,68.066235,1009.56,1288.0,2996.0131130000004,0.0,833.2144000000001,6.0,6.0,92.64287,3325.482,0.0,210.05404,9.0,222.0,138.763045,-16.64,57.0,75.0,66.0,107.31108199999998,-8.74176,1,2.0,Medium
4.0,0.0,0.0,0.0,0.0,0.0,0.0,0.0,0.0,6.0,0.0,0.0,0.0,0.0,0.0,2.0,10.0,0.0,0.0,0.0,0.0,0.0,0.0,0.0,0.0,0.0,0.0,0.0,22.0,12.0,51.303752,52.0,10.0,-17.3786,6.0,126.0,57.11796,949.94,1104.0,2550.217586,0.0,693.7962,6.0,6.0,85.28537399999999,2838.896,0.0,174.341682,0.0,192.0,116.30523,-16.939999999999998,52.0,66.0,52.0,84.359028,-8.694831,1,4.0,Medium
0.0,0.0,0.0,0.0,0.0,0.0,0.0,0.0,0.0,4.0,0.0,0.0,0.0,0.0,0.0,0.0,6.0,0.0,0.0,0.0,0.0,0.0,0.0,0.0,8.0,0.0,4.0,0.0,22.0,20.0,60.957734,72.0,4.0,18.3978,8.0,226.0,107.707272,1113.7800000000002,1752.0,4041.413842,0.0,1145.8156,8.0,8.0,156.923748,4319.594,0.0,267.855504,-2.0,302.0,185.88482,-18.66,72.0,76.0,142.0,169.12892799999997,-8.60876,1,2.0,Medium
8.0,0.0,0.0,0.0,0.0,0.0,0.0,0.0,0.0,0.0,0.0,0.0,0.0,0.0,0.0,6.0,2.0,0.0,0.0,0.0,0.0,0.0,6.0,0.0,0.0,0.0,0.0,0.0,22.0,14.0,49.061858,50.0,8.0,16.520400000000002,0.0,162.0,72.951,948.76,1340.0,2924.549384,0.0,908.2436,0.0,0.0,108.2629,3445.8279999999995,0.0,234.029432,6.0,228.0,150.288374,-15.62,50.0,66.0,86.0,125.796412,-8.710275,0,6.0,High
6.0,0.0,0.0,0.0,0.0,0.0,0.0,4.0,0.0,0.0,0.0,0.0,0.0,0.0,0.0,2.0,10.0,0.0,0.0,0.0,0.0,0.0,0.0,0.0,0.0,0.0,0.0,0.0,22.0,12.0,51.615608,46.0,10.0,-16.5242,0.0,106.0,46.077592,940.96,976.0,2026.67219,0.0,617.749,0.0,0.0,94.357928,2547.38,0.0,168.117074,0.0,168.0,104.058284,-16.12,46.0,62.0,50.0,82.842374,-8.53796,1,4.0,Medium
5.0,0.0,0.0,0.0,0.0,0.0,0.0,0.0,0.0,6.0,0.0,0.0,0.0,0.0,0.0,7.0,4.0,0.0,0.0,0.0,0.0,0.0,0.0,0.0,0.0,0.0,0.0,0.0,22.0,18.0,49.045167,57.0,11.0,-10.653,6.0,144.0,66.37093,995.75,1256.0,2927.0102920000004,0.0,807.6423000000001,6.0,6.0,90.258822,3229.909,0.0,202.097861,7.0,217.0,134.49433,-16.89,57.0,73.0,64.0,102.25440500000002,-8.7366495,1,4.0,Medium
5.0,0.0,0.0,0.0,0.0,0.0,5.0,0.0,0.0,0.0,0.0,0.0,0.0,0.0,0.0,2.0,10.0,0.0,0.0,0.0,0.0,0.0,0.0,0.0,0.0,0.0,0.0,0.0,22.0,12.0,55.849318,46.0,10.0,-13.5325,0.0,117.0,52.13112,917.76,1034.0,2125.9777200000003,0.0,661.9766,0.0,0.0,92.054845,2665.216,0.0,175.120895,0.0,178.0,110.774852,-16.41,46.0,61.0,61.0,90.555532,-8.589493,1,4.0,Medium
0.0,0.0,0.0,0.0,0.0,0.0,8.0,0.0,0.0,0.0,4.0,0.0,0.0,0.0,0.0,0.0,6.0,0.0,0.0,0.0,0.0,0.0,0.0,0.0,0.0,0.0,4.0,0.0,22.0,24.0,68.134018,72.0,8.0,-14.6466,4.0,166.0,78.45854,1131.54,1424.0,3274.263598,0.0,888.3304,4.0,4.0,96.6822,3550.13,0.0,219.39086,2.0,246.0,148.110964,-18.82,72.0,80.0,98.0,119.8241,-8.742066,1,2.0,Medium
7.0,0.0,0.0,0.0,0.0,0.0,0.0,0.0,0.0,2.0,0.0,0.0,0.0,0.0,0.0,7.0,6.0,0.0,0.0,0.0,0.0,0.0,0.0,0.0,0.0,0.0,0.0,0.0,22.0,16.0,47.143041,53.0,9.0,-9.3528,2.0,122.0,54.42828,1024.01,1112.0,2451.018946,0.0,710.9797000000001,2.0,2.0,92.29797,2904.243,0.0,190.025575,3.0,191.0,118.737608,-16.07,53.0,69.0,56.0,95.352247,-8.616739,1,3.0,Medium
6.0,0.0,0.0,0.0,0.0,0.0,0.0,0.0,0.0,0.0,0.0,0.0,0.0,0.0,0.0,5.0,6.0,5.0,0.0,0.0,0.0,0.0,0.0,0.0,0.0,0.0,0.0,0.0,22.0,11.0,52.76142,49.0,6.0,2.169199999999999,0.0,124.0,54.055339,928.57,1078.0,2308.4310670000004,0.0,703.5796,0.0,0.0,92.089078,2787.803,0.0,185.157074,0.0,185.0,116.973513,-16.08,49.0,61.0,59.0,94.202029,-8.587166,1,4.0,Medium
6.0,0.0,0.0,0.0,0.0,0.0,0.0,0.0,0.0,6.0,0.0,0.0,0.0,0.0,7.0,0.0,3.0,0.0,0.0,0.0,0.0,0.0,0.0,0.0,0.0,0.0,0.0,0.0,22.0,26.0,46.602928,50.0,19.0,-10.075399999999998,6.0,154.0,71.834496,1029.16,1330.0,3157.5041840000004,0.0,879.7343,6.0,6.0,95.172572,3416.783,0.0,217.05404,9.0,229.0,145.49701,-16.64,50.0,75.0,66.0,107.112268,-8.794061,1,3.0,Medium
5.0,0.0,0.0,0.0,0.0,0.0,0.0,0.0,0.0,6.0,0.0,0.0,0.0,0.0,0.0,6.0,5.0,0.0,0.0,0.0,0.0,0.0,0.0,0.0,0.0,0.0,0.0,0.0,22.0,17.0,48.855923,56.0,11.0,-11.8287,6.0,141.0,64.859397,989.35,1232.0,2865.452315,0.0,789.9875,6.0,6.0,89.740942,3170.821,0.0,198.137861,6.0,213.0,131.710253,-16.849999999999998,56.0,72.0,62.0,99.686665,-8.724184,1,4.0,Medium
0.0,4.0,0.0,0.0,0.0,0.0,0.0,0.0,0.0,4.0,0.0,0.0,0.0,0.0,0.0,0.0,6.0,0.0,0.0,0.0,0.0,0.0,8.0,0.0,0.0,0.0,0.0,0.0,22.0,12.0,57.257838,44.0,12.0,13.563399999999998,4.0,178.0,81.545384,838.0200000000001,1384.0,3150.8819220000005,0.0,943.786,4.0,4.0,103.502788,3476.3860000000004,0.0,224.42936,2.0,238.0,155.241276,-16.700000000000003,44.0,60.0,90.0,119.333104,-8.768993,0,5.0,High
4.0,0.0,0.0,0.0,0.0,0.0,0.0,0.0,0.0,3.0,0.0,0.0,0.0,0.0,0.0,4.0,11.0,0.0,0.0,0.0,0.0,0.0,0.0,0.0,0.0,0.0,0.0,0.0,22.0,11.0,55.062853,51.0,7.0,-15.3227,3.0,111.0,48.641081,963.22,996.0,2212.835799,0.0,618.2507,3.0,3.0,84.274423,2569.463,0.0,161.273199,-4.0,173.0,103.65277,-16.78,51.0,62.0,47.0,76.732874,-8.627063,2,0.0,Low
4.0,0.0,0.0,0.0,0.0,0.0,0.0,0.0,0.0,3.0,0.0,0.0,0.0,0.0,4.0,11.0,0.0,0.0,0.0,0.0,0.0,0.0,0.0,0.0,0.0,0.0,0.0,0.0,22.0,26.0,57.580289,58.0,11.0,-2.544,3.0,148.0,67.421236,1044.8200000000002,1284.0,2982.254158,0.0,839.0363000000001,3.0,3.0,91.416647,3271.603,0.0,208.833199,7.0,221.0,138.125597,-17.22,58.0,73.0,69.0,104.864406,-8.788269,1,4.0,Medium
5.0,0.0,0.0,0.0,0.0,0.0,0.0,0.0,0.0,3.0,0.0,0.0,0.0,0.0,0.0,4.0,10.0,0.0,0.0,0.0,0.0,0.0,0.0,0.0,0.0,0.0,0.0,0.0,22.0,12.0,51.858048,51.0,8.0,-14.475600000000002,3.0,114.0,50.336386000000005,977.03,1028.0,2281.83862,0.0,643.8228,3.0,3.0,86.65847099999999,2665.036,0.0,169.229378,-2.0,178.0,107.921485,-16.53,51.0,64.0,49.0,81.789551,-8.619471,1,3.0,Medium
0.0,7.0,0.0,0.0,0.0,0.0,0.0,0.0,0.0,3.0,0.0,0.0,0.0,0.0,0.0,2.0,10.0,0.0,0.0,0.0,0.0,0.0,0.0,0.0,0.0,0.0,0.0,0.0,22.0,19.0,45.06994999999999,42.0,17.0,-18.1218,3.0,114.0,51.479208,1011.45,1044.0,2296.728308,0.0,674.0123000000001,3.0,3.0,90.390807,2731.1180000000004,0.0,177.221736,0.0,180.0,111.533018,-15.95,42.0,66.0,49.0,86.767425,-8.653418,0,5.0,High
5.0,0.0,0.0,0.0,0.0,0.0,0.0,0.0,0.0,0.0,0.0,0.0,0.0,0.0,0.0,6.0,5.0,6.0,0.0,0.0,0.0,0.0,0.0,0.0,0.0,0.0,0.0,0.0,22.0,11.0,56.263133,50.0,5.0,5.481299999999999,0.0,129.0,56.273979,907.33,1100.0,2372.292101,0.0,721.1393,0.0,0.0,91.137988,2822.461,0.0,186.160895,0.0,189.0,119.532845,-16.369999999999997,50.0,60.0,62.0,95.223031,-8.572593,1,4.0,Medium
6.0,0.0,0.0,0.0,0.0,0.0,6.0,0.0,0.0,0.0,0.0,0.0,0.0,0.0,0.0,4.0,5.0,0.0,0.0,0.0,0.0,0.0,0.0,0.0,0.0,0.0,0.0,0.0,21.0,16.0,50.016025,46.0,12.0,-8.5383,0.0,129.0,59.007868,894.85,1128.0,2347.733651,0.0,740.518,0.0,0.0,93.960422,2909.103,0.0,193.747074,7.0,193.0,123.339194,-15.489999999999998,46.0,64.0,71.0,104.558782,-8.722237,1,3.0,Medium
0.0,3.0,0.0,0.0,0.0,0.0,5.0,0.0,0.0,0.0,0.0,0.0,0.0,0.0,0.0,4.0,11.0,0.0,0.0,0.0,0.0,0.0,0.0,0.0,0.0,0.0,0.0,0.0,23.0,15.0,65.842221,47.0,11.0,-15.234000000000002,0.0,120.0,53.20101,951.47,1046.0,2167.001435,0.0,667.4981,0.0,0.0,91.532509,2660.349,0.0,171.338537,-3.0,181.0,110.681783,-17.78,47.0,61.0,62.0,87.099184,-8.619452,1,3.0,Medium
0.0,5.0,0.0,0.0,0.0,0.0,0.0,0.0,0.0,3.0,0.0,0.0,0.0,0.0,0.0,4.0,10.0,0.0,0.0,0.0,0.0,0.0,0.0,0.0,0.0,0.0,0.0,0.0,22.0,17.0,51.858048,46.0,13.0,-16.6106,3.0,114.0,50.890156000000005,991.03,1028.0,2281.83862,0.0,654.0763,3.0,3.0,86.65847099999999,2660.1160000000004,0.0,169.229378,-2.0,178.0,108.38024,-16.53,46.0,64.0,49.0,81.789551,-8.655348,1,3.0,Medium
0.0,4.0,0.0,0.0,0.0,0.0,0.0,0.0,0.0,3.0,0.0,0.0,0.0,0.0,0.0,4.0,11.0,0.0,0.0,0.0,0.0,0.0,0.0,0.0,0.0,0.0,0.0,0.0,22.0,15.0,55.062853,47.0,11.0,-17.0307,3.0,111.0,49.084097,974.42,996.0,2212.835799,0.0,626.4535000000001,3.0,3.0,84.274423,2565.527,0.0,161.273199,-4.0,173.0,104.019774,-16.78,47.0,62.0,47.0,76.732874,-8.663595,2,0.0,Low
0.0,0.0,0.0,0.0,5.0,0.0,0.0,0.0,0.0,0.0,0.0,0.0,0.0,0.0,0.0,4.0,10.0,2.0,0.0,0.0,0.0,0.0,0.0,0.0,0.0,0.0,0.0,0.0,21.0,9.0,71.833509,46.0,5.0,-2.536400000000001,0.0,130.0,56.237618,793.72,1044.0,2351.768157,0.0,674.2107,0.0,0.0,83.130686,2587.1630000000005,0.0,164.05,-5.0,181.0,113.802097,-16.95,46.0,51.0,60.0,74.717604,-8.628021,2,0.0,Low
0.0,0.0,5.0,0.0,0.0,0.0,0.0,0.0,0.0,0.0,0.0,0.0,0.0,0.0,0.0,4.0,10.0,3.0,0.0,0.0,0.0,0.0,0.0,0.0,0.0,0.0,0.0,0.0,22.0,14.0,55.561653,43.0,10.0,-6.005100000000002,0.0,113.0,49.097447,950.02,992.0,2092.688708,0.0,642.7372000000001,0.0,0.0,96.165599,2556.0710000000004,0.0,167.804805,-5.0,171.0,105.827071,-16.29,43.0,58.0,54.0,84.495259,-8.626425,1,1.0,Medium
0.0,3.0,0.0,0.0,0.0,0.0,3.0,0.0,0.0,0.0,0.0,0.0,0.0,0.0,0.0,4.0,12.0,0.0,0.0,0.0,0.0,0.0,0.0,0.0,0.0,0.0,0.0,0.0,22.0,13.0,62.241758,45.0,9.0,-15.592300000000002,0.0,105.0,45.56874,930.12,934.0,1939.986914,0.0,586.5667,0.0,0.0,84.930971,2386.9080000000004,0.0,153.20853699999998,-6.0,162.0,97.423975,-16.91,45.0,57.0,51.0,74.91242,-8.5849905,2,0.0,Low
0.0,0.0,0.0,3.0,0.0,0.0,0.0,0.0,0.0,4.0,0.0,0.0,0.0,0.0,0.0,5.0,9.0,0.0,0.0,0.0,0.0,0.0,0.0,0.0,0.0,0.0,0.0,0.0,21.0,12.0,64.759287,51.0,7.0,-13.0349,4.0,127.0,57.110074,845.9200000000001,1060.0,2449.518804,0.0,667.8069,4.0,4.0,79.34416399999999,2650.067,0.0,160.07464399999998,-2.0,185.0,111.587799,-17.23,51.0,58.0,58.0,77.22394800000001,-8.719118,1,3.0,Medium
6.0,0.0,0.0,0.0,0.0,0.0,0.0,0.0,0.0,0.0,0.0,0.0,0.0,0.0,0.0,5.0,6.0,0.0,0.0,0.0,0.0,0.0,5.0,0.0,0.0,0.0,0.0,0.0,22.0,11.0,54.77237,49.0,6.0,9.250699999999998,0.0,144.0,63.71459399999999,928.57,1198.0,2596.138417,0.0,795.5696,0.0,0.0,100.399718,3068.3430000000003,0.0,205.157074,0.0,205.0,131.931333,-16.08,49.0,61.0,74.0,107.038154,-8.643734,1,4.0,Medium
0.0,0.0,0.0,0.0,8.0,0.0,0.0,0.0,0.0,4.0,0.0,0.0,0.0,0.0,0.0,0.0,8.0,2.0,0.0,0.0,0.0,0.0,0.0,0.0,0.0,0.0,0.0,0.0,22.0,12.0,71.910034,48.0,12.0,-2.2676000000000003,4.0,176.0,79.93674800000001,779.4399999999999,1364.0,3248.692458,0.0,906.6144,4.0,4.0,94.08952,3368.5000000000005,0.0,210.284644,4.0,236.0,153.53558400000003,-18.02,48.0,60.0,80.0,98.268514,-8.833715,1,4.0,Medium
5.0,0.0,0.0,0.0,0.0,0.0,0.0,0.0,0.0,2.0,0.0,0.0,0.0,0.0,0.0,5.0,10.0,0.0,0.0,0.0,0.0,0.0,0.0,0.0,0.0,0.0,0.0,0.0,22.0,12.0,53.17416299999999,51.0,7.0,-13.3984,2.0,110.0,48.014604000000006,983.59,1000.0,2189.89735,0.0,624.5259000000001,2.0,2.0,86.494114,2594.9210000000003,0.0,166.193217,-3.0,173.0,104.632024,-16.490000000000002,51.0,63.0,48.0,80.103413,-8.58106,1,1.0,Medium
2.0,0.0,0.0,0.0,0.0,0.0,5.0,0.0,0.0,0.0,0.0,0.0,0.0,0.0,0.0,5.0,10.0,0.0,0.0,0.0,0.0,0.0,0.0,0.0,0.0,0.0,0.0,0.0,22.0,12.0,66.031465,49.0,7.0,-12.5467,0.0,117.0,51.579804,895.53,1010.0,2103.643188,0.0,638.2247,0.0,0.0,86.45634100000001,2555.7610000000004,0.0,163.13235799999998,-3.0,175.0,106.320938,-17.28,49.0,58.0,61.0,83.088721,-8.5818405,1,3.0,Medium
5.0,0.0,0.0,0.0,0.0,0.0,0.0,0.0,0.0,4.0,0.0,0.0,0.0,0.0,0.0,5.0,8.0,0.0,0.0,0.0,0.0,0.0,0.0,0.0,0.0,0.0,0.0,0.0,22.0,14.0,50.920421,53.0,9.0,-13.2014,4.0,124.0,55.681234,983.27,1104.0,2496.8958440000006,0.0,698.4293,4.0,4.0,87.858588,2853.327,0.0,180.185539,1.0,191.0,116.7791,-16.65,53.0,67.0,54.0,88.611169,-8.661193,1,3.0,Medium
6.0,0.0,0.0,0.0,0.0,0.0,5.0,0.0,0.0,0.0,2.0,0.0,0.0,0.0,0.0,0.0,11.0,0.0,0.0,0.0,0.0,0.0,0.0,0.0,0.0,0.0,0.0,0.0,24.0,11.0,58.333771,50.0,11.0,-13.532600000000002,0.0,128.0,56.984899,989.83,1134.0,2290.7022810000003,0.0,727.5371,0.0,0.0,104.022073,2930.953,0.0,193.497074,0.0,195.0,121.736457,-17.740000000000002,50.0,67.0,69.0,103.06152699999998,-8.578237,1,4.0,Medium
6.0,0.0,0.0,0.0,0.0,0.0,0.0,0.0,0.0,0.0,0.0,0.0,0.0,0.0,0.0,4.0,4.0,0.0,0.0,0.0,0.0,0.0,8.0,0.0,0.0,0.0,0.0,0.0,22.0,10.0,56.112688,48.0,6.0,21.2744,0.0,168.0,75.20585,880.68,1336.0,2921.122484,0.0,909.5398,0.0,0.0,107.613456,3391.008,0.0,228.197074,2.0,228.0,150.25385799999998,-16.04,48.0,60.0,90.0,122.701906,-8.58887,0,5.0,High
5.0,0.0,0.0,0.0,0.0,0.0,0.0,0.0,0.0,4.0,0.0,0.0,0.0,0.0,0.0,4.0,9.0,0.0,0.0,0.0,0.0,0.0,0.0,0.0,0.0,0.0,0.0,0.0,22.0,13.0,50.731177,52.0,9.0,-14.3771,4.0,121.0,54.169701,976.87,1080.0,2435.337867,0.0,680.7745,4.0,4.0,87.340708,2794.2390000000005,0.0,176.22553900000003,0.0,187.0,113.995023,-16.61,52.0,66.0,52.0,86.043429,-8.663217,1,4.0,Medium
3.0,0.0,0.0,0.0,0.0,0.0,3.0,0.0,0.0,0.0,0.0,0.0,0.0,0.0,0.0,4.0,11.0,0.0,0.0,0.0,0.0,0.0,0.0,0.0,0.0,0.0,0.0,0.0,21.0,10.0,59.036953,46.0,6.0,-13.2336,0.0,102.0,44.131306,881.5899999999999,906.0,1884.073511,0.0,565.2106,0.0,0.0,81.720971,2318.805,0.0,148.998537,-5.0,157.0,94.547768,-16.12,46.0,55.0,50.0,73.390894,-8.507343,2,0.0,Low
5.0,0.0,0.0,0.0,0.0,0.0,0.0,0.0,0.0,3.0,0.0,0.0,0.0,0.0,0.0,3.0,10.0,0.0,0.0,0.0,0.0,0.0,0.0,0.0,0.0,0.0,0.0,0.0,21.0,11.0,48.463999,48.0,8.0,-14.5736,3.0,108.0,47.71968100000001,930.5,976.0,2164.36724,0.0,610.9639999999999,3.0,3.0,82.93059099999999,2534.893,0.0,161.05937799999998,-2.0,169.0,102.536454,-15.7,48.0,61.0,46.0,77.700285,-8.620322,1,3.0,Medium
0.0,0.0,0.0,0.0,0.0,0.0,0.0,6.0,0.0,3.0,0.0,0.0,0.0,0.0,0.0,4.0,9.0,0.0,0.0,0.0,0.0,0.0,0.0,0.0,0.0,0.0,0.0,0.0,22.0,13.0,67.822433,51.0,9.0,-19.0843,3.0,123.0,54.713229,851.6400000000001,1048.0,2325.991181,0.0,657.7405000000001,3.0,3.0,87.33505099999999,2626.005,0.0,159.208483,0.0,183.0,110.063188,-18.02,51.0,60.0,57.0,77.346056,-8.687773,1,4.0,Medium
0.0,0.0,0.0,0.0,0.0,0.0,0.0,6.0,0.0,0.0,0.0,0.0,0.0,0.0,5.0,0.0,4.0,0.0,0.0,0.0,0.0,0.0,6.0,0.0,0.0,0.0,0.0,0.0,21.0,16.0,71.79129900000001,42.0,11.0,9.079900000000002,0.0,161.0,72.31683799999999,749.4100000000001,1242.0,2759.572867,0.0,845.8147000000001,0.0,0.0,99.866386,3055.15,0.0,196.97000000000003,2.0,214.0,139.048876,-17.03,42.0,53.0,85.0,101.95161,-8.725869,1,3.0,Medium
0.0,0.0,0.0,0.0,0.0,0.0,0.0,5.0,0.0,0.0,3.0,0.0,0.0,0.0,0.0,0.0,10.0,0.0,0.0,3.0,0.0,0.0,0.0,0.0,0.0,0.0,0.0,0.0,21.0,5.0,68.06626899999999,45.0,5.0,-9.6779,0.0,107.0,45.267642,740.4899999999999,900.0,1865.896664,0.0,567.2815,0.0,0.0,85.870115,2248.543,0.0,140.09,-5.0,157.0,95.279803,-16.91,45.0,50.0,51.0,68.90044,-8.500048,2,0.0,Low
0.0,0.0,0.0,0.0,5.0,0.0,0.0,0.0,0.0,0.0,0.0,0.0,0.0,0.0,0.0,6.0,5.0,0.0,0.0,0.0,0.0,0.0,6.0,0.0,0.0,0.0,0.0,0.0,22.0,11.0,78.260598,50.0,5.0,19.1691,0.0,183.0,81.56661,791.3299999999999,1384.0,3161.269846,0.0,937.0203,0.0,0.0,101.009526,3397.614,0.0,220.18,0.0,238.0,156.096469,-17.82,50.0,55.0,95.0,110.817716,-8.5632925,1,2.0,Medium
2.0,2.0,0.0,0.0,0.0,0.0,0.0,0.0,0.0,3.0,0.0,0.0,0.0,0.0,0.0,0.0,15.0,0.0,0.0,0.0,0.0,0.0,0.0,0.0,0.0,0.0,0.0,0.0,22.0,9.0,54.305877,45.0,9.0,-20.8795,3.0,99.0,42.816457,943.22,900.0,1966.603891,0.0,551.7329,3.0,3.0,82.20290299999999,2331.143,0.0,145.433199,-8.0,157.0,92.699964,-16.62,45.0,58.0,39.0,66.461914,-8.737556,2,0.0,Low
0.0,0.0,4.0,0.0,0.0,0.0,0.0,0.0,0.0,0.0,0.0,0.0,0.0,0.0,0.0,5.0,9.0,3.0,0.0,0.0,0.0,0.0,0.0,0.0,0.0,0.0,0.0,0.0,21.0,13.0,55.750897,43.0,8.0,-4.561900000000001,0.0,109.0,47.197749,899.68,950.0,2017.844422,0.0,612.9482,0.0,0.0,89.32771,2435.4880000000003,0.0,158.68584399999995,-5.0,164.0,100.942621,-15.79,43.0,55.0,52.0,79.49729099999999,-8.578127,2,0.0,Low
5.0,0.0,0.0,0.0,5.0,0.0,0.0,0.0,0.0,0.0,0.0,0.0,0.0,0.0,0.0,2.0,10.0,0.0,0.0,0.0,0.0,0.0,0.0,0.0,0.0,0.0,0.0,0.0,22.0,12.0,58.420473,46.0,10.0,-7.697000000000001,0.0,132.0,57.99142499999999,917.76,1124.0,2486.967955,0.0,731.0115999999998,0.0,0.0,95.39501,2875.621,0.0,190.120895,0.0,193.0,124.090532,-16.41,46.0,61.0,61.0,89.367157,-8.699808,1,4.0,Medium
0.0,0.0,0.0,0.0,6.0,0.0,0.0,0.0,0.0,4.0,0.0,0.0,0.0,0.0,0.0,4.0,8.0,0.0,0.0,0.0,0.0,0.0,0.0,0.0,0.0,0.0,0.0,0.0,22.0,14.0,71.027562,52.0,10.0,-7.302,4.0,160.0,72.306836,851.48,1280.0,3036.815398,0.0,832.9382,4.0,4.0,89.60327999999998,3176.0180000000005,0.0,196.204644,2.0,222.0,140.600826,-18.1,52.0,62.0,72.0,91.329708,-8.820254,1,3.0,Medium
0.0,0.0,0.0,0.0,0.0,0.0,0.0,3.0,0.0,4.0,0.0,0.0,0.0,0.0,0.0,3.0,12.0,0.0,0.0,0.0,0.0,0.0,0.0,0.0,0.0,0.0,0.0,0.0,22.0,10.0,66.536138,51.0,7.0,-19.9749,4.0,115.0,50.608327,873.25,986.0,2223.349118,0.0,606.1483000000001,4.0,4.0,81.200998,2476.7030000000004,0.0,147.364644,-5.0,173.0,101.61001,-17.939999999999998,51.0,58.0,49.0,68.612249,-8.679369,2,0.0,Low
3.0,1.0,0.0,0.0,0.0,0.0,0.0,0.0,0.0,3.0,0.0,0.0,0.0,0.0,0.0,0.0,15.0,0.0,0.0,0.0,0.0,0.0,0.0,0.0,0.0,0.0,0.0,0.0,22.0,8.0,54.305877,46.0,8.0,-20.4525,3.0,99.0,42.705703,940.42,900.0,1966.603891,0.0,549.6822,3.0,3.0,82.20290299999999,2332.1270000000004,0.0,145.433199,-8.0,157.0,92.608213,-16.62,46.0,58.0,39.0,66.461914,-8.731409,2,0.0,Low
0.0,0.0,0.0,0.0,0.0,0.0,0.0,4.0,0.0,0.0,0.0,0.0,0.0,0.0,0.0,4.0,4.0,10.0,0.0,0.0,0.0,0.0,0.0,0.0,0.0,0.0,0.0,0.0,22.0,8.0,72.299566,48.0,4.0,10.5796,0.0,144.0,62.952948,732.6,1132.0,2448.829998,0.0,754.396,0.0,0.0,90.24018,2803.548,0.0,178.3,0.0,196.0,124.453848,-17.700000000000003,48.0,52.0,72.0,92.737182,-8.496134,1,4.0,Medium
0.0,0.0,0.0,0.0,0.0,0.0,7.0,0.0,0.0,0.0,4.0,0.0,0.0,0.0,0.0,0.0,8.0,0.0,0.0,0.0,0.0,0.0,3.0,0.0,0.0,0.0,0.0,0.0,22.0,7.0,72.736347,48.0,7.0,1.8352000000000004,0.0,151.0,68.10380799999999,757.2399999999999,1192.0,2429.512599,0.0,785.9389,0.0,0.0,98.619881,2945.774,0.0,188.18,-1.0,206.0,129.74485099999998,-17.82,48.0,55.0,91.0,108.116889,-8.627418,1,4.0,Medium
3.0,0.0,0.0,2.0,0.0,0.0,0.0,0.0,0.0,0.0,0.0,0.0,0.0,0.0,0.0,4.0,12.0,0.0,0.0,0.0,0.0,0.0,0.0,0.0,0.0,0.0,0.0,0.0,21.0,9.0,59.12322999999999,46.0,5.0,-13.171400000000002,0.0,98.0,41.681017,890.98,876.0,1863.122146,0.0,541.5809,0.0,0.0,81.044208,2245.666,0.0,144.03853700000002,-7.0,152.0,91.064639,-16.08,46.0,54.0,45.0,67.671497,-8.500536,2,0.0,Low
5.0,0.0,0.0,0.0,0.0,0.0,0.0,0.0,0.0,0.0,0.0,0.0,0.0,0.0,0.0,4.0,5.0,8.0,0.0,0.0,0.0,0.0,0.0,0.0,0.0,0.0,0.0,0.0,22.0,9.0,56.099973,48.0,5.0,9.096899999999998,0.0,133.0,58.05573700000001,866.87,1112.0,2391.7879030000004,0.0,736.7837,0.0,0.0,91.932384,2846.571,0.0,188.240895,0.0,191.0,122.052631,-16.29,48.0,58.0,64.0,97.107429,-8.568925,1,4.0,Medium
3.0,3.0,0.0,0.0,0.0,0.0,0.0,0.0,0.0,0.0,0.0,0.0,0.0,0.0,0.0,3.0,12.0,0.0,0.0,0.0,0.0,0.0,0.0,0.0,0.0,0.0,0.0,0.0,21.0,12.0,48.639807,42.0,9.0,-15.303,0.0,90.0,38.247303,953.19,852.0,1772.87232,0.0,531.8331,0.0,0.0,83.267928,2239.905,0.0,148.02707399999997,-6.0,147.0,88.85980800000002,-15.21,42.0,57.0,39.0,69.995328,-8.576416,2,0.0,Low
3.0,0.0,0.0,0.0,0.0,0.0,0.0,0.0,0.0,0.0,2.0,0.0,0.0,0.0,0.0,5.0,12.0,0.0,0.0,0.0,0.0,0.0,0.0,0.0,0.0,0.0,0.0,0.0,22.0,8.0,61.495651,51.0,3.0,-11.63,0.0,98.0,40.92856,947.09,892.0,1851.904102,0.0,544.3683,0.0,0.0,84.56048399999999,2291.599,0.0,146.20853699999998,-9.0,155.0,91.006654,-16.91,51.0,57.0,46.0,71.024049,-8.473812,2,0.0,Low
0.0,0.0,0.0,0.0,0.0,0.0,5.0,0.0,0.0,0.0,0.0,0.0,0.0,0.0,0.0,4.0,10.0,2.0,0.0,0.0,0.0,0.0,0.0,0.0,0.0,0.0,0.0,0.0,21.0,9.0,69.26235399999999,46.0,5.0,-8.371900000000002,0.0,115.0,50.377313,793.72,954.0,1990.777922,0.0,605.1757,0.0,0.0,79.79052100000001,2376.7580000000003,0.0,149.05,-5.0,166.0,100.48641700000002,-16.95,46.0,51.0,60.0,75.90597899999999,-8.560662,2,0.0,Low
5.0,0.0,0.0,0.0,0.0,0.0,0.0,0.0,0.0,5.0,0.0,0.0,0.0,0.0,0.0,0.0,0.0,0.0,0.0,0.0,0.0,0.0,0.0,0.0,0.0,0.0,6.0,6.0,22.0,64.0,39.075202,115.0,16.0,-35.8852,17.0,218.0,110.463544,1994.51,2056.0,5582.251469999999,0.0,1235.1676,17.0,17.0,98.242743,5251.772,0.0,315.151878,10.0,354.0,206.379729,-19.41,115.0,136.0,107.0,153.00303300000002,-8.743165,1,3.0,Medium
5.0,0.0,0.0,0.0,0.0,0.0,0.0,0.0,0.0,0.0,0.0,0.0,0.0,0.0,0.0,4.0,5.0,0.0,0.0,0.0,0.0,0.0,8.0,0.0,0.0,0.0,0.0,0.0,22.0,9.0,59.317493,48.0,5.0,20.4273,0.0,165.0,73.51054500000001,866.87,1304.0,2852.1196630000004,0.0,883.9676999999999,0.0,0.0,105.229408,3295.4350000000004,0.0,220.240895,0.0,223.0,145.985143,-16.29,48.0,58.0,88.0,117.645229,-8.563091,1,2.0,Medium
3.0,0.0,0.0,0.0,0.0,0.0,3.0,0.0,0.0,0.0,0.0,0.0,0.0,0.0,0.0,4.0,12.0,0.0,0.0,0.0,0.0,0.0,0.0,0.0,0.0,0.0,0.0,0.0,22.0,10.0,62.241758,48.0,6.0,-14.3113,0.0,105.0,45.236478,921.72,934.0,1939.986914,0.0,580.4146000000001,0.0,0.0,84.930971,2389.86,0.0,153.20853699999998,-6.0,162.0,97.148722,-16.91,48.0,57.0,51.0,74.91242,-8.524406,2,0.0,Low
0.0,0.0,0.0,0.0,0.0,0.0,0.0,4.0,0.0,0.0,0.0,0.0,0.0,0.0,0.0,4.0,8.0,0.0,0.0,0.0,0.0,0.0,0.0,0.0,0.0,0.0,5.0,0.0,21.0,28.0,63.929876,76.0,4.0,-23.1782,5.0,136.0,62.941121,1258.52,1244.0,3112.0359200000003,0.0,735.863,5.0,5.0,83.00211,3127.208,0.0,188.153575,-4.0,216.0,124.093554,-18.11,76.0,80.0,66.0,86.873871,-8.722726,2,0.0,Low
0.0,0.0,0.0,0.0,8.0,0.0,0.0,0.0,0.0,0.0,0.0,0.0,0.0,0.0,0.0,2.0,8.0,0.0,0.0,0.0,0.0,0.0,4.0,0.0,0.0,0.0,0.0,0.0,22.0,10.0,78.62009400000001,46.0,8.0,11.322,0.0,180.0,80.158782,765.22,1360.0,3130.58906,0.0,918.6632,0.0,0.0,100.875,3336.5820000000003,0.0,216.22,0.0,234.0,154.863782,-17.78,46.0,54.0,90.0,103.67726,-8.6593685,1,3.0,Medium
0.0,0.0,4.0,0.0,0.0,0.0,4.0,0.0,0.0,0.0,0.0,0.0,0.0,0.0,0.0,3.0,11.0,0.0,0.0,0.0,0.0,0.0,0.0,0.0,0.0,0.0,0.0,0.0,22.0,15.0,59.04553799999999,43.0,12.0,-14.0695,0.0,115.0,51.126815,930.94,1008.0,2078.926473,0.0,647.8664000000001,0.0,0.0,95.539792,2579.71,0.0,167.815844,-3.0,174.0,107.157219,-16.660000000000004,43.0,59.0,60.0,86.683996,-8.6312065,1,2.0,Medium
0.0,0.0,0.0,0.0,0.0,0.0,6.0,0.0,0.0,0.0,0.0,0.0,0.0,0.0,0.0,5.0,6.0,4.0,0.0,0.0,0.0,0.0,0.0,0.0,0.0,0.0,0.0,0.0,21.0,11.0,69.864755,47.0,6.0,-0.5112000000000014,0.0,134.0,59.957219,763.0700000000002,1080.0,2280.498214,0.0,706.6482000000001,0.0,0.0,83.834326,2679.325,0.0,169.97,0.0,187.0,116.686861,-17.03,47.0,53.0,73.0,90.826216,-8.614673,1,4.0,Medium
2.0,2.0,0.0,0.0,0.0,0.0,0.0,0.0,0.0,4.0,0.0,0.0,0.0,0.0,0.0,0.0,14.0,0.0,0.0,0.0,0.0,0.0,0.0,0.0,0.0,0.0,0.0,0.0,22.0,10.0,53.179006,46.0,10.0,-20.781,4.0,106.0,46.649772,943.06,952.0,2120.1031380000004,0.0,588.6846,4.0,4.0,82.88514,2460.346,0.0,152.42936,-6.0,166.0,98.773502,-16.700000000000003,46.0,60.0,42.0,70.715792,-8.73714,2,0.0,Low
0.0,4.0,0.0,0.0,0.0,0.0,10.0,0.0,0.0,0.0,0.0,0.0,0.0,0.0,0.0,4.0,4.0,0.0,0.0,0.0,0.0,0.0,0.0,0.0,0.0,0.0,0.0,0.0,22.0,22.0,60.421756,44.0,18.0,-10.1462,0.0,150.0,70.219642,881.0,1260.0,2607.843648,0.0,844.2354,0.0,0.0,99.185402,3189.848,0.0,209.884716,10.0,216.0,139.08343000000002,-16.939999999999998,44.0,66.0,88.0,117.29743000000002,-8.791472,1,1.0,Medium
0.0,0.0,0.0,0.0,0.0,0.0,0.0,0.0,0.0,12.0,0.0,0.0,0.0,0.0,0.0,2.0,3.0,0.0,0.0,0.0,0.0,0.0,5.0,0.0,0.0,0.0,0.0,0.0,22.0,14.0,59.911016,58.0,12.0,1.8229999999999984,12.0,201.0,95.007945,824.59,1558.0,3839.438524,0.0,1032.5929999999998,12.0,12.0,92.728634,3868.077,0.0,229.493932,9.0,271.0,170.849268,-18.42,58.0,70.0,92.0,120.041408,-8.8866005,0,5.0,High
6.0,5.0,0.0,0.0,0.0,0.0,0.0,0.0,0.0,5.0,0.0,0.0,0.0,0.0,0.0,0.0,5.0,0.0,0.0,0.0,0.0,0.0,0.0,0.0,0.0,0.0,0.0,0.0,21.0,21.0,26.413695,42.0,21.0,-14.9561,5.0,131.0,61.577312,1007.84,1200.0,2700.7087290000004,0.0,795.5890999999999,5.0,5.0,97.045713,3184.553,0.0,210.908774,11.0,205.0,132.402344,-14.239999999999998,42.0,74.0,58.0,108.844883,-8.738719,1,3.0,Medium
4.0,0.0,0.0,0.0,0.0,0.0,3.0,0.0,0.0,0.0,0.0,0.0,0.0,0.0,0.0,4.0,10.0,0.0,0.0,0.0,0.0,0.0,0.0,0.0,0.0,0.0,0.0,0.0,21.0,11.0,55.832148,46.0,7.0,-12.386500000000002,0.0,105.0,45.826611,895.4000000000001,938.0,1953.076332,0.0,590.7827,0.0,0.0,84.105019,2414.378,0.0,156.954716,-3.0,162.0,98.816483,-15.87,46.0,57.0,52.0,78.447571,-8.519301,1,3.0,Medium
3.0,2.0,0.0,0.0,0.0,0.0,0.0,0.0,0.0,3.0,0.0,0.0,0.0,0.0,0.0,0.0,14.0,0.0,0.0,0.0,0.0,0.0,0.0,0.0,0.0,0.0,0.0,0.0,22.0,10.0,51.101072,45.0,10.0,-20.032400000000003,3.0,102.0,44.511762,957.03,932.0,2035.606712,0.0,577.3050000000001,3.0,3.0,84.586951,2426.716,0.0,153.389378,-6.0,162.0,96.968679,-16.37,45.0,60.0,41.0,71.51859099999999,-8.710049,2,0.0,Low
5.0,0.0,0.0,0.0,0.0,0.0,0.0,0.0,0.0,0.0,6.0,0.0,0.0,0.0,0.0,6.0,5.0,0.0,0.0,0.0,0.0,0.0,0.0,0.0,0.0,0.0,0.0,0.0,22.0,11.0,54.591557,56.0,5.0,-1.4409000000000003,0.0,123.0,53.773095000000005,962.71,1100.0,2265.489497,0.0,702.9473,0.0,0.0,98.24434,2834.293,0.0,185.920895,0.0,189.0,116.446433,-16.61,56.0,66.0,68.0,102.788635,-8.555144,1,4.0,Medium
0.0,0.0,0.0,0.0,6.0,0.0,0.0,0.0,0.0,0.0,0.0,0.0,0.0,0.0,0.0,4.0,4.0,0.0,0.0,0.0,0.0,0.0,8.0,0.0,0.0,0.0,0.0,0.0,22.0,10.0,79.613878,48.0,6.0,27.5024,0.0,204.0,91.64768,741.48,1504.0,3453.597194,0.0,1036.1314,0.0,0.0,107.49198,3677.214000000001,0.0,240.22,2.0,258.0,172.590946,-17.78,48.0,54.0,108.0,122.931508,-8.538394,0,5.0,High
4.0,0.0,0.0,0.0,0.0,0.0,4.0,0.0,0.0,0.0,0.0,0.0,0.0,0.0,0.0,5.0,8.0,0.0,0.0,0.0,0.0,0.0,0.0,0.0,0.0,0.0,0.0,0.0,21.0,13.0,56.219221,47.0,8.0,-10.4928,0.0,114.0,50.601693,892.4100000000001,1004.0,2100.184868,0.0,641.3012000000001,0.0,0.0,86.318668,2574.659,0.0,167.874716,0.0,173.0,106.928987,-15.95,47.0,59.0,59.0,86.34793,-8.5857525,1,4.0,Medium
0.0,0.0,0.0,3.0,0.0,0.0,0.0,0.0,0.0,0.0,0.0,0.0,0.0,0.0,0.0,3.0,5.0,0.0,0.0,11.0,0.0,0.0,0.0,0.0,0.0,0.0,0.0,0.0,22.0,6.0,76.961908,47.0,3.0,11.6518,0.0,140.0,59.626272,721.76,1096.0,2526.928083,0.0,729.1125,0.0,0.0,84.892091,2714.41,0.0,172.38,-2.0,190.0,122.826447,-17.62,47.0,50.0,54.0,75.914882,-8.415305,1,3.0,Medium
3.0,3.0,0.0,0.0,0.0,0.0,0.0,0.0,0.0,0.0,2.0,0.0,0.0,0.0,0.0,0.0,13.0,0.0,0.0,0.0,0.0,0.0,0.0,0.0,0.0,0.0,0.0,0.0,21.0,9.0,47.730211,41.0,9.0,-15.1705,0.0,89.0,37.6839,924.79,840.0,1695.209277,0.0,523.7587,0.0,0.0,85.913228,2208.871,0.0,146.067074,-7.0,145.0,87.56671300000001,-15.17,41.0,56.0,41.0,71.833854,-8.579677,2,0.0,Low
6.0,0.0,0.0,0.0,0.0,0.0,0.0,0.0,0.0,0.0,0.0,0.0,0.0,0.0,0.0,4.0,6.0,5.0,0.0,0.0,0.0,0.0,0.0,0.0,0.0,0.0,0.0,0.0,21.0,10.0,49.367371,46.0,6.0,2.0712,0.0,118.0,51.43863399999999,882.04,1026.0,2190.959687,0.0,670.7208,0.0,0.0,88.361198,2657.66,0.0,176.987074,0.0,176.0,111.588482,-15.25,46.0,58.0,56.0,90.112763,-8.57518,1,4.0,Medium
0.0,0.0,0.0,0.0,0.0,0.0,6.0,0.0,0.0,5.0,0.0,0.0,0.0,0.0,0.0,0.0,8.0,0.0,0.0,0.0,0.0,0.0,0.0,0.0,0.0,2.0,0.0,0.0,21.0,11.0,62.593558,47.0,11.0,-5.6226,5.0,160.0,74.76130500000001,757.93,1256.0,2785.427946,0.0,826.0507000000001,5.0,5.0,97.952399,3112.046,0.0,191.150805,3.0,218.0,136.359934,-17.229999999999997,47.0,58.0,88.0,107.49678,-8.780566,1,4.0,Medium
0.0,0.0,5.0,0.0,0.0,0.0,0.0,0.0,0.0,0.0,0.0,0.0,0.0,0.0,0.0,0.0,8.0,0.0,0.0,0.0,0.0,0.0,5.0,0.0,0.0,0.0,4.0,0.0,22.0,26.0,53.76035900000001,63.0,10.0,-1.6598000000000024,4.0,167.0,77.609366,1238.96,1428.0,3422.51839,0.0,916.2148,4.0,4.0,108.333043,3627.461,0.0,233.215665,-3.0,245.0,151.880811,-17.09,63.0,78.0,87.0,118.686386,-8.7292795,1,3.0,Medium
0.0,0.0,4.0,0.0,0.0,0.0,4.0,0.0,0.0,0.0,0.0,0.0,0.0,0.0,0.0,4.0,10.0,0.0,0.0,0.0,0.0,0.0,0.0,0.0,0.0,0.0,0.0,0.0,22.0,16.0,59.234782,44.0,12.0,-12.8938,0.0,118.0,52.63834799999999,937.34,1032.0,2140.48445,0.0,665.5212000000001,0.0,0.0,96.057672,2638.798,0.0,171.775844,-2.0,178.0,109.941296,-16.700000000000003,44.0,60.0,62.0,89.251736,-8.63584,1,2.0,Medium
3.0,2.0,0.0,0.0,0.0,0.0,0.0,0.0,0.0,3.0,0.0,0.0,0.0,0.0,0.0,0.0,0.0,14.0,0.0,0.0,0.0,0.0,0.0,0.0,0.0,0.0,0.0,0.0,22.0,10.0,52.608368,45.0,10.0,21.736600000000003,3.0,172.0,78.14553,763.4100000000001,1352.0,3033.889004,0.0,933.983,3.0,3.0,97.398043,3422.718,0.0,223.389378,8.0,232.0,153.58425899999995,-16.37,45.0,60.0,83.0,120.657737,-8.695063,0,7.0,High
5.0,0.0,0.0,0.0,0.0,0.0,0.0,0.0,0.0,0.0,0.0,0.0,0.0,0.0,0.0,6.0,5.0,5.0,0.0,0.0,0.0,0.0,0.0,0.0,0.0,0.0,0.0,0.0,21.0,11.0,52.950664,48.0,5.0,3.5755,0.0,121.0,52.766395,881.03,1042.0,2245.0728200000003,0.0,680.4583,0.0,0.0,87.01291,2680.263,0.0,176.950895,0.0,179.0,112.88792100000002,-15.579999999999998,48.0,58.0,58.0,90.191566,-8.561928,1,4.0,Medium
0.0,0.0,0.0,0.0,6.0,0.0,0.0,0.0,0.0,0.0,0.0,0.0,0.0,0.0,0.0,6.0,2.0,8.0,0.0,0.0,0.0,0.0,0.0,0.0,0.0,0.0,0.0,0.0,22.0,12.0,76.774846,50.0,6.0,18.5234,0.0,178.0,79.21593800000001,754.28,1360.0,3116.381388,0.0,924.257,0.0,0.0,95.230716,3346.5260000000007,0.0,216.14,4.0,234.0,154.226588,-17.86,50.0,56.0,88.0,107.529188,-8.572714,1,3.0,Medium
0.0,0.0,6.0,0.0,0.0,0.0,0.0,0.0,0.0,0.0,2.0,0.0,0.0,0.0,0.0,4.0,12.0,0.0,0.0,0.0,0.0,0.0,0.0,0.0,0.0,0.0,0.0,0.0,24.0,16.0,58.101602,48.0,12.0,-12.6412,0.0,116.0,50.37781,1079.18,1056.0,2178.097628,0.0,673.844,0.0,0.0,108.185074,2739.598,0.0,180.01376599999998,-6.0,182.0,111.023778,-17.700000000000003,48.0,66.0,58.0,92.594422,-8.618148,1,1.0,Medium
0.0,0.0,0.0,0.0,0.0,0.0,5.0,0.0,0.0,0.0,0.0,0.0,0.0,0.0,0.0,7.0,5.0,0.0,0.0,0.0,0.0,0.0,5.0,0.0,0.0,0.0,0.0,0.0,22.0,12.0,75.368833,51.0,5.0,10.109499999999995,0.0,162.0,72.883575,811.5600000000001,1264.0,2732.99024,0.0,841.7651,0.0,0.0,95.610035,3119.0460000000003,0.0,200.14,0.0,218.0,138.529332,-17.86,51.0,56.0,91.0,108.496667,-8.595008,1,3.0,Medium
0.0,0.0,3.0,0.0,0.0,0.0,3.0,0.0,0.0,0.0,0.0,0.0,0.0,0.0,0.0,4.0,11.0,0.0,0.0,0.0,0.0,0.0,0.0,0.0,0.0,0.0,0.0,0.0,21.0,13.0,59.036953,43.0,9.0,-13.3443,0.0,105.0,45.963568,889.99,924.0,1918.531628,0.0,585.2137,0.0,0.0,87.006134,2357.934,0.0,151.736883,-5.0,160.0,96.944342,-16.12,43.0,55.0,53.0,76.353409,-8.588792,2,0.0,Low
0.0,5.0,0.0,0.0,0.0,0.0,0.0,0.0,0.0,0.0,0.0,0.0,0.0,0.0,0.0,4.0,9.0,3.0,0.0,0.0,0.0,0.0,0.0,0.0,0.0,0.0,0.0,0.0,21.0,14.0,52.356848,41.0,10.0,-6.877900000000002,0.0,105.0,45.49227500000001,909.89,934.0,1979.34511,0.0,604.4482,0.0,0.0,84.146994,2414.8810000000003,0.0,159.030895,-4.0,161.0,99.690582,-15.5,41.0,56.0,48.0,78.036208,-8.576374,1,2.0,Medium
6.0,0.0,0.0,0.0,0.0,0.0,0.0,0.0,0.0,0.0,0.0,0.0,0.0,0.0,0.0,4.0,8.0,4.0,0.0,0.0,0.0,0.0,0.0,0.0,0.0,0.0,0.0,0.0,22.0,10.0,52.464512,48.0,6.0,-1.990000000000001,0.0,116.0,50.141394,936.0,1024.0,2175.567212,0.0,660.4478,0.0,0.0,90.65612000000002,2657.572,0.0,176.197074,-2.0,176.0,110.145466,-16.04,48.0,60.0,54.0,88.12435,-8.552508,1,3.0,Medium
3.0,3.0,0.0,0.0,0.0,0.0,0.0,0.0,0.0,5.0,0.0,0.0,0.0,0.0,0.0,0.0,10.0,0.0,0.0,0.0,0.0,0.0,0.0,0.0,0.0,0.0,0.0,0.0,21.0,14.0,42.43772,44.0,14.0,-18.3376,5.0,116.0,52.879279,933.19,1040.0,2355.694624,0.0,663.6272,5.0,5.0,85.125473,2708.6560000000004,0.0,171.12787899999998,1.0,180.0,110.875267,-15.49,44.0,64.0,48.0,83.561498,-8.671229,1,3.0,Medium
0.0,0.0,0.0,0.0,5.0,0.0,0.0,0.0,0.0,0.0,0.0,0.0,0.0,0.0,4.0,10.0,0.0,2.0,0.0,0.0,0.0,0.0,0.0,0.0,0.0,0.0,0.0,0.0,21.0,23.0,74.161701,52.0,9.0,9.0666,0.0,164.0,73.50624,868.92,1308.0,3059.628539,0.0,877.3414999999999,0.0,0.0,89.75503,3230.2150000000006,0.0,207.65000000000003,5.0,225.0,145.490847,-17.349999999999998,52.0,61.0,80.0,100.281396,-8.761032,1,2.0,Medium
0.0,6.0,0.0,0.0,0.0,0.0,0.0,0.0,0.0,0.0,2.0,0.0,0.0,0.0,0.0,8.0,6.0,0.0,0.0,0.0,0.0,0.0,0.0,0.0,0.0,0.0,0.0,0.0,22.0,20.0,52.448968,48.0,12.0,-8.1236,0.0,116.0,51.213598,1024.52,1060.0,2243.586496,0.0,686.3532000000001,0.0,0.0,93.266268,2749.678,0.0,181.957074,0.0,182.0,112.715536,-16.28,48.0,66.0,58.0,93.8973,-8.605279,1,4.0,Medium
0.0,0.0,0.0,0.0,6.0,0.0,0.0,0.0,0.0,0.0,0.0,0.0,0.0,0.0,0.0,5.0,6.0,0.0,0.0,0.0,0.0,0.0,0.0,0.0,0.0,5.0,0.0,0.0,22.0,11.0,75.074375,49.0,6.0,24.001200000000004,0.0,200.0,90.497169,789.3700000000001,1486.0,3310.493622,0.0,1014.8512,0.0,0.0,129.78371199999998,3635.089,0.0,237.18,0.0,255.0,167.594871,-17.82,49.0,55.0,117.0,132.581011,-8.5777445,1,2.0,Medium
4.0,0.0,0.0,0.0,0.0,0.0,4.0,0.0,0.0,4.0,0.0,0.0,0.0,0.0,0.0,0.0,12.0,0.0,0.0,0.0,0.0,0.0,0.0,0.0,0.0,0.0,0.0,0.0,24.0,12.0,60.379932,52.0,12.0,-19.2104,4.0,136.0,61.692804,980.16,1176.0,2574.13218,0.0,746.446,4.0,4.0,96.088216,3009.196,0.0,188.68936,0.0,204.0,125.105616,-18.44,52.0,68.0,64.0,95.08932,-8.658426,0,5.0,High
3.0,0.0,0.0,0.0,0.0,0.0,2.0,0.0,0.0,0.0,0.0,0.0,0.0,0.0,0.0,5.0,11.0,0.0,0.0,0.0,0.0,0.0,0.0,0.0,0.0,0.0,0.0,0.0,21.0,10.0,59.02836799999999,47.0,5.0,-12.775900000000002,0.0,99.0,42.37929,897.38,888.0,1860.080929,0.0,550.0017,0.0,0.0,80.543082,2276.7,0.0,145.998537,-6.0,154.0,92.003418,-16.12,47.0,55.0,47.0,70.626015,-8.483137,2,0.0,Low
0.0,0.0,0.0,0.0,0.0,0.0,0.0,3.0,4.0,0.0,0.0,0.0,0.0,0.0,0.0,4.0,11.0,0.0,0.0,0.0,0.0,0.0,0.0,0.0,0.0,0.0,0.0,0.0,22.0,15.0,72.024182,44.0,11.0,-18.0292,0.0,114.0,50.283812,853.9300000000001,970.0,2013.112343,0.0,615.6539,0.0,0.0,85.773006,2419.815,0.0,151.18,-4.0,169.0,101.780647,-17.82,44.0,55.0,59.0,75.494953,-8.658295,1,1.0,Medium
3.0,0.0,0.0,0.0,5.0,0.0,0.0,0.0,0.0,0.0,0.0,0.0,0.0,0.0,0.0,4.0,9.0,0.0,0.0,0.0,0.0,0.0,0.0,0.0,0.0,0.0,0.0,0.0,21.0,12.0,62.003766,46.0,8.0,-5.962100000000001,0.0,129.0,56.518709,862.81,1080.0,2416.1648640000003,0.0,699.973,0.0,0.0,88.452674,2731.5960000000005,0.0,177.918537,-1.0,186.0,118.520302,-16.2,46.0,57.0,60.0,82.86775700000001,-8.694835,1,3.0,Medium
4.0,0.0,0.0,0.0,0.0,0.0,0.0,0.0,0.0,0.0,0.0,0.0,0.0,0.0,0.0,5.0,6.0,0.0,0.0,0.0,0.0,0.0,6.0,0.0,0.0,0.0,0.0,0.0,21.0,9.0,58.48702899999999,47.0,4.0,13.034,0.0,144.0,63.55307499999999,846.99,1160.0,2531.06672,0.0,773.0964,0.0,0.0,94.998828,2933.393,0.0,194.034716,-2.0,199.0,127.828483,-15.79,47.0,55.0,75.0,101.480438,-8.571684,1,3.0,Medium
0.0,6.0,0.0,0.0,0.0,0.0,0.0,0.0,6.0,0.0,0.0,0.0,0.0,0.0,0.0,0.0,5.0,0.0,0.0,0.0,0.0,0.0,5.0,0.0,0.0,0.0,0.0,0.0,22.0,24.0,55.013124000000005,32.0,24.0,2.556199999999997,0.0,165.0,77.06727099999999,873.83,1330.0,2801.651886,0.0,929.0862,0.0,0.0,107.984932,3368.253,0.0,227.117074,7.0,227.0,151.08252199999998,-16.119999999999997,32.0,62.0,94.0,126.195168,-8.804808,1,3.0,Medium
0.0,0.0,0.0,0.0,0.0,0.0,5.0,0.0,0.0,3.0,0.0,0.0,0.0,0.0,0.0,4.0,9.0,0.0,0.0,0.0,0.0,0.0,0.0,0.0,0.0,0.0,0.0,0.0,21.0,12.0,65.66641299999999,49.0,8.0,-14.043400000000002,3.0,126.0,57.072434,820.9000000000001,1050.0,2308.663907,0.0,665.0768,3.0,3.0,80.007076,2622.081,0.0,160.038483,-1.0,183.0,110.619091,-17.19,49.0,57.0,63.0,81.64773500000001,-8.703874,1,3.0,Medium
5.0,0.0,0.0,0.0,0.0,0.0,0.0,0.0,0.0,0.0,0.0,0.0,0.0,0.0,0.0,6.0,5.0,0.0,0.0,0.0,0.0,6.0,0.0,0.0,0.0,0.0,0.0,0.0,22.0,11.0,59.982815,50.0,5.0,5.4717,0.0,129.0,54.52403100000001,907.33,1100.0,2515.760921,0.0,721.0073,0.0,0.0,91.137988,2822.461,0.0,186.160895,0.0,189.0,121.804919,-16.369999999999997,50.0,60.0,44.0,82.210699,-8.586455,1,4.0,Medium
0.0,0.0,0.0,0.0,7.0,0.0,0.0,0.0,0.0,0.0,0.0,0.0,0.0,0.0,0.0,5.0,6.0,0.0,0.0,0.0,0.0,0.0,4.0,0.0,0.0,0.0,0.0,0.0,22.0,12.0,78.47576600000001,49.0,7.0,12.964,0.0,180.0,80.25777099999999,793.8100000000001,1372.0,3157.5143850000004,0.0,924.9569,0.0,0.0,100.064838,3370.572,0.0,218.14,1.0,236.0,155.22445000000002,-17.86,49.0,56.0,91.0,106.285536,-8.636956,1,3.0,Medium
0.0,5.0,0.0,0.0,0.0,0.0,0.0,0.0,0.0,0.0,0.0,0.0,0.0,0.0,0.0,6.0,5.0,0.0,0.0,0.0,0.0,0.0,6.0,0.0,0.0,0.0,0.0,0.0,22.0,16.0,58.676273,45.0,10.0,11.8441,0.0,153.0,68.41885500000001,921.33,1244.0,2717.540921,0.0,841.7808,0.0,0.0,101.110756,3154.1890000000003,0.0,210.160895,0.0,213.0,137.940984,-16.369999999999997,45.0,60.0,80.0,110.626381,-8.712454,1,4.0,Medium
0.0,0.0,0.0,0.0,0.0,0.0,0.0,5.0,0.0,0.0,4.0,0.0,0.0,0.0,0.0,0.0,8.0,0.0,0.0,0.0,0.0,0.0,4.0,0.0,0.0,0.0,0.0,0.0,21.0,5.0,68.606893,46.0,5.0,1.9757,0.0,135.0,59.199196,722.0600000000001,1074.0,2227.8981860000004,0.0,702.7125,0.0,0.0,96.614054,2659.314,0.0,169.05,-3.0,186.0,116.451507,-16.95,46.0,51.0,76.0,92.710769,-8.603166,1,3.0,Medium
4.0,0.0,0.0,0.0,0.0,0.0,0.0,0.0,0.0,3.0,0.0,0.0,0.0,0.0,0.0,0.0,4.0,11.0,0.0,0.0,0.0,0.0,0.0,0.0,0.0,0.0,0.0,0.0,22.0,7.0,55.490181,47.0,7.0,12.793,3.0,154.0,69.021481,785.49,1230.0,2750.968549,0.0,827.8785,3.0,3.0,92.268761,3115.684,0.0,200.433199,3.0,212.0,137.000132,-16.62,47.0,58.0,72.0,105.071243,-8.671075,1,4.0,Medium
0.0,0.0,0.0,0.0,0.0,0.0,0.0,3.0,0.0,0.0,4.0,0.0,0.0,0.0,0.0,0.0,9.0,5.0,0.0,0.0,0.0,0.0,0.0,0.0,0.0,0.0,0.0,0.0,21.0,3.0,67.125677,46.0,3.0,-0.5816000000000017,0.0,116.0,49.589748,727.01,948.0,1939.315962,0.0,607.3380999999999,0.0,0.0,86.68168,2359.7470000000003,0.0,148.13,-6.0,165.0,100.700795,-16.87,46.0,49.0,61.0,79.005178,-8.519642,2,0.0,Low
0.0,0.0,0.0,0.0,5.0,0.0,0.0,0.0,0.0,0.0,0.0,0.0,0.0,0.0,0.0,6.0,6.0,0.0,0.0,0.0,0.0,0.0,5.0,0.0,0.0,0.0,0.0,0.0,22.0,11.0,77.750744,50.0,5.0,14.769299999999998,0.0,174.0,77.23234699999999,805.1600000000001,1330.0,3032.422498,0.0,893.1453,0.0,0.0,98.43232,3270.3630000000003,0.0,211.18,-1.0,229.0,149.06093500000003,-17.82,50.0,55.0,89.0,104.740552,-8.588727,1,2.0,Medium
6.0,0.0,0.0,0.0,0.0,0.0,0.0,0.0,0.0,0.0,0.0,0.0,0.0,0.0,0.0,5.0,5.0,5.0,0.0,0.0,0.0,0.0,0.0,0.0,0.0,0.0,0.0,0.0,21.0,11.0,49.556615,47.0,6.0,3.2468999999999992,0.0,121.0,52.950167,888.4399999999999,1050.0,2252.517664,0.0,688.3756,0.0,0.0,88.87907799999999,2716.748,0.0,180.947074,1.0,180.0,114.372559,-15.29,47.0,59.0,58.0,92.680503,-8.595907,1,4.0,Medium
0.0,0.0,5.0,0.0,0.0,0.0,0.0,0.0,0.0,0.0,4.0,0.0,0.0,0.0,0.0,0.0,9.0,4.0,0.0,0.0,0.0,0.0,0.0,0.0,0.0,0.0,0.0,0.0,22.0,10.0,54.228613,43.0,10.0,-0.4052000000000015,0.0,122.0,53.396119,892.19,1046.0,2131.784454,0.0,687.375,0.0,0.0,103.407037,2683.322,0.0,176.80480500000002,-4.0,180.0,112.853005,-16.29,43.0,58.0,65.0,96.81773,-8.632745,1,1.0,Medium
4.0,0.0,0.0,0.0,5.0,0.0,0.0,0.0,0.0,0.0,0.0,0.0,0.0,0.0,0.0,4.0,8.0,0.0,0.0,0.0,0.0,0.0,0.0,0.0,0.0,0.0,0.0,0.0,21.0,13.0,58.798961000000006,46.0,9.0,-5.115000000000001,0.0,132.0,58.21401399999999,876.6199999999999,1112.0,2485.1676850000003,0.0,725.5451,0.0,0.0,90.836722,2827.169,0.0,185.874716,1.0,191.0,122.789017,-15.95,46.0,59.0,62.0,87.924434,-8.710984,1,4.0,Medium
3.0,0.0,0.0,0.0,4.0,0.0,0.0,0.0,0.0,0.0,0.0,0.0,0.0,0.0,0.0,4.0,10.0,0.0,0.0,0.0,0.0,0.0,0.0,0.0,0.0,0.0,0.0,0.0,21.0,11.0,61.291706,46.0,7.0,-7.847200000000001,0.0,120.0,52.083099,872.2,1020.0,2258.416258,0.0,653.3023000000001,0.0,0.0,86.08887200000001,2588.322,0.0,167.958537,-3.0,176.0,110.528739,-16.16,46.0,56.0,55.0,77.772813,-8.638359,1,3.0,Medium
4.0,0.0,0.0,0.0,0.0,0.0,0.0,0.0,0.0,0.0,0.0,0.0,0.0,0.0,0.0,0.0,8.0,0.0,0.0,0.0,0.0,0.0,5.0,0.0,0.0,0.0,4.0,0.0,21.0,20.0,53.76035900000001,66.0,4.0,-1.2447000000000017,4.0,156.0,71.75511900000001,1171.02,1338.0,3240.171971,0.0,842.1002,4.0,4.0,93.93039,3395.618,0.0,216.48557600000004,-4.0,230.0,141.016852,-16.55,66.0,74.0,79.0,107.170658,-8.756512,1,1.0,Medium
0.0,0.0,5.0,0.0,0.0,0.0,0.0,0.0,0.0,3.0,0.0,0.0,0.0,0.0,0.0,4.0,10.0,0.0,0.0,0.0,0.0,0.0,0.0,0.0,0.0,0.0,0.0,0.0,22.0,17.0,51.858048,46.0,13.0,-14.660100000000002,3.0,119.0,53.390156000000005,991.03,1058.0,2339.268815,0.0,677.1613,3.0,3.0,95.467076,2730.251,0.0,173.793288,-2.0,183.0,111.915775,-16.53,46.0,64.0,54.0,86.727076,-8.670598,1,3.0,Medium
0.0,0.0,3.0,0.0,0.0,0.0,0.0,0.0,0.0,0.0,5.0,0.0,0.0,0.0,0.0,6.0,8.0,0.0,0.0,0.0,0.0,0.0,0.0,0.0,0.0,0.0,0.0,0.0,22.0,12.0,61.172099,52.0,6.0,-5.0756000000000006,0.0,116.0,50.22914899999999,948.09,1024.0,2108.436528,0.0,649.3612,0.0,0.0,96.661937,2609.161,0.0,167.786883,-5.0,177.0,106.776009,-17.07,52.0,61.0,63.0,90.866923,-8.529809,2,0.0,Low
3.0,0.0,0.0,0.0,0.0,0.0,0.0,0.0,0.0,0.0,0.0,0.0,0.0,0.0,0.0,4.0,9.0,6.0,0.0,0.0,0.0,0.0,0.0,0.0,0.0,0.0,0.0,0.0,22.0,7.0,62.294255,48.0,3.0,1.4356999999999989,0.0,117.0,49.860303,866.9100000000001,988.0,2111.170505,0.0,634.6855,0.0,0.0,85.334132,2513.139,0.0,162.328537,-6.0,171.0,105.427261,-16.79,48.0,54.0,54.0,79.974197,-8.519018,2,0.0,Low
0.0,0.0,3.0,0.0,0.0,0.0,0.0,0.0,0.0,4.0,0.0,0.0,0.0,0.0,0.0,5.0,9.0,0.0,0.0,0.0,0.0,0.0,0.0,0.0,0.0,0.0,0.0,0.0,21.0,15.0,54.125226,48.0,10.0,-13.9286,4.0,118.0,53.017714,923.92,1030.0,2337.434916,0.0,652.0842,4.0,4.0,85.165655,2630.255,0.0,162.80152700000002,-2.0,179.0,108.03729,-16.36,48.0,61.0,52.0,79.938804,-8.698182,1,3.0,Medium
2.0,0.0,0.0,0.0,0.0,0.0,0.0,0.0,0.0,12.0,0.0,0.0,0.0,0.0,0.0,2.0,5.0,0.0,0.0,0.0,0.0,0.0,0.0,0.0,0.0,0.0,0.0,0.0,21.0,16.0,47.747331,56.0,14.0,-17.4041,12.0,159.0,75.622068,881.2299999999999,1324.0,3277.2940230000004,0.0,849.1582000000001,12.0,12.0,81.4007,3351.913,0.0,196.19629,9.0,231.0,141.60807400000002,-17.13,56.0,72.0,65.0,98.247416,-8.836562,1,4.0,Medium
0.0,0.0,3.0,0.0,0.0,0.0,0.0,0.0,0.0,4.0,0.0,0.0,0.0,0.0,0.0,3.0,12.0,0.0,0.0,0.0,0.0,0.0,0.0,0.0,0.0,0.0,0.0,0.0,22.0,13.0,56.951543,48.0,10.0,-17.3577,4.0,115.0,51.09982,951.25,1010.0,2270.232365,0.0,631.9786,4.0,4.0,87.339895,2583.134,0.0,159.091527,-5.0,176.0,105.07009,-17.07,48.0,61.0,49.0,76.32485,-8.717849,2,0.0,Low
0.0,0.0,0.0,0.0,0.0,0.0,6.0,0.0,0.0,3.0,0.0,0.0,0.0,0.0,0.0,0.0,9.0,4.0,0.0,0.0,0.0,0.0,0.0,0.0,0.0,0.0,0.0,0.0,22.0,9.0,68.742727,47.0,9.0,-7.171900000000002,3.0,143.0,65.004671,770.72,1144.0,2489.119473,0.0,744.4332999999999,3.0,3.0,86.50163700000002,2842.5489999999995,0.0,175.368483,0.0,199.0,123.588044,-17.86,47.0,56.0,73.0,92.270676,-8.734364,1,4.0,Medium
2.0,0.0,0.0,0.0,5.0,0.0,0.0,0.0,0.0,0.0,4.0,0.0,0.0,0.0,0.0,0.0,10.0,0.0,0.0,0.0,0.0,0.0,0.0,0.0,0.0,0.0,0.0,0.0,21.0,7.0,63.767867,46.0,7.0,-4.192800000000001,0.0,130.0,56.71966400000001,805.0,1072.0,2314.951911000001,0.0,693.5617,0.0,0.0,92.394986,2692.131,0.0,173.962358,-3.0,185.0,117.233551,-16.45,46.0,55.0,66.0,86.623612,-8.666411,1,3.0,Medium
0.0,0.0,3.0,0.0,0.0,0.0,0.0,0.0,0.0,4.0,0.0,0.0,0.0,0.0,0.0,5.0,10.0,0.0,0.0,0.0,0.0,0.0,0.0,0.0,0.0,0.0,0.0,0.0,22.0,15.0,57.33003099999999,50.0,10.0,-15.0063,4.0,121.0,54.122886,964.05,1058.0,2393.348319,0.0,667.2882,4.0,4.0,88.375655,2701.3100000000004,0.0,167.011527,-3.0,184.0,110.638244,-17.15,50.0,63.0,53.0,81.46033,-8.694178,1,1.0,Medium
0.0,0.0,0.0,0.0,0.0,0.0,0.0,0.0,0.0,5.0,0.0,0.0,0.0,0.0,0.0,6.0,5.0,0.0,0.0,0.0,0.0,0.0,0.0,0.0,6.0,0.0,0.0,0.0,22.0,11.0,64.679397,55.0,5.0,18.1225,5.0,191.0,88.524249,837.48,1452.0,3155.6235910000005,0.0,971.9513,5.0,5.0,136.74593900000002,3579.7450000000003,0.0,223.360805,0.0,251.0,156.962184,-18.02,55.0,60.0,115.0,140.674722,-8.640164,1,3.0,Medium
3.0,0.0,0.0,0.0,4.0,0.0,0.0,0.0,0.0,0.0,0.0,0.0,0.0,0.0,0.0,5.0,10.0,0.0,0.0,0.0,0.0,0.0,0.0,0.0,0.0,0.0,0.0,0.0,22.0,12.0,64.685755,49.0,7.0,-7.749200000000001,0.0,126.0,54.699804,918.73,1072.0,2375.887638,0.0,686.1611,0.0,0.0,89.81675200000001,2718.465,0.0,176.128537,-3.0,185.0,115.91377,-16.990000000000002,49.0,59.0,58.0,81.862079,-8.650819,1,1.0,Medium
0.0,0.0,0.0,0.0,0.0,0.0,0.0,5.0,0.0,0.0,4.0,0.0,0.0,0.0,0.0,0.0,8.0,0.0,0.0,5.0,0.0,0.0,0.0,0.0,0.0,0.0,0.0,0.0,22.0,5.0,71.98538199999999,48.0,5.0,-3.7422,0.0,122.0,51.952476,748.36,1006.0,2113.244387,0.0,646.6065,0.0,0.0,92.289155,2506.945,0.0,157.26000000000002,-3.0,175.0,108.410325,-17.74,48.0,53.0,58.0,78.70563899999999,-8.574673,1,3.0,Medium
0.0,0.0,0.0,0.0,0.0,0.0,0.0,3.0,0.0,0.0,4.0,0.0,0.0,0.0,0.0,5.0,9.0,0.0,0.0,0.0,0.0,0.0,0.0,0.0,0.0,0.0,0.0,0.0,21.0,8.0,67.533577,51.0,3.0,-9.6206,0.0,106.0,45.135353,828.1600000000001,918.0,1890.576457,0.0,568.2271000000001,0.0,0.0,84.69569,2299.472,0.0,142.93,-6.0,160.0,94.40133,-17.07,51.0,54.0,56.0,74.294183,-8.488378,2,0.0,Low
0.0,0.0,0.0,0.0,1.0,0.0,0.0,0.0,0.0,12.0,0.0,0.0,0.0,0.0,0.0,1.0,8.0,0.0,0.0,0.0,0.0,0.0,0.0,0.0,0.0,0.0,0.0,0.0,22.0,14.0,57.884562,57.0,13.0,-19.4666,12.0,162.0,76.260707,877.95,1324.0,3291.3924130000005,0.0,842.2339,12.0,12.0,81.688526,3316.0080000000003,0.0,190.493932,5.0,232.0,140.879084,-18.42,57.0,70.0,65.0,92.18279199999998,-8.842339,1,4.0,Medium
0.0,0.0,0.0,0.0,5.0,0.0,0.0,0.0,0.0,0.0,6.0,0.0,0.0,0.0,0.0,0.0,5.0,5.0,0.0,0.0,0.0,0.0,0.0,0.0,0.0,0.0,0.0,0.0,21.0,5.0,70.373933,48.0,5.0,12.6901,0.0,157.0,69.31231,699.03,1218.0,2640.4865470000004,0.0,814.6924999999999,0.0,0.0,96.40122,3002.9300000000003,0.0,192.97,0.0,210.0,135.97510700000004,-17.029999999999998,48.0,53.0,85.0,103.601699,-8.5300045,1,4.0,Medium
0.0,0.0,0.0,0.0,0.0,0.0,6.0,0.0,0.0,0.0,0.0,0.0,0.0,0.0,0.0,4.0,9.0,2.0,0.0,0.0,0.0,0.0,0.0,0.0,0.0,0.0,0.0,0.0,21.0,10.0,69.460183,46.0,6.0,-7.6539,0.0,121.0,53.640862,784.33,996.0,2076.328481,0.0,638.0394,0.0,0.0,81.48629000000001,2477.9510000000005,0.0,156.01,-3.0,173.0,105.814844,-16.990000000000002,46.0,52.0,65.0,81.238598,-8.601362,1,3.0,Medium
0.0,0.0,3.0,0.0,0.0,0.0,0.0,0.0,0.0,4.0,0.0,0.0,0.0,0.0,0.0,0.0,10.0,4.0,0.0,0.0,0.0,0.0,0.0,0.0,0.0,0.0,0.0,0.0,21.0,10.0,53.609662,43.0,10.0,-7.873100000000002,4.0,123.0,55.069697,836.6000000000001,1030.0,2314.868543,0.0,665.7182,4.0,4.0,86.23656700000001,2619.387,0.0,163.001527,-3.0,179.0,110.292785,-16.16,43.0,56.0,54.0,81.13986,-8.706948,1,3.0,Medium
0.0,0.0,3.0,0.0,0.0,0.0,0.0,0.0,0.0,0.0,0.0,0.0,0.0,0.0,0.0,5.0,10.0,3.0,0.0,0.0,0.0,0.0,0.0,0.0,0.0,0.0,0.0,0.0,21.0,11.0,58.955702,44.0,6.0,-5.372100000000001,0.0,105.0,44.89169,883.07,912.0,1937.355562,0.0,580.7084,0.0,0.0,85.181941,2326.8720000000003,0.0,149.816883,-7.0,158.0,95.875048,-16.04,44.0,53.0,49.0,73.45310900000001,-8.547657,2,0.0,Low
0.0,0.0,4.0,0.0,0.0,0.0,0.0,0.0,0.0,0.0,0.0,0.0,0.0,0.0,0.0,4.0,9.0,5.0,0.0,0.0,0.0,0.0,0.0,0.0,0.0,0.0,0.0,0.0,22.0,12.0,58.981786,44.0,8.0,-0.8483000000000018,0.0,119.0,51.596212,905.75,1014.0,2154.8116040000004,0.0,661.4514,0.0,0.0,93.849986,2589.741,0.0,168.935844,-5.0,175.0,108.847438,-16.54,44.0,56.0,57.0,85.470955,-8.6084385,2,0.0,Low
0.0,0.0,3.0,0.0,0.0,0.0,0.0,0.0,5.0,0.0,0.0,0.0,0.0,0.0,0.0,4.0,0.0,10.0,0.0,0.0,0.0,0.0,0.0,0.0,0.0,0.0,0.0,0.0,22.0,20.0,63.714056,40.0,16.0,14.714,0.0,170.0,78.173728,787.04,1336.0,2858.604929,0.0,931.1686,0.0,0.0,102.758452,3337.885,0.0,219.86688300000003,8.0,229.0,151.100605,-16.990000000000002,40.0,59.0,94.0,123.639563,-8.726785,1,4.0,Medium
0.0,0.0,5.0,0.0,0.0,0.0,5.0,0.0,0.0,0.0,4.0,0.0,0.0,0.0,0.0,0.0,7.0,0.0,0.0,0.0,0.0,0.0,0.0,0.0,0.0,0.0,0.0,0.0,21.0,15.0,51.582297,41.0,15.0,-7.671500000000001,0.0,129.0,58.999044,860.4300000000001,1108.0,2218.4003340000004,0.0,734.5815,0.0,0.0,105.01557,2833.6600000000003,0.0,187.394805,3.0,190.0,120.718306,-15.7,41.0,61.0,77.0,107.919543,-8.702514,1,3.0,Medium
0.0,0.0,0.0,0.0,4.0,0.0,0.0,0.0,0.0,3.0,0.0,0.0,0.0,0.0,0.0,4.0,11.0,0.0,0.0,0.0,0.0,0.0,0.0,0.0,0.0,0.0,0.0,0.0,22.0,11.0,70.730313,51.0,7.0,-11.1707,3.0,135.0,59.602301,870.4200000000001,1108.0,2567.818939,0.0,702.6451000000001,3.0,3.0,84.193439,2760.2670000000003,0.0,169.288483,-4.0,193.0,118.544162,-17.94,51.0,58.0,59.0,76.885942,-8.733199,2,0.0,Low
0.0,0.0,4.0,0.0,0.0,0.0,0.0,0.0,0.0,0.0,0.0,0.0,0.0,0.0,0.0,4.0,10.0,3.0,0.0,0.0,0.0,0.0,0.0,0.0,0.0,0.0,0.0,0.0,21.0,12.0,55.561653,42.0,8.0,-5.737600000000002,0.0,106.0,45.686216,893.2800000000001,926.0,1956.286445,0.0,595.2934,0.0,0.0,88.80983,2376.4,0.0,154.725844,-6.0,160.0,98.158544,-15.75,42.0,54.0,50.0,76.929551,-8.582923,2,0.0,Low
0.0,0.0,0.0,0.0,6.0,0.0,0.0,0.0,0.0,0.0,0.0,0.0,0.0,0.0,0.0,4.0,8.0,0.0,0.0,0.0,0.0,0.0,4.0,0.0,0.0,0.0,0.0,0.0,22.0,10.0,77.57446200000001,48.0,6.0,9.903199999999998,0.0,168.0,74.310628,796.8000000000001,1288.0,2938.2078020000004,0.0,860.6314,0.0,0.0,97.183156,3168.2100000000005,0.0,204.22,-2.0,222.0,144.44880999999998,-17.78,48.0,54.0,84.0,98.622852,-8.662311,1,3.0,Medium
5.0,0.0,0.0,0.0,4.0,0.0,0.0,0.0,0.0,0.0,0.0,0.0,0.0,0.0,0.0,6.0,6.0,0.0,0.0,0.0,0.0,0.0,0.0,0.0,0.0,0.0,0.0,0.0,21.0,15.0,55.260584,48.0,9.0,-3.801600000000001,0.0,132.0,58.49677500000001,912.62,1132.0,2519.537854,0.0,739.7561,0.0,0.0,91.892728,2897.644,0.0,191.790895,3.0,194.0,124.634323,-15.74,48.0,62.0,63.0,93.021647,-8.717217,1,4.0,Medium
0.0,0.0,0.0,0.0,4.0,0.0,0.0,0.0,0.0,4.0,0.0,0.0,0.0,0.0,0.0,5.0,8.0,0.0,0.0,0.0,0.0,0.0,0.0,0.0,0.0,0.0,0.0,0.0,21.0,13.0,66.587881,51.0,8.0,-8.818800000000001,4.0,142.0,63.841977,836.53,1156.0,2726.9627600000003,0.0,742.0476000000001,4.0,4.0,82.18355600000001,2877.503,0.0,176.034644,0.0,201.0,124.800823,-17.27,51.0,59.0,63.0,82.18603399999999,-8.778767,1,4.0,Medium
4.0,0.0,0.0,0.0,0.0,0.0,0.0,0.0,0.0,0.0,0.0,0.0,0.0,0.0,0.0,4.0,8.0,6.0,0.0,0.0,0.0,0.0,0.0,0.0,0.0,0.0,0.0,0.0,22.0,8.0,59.08945,48.0,4.0,2.282799999999998,0.0,120.0,51.55560800000001,880.72,1020.0,2180.173326,0.0,660.2576,0.0,0.0,87.71818,2608.712,0.0,170.284716,-4.0,176.0,109.695976,-16.54,48.0,56.0,56.0,85.030874,-8.525997,2,0.0,Low
5.0,0.0,0.0,0.0,0.0,0.0,6.0,0.0,0.0,0.0,0.0,0.0,0.0,0.0,0.0,6.0,4.0,0.0,0.0,0.0,0.0,0.0,0.0,0.0,0.0,0.0,0.0,0.0,21.0,17.0,53.599318,48.0,11.0,-7.034000000000001,0.0,132.0,60.335629,893.8399999999999,1144.0,2401.8467840000003,0.0,750.2555,0.0,0.0,92.612134,2931.706,0.0,193.710895,7.0,196.0,124.638633,-15.82,48.0,64.0,73.0,104.637585,-8.748907,1,4.0,Medium
0.0,0.0,0.0,0.0,0.0,0.0,0.0,0.0,0.0,4.0,0.0,0.0,0.0,0.0,0.0,0.0,6.0,6.0,0.0,0.0,0.0,0.0,6.0,0.0,0.0,0.0,0.0,0.0,22.0,4.0,69.703334,48.0,4.0,20.9844,4.0,178.0,80.067094,716.26,1328.0,3045.01121,0.0,898.4068,4.0,4.0,94.302652,3270.3860000000004,0.0,204.604644,-2.0,230.0,147.992164,-17.700000000000003,48.0,52.0,88.0,108.011702,-8.59585,1,1.0,Medium
5.0,0.0,0.0,0.0,0.0,0.0,6.0,0.0,0.0,0.0,0.0,0.0,0.0,0.0,0.0,7.0,4.0,0.0,0.0,0.0,0.0,0.0,0.0,0.0,0.0,0.0,0.0,0.0,22.0,18.0,56.993367000000006,51.0,11.0,-6.936,0.0,138.0,62.95233399999999,940.37,1196.0,2519.3181640000003,0.0,783.1143000000001,0.0,0.0,96.340014,3061.849,0.0,201.880895,7.0,205.0,130.023664,-16.65,51.0,67.0,76.0,108.726851,-8.746287,1,3.0,Medium
0.0,0.0,0.0,0.0,0.0,0.0,6.0,0.0,0.0,0.0,3.0,0.0,0.0,0.0,0.0,4.0,9.0,0.0,0.0,0.0,0.0,0.0,0.0,0.0,0.0,0.0,0.0,0.0,22.0,10.0,71.936864,51.0,6.0,-9.2092,0.0,126.0,55.89800399999999,838.3199999999999,1054.0,2150.14646,0.0,669.6244,0.0,0.0,89.164544,2626.065,0.0,165.10000000000002,-3.0,183.0,110.916562,-17.9,51.0,57.0,72.0,90.052865,-8.611546,1,3.0,Medium
4.0,0.0,0.0,0.0,0.0,0.0,0.0,0.0,0.0,0.0,0.0,0.0,0.0,0.0,0.0,4.0,9.0,5.0,0.0,0.0,0.0,0.0,0.0,0.0,0.0,0.0,0.0,0.0,22.0,8.0,58.981786,48.0,4.0,-0.7007000000000012,0.0,115.0,49.153196,894.55,990.0,2108.867448,0.0,634.7806,0.0,0.0,86.803102,2537.569,0.0,165.284716,-5.0,171.0,105.652006,-16.54,48.0,56.0,53.0,81.52093500000001,-8.521205,2,0.0,Low
4.0,0.0,0.0,0.0,0.0,0.0,4.0,0.0,0.0,3.0,0.0,0.0,0.0,0.0,0.0,11.0,0.0,0.0,0.0,0.0,0.0,0.0,0.0,0.0,0.0,0.0,0.0,0.0,22.0,22.0,57.178877,58.0,11.0,-4.2208,3.0,156.0,72.27600799999999,970.46,1332.0,2985.943874,0.0,873.2891000000001,3.0,3.0,94.682659,3387.851,0.0,216.833199,11.0,229.0,144.455017,-17.22,58.0,73.0,81.0,116.03753,-8.803628,1,4.0,Medium
0.0,0.0,0.0,5.0,0.0,0.0,0.0,0.0,0.0,0.0,0.0,0.0,0.0,0.0,0.0,4.0,10.0,3.0,0.0,0.0,0.0,0.0,0.0,0.0,0.0,0.0,0.0,0.0,22.0,9.0,73.285088,48.0,5.0,-4.515600000000001,0.0,128.0,55.918047,820.02,1042.0,2279.495188,0.0,668.9417,0.0,0.0,86.46311400000002,2589.0910000000003,0.0,163.26,-5.0,181.0,111.744586,-17.74,48.0,53.0,64.0,79.97049899999999,-8.608721,2,0.0,Low
5.0,0.0,0.0,0.0,0.0,0.0,5.0,0.0,0.0,0.0,0.0,0.0,0.0,0.0,0.0,5.0,6.0,0.0,0.0,0.0,0.0,0.0,0.0,0.0,0.0,0.0,0.0,0.0,21.0,15.0,53.212245,47.0,10.0,-8.927700000000002,0.0,123.0,55.560547,896.8299999999999,1078.0,2254.738248,0.0,699.7370000000001,0.0,0.0,90.398485,2771.425,0.0,182.790895,4.0,185.0,116.526129,-15.74,47.0,62.0,66.0,96.737226,-8.695025,1,3.0,Medium
0.0,0.0,3.0,0.0,0.0,0.0,4.0,0.0,0.0,0.0,0.0,0.0,0.0,0.0,0.0,5.0,9.0,0.0,0.0,0.0,0.0,0.0,0.0,0.0,0.0,0.0,0.0,0.0,21.0,15.0,59.424026,44.0,10.0,-11.4506,0.0,114.0,50.73865,887.0,990.0,2065.640164,0.0,635.7322,0.0,0.0,89.21978299999999,2518.215,0.0,162.656883,-2.0,171.0,105.056846,-16.2,44.0,57.0,60.0,84.25376800000001,-8.608573,1,2.0,Medium
4.0,0.0,0.0,0.0,0.0,0.0,0.0,0.0,0.0,3.0,0.0,0.0,0.0,0.0,0.0,4.0,0.0,11.0,0.0,0.0,0.0,0.0,0.0,0.0,0.0,0.0,0.0,0.0,22.0,11.0,56.247157,51.0,7.0,17.4958,3.0,166.0,75.067613,811.0899999999999,1326.0,2997.200457,0.0,898.4977,3.0,3.0,94.340281,3352.036,0.0,216.273199,7.0,228.0,148.13644,-16.78,51.0,62.0,80.0,115.342203,-8.689237,0,5.0,High
8.0,0.0,0.0,0.0,0.0,0.0,0.0,0.0,0.0,3.0,0.0,0.0,0.0,0.0,0.0,0.0,8.0,4.0,0.0,0.0,0.0,0.0,0.0,0.0,0.0,0.0,0.0,0.0,23.0,11.0,45.122118,49.0,11.0,-5.7808,3.0,134.0,60.090989,977.67,1176.0,2583.7520900000004,0.0,767.0319,3.0,3.0,98.609407,3071.03,0.0,201.467915,3.0,202.0,128.368156,-16.41,49.0,68.0,60.0,102.249904,-8.654014,1,4.0,Medium
0.0,0.0,0.0,0.0,5.0,0.0,0.0,0.0,0.0,0.0,4.0,0.0,0.0,0.0,0.0,0.0,8.0,0.0,0.0,0.0,0.0,0.0,5.0,0.0,0.0,0.0,0.0,0.0,22.0,5.0,75.931552,48.0,5.0,15.034299999999998,0.0,172.0,76.105541,748.36,1306.0,2877.0964120000003,0.0,876.9965,0.0,0.0,103.72292,3208.295,0.0,207.26,-3.0,225.0,146.47474499999998,-17.74,48.0,53.0,93.0,108.417604,-8.546686,1,3.0,Medium
5.0,0.0,0.0,0.0,0.0,0.0,0.0,0.0,0.0,2.0,0.0,0.0,0.0,0.0,0.0,5.0,9.0,0.0,0.0,0.0,0.0,0.0,0.0,0.0,0.0,0.0,0.0,0.0,21.0,12.0,49.969358,49.0,7.0,-12.3207,2.0,107.0,46.909432,943.46,972.0,2133.983947,0.0,609.3219,2.0,2.0,83.284114,2523.866,0.0,161.98321700000002,-2.0,168.0,102.03107,-15.7,49.0,61.0,47.0,78.581887,-8.579382,1,3.0,Medium
5.0,0.0,0.0,0.0,0.0,0.0,0.0,0.0,0.0,0.0,0.0,0.0,0.0,0.0,0.0,5.0,5.0,0.0,0.0,0.0,0.0,0.0,6.0,0.0,0.0,0.0,0.0,0.0,21.0,10.0,55.282224,47.0,5.0,13.8811,0.0,147.0,65.24838,860.8,1192.0,2600.069541,0.0,798.6685,0.0,0.0,97.382876,3028.9660000000003,0.0,201.990895,0.0,204.0,132.097198,-15.54,47.0,57.0,77.0,106.537115,-8.608608,1,4.0,Medium
5.0,0.0,0.0,0.0,0.0,0.0,0.0,0.0,0.0,2.0,0.0,0.0,0.0,0.0,0.0,4.0,11.0,0.0,0.0,0.0,0.0,0.0,0.0,0.0,0.0,0.0,0.0,0.0,22.0,11.0,52.984919,50.0,7.0,-14.5741,2.0,107.0,46.503071,977.19,976.0,2128.3393730000003,0.0,606.8711,2.0,2.0,85.976234,2535.833,0.0,162.233217,-4.0,169.0,101.847947,-16.450000000000003,50.0,62.0,46.0,77.535673,-8.587851,2,0.0,Low
0.0,0.0,5.0,0.0,0.0,0.0,0.0,0.0,0.0,4.0,0.0,0.0,0.0,0.0,0.0,0.0,10.0,2.0,0.0,0.0,0.0,0.0,0.0,0.0,0.0,0.0,0.0,0.0,21.0,14.0,46.984724,41.0,14.0,-12.2197,4.0,121.0,54.876991,897.48,1046.0,2333.234507,0.0,679.2438000000001,4.0,4.0,92.697949,2694.3330000000005,0.0,170.73944899999998,-1.0,181.0,112.339991,-15.66,41.0,60.0,54.0,86.20834599999999,-8.706623,1,2.0,Medium
0.0,0.0,0.0,0.0,0.0,0.0,0.0,0.0,0.0,0.0,0.0,0.0,0.0,0.0,0.0,0.0,0.0,0.0,0.0,0.0,0.0,0.0,5.0,5.0,6.0,6.0,0.0,0.0,22.0,0.0,72.81829,44.0,0.0,89.2491,0.0,301.0,140.012428,578.6,2026.0,4135.636246,0.0,1471.407,0.0,0.0,209.823969,4881.731,0.0,327.62,0.0,345.0,233.837066,-17.380000000000003,44.0,44.0,214.0,232.80782200000004,-8.308412,1,3.0,Medium
0.0,0.0,0.0,0.0,0.0,0.0,7.0,0.0,0.0,0.0,0.0,0.0,0.0,0.0,0.0,4.0,7.0,4.0,0.0,0.0,0.0,0.0,0.0,0.0,0.0,0.0,0.0,0.0,22.0,11.0,73.07814499999999,48.0,7.0,-2.0466000000000006,0.0,140.0,62.814407,787.4100000000001,1126.0,2360.404199,0.0,737.0610999999999,0.0,0.0,88.222215,2792.485,0.0,177.18,0.0,195.0,121.832165,-17.82,48.0,55.0,77.0,95.112621,-8.63111,1,4.0,Medium
0.0,0.0,0.0,0.0,0.0,0.0,8.0,0.0,0.0,0.0,2.0,0.0,0.0,0.0,0.0,4.0,8.0,0.0,0.0,0.0,0.0,0.0,0.0,0.0,0.0,0.0,0.0,0.0,22.0,12.0,72.503454,50.0,8.0,-9.603000000000002,0.0,134.0,60.439504,824.1400000000001,1108.0,2267.742134,0.0,712.9068,0.0,0.0,90.456612,2755.336,0.0,174.06,0.0,192.0,118.043848,-17.939999999999998,50.0,58.0,78.0,95.94723,-8.668608,1,4.0,Medium
0.0,0.0,4.0,0.0,0.0,0.0,0.0,0.0,0.0,3.0,0.0,0.0,0.0,0.0,0.0,4.0,0.0,11.0,0.0,0.0,0.0,0.0,0.0,0.0,0.0,0.0,0.0,0.0,22.0,15.0,56.247157,47.0,11.0,17.3482,3.0,170.0,77.510629,822.29,1350.0,3043.144613,0.0,925.1685,3.0,3.0,101.387165,3404.2080000000005,0.0,219.924327,7.0,232.0,151.33187199999998,-16.78,47.0,62.0,84.0,119.292223,-8.727449,1,3.0,Medium
0.0,3.0,0.0,0.0,4.0,4.0,0.0,0.0,0.0,0.0,0.0,0.0,0.0,0.0,0.0,0.0,11.0,0.0,0.0,0.0,0.0,0.0,0.0,0.0,0.0,0.0,0.0,0.0,22.0,14.0,64.509187,41.0,14.0,-13.5971,0.0,131.0,57.669833,857.5699999999999,1096.0,2453.128333,0.0,717.026,0.0,0.0,96.812172,2768.737,0.0,180.168537,0.0,189.0,121.61609,-16.950000000000003,41.0,58.0,60.0,82.560351,-8.731772,1,1.0,Medium
0.0,0.0,0.0,0.0,0.0,0.0,0.0,0.0,0.0,5.0,0.0,0.0,0.0,0.0,0.0,0.0,5.0,0.0,0.0,0.0,0.0,0.0,6.0,0.0,6.0,0.0,0.0,0.0,22.0,5.0,66.60305699999999,49.0,5.0,37.4671,5.0,227.0,105.460629,716.0999999999999,1632.0,3559.3598170000005,0.0,1129.2725,5.0,5.0,149.101895,3988.723,0.0,253.600805,0.0,281.0,182.470926,-17.78,49.0,54.0,139.0,161.731266,-8.599483,0,5.0,High
0.0,5.0,0.0,0.0,0.0,0.0,0.0,0.0,5.0,0.0,2.0,0.0,0.0,0.0,0.0,0.0,10.0,0.0,0.0,0.0,0.0,0.0,0.0,0.0,0.0,0.0,0.0,0.0,22.0,20.0,55.12896599999999,36.0,20.0,-16.4943,0.0,119.0,54.18679,923.76,1046.0,2109.872654,0.0,692.0640000000001,0.0,0.0,95.218025,2683.43,0.0,177.120895,0.0,180.0,113.183344,-16.41,36.0,61.0,65.0,94.96179800000002,-8.655893,1,2.0,Medium
0.0,0.0,3.0,0.0,0.0,0.0,0.0,0.0,0.0,3.0,0.0,0.0,0.0,0.0,0.0,5.0,10.0,0.0,0.0,0.0,0.0,0.0,0.0,0.0,0.0,0.0,0.0,0.0,21.0,14.0,55.25209699999999,47.0,9.0,-14.0271,3.0,111.0,49.184399,924.08,978.0,2183.935669,0.0,615.1324999999999,3.0,3.0,84.483418,2501.052,0.0,155.805366,-4.0,170.0,101.963752,-16.28,47.0,59.0,49.0,75.684926,-8.667681,2,0.0,Low
3.0,0.0,0.0,0.0,0.0,0.0,0.0,0.0,0.0,3.0,0.0,0.0,0.0,0.0,0.0,5.0,11.0,0.0,0.0,0.0,0.0,0.0,0.0,0.0,0.0,0.0,0.0,0.0,22.0,11.0,58.456902,52.0,6.0,-14.9941,3.0,111.0,48.457309,955.81,988.0,2205.3909550000003,0.0,610.3334000000001,3.0,3.0,82.408255,2532.978,0.0,157.27702,-5.0,172.0,102.168132,-17.07,52.0,61.0,47.0,74.243937,-8.630672,2,0.0,Low
0.0,0.0,0.0,5.0,0.0,0.0,0.0,0.0,0.0,2.0,0.0,0.0,0.0,0.0,0.0,4.0,10.0,0.0,0.0,0.0,0.0,0.0,0.0,0.0,0.0,0.0,0.0,0.0,21.0,11.0,67.50354899999999,48.0,7.0,-12.191400000000002,2.0,124.0,55.272269,821.06,1028.0,2316.662645,0.0,651.2101,2.0,2.0,81.872354,2563.0130000000004,0.0,158.04232199999998,-3.0,179.0,109.158798,-17.11,48.0,55.0,60.0,76.426912,-8.688904,1,3.0,Medium
2.0,0.0,0.0,0.0,0.0,0.0,0.0,0.0,0.0,0.0,18.0,0.0,0.0,0.0,0.0,1.0,2.0,0.0,0.0,0.0,0.0,0.0,0.0,0.0,0.0,0.0,0.0,0.0,23.0,3.0,64.41337299999999,65.0,2.0,11.0192,0.0,150.0,66.061863,874.2099999999999,1272.0,2448.66988,0.0,822.501,0.0,0.0,116.906436,3200.569,0.0,205.982358,0.0,219.0,134.67567300000002,-18.43,65.0,69.0,101.0,133.551906,-8.484274,1,4.0,Medium
0.0,0.0,0.0,0.0,0.0,0.0,6.0,0.0,0.0,0.0,2.0,0.0,0.0,0.0,0.0,5.0,0.0,8.0,0.0,0.0,0.0,0.0,0.0,0.0,0.0,0.0,0.0,0.0,21.0,11.0,69.953547,49.0,6.0,15.0824,0.0,162.0,73.538063,698.55,1260.0,2672.732614,0.0,853.4462,0.0,0.0,91.693578,3110.1269999999995,0.0,199.89,6.0,217.0,139.921877,-17.11,49.0,55.0,93.0,114.40771800000002,-8.569517,0,5.0,High
3.0,0.0,0.0,0.0,0.0,0.0,0.0,0.0,0.0,3.0,0.0,0.0,0.0,0.0,0.0,3.0,13.0,0.0,0.0,0.0,0.0,0.0,0.0,0.0,0.0,0.0,0.0,0.0,22.0,9.0,58.078414,50.0,6.0,-17.3455,3.0,105.0,45.434243,943.01,940.0,2082.275001,0.0,575.0238,3.0,3.0,81.37249499999999,2414.802,0.0,149.35701999999998,-7.0,164.0,96.599978,-16.990000000000002,50.0,59.0,43.0,69.10845699999999,-8.67123,2,0.0,Low
3.0,0.0,0.0,0.0,0.0,0.0,0.0,0.0,0.0,5.0,0.0,0.0,0.0,0.0,0.0,5.0,9.0,0.0,0.0,0.0,0.0,0.0,0.0,0.0,0.0,0.0,0.0,0.0,22.0,13.0,56.20316,54.0,8.0,-14.7971,5.0,125.0,56.12393900000001,955.49,1092.0,2512.389449,0.0,684.2368,5.0,5.0,83.772729,2791.384,0.0,171.269342,-1.0,190.0,114.315208,-17.23,54.0,65.0,53.0,82.75169300000002,-8.693214,1,3.0,Medium
0.0,0.0,0.0,0.0,0.0,0.0,0.0,8.0,0.0,0.0,3.0,0.0,0.0,0.0,0.0,0.0,8.0,0.0,0.0,0.0,0.0,0.0,0.0,0.0,0.0,0.0,2.0,0.0,21.0,16.0,65.073291,57.0,8.0,-19.6401,2.0,125.0,56.35021599999999,924.91,1094.0,2426.457925,0.0,676.233,2.0,2.0,92.553254,2739.07,0.0,168.59543000000002,0.0,190.0,113.594586,-17.509999999999998,57.0,65.0,67.0,86.35422700000001,-8.663249,1,4.0,Medium
0.0,0.0,0.0,0.0,6.0,0.0,0.0,0.0,0.0,0.0,0.0,0.0,0.0,0.0,0.0,4.0,8.0,0.0,0.0,0.0,0.0,0.0,5.0,0.0,0.0,0.0,0.0,0.0,23.0,10.0,81.28912100000001,50.0,6.0,13.225299999999995,0.0,180.0,79.750063,823.1,1370.0,3122.968553,0.0,919.7104,0.0,0.0,102.970362,3366.5160000000005,0.0,217.43,-2.0,236.0,154.085298,-18.57,50.0,56.0,91.0,106.221542,-8.580454,1,3.0,Medium
0.0,0.0,0.0,0.0,0.0,0.0,5.0,0.0,0.0,0.0,0.0,0.0,0.0,0.0,0.0,4.0,5.0,7.0,0.0,0.0,0.0,0.0,0.0,0.0,0.0,0.0,0.0,0.0,21.0,9.0,69.80067399999999,46.0,5.0,6.545599999999999,0.0,140.0,62.389373000000006,724.57,1104.0,2347.307312,0.0,732.5607,0.0,0.0,84.365911,2732.473,0.0,174.05,0.0,191.0,120.706267,-16.95,46.0,51.0,75.0,93.455674,-8.567997,1,4.0,Medium
0.0,0.0,0.0,0.0,0.0,0.0,5.0,0.0,0.0,0.0,0.0,0.0,0.0,0.0,0.0,4.0,9.0,0.0,0.0,3.0,0.0,0.0,0.0,0.0,0.0,0.0,0.0,0.0,21.0,9.0,70.37488599999999,46.0,5.0,-6.563500000000002,0.0,117.0,50.963585,779.89,966.0,2055.05948,0.0,616.7357000000001,0.0,0.0,79.62472,2405.82,0.0,151.05,-4.0,168.0,102.898477,-16.95,46.0,51.0,57.0,74.155301,-8.566017,2,0.0,Low
3.0,3.0,0.0,0.0,0.0,0.0,0.0,0.0,0.0,3.0,0.0,0.0,0.0,0.0,0.0,0.0,12.0,0.0,0.0,0.0,0.0,0.0,0.0,0.0,0.0,0.0,0.0,0.0,21.0,12.0,44.691462,42.0,12.0,-18.5346,3.0,102.0,45.212649,933.51,936.0,2048.6961300000003,0.0,589.7238,3.0,3.0,83.760999,2450.25,0.0,157.135557,-3.0,162.0,98.728191,-15.33,42.0,60.0,42.0,75.053742,-8.645171,1,2.0,Medium
0.0,0.0,4.0,0.0,0.0,0.0,0.0,0.0,0.0,3.0,0.0,0.0,0.0,0.0,0.0,4.0,11.0,0.0,0.0,0.0,0.0,0.0,0.0,0.0,0.0,0.0,0.0,0.0,22.0,15.0,55.062853,47.0,11.0,-15.470300000000002,3.0,115.0,51.084097,974.42,1020.0,2258.779955,0.0,644.9215,3.0,3.0,91.321307,2621.635,0.0,164.924327,-4.0,177.0,106.848202,-16.78,47.0,62.0,51.0,80.682894,-8.674706,2,0.0,Low
0.0,0.0,0.0,0.0,5.0,0.0,0.0,0.0,0.0,0.0,6.0,0.0,0.0,0.0,0.0,0.0,5.0,0.0,0.0,0.0,0.0,0.0,6.0,0.0,0.0,0.0,0.0,0.0,22.0,5.0,76.099542,50.0,5.0,23.0937,0.0,189.0,84.411,725.3299999999999,1420.0,3112.954648,0.0,965.7614999999998,0.0,0.0,110.499066,3481.776,0.0,226.18,0.0,244.0,160.56941500000002,-17.82,50.0,55.0,107.0,124.036514,-8.47597,1,2.0,Medium
4.0,0.0,0.0,0.0,0.0,0.0,0.0,0.0,0.0,0.0,0.0,0.0,0.0,0.0,0.0,7.0,4.0,0.0,0.0,0.0,0.0,0.0,6.0,0.0,0.0,0.0,0.0,0.0,21.0,11.0,58.865517,49.0,4.0,15.3854,0.0,150.0,66.576141,859.79,1208.0,2654.182674,0.0,808.406,0.0,0.0,96.034588,3051.569,0.0,201.954716,0.0,207.0,133.396637,-15.87,49.0,57.0,79.0,106.615918,-8.58446,1,4.0,Medium
5.0,0.0,0.0,0.0,0.0,0.0,0.0,0.0,0.0,0.0,0.0,0.0,0.0,0.0,0.0,7.0,5.0,0.0,0.0,0.0,0.0,0.0,0.0,0.0,0.0,0.0,5.0,0.0,22.0,32.0,51.718148,81.0,5.0,-16.2445,5.0,147.0,68.488505,1424.46,1384.0,3438.192915,0.0,837.3731,5.0,5.0,91.28811,3560.836,0.0,224.18447000000003,0.0,238.0,140.73346200000003,-17.61,81.0,91.0,71.0,107.488742,-8.686714,1,4.0,Medium
2.0,0.0,0.0,0.0,0.0,0.0,0.0,0.0,0.0,3.0,0.0,0.0,0.0,0.0,0.0,5.0,11.0,0.0,0.0,0.0,0.0,0.0,0.0,0.0,0.0,0.0,0.0,0.0,21.0,10.0,58.456902,50.0,5.0,-14.7635,3.0,105.0,45.656832,901.87,928.0,2080.474731,0.0,569.5573,3.0,3.0,76.814207,2366.35,0.0,145.110841,-6.0,162.0,95.298463,-16.53,50.0,57.0,44.0,67.665734,-8.612319,2,0.0,Low
0.0,0.0,0.0,0.0,0.0,0.0,0.0,5.0,0.0,0.0,1.0,0.0,0.0,0.0,0.0,5.0,10.0,0.0,0.0,0.0,0.0,0.0,0.0,0.0,0.0,0.0,0.0,0.0,21.0,10.0,68.02649299999999,48.0,5.0,-15.2344,0.0,102.0,43.463015,823.1800000000001,888.0,1859.7823470000003,0.0,548.1514999999999,0.0,0.0,82.59622,2226.405,0.0,137.97,-5.0,155.0,91.641052,-17.03,48.0,53.0,50.0,66.928194,-8.501378,2,0.0,Low
0.0,0.0,0.0,0.0,0.0,0.0,4.0,0.0,0.0,0.0,0.0,0.0,0.0,0.0,0.0,4.0,10.0,0.0,0.0,0.0,0.0,3.0,0.0,0.0,0.0,0.0,0.0,0.0,21.0,8.0,71.03202999999999,46.0,4.0,-6.111200000000002,0.0,114.0,48.64120200000001,789.28,942.0,2048.267651,0.0,597.7230000000001,0.0,0.0,79.00983000000001,2346.708,0.0,147.09,-6.0,164.0,100.337997,-16.91,46.0,50.0,49.0,67.577133,-8.530709,2,0.0,Low
2.0,0.0,0.0,0.0,5.0,0.0,0.0,0.0,0.0,0.0,0.0,0.0,0.0,0.0,0.0,4.0,10.0,0.0,0.0,0.0,0.0,0.0,0.0,0.0,0.0,0.0,0.0,0.0,21.0,11.0,65.208571,46.0,7.0,-6.809200000000001,0.0,126.0,54.823404,849.0,1048.0,2347.1620430000003,0.0,674.4009000000001,0.0,0.0,86.068626,2636.023,0.0,169.962358,-3.0,181.0,114.251587,-16.45,46.0,55.0,58.0,77.81107999999999,-8.674862,1,2.0,Medium
3.0,0.0,0.0,0.0,0.0,0.0,2.0,0.0,0.0,0.0,0.0,0.0,0.0,0.0,0.0,4.0,12.0,0.0,0.0,0.0,0.0,0.0,0.0,0.0,0.0,0.0,0.0,0.0,21.0,9.0,58.839124,46.0,5.0,-13.9516,0.0,96.0,40.867757,890.98,864.0,1798.522952,0.0,532.3469,0.0,0.0,80.025202,2217.612,0.0,142.03853700000002,-7.0,150.0,89.219341,-16.08,46.0,54.0,45.0,68.058275,-8.480175,2,0.0,Low
2.0,0.0,0.0,0.0,0.0,0.0,0.0,0.0,0.0,0.0,0.0,0.0,0.0,0.0,0.0,5.0,9.0,6.0,0.0,0.0,0.0,0.0,0.0,0.0,0.0,0.0,0.0,0.0,22.0,7.0,65.688304,49.0,2.0,1.7642999999999986,0.0,117.0,49.676531,859.5,980.0,2103.725661,0.0,626.7682,0.0,0.0,83.467964,2476.6540000000005,0.0,158.332358,-7.0,170.0,103.942623,-17.08,49.0,53.0,54.0,77.48526000000001,-8.504524,2,0.0,Low
0.0,5.0,0.0,0.0,0.0,0.0,6.0,0.0,0.0,0.0,0.0,0.0,0.0,0.0,0.0,4.0,7.0,0.0,0.0,0.0,0.0,0.0,0.0,0.0,0.0,0.0,0.0,0.0,22.0,20.0,56.425635,43.0,16.0,-12.5981,0.0,129.0,58.97150499999999,935.17,1124.0,2334.644233,0.0,740.4034,0.0,0.0,94.786374,2879.665,0.0,190.000895,4.0,193.0,122.130188,-16.53,43.0,64.0,70.0,101.023631,-8.715039,1,3.0,Medium
0.0,0.0,0.0,0.0,5.0,0.0,0.0,0.0,0.0,0.0,4.0,0.0,0.0,0.0,0.0,5.0,8.0,0.0,0.0,0.0,0.0,0.0,0.0,0.0,0.0,0.0,0.0,0.0,22.0,10.0,74.328502,53.0,5.0,-1.0862000000000007,0.0,142.0,61.99189100000001,849.51,1156.0,2540.6495570000006,0.0,745.8955000000001,0.0,0.0,93.42629,2867.48,0.0,182.06,-3.0,200.0,125.21746,-17.939999999999998,53.0,58.0,73.0,90.870484,-8.638349,1,3.0,Medium
0.0,0.0,0.0,0.0,0.0,0.0,0.0,5.0,0.0,0.0,4.0,0.0,0.0,0.0,0.0,5.0,8.0,0.0,0.0,0.0,0.0,0.0,0.0,0.0,0.0,0.0,0.0,0.0,22.0,10.0,70.718502,53.0,5.0,-10.8227,0.0,117.0,50.524981,849.51,1006.0,2076.212082,0.0,630.6904999999999,0.0,0.0,92.10463,2516.805,0.0,157.06,-3.0,175.0,104.83071,-17.939999999999998,53.0,58.0,63.0,82.762339,-8.566533,1,3.0,Medium
0.0,0.0,0.0,0.0,0.0,0.0,0.0,5.0,0.0,0.0,6.0,0.0,0.0,0.0,0.0,0.0,5.0,6.0,0.0,0.0,0.0,0.0,0.0,0.0,0.0,0.0,0.0,0.0,22.0,5.0,70.076402,50.0,5.0,4.859399999999999,0.0,140.0,61.352984000000006,725.3299999999999,1126.0,2303.268353,0.0,740.1685,0.0,0.0,99.204638,2794.453,0.0,177.18,0.0,195.0,122.233281,-17.82,50.0,55.0,79.0,100.525019,-8.5609045,1,4.0,Medium
3.0,3.0,0.0,0.0,0.0,0.0,0.0,0.0,0.0,0.0,0.0,0.0,0.0,0.0,0.0,4.0,11.0,0.0,0.0,0.0,0.0,0.0,0.0,0.0,0.0,0.0,0.0,0.0,21.0,13.0,48.82905099999999,43.0,9.0,-14.127300000000002,0.0,93.0,39.758836,959.59,876.0,1834.430297,0.0,549.4879,0.0,0.0,83.785808,2298.993,0.0,151.987074,-5.0,151.0,91.643885,-15.250000000000002,43.0,58.0,41.0,72.563068,-8.549457,2,0.0,Low
0.0,5.0,0.0,0.0,0.0,0.0,0.0,0.0,0.0,0.0,0.0,0.0,0.0,0.0,0.0,4.0,5.0,0.0,0.0,0.0,0.0,0.0,10.0,0.0,0.0,0.0,0.0,0.0,24.0,14.0,66.74681100000001,47.0,10.0,24.936499999999995,0.0,189.0,84.943185,933.47,1468.0,3221.641165,0.0,1012.3792,0.0,0.0,116.80382,3687.127,0.0,246.66089500000004,0.0,251.0,165.71687400000002,-17.869999999999997,47.0,62.0,102.0,132.842609,-8.57533,1,2.0,Medium
0.0,0.0,0.0,0.0,6.0,0.0,0.0,0.0,0.0,0.0,0.0,0.0,0.0,0.0,0.0,6.0,2.0,0.0,0.0,0.0,0.0,0.0,8.0,0.0,0.0,0.0,0.0,0.0,22.0,12.0,79.992366,50.0,6.0,29.8538,0.0,210.0,94.670746,754.28,1552.0,3576.713148,0.0,1071.441,0.0,0.0,108.52774,3795.39,0.0,248.14,4.0,266.0,178.15910000000002,-17.86,50.0,56.0,112.0,128.066988,-8.547556,0,5.0,High
5.0,0.0,0.0,0.0,0.0,0.0,8.0,0.0,0.0,0.0,0.0,0.0,0.0,0.0,0.0,4.0,4.0,0.0,0.0,0.0,0.0,0.0,0.0,0.0,0.0,0.0,0.0,0.0,21.0,17.0,53.616488,46.0,13.0,-7.949400000000001,0.0,138.0,63.83966099999999,862.26,1180.0,2449.831948,0.0,780.6733,0.0,0.0,94.967912,3015.916,0.0,199.710895,9.0,202.0,129.72733300000002,-15.82,46.0,64.0,79.0,110.16734300000002,-8.769253,1,3.0,Medium
3.0,0.0,0.0,0.0,3.0,0.0,0.0,0.0,0.0,0.0,0.0,0.0,0.0,0.0,0.0,5.0,11.0,0.0,0.0,0.0,0.0,0.0,0.0,0.0,0.0,0.0,0.0,0.0,22.0,11.0,63.97369499999999,49.0,6.0,-9.6343,0.0,117.0,50.264194,928.12,1012.0,2218.139032,0.0,639.4904,0.0,0.0,87.45295,2575.1910000000003,0.0,166.168537,-5.0,175.0,107.922207,-16.95,49.0,58.0,53.0,76.767135,-8.593894,2,0.0,Low
0.0,0.0,4.0,0.0,0.0,0.0,3.0,0.0,0.0,0.0,0.0,0.0,0.0,0.0,6.0,8.0,0.0,0.0,0.0,0.0,0.0,0.0,0.0,0.0,0.0,0.0,0.0,0.0,21.0,31.0,58.378216,46.0,17.0,-1.0080999999999998,0.0,145.0,66.614895,987.4,1238.0,2753.021176,0.0,833.8757,0.0,0.0,98.499019,3135.688,0.0,206.205844,7.0,212.0,135.62465500000002,-16.27,46.0,67.0,76.0,107.904579,-8.83718,1,4.0,Medium
0.0,0.0,0.0,0.0,0.0,0.0,6.0,0.0,0.0,3.0,0.0,0.0,0.0,0.0,0.0,4.0,8.0,0.0,0.0,0.0,0.0,0.0,0.0,0.0,0.0,0.0,0.0,0.0,21.0,13.0,65.864242,49.0,9.0,-13.3254,3.0,132.0,60.335983,811.51,1092.0,2394.214466,0.0,697.9405000000002,3.0,3.0,81.702845,2723.274,0.0,166.998483,1.0,190.0,115.947518,-17.23,49.0,58.0,68.0,86.98035399999999,-8.724682,1,4.0,Medium
0.0,0.0,0.0,0.0,5.0,0.0,0.0,0.0,0.0,0.0,0.0,0.0,0.0,0.0,0.0,4.0,8.0,0.0,0.0,0.0,0.0,0.0,5.0,0.0,0.0,0.0,0.0,0.0,22.0,9.0,77.37225600000001,48.0,5.0,12.417899999999998,0.0,168.0,74.209281,792.36,1282.0,2909.306544,0.0,857.8357,0.0,0.0,97.39656,3152.1870000000004,0.0,203.26,-3.0,221.0,143.492781,-17.74,48.0,53.0,85.0,99.605072,-8.6029625,1,3.0,Medium
0.0,0.0,6.0,0.0,0.0,0.0,0.0,0.0,0.0,0.0,0.0,0.0,0.0,0.0,0.0,4.0,8.0,0.0,0.0,0.0,0.0,0.0,0.0,0.0,0.0,0.0,4.0,0.0,22.0,32.0,48.76326,66.0,12.0,-18.1458,4.0,138.0,64.290242,1350.32,1292.0,3105.002418,0.0,799.6988,4.0,4.0,101.664302,3336.174,0.0,212.924626,-2.0,222.0,132.907022,-17.0,66.0,84.0,68.0,104.615708,-8.695045,1,3.0,Medium
0.0,0.0,0.0,0.0,0.0,0.0,0.0,3.0,0.0,0.0,0.0,0.0,0.0,0.0,0.0,4.0,9.0,5.0,0.0,0.0,0.0,0.0,0.0,0.0,0.0,0.0,0.0,0.0,21.0,7.0,68.566381,46.0,3.0,-3.1980000000000004,0.0,112.0,47.693488,771.01,924.0,1971.526094,0.0,588.1773000000001,0.0,0.0,80.35532,2303.639,0.0,144.13,-6.0,161.0,97.718831,-16.87,46.0,49.0,53.0,70.192646,-8.488875,2,0.0,Low
3.0,0.0,0.0,0.0,0.0,0.0,0.0,0.0,0.0,4.0,0.0,0.0,0.0,0.0,0.0,4.0,11.0,0.0,0.0,0.0,0.0,0.0,0.0,0.0,0.0,0.0,0.0,0.0,22.0,11.0,57.140787,52.0,7.0,-16.0713,4.0,115.0,50.779091,949.25,1016.0,2297.332225,0.0,629.6303,4.0,4.0,82.572612,2603.093,0.0,160.313181,-4.0,177.0,105.457593,-17.11,52.0,62.0,48.0,75.930075,-8.678638,2,0.0,Low
3.0,0.0,0.0,0.0,0.0,0.0,5.0,0.0,0.0,0.0,0.0,0.0,0.0,0.0,0.0,4.0,9.0,0.0,0.0,0.0,0.0,0.0,0.0,0.0,0.0,0.0,0.0,0.0,21.0,12.0,59.432611,46.0,8.0,-11.7976,0.0,114.0,50.658404,862.81,990.0,2055.174629,0.0,630.9380000000001,0.0,0.0,85.112509,2521.191,0.0,162.918537,-1.0,171.0,105.204622,-16.2,46.0,57.0,60.0,84.05613199999999,-8.583695,1,3.0,Medium
0.0,0.0,0.0,0.0,0.0,0.0,5.0,0.0,0.0,0.0,4.0,0.0,0.0,0.0,0.0,0.0,8.0,0.0,0.0,0.0,0.0,0.0,0.0,0.0,0.0,4.0,0.0,0.0,21.0,5.0,67.08639,46.0,5.0,12.6947,0.0,161.0,73.078397,722.0600000000001,1230.0,2476.849822,0.0,823.0345,0.0,0.0,118.199925,3024.016,0.0,195.05,-3.0,212.0,134.183737,-16.95,46.0,51.0,106.0,122.257893,-8.582453,1,3.0,Medium
5.0,0.0,0.0,0.0,0.0,0.0,0.0,0.0,0.0,0.0,0.0,0.0,0.0,0.0,0.0,4.0,10.0,0.0,0.0,0.0,0.0,0.0,0.0,0.0,0.0,0.0,2.0,0.0,21.0,17.0,50.398558,58.0,5.0,-15.6936,2.0,108.0,47.778255,1108.48,1020.0,2338.298718,0.0,618.3401,2.0,2.0,83.450844,2648.83,0.0,169.656325,-5.0,176.0,104.172061,-15.98,58.0,68.0,49.0,79.80943300000001,-8.615043,2,0.0,Low
0.0,0.0,3.0,0.0,0.0,0.0,5.0,0.0,0.0,0.0,0.0,0.0,0.0,0.0,0.0,4.0,9.0,0.0,0.0,0.0,0.0,0.0,0.0,0.0,0.0,0.0,0.0,0.0,21.0,15.0,59.432611,43.0,11.0,-11.9083,0.0,117.0,52.490666,871.21,1008.0,2089.632746,0.0,650.9411,0.0,0.0,90.397672,2560.32,0.0,165.656883,-1.0,174.0,107.601196,-16.2,43.0,57.0,63.0,87.01864700000002,-8.644493,1,2.0,Medium
4.0,0.0,0.0,0.0,0.0,0.0,0.0,0.0,0.0,4.0,0.0,0.0,0.0,0.0,0.0,4.0,11.0,0.0,0.0,0.0,0.0,0.0,0.0,0.0,0.0,0.0,0.0,0.0,23.0,12.0,57.140787,54.0,8.0,-16.3019,4.0,121.0,53.579568,1003.19,1076.0,2422.248449,0.0,670.4064000000001,4.0,4.0,88.16666000000001,2769.721,0.0,172.47936,-3.0,187.0,112.327262,-17.650000000000002,54.0,66.0,51.0,82.50827799999999,-8.656676,1,1.0,Medium
0.0,0.0,5.0,0.0,0.0,0.0,0.0,0.0,0.0,0.0,0.0,0.0,0.0,0.0,0.0,4.0,10.0,2.0,0.0,0.0,0.0,0.0,0.0,0.0,0.0,0.0,0.0,0.0,21.0,14.0,52.249184,41.0,10.0,-7.910900000000002,0.0,105.0,45.58986300000001,923.72,934.0,1965.469427,0.0,602.0562000000001,0.0,0.0,92.040521,2413.8730000000005,0.0,158.594805,-5.0,161.0,99.182147,-15.5,41.0,56.0,50.0,79.463794,-8.605236,1,1.0,Medium
0.0,0.0,0.0,4.0,0.0,0.0,0.0,0.0,0.0,0.0,4.0,0.0,0.0,0.0,0.0,4.0,10.0,0.0,0.0,0.0,0.0,0.0,0.0,0.0,0.0,0.0,0.0,0.0,22.0,8.0,71.93848599999998,52.0,4.0,-7.255000000000001,0.0,122.0,52.983024,852.5,1024.0,2161.749174,0.0,644.81,0.0,0.0,89.91048799999999,2552.902,0.0,160.14,-6.0,178.0,107.479872,-17.86,52.0,56.0,66.0,83.38494399999999,-8.582726,2,0.0,Low
10.0,0.0,0.0,0.0,0.0,0.0,0.0,0.0,0.0,0.0,1.0,0.0,0.0,0.0,0.0,1.0,10.0,0.0,0.0,0.0,0.0,0.0,0.0,0.0,0.0,0.0,0.0,0.0,22.0,11.0,38.475972,46.0,10.0,-12.2329,0.0,103.0,44.763965,1022.76,990.0,2035.186497,0.0,630.3088,0.0,0.0,97.07783,2651.143,0.0,181.10179,0.0,169.0,106.221783,-14.96,46.0,66.0,48.0,91.378955,-8.54413,1,4.0,Medium
0.0,0.0,0.0,0.0,5.0,0.0,0.0,0.0,0.0,0.0,0.0,0.0,0.0,0.0,0.0,5.0,5.0,0.0,0.0,0.0,0.0,0.0,6.0,0.0,0.0,0.0,0.0,0.0,21.0,10.0,74.86654899999999,47.0,5.0,19.0711,0.0,177.0,78.949905,744.8,1332.0,3043.798466,0.0,904.1615,0.0,0.0,97.281646,3267.4710000000005,0.0,212.01,0.0,229.0,150.71143800000002,-16.990000000000002,47.0,52.0,92.0,106.72845,-8.572348,1,2.0,Medium
4.0,0.0,0.0,0.0,0.0,0.0,0.0,0.0,0.0,0.0,0.0,0.0,0.0,0.0,0.0,4.0,4.0,10.0,0.0,0.0,0.0,0.0,0.0,0.0,0.0,0.0,0.0,0.0,22.0,8.0,59.520106,48.0,4.0,14.2168,0.0,140.0,61.165256,825.4,1140.0,2465.396838,0.0,762.1655999999999,0.0,0.0,91.378492,2893.284,0.0,190.284716,0.0,196.0,125.871856,-16.54,48.0,56.0,68.0,99.07063,-8.537026,1,4.0,Medium
5.0,0.0,0.0,0.0,3.0,0.0,0.0,0.0,0.0,12.0,0.0,0.0,0.0,0.0,0.0,0.0,2.0,0.0,0.0,0.0,0.0,0.0,0.0,0.0,0.0,0.0,0.0,0.0,22.0,20.0,43.095413,56.0,20.0,-12.6366,12.0,192.0,92.096919,921.82,1580.0,3890.345753000001,0.0,1045.781,12.0,12.0,97.81849,4021.333,0.0,246.234827,18.0,273.0,175.42170800000002,-17.21,56.0,81.0,83.0,125.088325,-8.863975,1,4.0,Medium
0.0,0.0,0.0,6.0,0.0,0.0,0.0,0.0,0.0,5.0,0.0,0.0,0.0,0.0,0.0,4.0,6.0,0.0,0.0,0.0,0.0,0.0,0.0,0.0,0.0,0.0,0.0,0.0,21.0,15.0,64.462818,51.0,11.0,-10.7878,5.0,152.0,70.442393,811.19,1232.0,2895.010542,0.0,799.5459000000001,5.0,5.0,86.124337,3065.842,0.0,186.990805,5.0,214.0,133.630488,-17.39,51.0,62.0,74.0,94.327776,-8.800464,1,3.0,Medium
4.0,0.0,0.0,0.0,0.0,0.0,0.0,0.0,0.0,0.0,0.0,0.0,0.0,0.0,0.0,3.0,10.0,4.0,0.0,0.0,0.0,0.0,0.0,0.0,0.0,0.0,0.0,0.0,21.0,7.0,55.480073,45.0,4.0,-3.782200000000001,0.0,104.0,44.134079,861.8500000000001,908.0,1920.09019,0.0,576.4448,0.0,0.0,82.160144,2336.283,0.0,152.114716,-6.0,157.0,96.223005,-15.71,45.0,53.0,47.0,73.92173,-8.49877,2,0.0,Low
0.0,0.0,3.0,0.0,0.0,0.0,0.0,0.0,0.0,3.0,0.0,0.0,0.0,0.0,0.0,4.0,12.0,0.0,0.0,0.0,0.0,0.0,0.0,0.0,0.0,0.0,0.0,0.0,22.0,13.0,58.267658,48.0,9.0,-16.2805,3.0,111.0,48.778038,957.81,982.0,2178.291095,0.0,612.6817,3.0,3.0,87.17553799999999,2513.019,0.0,156.055366,-6.0,171.0,101.780629,-17.03,48.0,60.0,48.0,74.638712,-8.7106085,2,0.0,Low
0.0,0.0,0.0,0.0,0.0,0.0,6.0,0.0,0.0,0.0,2.0,0.0,0.0,0.0,0.0,4.0,10.0,0.0,0.0,0.0,0.0,0.0,0.0,0.0,0.0,0.0,0.0,0.0,22.0,10.0,72.10779600000001,50.0,6.0,-11.039,0.0,122.0,53.91240599999999,842.9200000000001,1024.0,2096.641016,0.0,647.1794,0.0,0.0,87.06507400000001,2552.95,0.0,160.14,-4.0,178.0,107.386994,-17.86,50.0,56.0,68.0,85.281992,-8.6117115,2,0.0,Low
0.0,0.0,0.0,0.0,0.0,0.0,0.0,0.0,0.0,0.0,5.0,0.0,0.0,0.0,0.0,0.0,6.0,0.0,0.0,0.0,0.0,0.0,0.0,0.0,6.0,0.0,5.0,0.0,22.0,20.0,64.23538300000001,79.0,0.0,14.7243,5.0,203.0,95.333931,1204.63,1638.0,3718.484819,0.0,1044.93,5.0,5.0,145.847534,4050.922,0.0,253.48357500000003,-6.0,282.0,170.218232,-18.78,79.0,79.0,133.0,158.610862,-8.600747,1,1.0,Medium
0.0,0.0,0.0,0.0,6.0,0.0,0.0,0.0,0.0,3.0,0.0,0.0,0.0,0.0,0.0,5.0,7.0,0.0,0.0,0.0,0.0,0.0,0.0,0.0,0.0,0.0,0.0,0.0,21.0,14.0,69.13887199999999,50.0,9.0,-5.1471,3.0,153.0,68.87988200000001,817.9100000000001,1224.0,2888.9607250000004,0.0,798.4373,3.0,3.0,86.228923,3034.8480000000004,0.0,188.958483,2.0,212.0,134.71041100000002,-17.27,50.0,59.0,70.0,88.122044,-8.797144,1,4.0,Medium
0.0,0.0,0.0,0.0,0.0,0.0,0.0,5.0,0.0,3.0,0.0,0.0,0.0,0.0,0.0,0.0,8.0,6.0,0.0,0.0,0.0,0.0,0.0,0.0,0.0,0.0,0.0,0.0,22.0,8.0,67.72138100000001,47.0,8.0,-5.823900000000002,3.0,137.0,60.939341000000006,752.45,1102.0,2442.73343,0.0,716.3536,3.0,3.0,88.65452900000001,2743.3720000000003,0.0,168.408483,0.0,192.0,119.276487,-17.82,47.0,55.0,64.0,84.66141499999999,-8.708642,1,4.0,Medium
0.0,5.0,0.0,0.0,0.0,0.0,5.0,0.0,0.0,0.0,0.0,0.0,0.0,0.0,0.0,4.0,7.0,0.0,0.0,0.0,0.0,0.0,0.0,0.0,0.0,0.0,0.0,0.0,21.0,19.0,53.023001,41.0,15.0,-12.2384,0.0,120.0,54.602784,904.43,1054.0,2193.180271,0.0,692.3357,0.0,0.0,89.880605,2707.4170000000004,0.0,178.830895,3.0,181.0,114.200807,-15.7,41.0,61.0,64.0,94.16948600000002,-8.697865,1,3.0,Medium
0.0,0.0,0.0,0.0,6.0,0.0,0.0,0.0,0.0,0.0,0.0,0.0,0.0,0.0,0.0,6.0,6.0,0.0,0.0,0.0,0.0,0.0,3.0,0.0,0.0,0.0,0.0,0.0,21.0,12.0,74.238291,48.0,6.0,8.932500000000001,0.0,162.0,71.894259,783.3000000000001,1254.0,2876.563005,0.0,836.8620000000001,0.0,0.0,92.43170999999998,3088.0800000000004,0.0,198.93,0.0,216.0,140.380476,-17.07,48.0,54.0,81.0,96.159642,-8.686981,1,4.0,Medium
0.0,0.0,0.0,0.0,0.0,0.0,0.0,0.0,0.0,11.0,1.0,0.0,0.0,0.0,0.0,1.0,11.0,0.0,0.0,0.0,0.0,0.0,0.0,0.0,0.0,0.0,0.0,0.0,24.0,12.0,64.538051,61.0,11.0,-21.7758,11.0,156.0,72.187724,963.16,1298.0,3145.47681,0.0,811.4645,11.0,11.0,87.161957,3258.7560000000003,0.0,186.917771,0.0,228.0,135.545459,-19.92,61.0,72.0,63.0,90.647895,-8.786605,1,3.0,Medium
0.0,0.0,6.0,0.0,5.0,0.0,0.0,0.0,0.0,0.0,0.0,0.0,0.0,0.0,0.0,3.0,10.0,0.0,0.0,0.0,0.0,0.0,0.0,0.0,0.0,0.0,0.0,0.0,24.0,20.0,61.814522,45.0,17.0,-8.051000000000002,0.0,150.0,67.073131,1035.03,1272.0,2798.2717930000003,0.0,844.6527000000001,0.0,0.0,115.287264,3250.65,0.0,215.933766,1.0,218.0,141.13837999999998,-17.78,45.0,68.0,73.0,105.959656,-8.730547,1,2.0,Medium
0.0,0.0,5.0,0.0,0.0,0.0,0.0,0.0,0.0,0.0,0.0,0.0,0.0,0.0,0.0,4.0,8.0,0.0,0.0,0.0,0.0,5.0,0.0,0.0,0.0,0.0,0.0,0.0,22.0,14.0,58.876716,43.0,10.0,-0.0461000000000026,0.0,123.0,52.443981,922.36,1052.0,2354.857814,0.0,693.5812000000001,0.0,0.0,97.995755,2698.357,0.0,177.80480500000002,-3.0,181.0,115.808406,-16.29,43.0,58.0,45.0,80.671527,-8.708976,2,0.0,Low
0.0,3.0,0.0,0.0,0.0,0.0,0.0,0.0,0.0,4.0,0.0,0.0,0.0,0.0,0.0,4.0,11.0,0.0,0.0,0.0,0.0,0.0,0.0,0.0,0.0,0.0,0.0,0.0,22.0,14.0,57.140787,49.0,10.0,-17.3523,4.0,115.0,51.111353,957.65,1016.0,2297.332225,0.0,635.7824,4.0,4.0,82.572612,2600.141,0.0,160.313181,-4.0,177.0,105.732846,-17.11,49.0,62.0,48.0,75.930075,-8.70374,2,0.0,Low
0.0,0.0,0.0,0.0,0.0,0.0,0.0,5.0,0.0,3.0,0.0,0.0,0.0,0.0,0.0,4.0,9.0,0.0,0.0,0.0,0.0,0.0,0.0,0.0,0.0,0.0,0.0,0.0,21.0,12.0,64.627568,49.0,8.0,-17.9444,3.0,116.0,51.465829,820.9000000000001,990.0,2205.216667,0.0,618.9068,3.0,3.0,82.025581,2481.811,0.0,150.038483,-1.0,173.0,103.548021,-17.19,49.0,57.0,53.0,72.351215,-8.67547,1,3.0,Medium
0.0,0.0,0.0,0.0,0.0,0.0,0.0,0.0,0.0,4.0,0.0,0.0,0.0,0.0,0.0,6.0,5.0,0.0,0.0,0.0,0.0,0.0,6.0,0.0,0.0,0.0,0.0,0.0,21.0,10.0,66.988009,52.0,4.0,11.2153,4.0,163.0,73.616648,797.51,1264.0,2930.610401,0.0,836.2696000000001,4.0,4.0,88.709464,3127.001,0.0,194.154644,-1.0,219.0,137.831852,-17.15,52.0,56.0,81.0,100.836982,-8.713198,1,3.0,Medium
0.0,0.0,0.0,0.0,0.0,0.0,0.0,5.0,0.0,0.0,0.0,0.0,0.0,0.0,0.0,4.0,10.0,2.0,0.0,0.0,0.0,0.0,0.0,0.0,0.0,0.0,0.0,0.0,21.0,9.0,68.22350899999999,46.0,5.0,-12.272899999999998,0.0,105.0,44.770708,793.72,894.0,1887.330682,0.0,559.0057,0.0,0.0,81.80902600000002,2236.4880000000003,0.0,139.05,-5.0,156.0,93.415347,-16.95,46.0,51.0,50.0,66.609459,-8.503536,2,0.0,Low
4.0,0.0,0.0,0.0,0.0,0.0,0.0,0.0,0.0,4.0,0.0,0.0,0.0,0.0,4.0,10.0,0.0,0.0,0.0,0.0,0.0,0.0,0.0,0.0,0.0,0.0,0.0,0.0,22.0,26.0,56.264174,58.0,12.0,-3.6212,4.0,152.0,69.743018,1038.26,1312.0,3074.195428,0.0,858.3332,4.0,4.0,91.581004,3341.718,0.0,211.86936000000003,8.0,226.0,141.415058,-17.259999999999998,58.0,74.0,70.0,106.550544,-8.803351,1,4.0,Medium
0.0,0.0,0.0,0.0,0.0,0.0,0.0,3.0,0.0,0.0,0.0,0.0,0.0,0.0,0.0,4.0,10.0,5.0,0.0,0.0,0.0,0.0,0.0,0.0,0.0,0.0,0.0,0.0,22.0,7.0,71.771186,48.0,3.0,-4.2757000000000005,0.0,115.0,48.79866,811.1400000000001,952.0,2027.439497,0.0,603.3813,0.0,0.0,83.56532000000001,2374.6940000000004,0.0,148.34,-7.0,166.0,100.319785,-17.66,48.0,51.0,54.0,71.71417199999999,-8.509362,2,0.0,Low
5.0,0.0,0.0,0.0,0.0,0.0,0.0,0.0,0.0,0.0,0.0,0.0,0.0,0.0,0.0,0.0,4.0,0.0,0.0,0.0,0.0,0.0,8.0,0.0,0.0,0.0,5.0,0.0,22.0,25.0,54.472272,74.0,5.0,10.724,5.0,198.0,92.581878,1269.02,1648.0,4038.06586,0.0,1064.7895,5.0,5.0,108.280598,4165.228,0.0,268.46447,1.0,282.0,177.52919500000002,-17.33,74.0,84.0,105.0,138.13187399999998,-8.6730995,1,2.0,Medium
0.0,6.0,0.0,0.0,0.0,0.0,0.0,0.0,0.0,0.0,5.0,0.0,0.0,0.0,0.0,5.0,5.0,0.0,0.0,0.0,0.0,0.0,0.0,0.0,0.0,0.0,0.0,0.0,21.0,17.0,48.163635,46.0,12.0,-5.083600000000001,0.0,116.0,51.530621,951.39,1050.0,2163.515494,0.0,685.5198,0.0,0.0,94.801038,2720.704,0.0,180.747074,1.0,180.0,112.351055,-15.489999999999998,46.0,64.0,63.0,98.985173,-8.629526,1,4.0,Medium
4.0,0.0,0.0,0.0,0.0,0.0,0.0,0.0,0.0,0.0,0.0,0.0,0.0,0.0,0.0,4.0,11.0,3.0,0.0,0.0,0.0,0.0,0.0,0.0,0.0,0.0,0.0,0.0,22.0,8.0,58.76645799999999,48.0,4.0,-6.667700000000002,0.0,105.0,44.348372,922.21,930.0,1966.255692,0.0,583.8266,0.0,0.0,84.97294600000001,2395.283,0.0,155.284716,-7.0,161.0,97.564066,-16.540000000000003,48.0,56.0,47.0,74.501057,-8.488971,2,0.0,Low
0.0,0.0,5.0,0.0,0.0,0.0,0.0,0.0,0.0,0.0,3.0,0.0,0.0,0.0,0.0,4.0,9.0,0.0,0.0,0.0,0.0,0.0,0.0,0.0,0.0,0.0,0.0,0.0,21.0,14.0,51.52106,44.0,10.0,-8.3885,0.0,107.0,46.741833,937.58,964.0,1983.374003,0.0,618.4372000000001,0.0,0.0,96.508775,2490.932,0.0,163.474805,-4.0,166.0,101.682911,-15.62,44.0,59.0,56.0,86.75653500000001,-8.592729,1,1.0,Medium
4.0,0.0,0.0,0.0,0.0,0.0,0.0,0.0,0.0,0.0,0.0,0.0,0.0,0.0,0.0,6.0,6.0,0.0,0.0,0.0,0.0,0.0,5.0,0.0,0.0,0.0,0.0,0.0,21.0,10.0,58.166419000000005,48.0,4.0,9.8099,0.0,138.0,60.730345,867.22,1130.0,2463.777349,0.0,746.8761999999999,0.0,0.0,92.939502,2865.23,0.0,188.994716,-2.0,194.0,123.577026,-15.829999999999998,48.0,56.0,71.0,97.971014,-8.574076,1,3.0,Medium
0.0,0.0,0.0,0.0,0.0,0.0,0.0,6.0,5.0,0.0,3.0,0.0,0.0,0.0,0.0,0.0,8.0,0.0,0.0,0.0,0.0,0.0,0.0,0.0,0.0,0.0,0.0,0.0,22.0,16.0,70.922419,42.0,16.0,-17.1382,0.0,132.0,59.995461000000006,779.77,1096.0,2207.530659,0.0,718.1732,0.0,0.0,97.994075,2722.434,0.0,172.06,3.0,190.0,118.39586,-17.939999999999998,42.0,58.0,77.0,95.28917599999998,-8.703304,1,3.0,Medium
0.0,0.0,0.0,0.0,0.0,0.0,0.0,2.0,0.0,3.0,0.0,0.0,0.0,0.0,0.0,0.0,12.0,5.0,0.0,0.0,0.0,0.0,0.0,0.0,0.0,0.0,0.0,0.0,22.0,5.0,67.64353700000001,47.0,5.0,-8.6208,3.0,120.0,52.110245,794.45,982.0,2176.844219,0.0,619.9875,3.0,3.0,81.441041,2452.812,0.0,148.528483,-7.0,172.0,103.489878,-17.7,47.0,52.0,52.0,70.731531,-8.58638,2,0.0,Low
4.0,0.0,0.0,0.0,0.0,0.0,0.0,0.0,0.0,4.0,0.0,0.0,0.0,0.0,0.0,4.0,10.0,0.0,0.0,0.0,0.0,0.0,0.0,0.0,0.0,0.0,0.0,0.0,22.0,12.0,53.935982,52.0,8.0,-15.2242,4.0,118.0,52.474396,963.06,1048.0,2366.335046,0.0,655.2024000000001,4.0,4.0,84.95666,2698.666,0.0,168.26936,-2.0,182.0,109.726308,-16.86,52.0,64.0,50.0,80.986752,-8.657255,1,3.0,Medium
0.0,0.0,0.0,0.0,0.0,0.0,5.0,0.0,0.0,0.0,5.0,0.0,0.0,0.0,0.0,0.0,5.0,0.0,0.0,0.0,0.0,0.0,6.0,0.0,0.0,0.0,0.0,0.0,21.0,5.0,70.494514,47.0,5.0,16.5061,0.0,167.0,75.459925,689.8,1272.0,2642.545566,0.0,859.0775000000001,0.0,0.0,101.849431,3127.201,0.0,202.01,0.0,219.0,141.123213,-16.990000000000002,47.0,52.0,102.0,118.93249,-8.505688,1,4.0,Medium
0.0,0.0,0.0,0.0,0.0,0.0,0.0,0.0,0.0,0.0,0.0,0.0,0.0,0.0,0.0,4.0,4.0,0.0,0.0,0.0,0.0,0.0,8.0,0.0,0.0,0.0,6.0,0.0,22.0,28.0,70.435624,84.0,0.0,10.191199999999998,6.0,204.0,95.174978,1311.12,1672.0,4225.719284,0.0,1057.8364,6.0,6.0,99.45642,4144.944,0.0,257.33629,-4.0,288.0,175.858,-18.98,84.0,84.0,108.0,129.27097,-8.731774,1,1.0,Medium
0.0,0.0,0.0,0.0,0.0,0.0,0.0,0.0,4.0,0.0,0.0,0.0,0.0,0.0,0.0,4.0,10.0,3.0,0.0,0.0,0.0,0.0,0.0,0.0,0.0,0.0,0.0,0.0,21.0,12.0,69.172189,42.0,8.0,-7.814400000000001,0.0,114.0,49.959192,800.4799999999999,942.0,1976.533241,0.0,605.9918,0.0,0.0,79.00983000000001,2342.7720000000004,0.0,147.09,-6.0,164.0,99.568964,-16.91,42.0,50.0,58.0,74.08329900000001,-8.572825,2,0.0,Low
0.0,4.0,0.0,0.0,0.0,0.0,0.0,0.0,0.0,0.0,0.0,0.0,0.0,0.0,0.0,4.0,4.0,0.0,0.0,0.0,0.0,0.0,10.0,0.0,0.0,0.0,0.0,0.0,22.0,12.0,63.542006,44.0,8.0,26.6718,0.0,180.0,80.926782,836.6,1380.0,3040.811538,0.0,954.3484,0.0,0.0,107.999772,3450.4280000000003,0.0,230.28471600000003,0.0,236.0,156.15449999999998,-16.54,44.0,56.0,98.0,124.74288,-8.552577,1,2.0,Medium
3.0,0.0,0.0,0.0,0.0,0.0,0.0,0.0,0.0,0.0,0.0,0.0,0.0,0.0,0.0,4.0,9.0,5.0,0.0,0.0,0.0,0.0,0.0,0.0,0.0,0.0,0.0,0.0,21.0,7.0,58.981786,46.0,3.0,-0.4701000000000004,0.0,109.0,46.352719,840.61,930.0,1983.951224,0.0,594.0045,0.0,0.0,81.20905400000001,2370.941,0.0,153.118537,-6.0,161.0,98.782337,-16.0,46.0,52.0,50.0,74.942732,-8.498905,2,0.0,Low
4.0,0.0,0.0,0.0,0.0,0.0,0.0,0.0,0.0,0.0,0.0,0.0,0.0,0.0,0.0,4.0,8.0,0.0,0.0,0.0,0.0,5.0,0.0,0.0,0.0,0.0,0.0,0.0,21.0,8.0,58.876716,46.0,4.0,0.368999999999998,0.0,112.0,46.58973400000001,854.4200000000001,962.0,2172.5113950000004,0.0,619.4666,0.0,0.0,83.593102,2466.514,0.0,161.07471600000002,-4.0,166.0,104.944447,-15.75,46.0,54.0,37.0,69.155799,-8.545422,2,0.0,Low
4.0,4.0,0.0,0.0,0.0,0.0,0.0,0.0,0.0,0.0,0.0,0.0,0.0,0.0,0.0,4.0,9.0,0.0,0.0,0.0,0.0,0.0,0.0,0.0,0.0,0.0,0.0,0.0,21.0,16.0,42.419441,42.0,12.0,-12.8601,0.0,99.0,43.2602,990.01,940.0,1972.435939,0.0,602.6828,0.0,0.0,88.553904,2489.155,0.0,167.899432,-1.0,161.0,100.273066,-14.75,42.0,62.0,45.0,82.676422,-8.573608,1,2.0,Medium
4.0,0.0,0.0,0.0,3.0,0.0,0.0,0.0,0.0,0.0,0.0,0.0,0.0,0.0,0.0,4.0,10.0,0.0,0.0,0.0,0.0,0.0,0.0,0.0,0.0,0.0,0.0,0.0,21.0,11.0,57.374841,46.0,7.0,-8.885200000000001,0.0,114.0,49.342794,895.4000000000001,992.0,2169.670473,0.0,632.2037,0.0,0.0,86.109118,2540.621,0.0,165.954716,-3.0,171.0,106.805891,-15.87,46.0,57.0,52.0,77.734546,-8.578278,1,3.0,Medium
0.0,3.0,0.0,0.0,0.0,0.0,0.0,0.0,0.0,0.0,0.0,0.0,0.0,0.0,0.0,3.0,4.0,11.0,0.0,0.0,0.0,0.0,0.0,0.0,0.0,0.0,0.0,0.0,21.0,9.0,59.438526,42.0,6.0,14.9742,0.0,136.0,59.58792,759.6300000000001,1086.0,2350.228515,0.0,735.3638,0.0,0.0,86.18164200000001,2735.759,0.0,179.158537,-1.0,187.0,120.537333,-15.96,42.0,51.0,66.0,93.434626,-8.538289,1,3.0,Medium
0.0,5.0,0.0,0.0,0.0,0.0,3.0,0.0,0.0,0.0,0.0,0.0,0.0,0.0,0.0,6.0,8.0,0.0,0.0,0.0,0.0,0.0,0.0,0.0,0.0,0.0,0.0,0.0,22.0,19.0,56.210636,45.0,13.0,-12.4007,0.0,117.0,52.203924,976.14,1046.0,2201.10851,0.0,677.1219000000001,0.0,0.0,90.734827,2694.262,0.0,177.04089499999998,0.0,180.0,111.713061,-16.49,45.0,63.0,59.0,90.161254,-8.630215,1,4.0,Medium
0.0,0.0,6.0,0.0,0.0,0.0,0.0,0.0,0.0,0.0,0.0,0.0,0.0,0.0,0.0,4.0,8.0,3.0,0.0,0.0,0.0,0.0,0.0,0.0,0.0,0.0,0.0,0.0,21.0,16.0,49.152043,40.0,12.0,-4.117200000000002,0.0,114.0,50.298334,926.5,1002.0,2117.264165,0.0,659.773,0.0,0.0,97.101368,2593.632,0.0,172.463766,-2.0,172.0,108.29369,-15.25,40.0,58.0,56.0,89.01791499999999,-8.664146,1,3.0,Medium
0.0,0.0,3.0,0.0,0.0,0.0,0.0,0.0,0.0,4.0,0.0,0.0,0.0,0.0,0.0,0.0,9.0,5.0,0.0,0.0,0.0,0.0,0.0,0.0,0.0,0.0,0.0,0.0,21.0,10.0,53.717326,43.0,10.0,-4.8896000000000015,4.0,128.0,57.472109,822.77,1060.0,2386.174421,0.0,691.1952,4.0,4.0,87.151645,2690.53,0.0,168.001527,-2.0,184.0,114.336755,-16.16,43.0,56.0,57.0,84.649799,-8.715345,1,3.0,Medium
0.0,0.0,3.0,0.0,0.0,0.0,0.0,0.0,0.0,0.0,2.0,0.0,0.0,0.0,0.0,6.0,10.0,0.0,0.0,0.0,0.0,0.0,0.0,0.0,0.0,0.0,0.0,0.0,21.0,12.0,58.48009,47.0,6.0,-9.4873,0.0,101.0,43.16718300000001,921.76,906.0,1892.006793,0.0,566.8222000000001,0.0,0.0,87.153527,2318.761,0.0,148.696883,-7.0,157.0,93.586351,-16.16,47.0,56.0,50.0,75.032778,-8.539361,2,0.0,Low
0.0,2.0,0.0,0.0,0.0,0.0,0.0,0.0,0.0,3.0,0.0,0.0,0.0,0.0,0.0,5.0,11.0,0.0,0.0,0.0,0.0,0.0,0.0,0.0,0.0,0.0,0.0,0.0,21.0,12.0,58.456902,48.0,7.0,-15.6175,3.0,105.0,45.87834,907.47,928.0,2080.474731,0.0,573.6587000000001,3.0,3.0,76.814207,2364.382,0.0,145.110841,-6.0,162.0,95.481965,-16.53,48.0,57.0,44.0,67.665734,-8.654426,2,0.0,Low
0.0,0.0,0.0,0.0,0.0,0.0,6.0,0.0,0.0,0.0,0.0,0.0,0.0,0.0,0.0,4.0,10.0,2.0,0.0,0.0,0.0,0.0,0.0,0.0,0.0,0.0,0.0,0.0,22.0,10.0,72.66498800000001,48.0,6.0,-8.7316,0.0,124.0,54.746034,824.46,1024.0,2132.241884,0.0,653.2434,0.0,0.0,84.69629,2549.0060000000003,0.0,160.21999999999997,-4.0,178.0,108.415798,-17.78,48.0,54.0,66.0,82.76012399999999,-8.6063175,2,0.0,Low
0.0,0.0,0.0,0.0,0.0,0.0,6.0,0.0,0.0,0.0,0.0,0.0,0.0,0.0,0.0,2.0,6.0,0.0,0.0,0.0,0.0,0.0,8.0,0.0,0.0,0.0,0.0,0.0,22.0,8.0,76.150004,46.0,6.0,18.1484,0.0,180.0,81.59224799999998,728.68,1348.0,2897.292958,0.0,917.9798,0.0,0.0,102.448022,3306.552,0.0,214.3,0.0,232.0,151.043976,-17.7,46.0,52.0,104.0,119.222078,-8.538474,1,3.0,Medium
0.0,0.0,7.0,0.0,0.0,0.0,0.0,0.0,0.0,0.0,0.0,0.0,0.0,0.0,0.0,4.0,7.0,4.0,0.0,0.0,0.0,0.0,0.0,0.0,0.0,0.0,0.0,0.0,22.0,18.0,49.259707,41.0,14.0,-1.4012000000000002,0.0,126.0,56.111977,969.41,1098.0,2324.972306,0.0,732.6938,0.0,0.0,105.37221499999998,2844.446,0.0,190.542727,0.0,188.0,120.006187,-15.79,41.0,62.0,63.0,100.093562,-8.721467,1,3.0,Medium
0.0,4.0,0.0,0.0,0.0,0.0,0.0,0.0,0.0,0.0,0.0,0.0,0.0,0.0,0.0,4.0,4.0,0.0,0.0,0.0,0.0,0.0,9.0,0.0,0.0,0.0,0.0,0.0,21.0,12.0,59.827347,42.0,8.0,23.3497,0.0,168.0,75.487347,810.3000000000001,1298.0,2856.050787,0.0,895.2694,0.0,0.0,102.212566,3252.1220000000003,0.0,217.074716,0.0,222.0,146.518012,-15.75,42.0,54.0,91.0,117.14419,-8.593106,1,3.0,Medium
0.0,0.0,0.0,0.0,0.0,0.0,5.0,0.0,0.0,0.0,0.0,0.0,0.0,0.0,0.0,5.0,5.0,6.0,0.0,0.0,0.0,0.0,0.0,0.0,0.0,0.0,0.0,0.0,21.0,10.0,69.88225399999999,47.0,5.0,4.737799999999998,0.0,138.0,61.498494,744.8,1098.0,2337.559411,0.0,724.7385,0.0,0.0,83.968713,2720.418,0.0,173.01,0.0,190.0,119.446374,-16.990000000000002,47.0,52.0,74.0,92.513475,-8.579852,1,4.0,Medium
0.0,0.0,5.0,0.0,0.0,0.0,0.0,0.0,0.0,3.0,0.0,0.0,0.0,0.0,0.0,4.0,9.0,0.0,0.0,0.0,0.0,0.0,0.0,0.0,0.0,0.0,0.0,0.0,21.0,17.0,48.653243,44.0,13.0,-13.582400000000002,3.0,116.0,52.284984,950.9,1030.0,2283.355412,0.0,661.9573,3.0,3.0,92.257076,2659.196,0.0,169.58328799999998,-1.0,178.0,109.314821,-15.740000000000002,44.0,62.0,53.0,85.20554999999999,-8.676281,1,2.0,Medium
2.0,0.0,0.0,3.0,0.0,0.0,0.0,0.0,0.0,0.0,0.0,0.0,0.0,0.0,0.0,4.0,13.0,0.0,0.0,0.0,0.0,0.0,0.0,0.0,0.0,0.0,0.0,0.0,22.0,9.0,65.872722,48.0,5.0,-13.9881,0.0,105.0,44.76106299999999,907.91,920.0,1967.882884,0.0,568.6935000000001,0.0,0.0,84.075432,2336.3680000000004,0.0,148.252358,-8.0,160.0,95.647954,-17.16,48.0,55.0,49.0,69.275576,-8.544248,2,0.0,Low
2.0,0.0,0.0,0.0,0.0,0.0,0.0,0.0,0.0,5.0,0.0,0.0,0.0,0.0,0.0,4.0,11.0,0.0,0.0,0.0,0.0,0.0,0.0,0.0,0.0,0.0,0.0,0.0,22.0,11.0,59.218721,53.0,7.0,-16.8199,5.0,119.0,52.917101,935.28,1036.0,2381.8286510000003,0.0,641.0099,5.0,5.0,80.870801,2636.723,0.0,159.353163,-4.0,181.0,107.26241600000002,-17.44,53.0,62.0,49.0,75.12727600000001,-8.724532,2,0.0,Low
0.0,0.0,0.0,0.0,5.0,0.0,0.0,0.0,0.0,0.0,0.0,0.0,0.0,0.0,0.0,2.0,4.0,0.0,0.0,0.0,0.0,0.0,10.0,0.0,0.0,0.0,0.0,0.0,21.0,7.0,76.338233,44.0,5.0,33.14319999999999,0.0,204.0,91.752358,670.28,1476.0,3374.513927,0.0,1026.6971,0.0,0.0,106.03683,3599.211,0.0,236.13,1.0,253.0,170.50134300000002,-16.869999999999997,44.0,49.0,110.0,123.333886,-8.487481,1,3.0,Medium
3.0,0.0,0.0,0.0,0.0,0.0,3.0,0.0,0.0,0.0,0.0,0.0,0.0,0.0,0.0,10.0,6.0,0.0,0.0,0.0,0.0,0.0,0.0,0.0,0.0,0.0,0.0,0.0,22.0,16.0,63.377222,54.0,6.0,-7.2571,0.0,123.0,54.305676,960.12,1078.0,2309.334776,0.0,686.3434000000001,0.0,0.0,88.038251,2744.388,0.0,176.96853699999997,0.0,186.0,113.853184,-17.15,54.0,63.0,63.0,90.31886,-8.603626,1,4.0,Medium
0.0,0.0,0.0,0.0,5.0,0.0,0.0,0.0,0.0,0.0,0.0,0.0,0.0,0.0,0.0,7.0,2.0,0.0,0.0,0.0,0.0,8.0,0.0,0.0,0.0,0.0,0.0,0.0,22.0,12.0,81.211606,51.0,5.0,17.801199999999998,0.0,172.0,73.958597,770.07,1324.0,3211.482519,0.0,895.0651,0.0,0.0,93.384794,3262.34,0.0,210.14,3.0,228.0,152.04853400000002,-17.86,51.0,56.0,61.0,87.652208,-8.576717,1,4.0,Medium
0.0,0.0,0.0,0.0,4.0,0.0,0.0,0.0,0.0,0.0,0.0,0.0,0.0,0.0,0.0,4.0,11.0,2.0,0.0,0.0,0.0,0.0,0.0,0.0,0.0,0.0,0.0,0.0,21.0,8.0,71.121449,46.0,4.0,-4.4215,0.0,121.0,51.802008,803.11,984.0,2194.019551,0.0,627.54,0.0,0.0,80.766884,2443.889,0.0,154.09000000000003,-7.0,171.0,105.81053400000002,-16.910000000000004,46.0,50.0,55.0,69.62266,-8.58331,2,0.0,Low
5.0,0.0,0.0,0.0,0.0,0.0,0.0,0.0,0.0,0.0,0.0,0.0,0.0,0.0,0.0,5.0,5.0,6.0,0.0,0.0,0.0,0.0,0.0,0.0,0.0,0.0,0.0,0.0,21.0,10.0,52.869084,47.0,5.0,5.383299999999998,0.0,123.0,53.657274,860.8,1048.0,2254.820721,0.0,688.2805,0.0,0.0,87.410108,2692.318,0.0,177.990895,0.0,180.0,114.14781399999998,-15.54,47.0,57.0,59.0,91.133765,-8.555411,1,4.0,Medium
0.0,0.0,0.0,5.0,0.0,0.0,0.0,0.0,0.0,0.0,0.0,0.0,0.0,0.0,0.0,4.0,9.0,0.0,0.0,3.0,0.0,0.0,0.0,0.0,0.0,0.0,0.0,0.0,21.0,9.0,71.085151,46.0,5.0,-4.613,0.0,122.0,52.996735,779.89,996.0,2216.557465,0.0,639.8207,0.0,0.0,82.172235,2475.955,0.0,156.05,-4.0,173.0,107.511722,-16.95,46.0,51.0,57.0,73.188356,-8.594224,2,0.0,Low
4.0,0.0,0.0,0.0,0.0,0.0,0.0,0.0,0.0,3.0,0.0,0.0,0.0,0.0,0.0,11.0,3.0,0.0,0.0,0.0,0.0,0.0,0.0,0.0,0.0,0.0,0.0,0.0,21.0,18.0,53.182756,56.0,7.0,-6.0151,3.0,129.0,58.11664,967.89,1136.0,2587.828235,0.0,726.6303,3.0,3.0,84.689583,2912.0240000000003,0.0,184.783199,4.0,196.0,120.540355,-16.27,56.0,67.0,60.0,93.185528,-8.697446,1,4.0,Medium
0.0,0.0,0.0,0.0,0.0,0.0,0.0,6.0,0.0,3.0,0.0,0.0,0.0,0.0,0.0,0.0,9.0,3.0,0.0,0.0,0.0,0.0,0.0,0.0,0.0,0.0,0.0,0.0,21.0,9.0,64.183644,45.0,9.0,-13.758900000000002,3.0,123.0,54.769161,744.42,1014.0,2237.763504,0.0,648.3483,3.0,3.0,84.798765,2532.027,0.0,154.158483,0.0,177.0,108.457836,-17.07,45.0,54.0,57.0,76.08338699999999,-8.698012,1,4.0,Medium
3.0,0.0,0.0,0.0,0.0,0.0,0.0,0.0,0.0,3.0,0.0,0.0,0.0,0.0,0.0,4.0,12.0,0.0,0.0,0.0,0.0,0.0,0.0,0.0,0.0,0.0,0.0,0.0,22.0,10.0,58.267658,51.0,6.0,-16.169800000000002,3.0,108.0,46.945776,949.41,964.0,2143.8329780000004,0.0,592.6786000000001,3.0,3.0,81.89037499999999,2473.8900000000003,0.0,153.31702,-6.0,168.0,99.384055,-17.03,51.0,60.0,45.0,71.676197,-8.651478,2,0.0,Low
0.0,0.0,0.0,0.0,0.0,0.0,5.0,0.0,0.0,0.0,0.0,0.0,0.0,0.0,0.0,4.0,10.0,0.0,2.0,0.0,0.0,0.0,0.0,0.0,0.0,0.0,0.0,0.0,21.0,9.0,68.768422,46.0,5.0,-9.152100000000004,0.0,113.0,49.564053,793.72,942.0,1930.517906,0.0,595.9417000000001,0.0,0.0,81.69016500000001,2348.704,0.0,147.05,-5.0,164.0,98.641117,-16.95,46.0,51.0,60.0,76.54044099999999,-8.556718,2,0.0,Low
0.0,0.0,0.0,0.0,5.0,0.0,0.0,0.0,0.0,0.0,0.0,0.0,0.0,0.0,0.0,4.0,5.0,0.0,0.0,0.0,0.0,0.0,8.0,0.0,0.0,0.0,0.0,0.0,22.0,9.0,78.90181799999999,48.0,5.0,25.6173,0.0,195.0,87.21207,750.87,1444.0,3295.8485880000003,0.0,989.4607,0.0,0.0,105.128178,3533.9400000000005,0.0,230.26,0.0,248.0,164.59938300000002,-17.74,48.0,53.0,103.0,117.836564,-8.520819,1,2.0,Medium
0.0,0.0,0.0,0.0,0.0,0.0,4.0,0.0,0.0,3.0,0.0,0.0,0.0,0.0,0.0,4.0,11.0,0.0,0.0,0.0,0.0,0.0,0.0,0.0,0.0,0.0,0.0,0.0,22.0,11.0,68.673389,51.0,7.0,-15.839100000000002,3.0,123.0,54.914057,870.4200000000001,1036.0,2279.0267510000003,0.0,647.4171,3.0,3.0,81.52130700000001,2591.943,0.0,157.288483,-4.0,181.0,107.891618,-17.94,51.0,58.0,59.0,77.836642,-8.682041,2,0.0,Low
2.0,0.0,0.0,0.0,0.0,0.0,6.0,0.0,0.0,0.0,0.0,0.0,0.0,0.0,0.0,5.0,8.0,0.0,0.0,0.0,0.0,0.0,0.0,0.0,0.0,0.0,0.0,0.0,21.0,13.0,63.024489,47.0,8.0,-10.751,0.0,120.0,53.738181,846.01,1024.0,2133.280344,0.0,655.8843999999999,0.0,0.0,84.94211000000001,2585.899,0.0,165.882358,0.0,177.0,109.048411,-16.53,47.0,57.0,65.0,86.899814,-8.628913,1,4.0,Medium
4.0,0.0,0.0,0.0,0.0,0.0,3.0,0.0,0.0,0.0,0.0,0.0,0.0,0.0,0.0,4.0,11.0,0.0,0.0,0.0,0.0,0.0,0.0,0.0,0.0,0.0,0.0,0.0,22.0,11.0,59.036953,48.0,7.0,-13.464200000000002,0.0,108.0,46.931783,935.53,966.0,2008.989735,0.0,605.9867,0.0,0.0,87.315019,2485.433,0.0,161.164716,-4.0,167.0,101.417437,-16.660000000000004,48.0,59.0,53.0,79.969097,-8.524378,2,0.0,Low
0.0,0.0,0.0,0.0,0.0,0.0,0.0,5.0,0.0,5.0,0.0,0.0,0.0,0.0,0.0,2.0,10.0,0.0,0.0,0.0,0.0,0.0,0.0,0.0,0.0,0.0,0.0,0.0,22.0,12.0,65.200143,51.0,10.0,-21.1765,5.0,127.0,57.21456499999999,847.91,1074.0,2445.01261,0.0,672.7046,5.0,5.0,85.564295,2693.096,0.0,160.320805,0.0,188.0,112.727897,-18.06,51.0,61.0,56.0,77.245017,-8.724539,1,4.0,Medium
6.0,0.0,0.0,0.0,0.0,0.0,0.0,0.0,0.0,0.0,0.0,0.0,0.0,0.0,0.0,4.0,5.0,0.0,0.0,0.0,0.0,0.0,6.0,0.0,0.0,0.0,0.0,0.0,21.0,10.0,51.888175,46.0,6.0,13.5525,0.0,147.0,65.432152,868.21,1200.0,2607.514385,0.0,806.5858000000001,0.0,0.0,99.249044,3065.451,0.0,205.987074,1.0,205.0,133.581836,-15.250000000000002,46.0,58.0,77.0,109.026052,-8.638503,1,4.0,Medium
0.0,0.0,0.0,0.0,0.0,0.0,0.0,5.0,0.0,0.0,0.0,0.0,0.0,0.0,0.0,4.0,9.0,4.0,0.0,0.0,0.0,0.0,0.0,0.0,0.0,0.0,0.0,0.0,22.0,9.0,71.643642,48.0,5.0,-7.3836,0.0,118.0,50.680704,806.19,982.0,2085.855841,0.0,625.1637000000001,0.0,0.0,86.84918200000001,2449.829,0.0,153.26,-4.0,171.0,104.104241,-17.74,48.0,53.0,57.0,75.150863,-8.56488,2,0.0,Low
0.0,0.0,4.0,0.0,0.0,0.0,0.0,0.0,0.0,0.0,3.0,0.0,0.0,0.0,0.0,5.0,9.0,0.0,0.0,0.0,0.0,0.0,0.0,0.0,0.0,0.0,0.0,0.0,21.0,13.0,54.915109,46.0,8.0,-8.023000000000001,0.0,106.0,45.947307,927.37,950.0,1964.44312,0.0,603.8522,0.0,0.0,92.880886,2441.4040000000005,0.0,158.56584399999997,-5.0,164.0,99.399415,-15.91,46.0,58.0,55.0,83.280093,-8.554824,1,1.0,Medium
0.0,5.0,0.0,0.0,0.0,0.0,0.0,0.0,0.0,0.0,0.0,0.0,0.0,0.0,0.0,4.0,5.0,0.0,0.0,0.0,0.0,0.0,7.0,0.0,0.0,0.0,0.0,0.0,21.0,14.0,55.602834,41.0,10.0,14.970199999999998,0.0,153.0,68.62487999999999,854.57,1222.0,2667.358912,0.0,835.1422,0.0,0.0,99.442202,3092.209,0.0,207.030895,0.0,209.0,136.80741,-15.5,41.0,56.0,81.0,110.046539,-8.702148,1,4.0,Medium
0.0,0.0,3.0,0.0,0.0,0.0,0.0,0.0,0.0,0.0,4.0,0.0,0.0,0.0,0.0,0.0,10.0,5.0,0.0,0.0,0.0,0.0,0.0,0.0,0.0,0.0,0.0,0.0,22.0,6.0,60.745887,45.0,6.0,0.9578999999999986,0.0,119.0,51.186413,845.1400000000001,1000.0,2042.112612,0.0,648.3724,0.0,0.0,96.03057700000002,2537.233,0.0,164.06688300000002,-7.0,173.0,106.761829,-16.79,45.0,54.0,62.0,88.239305,-8.584553,2,0.0,Low
0.0,0.0,0.0,0.0,0.0,0.0,0.0,0.0,0.0,12.0,0.0,0.0,0.0,0.0,0.0,2.0,4.0,0.0,0.0,0.0,0.0,0.0,3.0,0.0,0.0,0.0,0.0,0.0,21.0,14.0,55.686503,56.0,12.0,-5.898899999999999,12.0,180.0,85.234247,812.12,1422.0,3525.830425,0.0,929.639,12.0,12.0,84.36422200000001,3542.52,0.0,207.283932,8.0,248.0,154.17724600000005,-17.63,56.0,68.0,79.0,106.365554,-8.863518,1,3.0,Medium
0.0,5.0,0.0,0.0,0.0,0.0,0.0,0.0,0.0,0.0,0.0,0.0,0.0,0.0,0.0,4.0,5.0,7.0,0.0,0.0,0.0,0.0,0.0,0.0,0.0,0.0,0.0,0.0,21.0,14.0,52.787504,41.0,10.0,5.056099999999999,0.0,125.0,55.101923,854.57,1054.0,2264.568622,0.0,706.3562,0.0,0.0,87.807306,2699.453,0.0,179.030895,0.0,181.0,115.866462,-15.5,41.0,56.0,60.0,92.075964,-8.641227,1,3.0,Medium
0.0,0.0,0.0,4.0,0.0,0.0,0.0,0.0,0.0,0.0,4.0,0.0,0.0,0.0,0.0,3.0,11.0,0.0,0.0,0.0,0.0,0.0,0.0,0.0,0.0,0.0,0.0,0.0,22.0,7.0,71.749242,51.0,4.0,-8.430700000000002,0.0,119.0,51.471491,846.0999999999999,1000.0,2100.191197,0.0,627.1552,0.0,0.0,89.392608,2493.814,0.0,156.18,-7.0,174.0,104.695795,-17.82,51.0,55.0,64.0,80.81720399999999,-8.581027,2,0.0,Low
0.0,0.0,5.0,0.0,0.0,0.0,0.0,0.0,0.0,0.0,6.0,0.0,0.0,0.0,0.0,0.0,5.0,6.0,0.0,0.0,0.0,0.0,0.0,0.0,0.0,0.0,0.0,0.0,22.0,10.0,54.102077,45.0,10.0,9.2214,0.0,140.0,62.172139,855.3299999999999,1166.0,2381.407098,0.0,783.219,0.0,0.0,109.43613299999998,2971.838,0.0,196.724805,0.0,200.0,128.000081,-16.369999999999997,45.0,60.0,79.0,113.379354,-8.674851,0,5.0,High
0.0,0.0,0.0,0.0,0.0,0.0,6.0,0.0,0.0,0.0,0.0,0.0,0.0,0.0,0.0,3.0,11.0,2.0,0.0,0.0,0.0,0.0,0.0,0.0,0.0,0.0,0.0,0.0,22.0,9.0,72.475744,47.0,6.0,-9.9073,0.0,121.0,53.234501,818.0600000000001,1000.0,2070.683907,0.0,635.5886,0.0,0.0,84.17841000000001,2489.918,0.0,156.26,-5.0,174.0,105.631721,-17.740000000000002,47.0,53.0,64.0,80.19238399999999,-8.596939,2,0.0,Low
0.0,0.0,0.0,0.0,6.0,0.0,0.0,0.0,0.0,0.0,0.0,0.0,0.0,0.0,0.0,6.0,5.0,0.0,0.0,0.0,0.0,0.0,5.0,0.0,0.0,0.0,0.0,0.0,22.0,12.0,78.462804,50.0,6.0,16.6544,0.0,183.0,81.667957,795.77,1390.0,3190.171104,0.0,939.816,0.0,0.0,100.796122,3413.6370000000006,0.0,221.14,1.0,239.0,157.052498,-17.86,50.0,56.0,94.0,109.835496,-8.587282,1,3.0,Medium
0.0,0.0,0.0,0.0,0.0,0.0,5.0,0.0,5.0,0.0,0.0,0.0,0.0,0.0,0.0,8.0,4.0,0.0,0.0,0.0,0.0,0.0,0.0,0.0,0.0,0.0,0.0,0.0,22.0,23.0,73.997952,47.0,15.0,-9.2588,0.0,150.0,69.595308,854.16,1228.0,2578.064272,0.0,814.6169000000001,0.0,0.0,91.72073,3042.924,0.0,193.9,6.0,212.0,133.236629,-18.1,47.0,62.0,88.0,107.341682,-8.780733,1,3.0,Medium
5.0,0.0,0.0,0.0,0.0,0.0,0.0,0.0,0.0,0.0,0.0,0.0,0.0,0.0,0.0,6.0,5.0,0.0,0.0,6.0,0.0,0.0,0.0,0.0,0.0,0.0,0.0,0.0,22.0,11.0,58.272869,50.0,5.0,3.1311,0.0,123.0,52.641699,907.33,1064.0,2358.243461,0.0,693.3053,0.0,0.0,88.97622999999999,2738.299,0.0,180.160895,0.0,183.0,116.269025,-16.369999999999997,50.0,60.0,50.0,84.701797,-8.555398,1,4.0,Medium
0.0,0.0,0.0,0.0,0.0,0.0,6.0,0.0,0.0,0.0,5.0,0.0,0.0,0.0,0.0,0.0,8.0,0.0,0.0,4.0,0.0,0.0,0.0,0.0,0.0,0.0,0.0,0.0,23.0,6.0,75.813309,51.0,6.0,-0.9629000000000012,0.0,141.0,62.11636799999999,788.3300000000002,1142.0,2342.696595,0.0,742.4512000000001,0.0,0.0,96.721104,2835.4619999999995,0.0,179.39,-2.0,198.0,123.440344,-18.61,51.0,57.0,77.0,97.870777,-8.581586,1,3.0,Medium
0.0,0.0,6.0,0.0,0.0,4.0,0.0,0.0,0.0,0.0,0.0,0.0,0.0,0.0,0.0,0.0,10.0,0.0,0.0,0.0,0.0,2.0,0.0,0.0,0.0,0.0,0.0,0.0,22.0,16.0,53.501754,38.0,16.0,-11.5728,0.0,120.0,52.567078,917.3,1048.0,2288.493302,0.0,691.8235999999999,0.0,0.0,106.90959,2705.856,0.0,179.673766,0.0,180.0,115.819176,-16.04,38.0,60.0,52.0,85.95807,-8.701134,1,3.0,Medium
0.0,0.0,3.0,0.0,0.0,0.0,0.0,0.0,0.0,0.0,4.0,0.0,0.0,0.0,0.0,0.0,10.0,4.0,0.0,0.0,0.0,0.0,0.0,0.0,0.0,0.0,0.0,0.0,21.0,6.0,57.433418,43.0,6.0,-0.9479000000000016,0.0,111.0,47.678829,818.8400000000001,942.0,1914.893331,0.0,607.6914,0.0,0.0,91.90549900000002,2395.035,0.0,154.856883,-7.0,163.0,100.116905,-16.0,43.0,52.0,58.0,83.20784,-8.57167,2,0.0,Low
0.0,0.0,3.0,0.0,0.0,0.0,0.0,0.0,0.0,3.0,0.0,0.0,0.0,0.0,0.0,5.0,11.0,0.0,0.0,0.0,0.0,0.0,0.0,0.0,0.0,0.0,0.0,0.0,22.0,14.0,58.456902,49.0,9.0,-15.1048,3.0,114.0,50.289571,964.21,1006.0,2239.849072,0.0,630.3365,3.0,3.0,87.693418,2572.107,0.0,160.015366,-5.0,175.0,104.564706,-17.07,49.0,61.0,50.0,77.206452,-8.68082,2,0.0,Low
0.0,0.0,5.0,0.0,0.0,0.0,0.0,0.0,0.0,4.0,0.0,0.0,0.0,0.0,0.0,0.0,8.0,5.0,0.0,0.0,0.0,0.0,0.0,0.0,0.0,0.0,0.0,0.0,22.0,14.0,50.512521,43.0,14.0,-4.3469000000000015,4.0,139.0,63.189399,896.12,1164.0,2603.065544,0.0,770.8788,4.0,4.0,98.653183,2978.817,0.0,189.949449,1.0,201.0,127.072855,-16.45,43.0,62.0,64.0,98.259689,-8.729177,1,3.0,Medium
5.0,0.0,0.0,0.0,0.0,0.0,0.0,0.0,0.0,0.0,0.0,0.0,0.0,0.0,0.0,0.0,5.0,0.0,0.0,0.0,0.0,0.0,6.0,0.0,0.0,0.0,6.0,0.0,22.0,29.0,52.63491499999999,80.0,5.0,0.9243000000000006,6.0,189.0,88.936845,1382.23,1628.0,4066.806785,0.0,1027.3276999999998,6.0,6.0,104.150728,4131.955,0.0,263.27718500000003,0.0,279.0,171.994199,-17.57,80.0,90.0,98.0,132.12906700000002,-8.686817,1,2.0,Medium
5.0,0.0,0.0,0.0,0.0,0.0,0.0,0.0,0.0,0.0,0.0,0.0,0.0,0.0,0.0,3.0,10.0,4.0,0.0,0.0,0.0,0.0,0.0,0.0,0.0,0.0,0.0,0.0,22.0,8.0,55.480073,47.0,5.0,-4.012800000000001,0.0,110.0,46.93455599999999,915.79,968.0,2045.006414,0.0,617.2209,0.0,0.0,87.75419200000002,2502.911,0.0,164.280895,-5.0,167.0,103.092674,-16.25,47.0,57.0,50.0,80.499933,-8.525293,2,0.0,Low
5.0,0.0,0.0,0.0,0.0,0.0,5.0,0.0,0.0,0.0,0.0,0.0,0.0,0.0,0.0,4.0,8.0,0.0,0.0,0.0,0.0,0.0,0.0,0.0,0.0,0.0,0.0,0.0,22.0,14.0,56.227806,48.0,10.0,-11.1811,0.0,123.0,55.154186,930.56,1082.0,2249.093674,0.0,697.2862,0.0,0.0,93.090605,2783.392,0.0,183.040895,2.0,186.0,116.343006,-16.490000000000002,48.0,63.0,65.0,95.691012,-8.64454,1,3.0,Medium
0.0,0.0,3.0,0.0,0.0,0.0,0.0,0.0,0.0,0.0,0.0,0.0,0.0,0.0,0.0,4.0,9.0,6.0,0.0,0.0,0.0,0.0,0.0,0.0,0.0,0.0,0.0,0.0,22.0,10.0,62.294255,45.0,6.0,1.3249999999999975,0.0,120.0,51.692565,875.31,1006.0,2145.628622,0.0,654.6886000000001,0.0,0.0,90.619295,2552.268,0.0,165.06688300000002,-6.0,174.0,107.823835,-16.79,45.0,54.0,57.0,82.936712,-8.575667,2,0.0,Low
5.0,0.0,0.0,0.0,5.0,0.0,0.0,0.0,0.0,0.0,0.0,0.0,0.0,0.0,0.0,1.0,10.0,0.0,0.0,0.0,0.0,0.0,0.0,0.0,0.0,0.0,0.0,0.0,21.0,11.0,55.02642399999999,43.0,10.0,-7.795000000000002,0.0,126.0,55.37472,871.23,1072.0,2369.496575,0.0,698.1527999999998,0.0,0.0,91.66713,2745.478,0.0,181.950895,0.0,184.0,118.705501,-15.58,43.0,58.0,58.0,85.277891,-8.69506,1,3.0,Medium
0.0,0.0,0.0,6.0,0.0,0.0,0.0,0.0,0.0,0.0,0.0,0.0,0.0,0.0,0.0,4.0,5.0,0.0,0.0,0.0,0.0,0.0,7.0,0.0,0.0,0.0,0.0,0.0,22.0,10.0,76.87095599999999,48.0,6.0,18.4406,0.0,183.0,82.72083099999999,755.3100000000001,1378.0,3085.359146,0.0,937.1164,0.0,0.0,103.963594,3381.639,0.0,219.22,1.0,237.0,155.11248999999998,-17.78,48.0,54.0,102.0,117.12006,-8.564307,1,4.0,Medium
3.0,0.0,0.0,0.0,0.0,0.0,5.0,0.0,0.0,0.0,0.0,0.0,0.0,0.0,0.0,4.0,10.0,0.0,0.0,0.0,0.0,0.0,0.0,0.0,0.0,0.0,0.0,0.0,22.0,12.0,62.637416,48.0,8.0,-12.8753,0.0,117.0,51.763576,902.94,1018.0,2111.088032,0.0,646.142,0.0,0.0,88.322509,2592.246,0.0,167.128537,-2.0,176.0,107.805576,-16.990000000000002,48.0,59.0,61.0,85.577658,-8.578758,1,3.0,Medium
3.0,0.0,0.0,0.0,0.0,0.0,0.0,0.0,0.0,8.0,0.0,0.0,0.0,0.0,0.0,7.0,3.0,0.0,0.0,0.0,0.0,0.0,0.0,0.0,0.0,0.0,0.0,0.0,21.0,18.0,49.99623,57.0,11.0,-11.0725,8.0,149.0,69.54177800000001,927.68,1268.0,3040.089741,0.0,815.1975,8.0,8.0,83.64519999999999,3226.114,0.0,195.967825,8.0,220.0,135.503022,-16.76,57.0,71.0,65.0,99.127281,-8.784886,1,4.0,Medium
4.0,0.0,0.0,0.0,0.0,0.0,0.0,0.0,0.0,0.0,0.0,0.0,0.0,0.0,3.0,4.0,10.0,0.0,0.0,0.0,0.0,0.0,0.0,0.0,0.0,0.0,0.0,0.0,21.0,14.0,56.133207,46.0,7.0,-11.128900000000002,0.0,99.0,42.185532,951.17,902.0,1950.309045,0.0,565.0931,0.0,0.0,81.65550999999999,2327.192,0.0,150.954716,-6.0,156.0,94.069418,-15.87,46.0,57.0,43.0,70.067728,-8.553888,2,0.0,Low
0.0,0.0,5.0,0.0,0.0,0.0,0.0,0.0,0.0,0.0,4.0,0.0,0.0,0.0,0.0,0.0,10.0,2.0,0.0,0.0,0.0,0.0,0.0,0.0,0.0,0.0,0.0,0.0,21.0,10.0,50.80848,41.0,10.0,-5.294500000000001,0.0,109.0,47.486123000000006,879.72,958.0,1933.259295,0.0,621.217,0.0,0.0,98.366881,2469.981,0.0,162.594805,-5.0,165.0,102.164111,-15.5,41.0,56.0,58.0,88.27632599999998,-8.59831,1,1.0,Medium
0.0,0.0,0.0,0.0,0.0,0.0,0.0,0.0,0.0,12.0,0.0,0.0,0.0,0.0,0.0,2.0,8.0,2.0,0.0,0.0,0.0,0.0,0.0,0.0,0.0,0.0,0.0,0.0,24.0,14.0,63.986684,62.0,12.0,-16.364400000000003,12.0,172.0,80.351798,946.34,1404.0,3449.640346,0.0,894.58,12.0,12.0,88.09276,3516.2180000000003,0.0,202.913932,4.0,246.0,148.96144600000002,-20.0,62.0,74.0,70.0,99.718518,-8.829503,1,3.0,Medium
0.0,0.0,6.0,0.0,0.0,0.0,0.0,0.0,0.0,0.0,0.0,0.0,0.0,0.0,0.0,5.0,6.0,5.0,0.0,0.0,0.0,0.0,0.0,0.0,0.0,0.0,0.0,0.0,22.0,17.0,52.76142,43.0,12.0,1.947799999999999,0.0,130.0,57.719863,945.37,1114.0,2377.347301,0.0,743.5858000000001,0.0,0.0,102.659404,2866.061,0.0,190.633766,0.0,191.0,121.766661,-16.08,43.0,61.0,65.0,100.127059,-8.721996,1,3.0,Medium
0.0,0.0,0.0,0.0,0.0,0.0,5.0,0.0,0.0,2.0,0.0,0.0,0.0,0.0,0.0,4.0,10.0,0.0,0.0,0.0,0.0,0.0,0.0,0.0,0.0,0.0,0.0,0.0,21.0,11.0,66.793284,48.0,7.0,-14.1419,2.0,119.0,53.239119,821.06,998.0,2155.1646600000004,0.0,628.1251,2.0,2.0,79.324839,2492.878,0.0,153.04232199999998,-3.0,174.0,104.545553,-17.11,48.0,55.0,60.0,77.393857,-8.655676,1,3.0,Medium
3.0,3.0,0.0,0.0,0.0,0.0,0.0,0.0,0.0,3.0,0.0,0.0,0.0,0.0,0.0,0.0,14.0,0.0,0.0,0.0,0.0,0.0,0.0,0.0,0.0,0.0,0.0,0.0,23.0,12.0,51.101072,46.0,12.0,-20.69,3.0,108.0,47.422993,1013.77,992.0,2160.5229360000003,0.0,620.1318,3.0,3.0,90.180999,2592.36,0.0,165.555557,-5.0,172.0,103.930099,-16.91,46.0,64.0,44.0,78.09679399999999,-8.687093,2,0.0,Low
0.0,0.0,0.0,0.0,0.0,0.0,0.0,3.0,0.0,0.0,0.0,0.0,0.0,0.0,0.0,5.0,10.0,3.0,0.0,0.0,0.0,0.0,0.0,0.0,0.0,0.0,0.0,0.0,21.0,8.0,68.540297,47.0,3.0,-7.989300000000002,0.0,105.0,44.40019699999999,805.07,888.0,1890.472315,0.0,554.8781,0.0,0.0,79.04304400000001,2220.4410000000003,0.0,138.09,-7.0,155.0,92.414968,-16.91,47.0,50.0,49.0,65.740508,-8.460446,2,0.0,Low
5.0,0.0,0.0,0.0,0.0,0.0,0.0,0.0,0.0,0.0,0.0,0.0,0.0,0.0,0.0,7.0,3.0,0.0,0.0,0.0,0.0,0.0,7.0,0.0,0.0,0.0,0.0,0.0,22.0,12.0,59.375371,51.0,5.0,19.5546,0.0,165.0,73.710881,899.9000000000001,1322.0,2907.946246,0.0,893.0571,0.0,0.0,104.205842,3345.448,0.0,223.120895,2.0,226.0,147.30184000000003,-16.41,51.0,61.0,88.0,119.271285,-8.59849,1,4.0,Medium
2.0,0.0,0.0,0.0,0.0,0.0,2.0,0.0,0.0,3.0,0.0,0.0,0.0,0.0,0.0,0.0,14.0,0.0,0.0,0.0,0.0,0.0,0.0,0.0,0.0,0.0,0.0,0.0,21.0,7.0,57.90634,45.0,7.0,-19.206000000000003,3.0,102.0,44.626265,851.09,892.0,1943.785964,0.0,547.0107,3.0,3.0,77.616345,2273.296,0.0,139.230841,-7.0,156.0,92.034932,-16.41,45.0,54.0,44.0,65.492272,-8.637652,2,0.0,Low
0.0,0.0,0.0,0.0,0.0,0.0,0.0,5.0,0.0,0.0,0.0,0.0,0.0,0.0,0.0,4.0,8.0,4.0,0.0,0.0,0.0,0.0,0.0,0.0,0.0,0.0,0.0,0.0,21.0,9.0,68.438837,46.0,5.0,-6.3059,0.0,115.0,49.575532,766.0600000000001,954.0,2029.942438,0.0,609.9597,0.0,0.0,83.639182,2378.774,0.0,149.05,-3.0,166.0,101.503287,-16.95,46.0,51.0,56.0,73.629337,-8.555902,1,3.0,Medium
0.0,0.0,0.0,0.0,4.0,0.0,0.0,0.0,0.0,0.0,0.0,0.0,0.0,0.0,0.0,5.0,10.0,2.0,0.0,0.0,0.0,0.0,0.0,0.0,0.0,0.0,0.0,0.0,21.0,9.0,71.310693,47.0,4.0,-3.2458000000000014,0.0,124.0,53.313541,809.5100000000001,1008.0,2255.577528,0.0,645.1948,0.0,0.0,81.284764,2502.9770000000003,0.0,158.05,-6.0,175.0,108.594611,-16.95,47.0,51.0,57.0,72.1904,-8.589933,2,0.0,Low
4.0,0.0,0.0,0.0,4.0,0.0,0.0,0.0,0.0,0.0,0.0,0.0,0.0,0.0,0.0,5.0,8.0,0.0,0.0,0.0,0.0,0.0,0.0,0.0,0.0,0.0,0.0,0.0,21.0,13.0,58.276145,47.0,8.0,-5.824400000000001,0.0,126.0,55.28993700000001,892.4100000000001,1076.0,2388.977056,0.0,696.5292,0.0,0.0,88.99080000000001,2742.983,0.0,179.874716,0.0,185.0,117.581531,-15.95,47.0,59.0,59.0,85.39723,-8.667649,1,4.0,Medium
5.0,0.0,0.0,0.0,0.0,0.0,0.0,0.0,0.0,0.0,0.0,0.0,0.0,0.0,0.0,0.0,9.0,0.0,0.0,0.0,0.0,0.0,0.0,0.0,5.0,0.0,2.0,0.0,21.0,13.0,48.535397,54.0,5.0,8.174599999999996,2.0,156.0,71.711033,1013.73,1284.0,2749.304,0.0,836.7009,2.0,2.0,131.052219,3259.138,0.0,213.816325,-4.0,220.0,136.926623,-15.820000000000002,54.0,64.0,96.0,128.309573,-8.681495,1,1.0,Medium
0.0,5.0,0.0,0.0,0.0,0.0,5.0,0.0,0.0,0.0,0.0,0.0,0.0,0.0,0.0,2.0,10.0,0.0,0.0,0.0,0.0,0.0,0.0,0.0,0.0,0.0,0.0,0.0,22.0,17.0,55.849318,41.0,15.0,-15.6675,0.0,117.0,52.68489,931.76,1034.0,2125.9777200000003,0.0,672.2301,0.0,0.0,92.054845,2660.2960000000003,0.0,175.120895,0.0,178.0,111.233607,-16.41,41.0,61.0,61.0,90.555532,-8.626434,1,1.0,Medium
4.0,0.0,4.0,0.0,0.0,0.0,0.0,0.0,0.0,0.0,0.0,0.0,0.0,0.0,0.0,5.0,8.0,0.0,0.0,0.0,0.0,0.0,0.0,0.0,0.0,0.0,0.0,0.0,21.0,17.0,42.608685,43.0,12.0,-10.124,0.0,106.0,46.771733,996.41,988.0,2079.938072,0.0,638.8055999999999,0.0,0.0,96.118668,2604.351,0.0,175.51056,0.0,169.0,105.88557099999998,-14.79,43.0,63.0,51.0,89.194182,-8.606787,1,3.0,Medium
0.0,0.0,0.0,0.0,4.0,0.0,0.0,0.0,0.0,3.0,0.0,0.0,0.0,0.0,0.0,0.0,4.0,11.0,0.0,0.0,0.0,0.0,0.0,0.0,0.0,0.0,0.0,0.0,22.0,7.0,71.157641,47.0,7.0,16.945,3.0,178.0,79.98270099999999,692.69,1342.0,3105.9516890000004,0.0,912.2729,3.0,3.0,92.187777,3306.4880000000003,0.0,208.448483,3.0,232.0,151.891524,-17.78,47.0,54.0,84.0,105.224311,-8.641815,1,4.0,Medium
0.0,0.0,5.0,0.0,0.0,0.0,0.0,0.0,0.0,0.0,6.0,0.0,0.0,0.0,0.0,0.0,4.0,0.0,0.0,0.0,0.0,0.0,7.0,0.0,0.0,0.0,0.0,0.0,22.0,10.0,57.025071,45.0,10.0,22.119,0.0,173.0,78.09750799999999,841.5,1364.0,2855.503266,0.0,937.482,0.0,0.0,121.986107,3435.737,0.0,229.724805,1.0,233.0,152.98499900000002,-16.37,45.0,60.0,103.0,134.859868,-8.614414,1,4.0,Medium
0.0,0.0,0.0,0.0,0.0,0.0,6.0,0.0,0.0,0.0,2.0,0.0,0.0,0.0,0.0,0.0,10.0,0.0,0.0,4.0,0.0,0.0,0.0,0.0,0.0,0.0,0.0,0.0,22.0,6.0,73.12129999999999,46.0,6.0,-5.374600000000001,0.0,126.0,55.05440199999999,762.0,1024.0,2126.26686,0.0,659.9122000000001,0.0,0.0,87.21269400000001,2545.062,0.0,160.3,-4.0,178.0,110.250686,-17.7,46.0,52.0,64.0,82.036632,-8.592211,2,0.0,Low
0.0,0.0,0.0,0.0,6.0,0.0,0.0,0.0,0.0,0.0,0.0,0.0,0.0,0.0,0.0,5.0,6.0,0.0,0.0,0.0,0.0,0.0,5.0,0.0,0.0,0.0,0.0,0.0,22.0,11.0,78.27356,49.0,6.0,15.478699999999998,0.0,180.0,80.156424,789.3700000000001,1366.0,3128.613127,0.0,922.1612,0.0,0.0,100.278242,3354.5490000000004,0.0,217.18,0.0,235.0,154.268421,-17.82,49.0,55.0,92.0,107.267756,-8.594752,1,3.0,Medium
0.0,0.0,5.0,0.0,0.0,0.0,0.0,0.0,0.0,0.0,4.0,0.0,0.0,0.0,0.0,0.0,10.0,0.0,0.0,3.0,0.0,0.0,0.0,0.0,0.0,0.0,0.0,0.0,22.0,10.0,55.125817,43.0,10.0,-4.563800000000001,0.0,114.0,49.177567,906.02,998.0,2053.454256,0.0,647.981,0.0,0.0,101.41108,2570.098,0.0,168.804805,-5.0,172.0,107.177125,-16.29,43.0,58.0,56.0,88.04717399999998,-8.628141,1,1.0,Medium
0.0,3.0,3.0,0.0,0.0,0.0,0.0,0.0,0.0,0.0,0.0,0.0,0.0,0.0,0.0,4.0,11.0,0.0,0.0,0.0,0.0,0.0,0.0,0.0,0.0,0.0,0.0,0.0,21.0,16.0,48.82905099999999,40.0,12.0,-14.238,0.0,96.0,41.591098,967.99,894.0,1868.888414,0.0,569.491,0.0,0.0,89.070971,2338.122,0.0,154.72542,-5.0,154.0,94.040459,-15.250000000000002,40.0,58.0,44.0,75.525583,-8.590203,1,1.0,Medium
0.0,0.0,0.0,0.0,0.0,0.0,0.0,5.0,0.0,0.0,2.0,0.0,0.0,0.0,0.0,4.0,10.0,0.0,0.0,0.0,0.0,0.0,0.0,0.0,0.0,0.0,0.0,0.0,21.0,9.0,67.66631699999999,48.0,5.0,-14.5803,0.0,103.0,43.93708,812.1800000000001,894.0,1851.7298140000005,0.0,552.9417000000001,0.0,0.0,84.17781,2240.432,0.0,138.97,-5.0,156.0,92.386543,-17.03,48.0,53.0,52.0,69.131327,-8.516649,2,0.0,Low
0.0,0.0,0.0,0.0,5.0,0.0,0.0,0.0,0.0,0.0,0.0,0.0,0.0,0.0,0.0,4.0,4.0,0.0,0.0,0.0,0.0,0.0,8.0,0.0,0.0,0.0,0.0,0.0,21.0,9.0,75.697013,46.0,5.0,26.695,0.0,192.0,86.106898,710.74,1416.0,3239.9351850000003,0.0,974.2567,0.0,0.0,101.918178,3462.885,0.0,226.05,1.0,243.0,161.99842900000002,-16.95,46.0,51.0,102.0,116.315038,-8.5349,1,3.0,Medium
0.0,0.0,5.0,0.0,0.0,0.0,5.0,0.0,0.0,0.0,0.0,0.0,0.0,0.0,0.0,4.0,7.0,0.0,0.0,0.0,0.0,0.0,0.0,0.0,0.0,0.0,0.0,0.0,21.0,19.0,53.023001,41.0,15.0,-10.2879,0.0,125.0,57.102784,904.43,1084.0,2250.610466,0.0,715.4207,0.0,0.0,98.68921,2777.552,0.0,183.394805,3.0,186.0,117.736342,-15.7,41.0,61.0,69.0,99.107011,-8.724497,1,3.0,Medium
0.0,3.0,0.0,0.0,0.0,0.0,0.0,0.0,0.0,4.0,0.0,0.0,0.0,0.0,0.0,5.0,10.0,0.0,0.0,0.0,0.0,0.0,0.0,0.0,0.0,0.0,0.0,0.0,22.0,15.0,57.33003099999999,50.0,10.0,-16.1766,4.0,118.0,52.622886,964.05,1040.0,2358.890202,0.0,653.4372000000001,4.0,4.0,83.09049200000001,2659.2290000000003,0.0,164.273181,-3.0,181.0,108.516923,-17.15,50.0,63.0,50.0,78.497815,-8.691559,1,1.0,Medium
0.0,0.0,0.0,0.0,0.0,0.0,5.0,0.0,0.0,0.0,0.0,0.0,0.0,0.0,0.0,4.0,10.0,3.0,0.0,0.0,0.0,0.0,0.0,0.0,0.0,0.0,0.0,0.0,22.0,9.0,72.574823,48.0,5.0,-6.466100000000003,0.0,123.0,53.884897,820.02,1012.0,2117.997203,0.0,645.8567,0.0,0.0,83.91559900000001,2518.956,0.0,158.26,-5.0,176.0,107.131341,-17.74,48.0,53.0,64.0,80.937444,-8.58269,2,0.0,Low
3.0,0.0,0.0,0.0,0.0,0.0,5.0,0.0,0.0,0.0,4.0,0.0,0.0,0.0,0.0,0.0,9.0,0.0,0.0,0.0,0.0,0.0,0.0,0.0,0.0,0.0,0.0,0.0,21.0,8.0,57.991907,46.0,8.0,-9.1812,0.0,118.0,52.554664,818.81,1014.0,2022.9644970000004,0.0,650.0988,0.0,0.0,91.438869,2577.299,0.0,166.918537,-1.0,175.0,108.186586,-16.2,46.0,57.0,68.0,92.868664,-8.597179,1,3.0,Medium
0.0,0.0,0.0,0.0,0.0,0.0,0.0,0.0,0.0,0.0,5.0,0.0,0.0,0.0,0.0,0.0,4.0,0.0,0.0,0.0,0.0,0.0,8.0,0.0,0.0,0.0,4.0,0.0,21.0,16.0,67.254481,71.0,0.0,17.7153,4.0,191.0,87.90467799999999,1051.29,1522.0,3618.229951,0.0,983.6618,4.0,4.0,102.623166,3760.654,0.0,236.46086000000005,-4.0,262.0,162.696434,-17.75,71.0,71.0,109.0,129.029807,-8.644312,1,1.0,Medium
0.0,0.0,3.0,0.0,0.0,0.0,0.0,0.0,0.0,0.0,5.0,0.0,0.0,0.0,0.0,4.0,9.0,0.0,0.0,0.0,0.0,0.0,0.0,0.0,0.0,0.0,0.0,0.0,21.0,10.0,57.588806,48.0,6.0,-6.349300000000001,0.0,107.0,46.100911,895.1600000000001,948.0,1929.4071710000003,0.0,598.8476,0.0,0.0,92.416177,2419.9300000000003,0.0,155.656883,-6.0,164.0,98.606901,-16.2,48.0,57.0,58.0,84.20991699999999,-8.523169,2,0.0,Low
0.0,0.0,0.0,0.0,0.0,0.0,0.0,5.0,0.0,0.0,4.0,0.0,0.0,0.0,0.0,0.0,9.0,4.0,0.0,0.0,0.0,0.0,0.0,0.0,0.0,0.0,0.0,0.0,22.0,5.0,70.202938,48.0,5.0,-4.7672,0.0,122.0,52.576964,762.19,1006.0,2053.6457090000004,0.0,644.3245,0.0,0.0,93.175542,2505.937,0.0,157.26,-4.0,175.0,107.086205,-17.74,48.0,53.0,65.0,83.96339499999999,-8.586667,2,0.0,Low
3.0,0.0,0.0,0.0,0.0,0.0,4.0,0.0,0.0,0.0,0.0,0.0,0.0,0.0,0.0,5.0,10.0,0.0,0.0,0.0,0.0,0.0,0.0,0.0,0.0,0.0,0.0,0.0,22.0,12.0,62.62883099999999,49.0,7.0,-12.417600000000002,0.0,114.0,50.01156,918.73,1000.0,2087.0954500000003,0.0,630.9331,0.0,0.0,87.14462,2550.141,0.0,164.128537,-3.0,173.0,105.261226,-16.990000000000002,49.0,59.0,58.0,82.812779,-8.546074,1,3.0,Medium
0.0,0.0,0.0,5.0,0.0,0.0,0.0,0.0,0.0,0.0,2.0,0.0,0.0,0.0,0.0,4.0,10.0,0.0,0.0,0.0,0.0,0.0,0.0,0.0,0.0,0.0,0.0,0.0,21.0,9.0,69.415427,48.0,5.0,-8.728800000000001,0.0,118.0,51.576835,812.1800000000001,984.0,2116.675039,0.0,622.1967,0.0,0.0,84.70682,2450.837,0.0,153.97,-5.0,171.0,104.070858,-17.03,48.0,53.0,62.0,77.460902,-8.595402,2,0.0,Low
0.0,0.0,0.0,5.0,0.0,0.0,0.0,0.0,0.0,0.0,4.0,0.0,0.0,0.0,0.0,0.0,10.0,0.0,0.0,0.0,0.0,0.0,2.0,0.0,0.0,0.0,0.0,0.0,21.0,5.0,69.33629499999999,46.0,5.0,-0.9724000000000012,0.0,132.0,58.170425,749.72,1056.0,2235.1487150000003,0.0,684.2175000000001,0.0,0.0,91.988652,2615.217,0.0,166.05,-5.0,183.0,114.064754,-16.95,46.0,51.0,74.0,88.886016,-8.616196,1,1.0,Medium
4.0,0.0,0.0,0.0,0.0,0.0,6.0,0.0,0.0,0.0,0.0,0.0,0.0,0.0,0.0,4.0,0.0,7.0,0.0,0.0,0.0,0.0,0.0,0.0,0.0,0.0,0.0,0.0,21.0,14.0,57.179283000000005,46.0,10.0,10.652,0.0,158.0,72.434142,770.42,1274.0,2708.869155,0.0,867.7128,0.0,0.0,95.597872,3215.958,0.0,212.834716,10.0,218.0,143.109554,-15.989999999999998,46.0,60.0,88.0,119.015001,-8.723438,1,4.0,Medium
0.0,0.0,5.0,0.0,0.0,0.0,0.0,0.0,0.0,0.0,4.0,0.0,0.0,0.0,0.0,0.0,8.0,0.0,0.0,0.0,0.0,0.0,0.0,0.0,0.0,0.0,0.0,4.0,21.0,30.0,47.348996,61.0,14.0,-18.5303,4.0,131.0,61.591767,1260.78,1226.0,2804.669231,0.0,761.1506,4.0,4.0,100.63276899999998,3152.567,0.0,199.857397,-3.0,211.0,124.896867,-16.46,61.0,80.0,72.0,105.301488,-8.696104,1,2.0,Medium
0.0,5.0,0.0,0.0,0.0,0.0,0.0,0.0,0.0,2.0,0.0,0.0,0.0,0.0,0.0,5.0,9.0,0.0,0.0,0.0,0.0,0.0,0.0,0.0,0.0,0.0,0.0,0.0,21.0,17.0,49.969358,44.0,12.0,-14.4557,2.0,107.0,47.463202,957.46,972.0,2133.983947,0.0,619.5754000000001,2.0,2.0,83.284114,2518.946,0.0,161.98321700000002,-2.0,168.0,102.489825,-15.7,44.0,61.0,47.0,78.581887,-8.623448,1,2.0,Medium
0.0,0.0,4.0,0.0,4.0,0.0,0.0,0.0,0.0,0.0,3.0,0.0,0.0,0.0,0.0,0.0,10.0,0.0,0.0,0.0,0.0,0.0,0.0,0.0,0.0,0.0,0.0,0.0,21.0,12.0,56.817129,41.0,12.0,-6.3611,0.0,127.0,56.13208200000001,857.81,1070.0,2287.647659,0.0,702.261,0.0,0.0,99.746694,2719.06,0.0,178.605844,-2.0,184.0,117.445282,-15.87,41.0,57.0,65.0,90.821169,-8.713005,1,3.0,Medium
0.0,0.0,0.0,0.0,0.0,0.0,8.0,0.0,0.0,0.0,0.0,0.0,0.0,0.0,0.0,4.0,8.0,2.0,0.0,0.0,0.0,0.0,0.0,0.0,0.0,0.0,0.0,0.0,22.0,12.0,73.060646,48.0,8.0,-7.2956,0.0,136.0,61.273132,805.68,1108.0,2303.343002,0.0,718.9707999999999,0.0,0.0,88.087828,2751.3920000000003,0.0,174.14,0.0,192.0,119.072652,-17.86,48.0,56.0,76.0,93.425362,-8.674758,1,4.0,Medium
0.0,0.0,0.0,0.0,0.0,0.0,5.0,0.0,0.0,2.0,0.0,0.0,0.0,0.0,0.0,0.0,0.0,0.0,0.0,0.0,0.0,4.0,10.0,0.0,0.0,0.0,0.0,0.0,21.0,7.0,74.045292,44.0,7.0,37.0809,2.0,217.0,98.978633,601.8399999999999,1562.0,3578.275624,0.0,1098.0758999999998,2.0,2.0,106.685691,3813.608,0.0,247.20232200000004,7.0,268.0,181.455181,-16.950000000000003,44.0,51.0,112.0,133.25940500000002,-8.562313,0,5.0,High
0.0,5.0,0.0,0.0,0.0,0.0,0.0,0.0,0.0,0.0,0.0,0.0,0.0,0.0,0.0,6.0,5.0,5.0,0.0,0.0,0.0,0.0,0.0,0.0,0.0,0.0,0.0,0.0,21.0,16.0,52.950664,43.0,10.0,1.4405,0.0,121.0,53.320165,895.03,1042.0,2245.0728200000003,0.0,690.7117999999999,0.0,0.0,87.01291,2675.343,0.0,176.950895,0.0,179.0,113.34667600000002,-15.579999999999998,43.0,58.0,58.0,90.191566,-8.639295,1,3.0,Medium
3.0,0.0,0.0,0.0,0.0,0.0,0.0,0.0,0.0,3.0,0.0,0.0,0.0,0.0,0.0,4.0,11.0,0.0,0.0,0.0,0.0,0.0,0.0,0.0,0.0,0.0,0.0,0.0,21.0,10.0,55.062853,49.0,6.0,-15.0921,3.0,105.0,45.840604,909.28,936.0,2087.9195750000003,0.0,577.4746,3.0,3.0,78.680375,2402.835,0.0,149.10702,-5.0,163.0,96.783101,-16.240000000000002,49.0,58.0,44.0,70.154671,-8.62245,2,0.0,Low
0.0,4.0,0.0,0.0,0.0,0.0,4.0,0.0,0.0,0.0,0.0,0.0,0.0,0.0,0.0,4.0,10.0,0.0,0.0,0.0,0.0,0.0,0.0,0.0,0.0,0.0,0.0,0.0,22.0,16.0,59.234782,44.0,12.0,-14.454200000000002,0.0,114.0,50.63834799999999,937.34,1008.0,2094.540294,0.0,647.0532000000001,0.0,0.0,89.01078799999999,2582.69,0.0,168.124716,-2.0,174.0,107.112868,-16.700000000000003,44.0,60.0,58.0,85.301716,-8.592917,1,2.0,Medium
5.0,0.0,0.0,0.0,0.0,0.0,0.0,0.0,0.0,0.0,0.0,0.0,0.0,0.0,0.0,4.0,7.0,5.0,0.0,0.0,0.0,0.0,0.0,0.0,0.0,0.0,0.0,0.0,21.0,9.0,52.572176,46.0,5.0,1.2241,0.0,115.0,49.743329,868.23,994.0,2121.9568660000004,0.0,645.1487,0.0,0.0,85.97715,2562.087,0.0,169.03089500000002,-2.0,171.0,107.319767,-15.5,46.0,56.0,54.0,85.05608600000001,-8.536771,1,3.0,Medium
0.0,0.0,5.0,0.0,0.0,0.0,5.0,0.0,0.0,0.0,0.0,0.0,0.0,0.0,0.0,2.0,10.0,0.0,0.0,0.0,0.0,0.0,0.0,0.0,0.0,0.0,0.0,0.0,22.0,17.0,55.849318,41.0,15.0,-13.717,0.0,122.0,55.18489,931.76,1064.0,2183.407915,0.0,695.3151,0.0,0.0,100.86345,2730.431,0.0,179.68480499999998,0.0,183.0,114.769142,-16.41,41.0,61.0,66.0,95.493057,-8.673099,1,2.0,Medium
5.0,0.0,0.0,0.0,0.0,0.0,4.0,0.0,0.0,0.0,0.0,0.0,0.0,0.0,0.0,3.0,9.0,0.0,0.0,0.0,0.0,0.0,0.0,0.0,0.0,0.0,0.0,0.0,21.0,12.0,52.635928,45.0,9.0,-11.9971,0.0,111.0,49.273932,893.4200000000001,988.0,2046.071735,0.0,631.5637,0.0,0.0,87.666956,2552.056,0.0,167.91089499999998,0.0,170.0,105.629548,-15.62,45.0,59.0,57.0,86.269127,-8.569487,1,4.0,Medium
0.0,0.0,0.0,0.0,0.0,0.0,6.0,0.0,0.0,0.0,0.0,0.0,0.0,0.0,0.0,4.0,9.0,0.0,2.0,0.0,0.0,0.0,0.0,0.0,0.0,0.0,0.0,0.0,21.0,10.0,68.966251,46.0,6.0,-8.4341,0.0,119.0,52.827602,784.33,984.0,2016.0684650000003,0.0,628.8054000000001,0.0,0.0,83.385934,2449.8970000000004,0.0,154.01,-3.0,171.0,103.969544,-16.990000000000002,46.0,52.0,65.0,81.87306000000001,-8.5985365,1,3.0,Medium
0.0,0.0,5.0,0.0,0.0,0.0,0.0,0.0,0.0,0.0,4.0,0.0,0.0,0.0,0.0,4.0,8.0,0.0,0.0,0.0,0.0,0.0,0.0,0.0,0.0,0.0,0.0,0.0,21.0,14.0,51.350128,45.0,10.0,-6.558700000000001,0.0,111.0,48.727431,932.98,994.0,2036.879447,0.0,640.8822,0.0,0.0,98.60824499999998,2564.047,0.0,168.434805,-3.0,171.0,105.212479,-15.66,45.0,60.0,60.0,91.527408,-8.607247,1,3.0,Medium
0.0,0.0,0.0,0.0,0.0,0.0,0.0,0.0,0.0,12.0,0.0,0.0,0.0,0.0,0.0,2.0,6.0,0.0,0.0,0.0,0.0,0.0,4.0,0.0,0.0,0.0,0.0,0.0,24.0,14.0,65.810772,62.0,12.0,-4.732200000000002,12.0,198.0,92.884026,918.68,1560.0,3822.417982,0.0,1019.126,12.0,12.0,96.571428,3882.936,0.0,228.913932,6.0,272.0,169.015642,-20.0,62.0,74.0,88.0,117.007296,-8.85365,1,3.0,Medium
0.0,0.0,0.0,0.0,0.0,0.0,6.0,0.0,0.0,2.0,0.0,0.0,0.0,0.0,0.0,4.0,10.0,0.0,0.0,0.0,0.0,0.0,0.0,0.0,0.0,0.0,0.0,0.0,22.0,12.0,70.195918,50.0,8.0,-14.501600000000002,2.0,128.0,57.60784,851.8,1068.0,2296.628622,0.0,676.1928,2.0,2.0,84.23060800000002,2665.126,0.0,164.212322,-2.0,186.0,112.474934,-17.939999999999998,50.0,58.0,66.0,84.24800200000001,-8.698932,1,3.0,Medium
3.0,0.0,0.0,0.0,0.0,0.0,0.0,0.0,0.0,4.0,0.0,0.0,0.0,0.0,0.0,3.0,12.0,0.0,0.0,0.0,0.0,0.0,0.0,0.0,0.0,0.0,0.0,0.0,22.0,10.0,56.951543,51.0,7.0,-17.247,4.0,112.0,49.267558,942.85,992.0,2235.774248,0.0,611.9755,4.0,4.0,82.054732,2544.005,0.0,156.353181,-5.0,173.0,102.673516,-17.07,51.0,61.0,46.0,73.362335,-8.696939,2,0.0,Low
9.0,0.0,0.0,0.0,0.0,0.0,0.0,0.0,0.0,0.0,0.0,0.0,0.0,0.0,0.0,3.0,9.0,1.0,0.0,0.0,0.0,0.0,0.0,0.0,0.0,0.0,0.0,0.0,22.0,12.0,42.337861,47.0,9.0,-9.5749,0.0,107.0,46.50854,1012.52,1006.0,2107.100064,0.0,643.0783,0.0,0.0,94.54515,2671.774,0.0,181.105611,0.0,172.0,108.035624,-15.25,47.0,65.0,49.0,90.196824,-8.550776,1,4.0,Medium
0.0,0.0,3.0,0.0,0.0,0.0,0.0,0.0,0.0,0.0,4.0,0.0,0.0,0.0,0.0,5.0,9.0,0.0,0.0,0.0,0.0,0.0,0.0,0.0,0.0,0.0,0.0,0.0,21.0,11.0,57.948982,48.0,6.0,-7.003400000000001,0.0,106.0,45.626846,906.16,942.0,1937.459704,0.0,594.0574,0.0,0.0,90.834587,2405.903,0.0,154.656883,-6.0,163.0,97.86141,-16.2,48.0,57.0,56.0,82.00678400000001,-8.517976,2,0.0,Low
0.0,0.0,0.0,0.0,8.0,0.0,0.0,0.0,0.0,0.0,0.0,0.0,0.0,0.0,0.0,2.0,4.0,0.0,0.0,0.0,0.0,0.0,8.0,0.0,0.0,0.0,0.0,0.0,22.0,10.0,80.65951000000001,46.0,8.0,28.9212,0.0,216.0,97.495834,709.9,1576.0,3645.978452,0.0,1094.1632,0.0,0.0,111.183824,3845.586,0.0,252.22,4.0,270.0,183.005918,-17.78,46.0,54.0,114.0,127.985916,-8.57745,0,5.0,High
0.0,0.0,2.0,0.0,0.0,0.0,6.0,0.0,0.0,0.0,0.0,0.0,0.0,0.0,0.0,3.0,10.0,0.0,0.0,0.0,0.0,0.0,0.0,0.0,0.0,0.0,0.0,0.0,21.0,13.0,62.646001,43.0,10.0,-13.1762,0.0,116.0,51.936623,838.81,988.0,2033.136468,0.0,633.9102,0.0,0.0,87.42979199999999,2493.809,0.0,159.78792199999998,-2.0,171.0,105.077973,-16.45,43.0,55.0,63.0,83.739344,-8.628217,1,2.0,Medium
0.0,0.0,0.0,0.0,0.0,0.0,0.0,5.0,3.0,0.0,0.0,0.0,0.0,0.0,0.0,6.0,8.0,0.0,0.0,0.0,0.0,0.0,0.0,0.0,0.0,0.0,0.0,0.0,22.0,17.0,72.184961,47.0,11.0,-16.0932,0.0,122.0,54.21703099999999,854.54,1036.0,2180.39996,0.0,663.3085000000001,0.0,0.0,89.311937,2584.06,0.0,162.06,0.0,180.0,109.757049,-17.939999999999998,47.0,58.0,64.0,82.244444,-8.678298,1,4.0,Medium
4.0,0.0,0.0,0.0,0.0,0.0,0.0,0.0,0.0,3.0,0.0,0.0,0.0,0.0,0.0,4.0,10.0,0.0,0.0,0.0,0.0,0.0,0.0,0.0,0.0,0.0,0.0,0.0,21.0,11.0,51.858048,49.0,7.0,-14.245,3.0,108.0,47.535909,923.09,968.0,2156.922396,0.0,603.0467000000001,3.0,3.0,81.064423,2498.4080000000004,0.0,157.063199,-3.0,168.0,101.051816,-15.99,49.0,60.0,46.0,75.211348,-8.620901,1,2.0,Medium
0.0,0.0,4.0,0.0,0.0,0.0,4.0,0.0,0.0,0.0,0.0,0.0,0.0,0.0,0.0,4.0,9.0,0.0,0.0,0.0,0.0,0.0,0.0,0.0,0.0,0.0,0.0,0.0,21.0,16.0,56.029977,42.0,12.0,-11.8161,0.0,115.0,51.533176,897.21,1004.0,2084.571047,0.0,650.3172000000001,0.0,0.0,92.847672,2567.7430000000004,0.0,167.56584400000003,-1.0,173.0,107.340342,-15.91,42.0,58.0,61.0,87.73021,-8.645811,1,2.0,Medium
0.0,0.0,0.0,0.0,0.0,0.0,6.0,0.0,0.0,0.0,0.0,0.0,0.0,0.0,0.0,3.0,8.0,4.0,0.0,0.0,0.0,0.0,0.0,0.0,0.0,0.0,0.0,0.0,21.0,9.0,69.486267,45.0,6.0,-2.8626000000000014,0.0,128.0,56.934153,750.27,1032.0,2157.3822600000003,0.0,671.3386,0.0,0.0,82.79856600000002,2561.149,0.0,162.05,-2.0,179.0,111.118707,-16.95,45.0,51.0,69.0,85.690736,-8.605692,1,3.0,Medium
4.0,0.0,0.0,0.0,0.0,0.0,0.0,0.0,0.0,0.0,0.0,0.0,0.0,0.0,0.0,4.0,8.0,5.0,0.0,0.0,0.0,0.0,0.0,0.0,0.0,0.0,0.0,0.0,21.0,8.0,55.776981,46.0,4.0,0.3769999999999989,0.0,112.0,48.048024,854.4200000000001,962.0,2052.9540450000004,0.0,619.5766,0.0,0.0,83.593102,2466.514,0.0,161.07471600000002,-4.0,166.0,103.051052,-15.75,46.0,54.0,52.0,79.999409,-8.5131445,2,0.0,Low
3.0,0.0,0.0,0.0,0.0,2.0,0.0,0.0,0.0,0.0,0.0,0.0,0.0,0.0,0.0,0.0,5.0,12.0,0.0,0.0,0.0,0.0,0.0,0.0,0.0,0.0,0.0,0.0,22.0,5.0,62.568089,44.0,5.0,15.289699999999998,0.0,145.0,63.326359,739.55,1144.0,2485.289155,0.0,773.4216999999999,0.0,0.0,93.54549,2877.9770000000003,0.0,188.408537,0.0,197.0,128.228499,-16.71,44.0,52.0,70.0,97.531357,-8.495008,1,3.0,Medium
0.0,0.0,3.0,0.0,0.0,0.0,3.0,0.0,0.0,0.0,0.0,0.0,0.0,0.0,0.0,5.0,11.0,0.0,0.0,0.0,0.0,0.0,0.0,0.0,0.0,0.0,0.0,0.0,22.0,14.0,62.43100199999999,46.0,9.0,-13.246300000000002,0.0,111.0,48.580273,936.52,976.0,2036.003008,0.0,618.0725,0.0,0.0,90.734014,2488.077,0.0,159.906883,-5.0,169.0,102.329373,-16.95,46.0,58.0,56.0,80.442675,-8.595423,2,0.0,Low
0.0,0.0,0.0,0.0,0.0,0.0,0.0,3.0,0.0,0.0,4.0,0.0,0.0,0.0,0.0,4.0,10.0,0.0,0.0,0.0,0.0,0.0,0.0,0.0,0.0,0.0,0.0,0.0,21.0,7.0,67.344333,50.0,3.0,-10.7963,0.0,103.0,43.62382,821.76,894.0,1829.01848,0.0,550.5723,0.0,0.0,84.17781,2240.384,0.0,138.97,-7.0,156.0,91.617253,-17.03,50.0,53.0,54.0,71.72644299999999,-8.486994,2,0.0,Low
0.0,0.0,0.0,0.0,0.0,0.0,6.0,0.0,0.0,0.0,4.0,0.0,0.0,0.0,0.0,3.0,8.0,0.0,0.0,0.0,0.0,0.0,0.0,0.0,0.0,0.0,0.0,0.0,21.0,9.0,68.371883,49.0,6.0,-7.477400000000001,0.0,124.0,55.266897,787.19,1032.0,2086.180524,0.0,659.2106000000001,0.0,0.0,87.536134,2569.037,0.0,161.89,-2.0,179.0,109.061099,-17.11,49.0,55.0,73.0,90.734472,-8.606434,1,3.0,Medium
0.0,0.0,0.0,0.0,0.0,0.0,6.0,0.0,0.0,0.0,0.0,0.0,0.0,0.0,0.0,4.0,8.0,4.0,0.0,0.0,0.0,0.0,0.0,0.0,0.0,0.0,0.0,0.0,22.0,10.0,72.88031600000001,48.0,6.0,-2.7646000000000006,0.0,134.0,59.550858,796.8000000000001,1084.0,2274.8536400000003,0.0,704.1974,0.0,0.0,86.52644600000002,2691.292,0.0,170.22,-2.0,188.0,116.503738,-17.78,48.0,54.0,72.0,89.78000200000001,-8.607795,1,3.0,Medium
0.0,0.0,0.0,0.0,0.0,0.0,5.0,0.0,0.0,0.0,0.0,0.0,0.0,0.0,0.0,5.0,5.0,0.0,0.0,0.0,0.0,0.0,0.0,0.0,0.0,0.0,6.0,0.0,21.0,34.0,64.33037599999999,83.0,5.0,-19.1638,6.0,162.0,77.22498,1341.08,1446.0,3628.337869,0.0,873.6057000000001,6.0,6.0,84.625497,3620.934,0.0,219.88629,0.0,250.0,146.398986,-18.43,83.0,88.0,86.0,108.362967,-8.7192,1,2.0,Medium
0.0,0.0,3.0,0.0,0.0,0.0,0.0,0.0,0.0,3.0,0.0,0.0,0.0,0.0,0.0,4.0,11.0,0.0,0.0,0.0,0.0,0.0,0.0,0.0,0.0,0.0,0.0,0.0,21.0,13.0,55.062853,46.0,9.0,-15.202800000000002,3.0,108.0,47.672866,917.68,954.0,2122.377692,0.0,597.4777,3.0,3.0,83.965538,2441.964,0.0,151.845366,-5.0,166.0,99.179675,-16.240000000000002,46.0,58.0,47.0,73.117186,-8.676755,2,0.0,Low
0.0,0.0,4.0,0.0,0.0,0.0,0.0,0.0,0.0,0.0,0.0,0.0,0.0,0.0,0.0,4.0,10.0,4.0,0.0,0.0,0.0,0.0,0.0,0.0,0.0,0.0,0.0,0.0,22.0,12.0,58.874122,44.0,8.0,-3.831800000000002,0.0,114.0,49.1938,919.5800000000002,984.0,2083.5057260000003,0.0,635.9744000000001,0.0,0.0,92.934908,2518.598,0.0,163.935844,-6.0,170.0,104.803468,-16.54,44.0,56.0,54.0,81.961016,-8.604211,2,0.0,Low
0.0,0.0,0.0,0.0,0.0,0.0,5.0,5.0,0.0,0.0,0.0,0.0,0.0,0.0,0.0,2.0,10.0,0.0,0.0,0.0,0.0,0.0,0.0,0.0,0.0,0.0,0.0,0.0,22.0,12.0,71.82364299999999,46.0,10.0,-18.079,0.0,122.0,54.365735,801.76,1024.0,2105.26917,0.0,652.2646,0.0,0.0,90.631955,2553.0460000000003,0.0,160.14,0.0,178.0,109.002342,-17.86,46.0,56.0,66.0,82.638722,-8.685757,1,4.0,Medium
6.0,0.0,0.0,0.0,0.0,0.0,0.0,0.0,0.0,0.0,0.0,0.0,0.0,0.0,0.0,5.0,5.0,0.0,0.0,0.0,0.0,0.0,5.0,0.0,0.0,0.0,0.0,0.0,21.0,11.0,51.567565,47.0,6.0,10.328399999999998,0.0,141.0,62.609422,888.4399999999999,1170.0,2540.225014,0.0,780.3656,0.0,0.0,97.189718,2997.288,0.0,200.947074,1.0,200.0,129.330379,-15.29,47.0,59.0,73.0,105.516628,-8.652527,1,4.0,Medium
0.0,0.0,0.0,0.0,4.0,0.0,0.0,0.0,0.0,0.0,3.0,0.0,0.0,0.0,0.0,4.0,10.0,0.0,0.0,0.0,0.0,0.0,0.0,0.0,0.0,0.0,0.0,0.0,21.0,8.0,70.393325,49.0,4.0,-4.899100000000001,0.0,123.0,52.953978000000006,816.97,1014.0,2211.924127,0.0,643.921,0.0,0.0,85.235138,2520.9480000000003,0.0,158.97,-6.0,176.0,108.311298,-17.03,49.0,53.0,61.0,76.91540099999999,-8.589604,2,0.0,Low
3.0,0.0,0.0,0.0,0.0,0.0,5.0,0.0,0.0,0.0,0.0,0.0,0.0,0.0,0.0,4.0,0.0,9.0,0.0,0.0,0.0,0.0,0.0,0.0,0.0,0.0,0.0,0.0,21.0,12.0,60.401587,46.0,8.0,15.0539,0.0,159.0,72.280112,738.34,1260.0,2696.9275310000003,0.0,860.231,0.0,0.0,93.348211,3161.478,0.0,207.918537,8.0,216.0,141.600352,-16.2,46.0,57.0,87.0,115.645583,-8.656892,0,5.0,High
0.0,0.0,0.0,0.0,0.0,0.0,6.0,0.0,0.0,0.0,5.0,0.0,0.0,0.0,0.0,2.0,8.0,0.0,0.0,0.0,0.0,0.0,0.0,0.0,0.0,0.0,0.0,0.0,21.0,8.0,68.011707,49.0,6.0,-6.823300000000001,0.0,125.0,55.740962,776.19,1038.0,2078.127991,0.0,664.0008,0.0,0.0,89.11772400000001,2583.064,0.0,162.89,-2.0,180.0,109.80659,-17.11,49.0,55.0,75.0,92.937605,-8.602672,1,3.0,Medium
0.0,5.0,0.0,0.0,0.0,0.0,0.0,0.0,0.0,0.0,0.0,0.0,0.0,0.0,0.0,6.0,5.0,6.0,0.0,0.0,0.0,0.0,0.0,0.0,0.0,0.0,0.0,0.0,22.0,16.0,56.263133,45.0,10.0,3.3462999999999994,0.0,129.0,56.827749,921.33,1100.0,2372.292101,0.0,731.3928,0.0,0.0,91.137988,2817.541,0.0,186.160895,0.0,189.0,119.9916,-16.369999999999997,45.0,60.0,62.0,95.223031,-8.658805,1,4.0,Medium
0.0,0.0,0.0,0.0,0.0,0.0,5.0,0.0,0.0,0.0,5.0,0.0,0.0,0.0,0.0,6.0,5.0,0.0,0.0,0.0,0.0,0.0,0.0,0.0,0.0,0.0,0.0,0.0,21.0,11.0,68.570854,53.0,5.0,-2.8385000000000007,0.0,131.0,58.523545000000006,811.18,1092.0,2238.80934,0.0,701.7563,0.0,0.0,89.493475,2718.223,0.0,171.77,0.0,189.0,115.614471,-17.229999999999997,53.0,58.0,78.0,97.875946,-8.607743,1,4.0,Medium
0.0,0.0,0.0,0.0,0.0,0.0,0.0,4.0,0.0,3.0,0.0,0.0,0.0,0.0,0.0,4.0,10.0,0.0,0.0,0.0,0.0,0.0,0.0,0.0,0.0,0.0,0.0,0.0,21.0,11.0,64.637508,49.0,7.0,-17.8822,3.0,112.0,49.323601,830.29,960.0,2140.355556,0.0,595.2771,3.0,3.0,79.92611099999999,2408.672,0.0,145.078483,-3.0,168.0,99.633808,-17.15,49.0,56.0,50.0,68.8779,-8.643216,1,3.0,Medium
0.0,0.0,2.0,0.0,0.0,0.0,0.0,0.0,0.0,0.0,3.0,0.0,0.0,0.0,0.0,5.0,11.0,0.0,0.0,0.0,0.0,0.0,0.0,0.0,0.0,0.0,0.0,0.0,21.0,9.0,61.324719,48.0,4.0,-9.643400000000002,0.0,98.0,41.335189,894.1500000000001,874.0,1803.4654,0.0,539.3726,0.0,0.0,84.589348,2224.172,0.0,140.827922,-9.0,152.0,89.264269,-16.41,48.0,54.0,49.0,71.191729,-8.496823,2,0.0,Low
0.0,0.0,0.0,0.0,0.0,0.0,0.0,0.0,0.0,6.0,0.0,0.0,0.0,0.0,0.0,0.0,6.0,0.0,0.0,0.0,0.0,0.0,6.0,0.0,0.0,0.0,3.0,0.0,21.0,18.0,61.145856,66.0,6.0,1.357800000000001,9.0,186.0,87.284559,1015.44,1488.0,3727.567896,0.0,955.1088,9.0,9.0,90.040284,3694.566,0.0,222.825111,0.0,258.0,158.88268200000002,-17.79,66.0,72.0,90.0,112.392861,-8.856269,1,3.0,Medium
4.0,0.0,0.0,0.0,0.0,0.0,0.0,0.0,0.0,0.0,0.0,0.0,0.0,0.0,0.0,5.0,4.0,8.0,0.0,0.0,0.0,0.0,0.0,0.0,0.0,0.0,0.0,0.0,21.0,9.0,56.289217,47.0,4.0,10.5032,0.0,130.0,56.76679299999999,819.3299999999999,1076.0,2328.4296560000003,0.0,713.6624,0.0,0.0,86.856216,2739.031,0.0,180.034716,0.0,185.0,117.967039,-15.79,47.0,55.0,63.0,93.096966,-8.552831,1,4.0,Medium
0.0,0.0,3.0,0.0,0.0,0.0,0.0,0.0,0.0,0.0,2.0,0.0,0.0,0.0,0.0,4.0,12.0,0.0,0.0,0.0,0.0,0.0,0.0,0.0,0.0,0.0,0.0,0.0,21.0,10.0,58.101602,45.0,6.0,-11.8387,0.0,95.0,40.144117,908.96,858.0,1768.890839,0.0,531.5126,0.0,0.0,86.117767,2200.585,0.0,140.776883,-9.0,149.0,88.018197,-16.08,45.0,54.0,46.0,69.89729799999999,-8.545035,2,0.0,Low
0.0,0.0,0.0,0.0,0.0,0.0,4.0,0.0,0.0,0.0,0.0,0.0,0.0,0.0,0.0,3.0,11.0,4.0,0.0,0.0,0.0,0.0,0.0,0.0,0.0,0.0,0.0,0.0,22.0,7.0,72.295414,47.0,4.0,-5.376300000000001,0.0,119.0,51.512227,809.1800000000001,976.0,2042.1945450000003,0.0,620.8152,0.0,0.0,82.617028,2429.818,0.0,152.34,-7.0,170.0,103.062807,-17.66,47.0,51.0,60.0,76.54702400000001,-8.548188,2,0.0,Low
0.0,0.0,0.0,0.0,0.0,0.0,0.0,4.0,0.0,0.0,5.0,0.0,0.0,0.0,0.0,0.0,2.0,10.0,0.0,0.0,0.0,0.0,0.0,0.0,0.0,0.0,0.0,0.0,21.0,4.0,67.483125,47.0,4.0,16.1035,0.0,149.0,65.729634,643.87,1158.0,2414.211907,0.0,780.7977999999999,0.0,0.0,95.45601,2861.716,0.0,183.05,2.0,200.0,128.364426,-16.95,47.0,51.0,83.0,104.799061,-8.413847,1,4.0,Medium
0.0,0.0,0.0,0.0,6.0,0.0,0.0,0.0,0.0,0.0,0.0,0.0,0.0,0.0,0.0,5.0,4.0,6.0,0.0,0.0,0.0,0.0,0.0,0.0,0.0,0.0,0.0,0.0,21.0,11.0,73.165469,47.0,6.0,12.4584,0.0,162.0,71.794409,735.4100000000001,1248.0,2856.298252,0.0,840.4442,0.0,0.0,89.67268,3074.0970000000007,0.0,197.97000000000003,2.0,215.0,140.753617,-17.03,47.0,53.0,79.0,96.420044,-8.610352,1,4.0,Medium
0.0,0.0,0.0,0.0,0.0,0.0,0.0,5.0,0.0,0.0,0.0,0.0,0.0,0.0,0.0,4.0,10.0,0.0,0.0,0.0,0.0,0.0,0.0,0.0,0.0,0.0,2.0,0.0,21.0,17.0,66.37288299999999,58.0,5.0,-20.2401,2.0,113.0,50.01286999999999,992.48,1010.0,2317.590168,0.0,608.6281,2.0,2.0,82.02795400000001,2536.66,0.0,154.67543,-5.0,176.0,102.399551,-17.43,58.0,63.0,54.0,71.89262300000001,-8.633578,2,0.0,Low
5.0,0.0,0.0,0.0,0.0,0.0,0.0,0.0,0.0,0.0,0.0,0.0,0.0,0.0,0.0,4.0,8.0,0.0,0.0,4.0,0.0,0.0,0.0,0.0,0.0,0.0,0.0,0.0,21.0,9.0,53.804336,46.0,5.0,-3.3262,0.0,106.0,44.919397,882.0600000000001,940.0,2041.285228,0.0,601.1157000000001,0.0,0.0,83.62089999999999,2434.836,0.0,160.03089500000002,-3.0,162.0,101.099917,-15.5,46.0,56.0,43.0,74.531991,-8.512912,1,3.0,Medium
3.0,0.0,0.0,0.0,0.0,0.0,0.0,0.0,0.0,4.0,0.0,0.0,0.0,0.0,0.0,4.0,10.0,0.0,0.0,0.0,0.0,0.0,0.0,0.0,0.0,0.0,0.0,0.0,21.0,11.0,53.935982,50.0,7.0,-14.9936,4.0,112.0,49.673919,909.12,988.0,2241.418822,0.0,614.4263000000001,4.0,4.0,79.36261200000001,2532.038,0.0,156.103181,-3.0,172.0,102.856639,-16.32,50.0,60.0,47.0,74.408549,-8.66898,1,1.0,Medium
5.0,0.0,0.0,0.0,0.0,0.0,0.0,0.0,0.0,4.0,0.0,0.0,0.0,0.0,0.0,0.0,8.0,4.0,0.0,0.0,0.0,0.0,0.0,0.0,0.0,0.0,0.0,0.0,21.0,9.0,47.200052,46.0,9.0,-6.068200000000002,4.0,126.0,56.62804499999999,855.82,1076.0,2418.4160680000005,0.0,696.8592999999998,4.0,4.0,85.71950000000001,2771.404,0.0,176.175539,1.0,186.0,116.433641,-15.66,46.0,60.0,55.0,88.290699,-8.710544,1,4.0,Medium
0.0,0.0,0.0,0.0,0.0,0.0,0.0,5.0,0.0,0.0,0.0,0.0,0.0,0.0,0.0,4.0,2.0,0.0,0.0,0.0,0.0,0.0,0.0,10.0,0.0,0.0,0.0,0.0,21.0,9.0,71.74944099999999,46.0,5.0,21.857100000000003,0.0,175.0,79.24221399999999,683.0799999999999,1314.0,2707.277586,0.0,900.6317,0.0,0.0,111.6602,3226.442,0.0,209.05,3.0,226.0,146.45624700000002,-16.95,46.0,51.0,104.0,122.758021,-8.54727,1,4.0,Medium
3.0,0.0,0.0,0.0,3.0,0.0,0.0,0.0,0.0,0.0,0.0,0.0,0.0,0.0,0.0,4.0,11.0,0.0,0.0,0.0,0.0,0.0,0.0,0.0,0.0,0.0,0.0,0.0,21.0,10.0,60.579646,46.0,6.0,-9.7323,0.0,111.0,47.647489,881.5899999999999,960.0,2100.667652,0.0,606.6316,0.0,0.0,83.72507,2445.048,0.0,157.998537,-5.0,166.0,102.537176,-16.12,46.0,55.0,50.0,72.677869,-8.577233,2,0.0,Low
0.0,0.0,0.0,0.0,0.0,0.0,7.0,0.0,0.0,0.0,4.0,0.0,0.0,0.0,0.0,4.0,7.0,0.0,0.0,0.0,0.0,0.0,0.0,0.0,0.0,0.0,0.0,0.0,22.0,11.0,71.96376099999999,52.0,7.0,-6.6614,0.0,136.0,61.147151,824.3299999999999,1126.0,2289.202463,0.0,724.9331000000001,0.0,0.0,92.959783,2800.373,0.0,177.02,0.0,195.0,119.774557,-17.98,52.0,59.0,81.0,100.156357,-8.641843,1,4.0,Medium
0.0,0.0,0.0,5.0,2.0,0.0,0.0,0.0,0.0,0.0,0.0,0.0,0.0,0.0,0.0,4.0,10.0,0.0,0.0,0.0,0.0,0.0,0.0,0.0,0.0,0.0,0.0,0.0,21.0,11.0,71.181411,46.0,7.0,-8.618200000000002,0.0,128.0,56.476859000000005,802.5999999999999,1044.0,2325.161363,0.0,670.6480999999999,0.0,0.0,85.23548400000001,2591.155,0.0,163.97,-3.0,181.0,112.994848,-17.03,46.0,53.0,64.0,78.109044,-8.675818,1,3.0,Medium
3.0,0.0,0.0,0.0,0.0,0.0,0.0,0.0,0.0,4.0,0.0,0.0,0.0,0.0,0.0,5.0,9.0,0.0,0.0,0.0,0.0,0.0,0.0,0.0,0.0,0.0,0.0,0.0,21.0,12.0,54.125226,51.0,7.0,-13.817900000000002,4.0,115.0,51.185452,915.52,1012.0,2302.976799,0.0,632.0811,4.0,4.0,79.880492,2591.126,0.0,160.063181,-2.0,176.0,105.640716,-16.36,51.0,61.0,49.0,76.97628900000001,-8.666591,1,3.0,Medium
4.0,4.0,0.0,0.0,0.0,0.0,0.0,0.0,0.0,0.0,0.0,0.0,0.0,0.0,0.0,4.0,10.0,0.0,0.0,0.0,0.0,0.0,0.0,0.0,0.0,0.0,0.0,0.0,22.0,16.0,45.624246,44.0,12.0,-13.9378,0.0,102.0,44.365372,1030.14,968.0,2028.349342,0.0,617.8868,0.0,0.0,91.763904,2560.21,0.0,172.109432,-2.0,166.0,102.87402,-15.54,44.0,64.0,46.0,84.197948,-8.574699,1,3.0,Medium
3.0,0.0,0.0,0.0,0.0,0.0,0.0,0.0,5.0,0.0,4.0,0.0,0.0,0.0,0.0,0.0,9.0,0.0,0.0,0.0,0.0,0.0,0.0,0.0,0.0,0.0,0.0,0.0,21.0,13.0,57.991907,41.0,13.0,-11.3162,0.0,118.0,53.108434,832.81,1014.0,2022.9644970000004,0.0,660.3523,0.0,0.0,91.438869,2572.379,0.0,166.918537,-1.0,175.0,108.645341,-16.2,41.0,57.0,68.0,92.868664,-8.630252,1,2.0,Medium
0.0,0.0,3.0,0.0,0.0,0.0,0.0,0.0,0.0,0.0,3.0,0.0,0.0,0.0,0.0,4.0,11.0,0.0,0.0,0.0,0.0,0.0,0.0,0.0,0.0,0.0,0.0,0.0,21.0,10.0,57.93066999999999,46.0,6.0,-10.0089,0.0,99.0,42.129715,904.36,888.0,1822.396283,0.0,553.9576000000001,0.0,0.0,88.217237,2273.7,0.0,145.736883,-8.0,154.0,91.547765,-16.12,46.0,55.0,50.0,74.668171,-8.547847,2,0.0,Low
0.0,0.0,0.0,0.0,0.0,0.0,0.0,6.0,0.0,0.0,2.0,0.0,0.0,0.0,0.0,3.0,10.0,0.0,0.0,0.0,0.0,0.0,0.0,0.0,0.0,0.0,0.0,0.0,21.0,9.0,67.46713299999999,47.0,6.0,-15.8182,0.0,104.0,44.567775,796.3900000000001,900.0,1855.032948,0.0,558.9166,0.0,0.0,85.7594,2254.483,0.0,139.97,-4.0,157.0,93.516679,-17.03,47.0,53.0,53.0,70.036902,-8.541618,1,2.0,Medium
0.0,0.0,0.0,0.0,0.0,0.0,6.0,0.0,0.0,0.0,5.0,0.0,0.0,0.0,0.0,0.0,8.0,0.0,0.0,0.0,0.0,0.0,0.0,0.0,0.0,0.0,2.0,0.0,21.0,14.0,65.99792099999999,59.0,6.0,-11.1749,2.0,137.0,62.76488199999999,934.49,1166.0,2527.883279,0.0,729.2676000000001,2.0,2.0,90.131048,2907.3459999999995,0.0,180.59543,-2.0,202.0,121.31058,-17.509999999999998,59.0,65.0,81.0,100.105167,-8.6977415,1,3.0,Medium
0.0,0.0,0.0,0.0,0.0,0.0,0.0,3.0,0.0,3.0,0.0,0.0,0.0,0.0,0.0,4.0,11.0,0.0,0.0,0.0,0.0,0.0,0.0,0.0,0.0,0.0,0.0,0.0,21.0,10.0,64.647448,49.0,6.0,-17.82,3.0,108.0,47.181373,839.6800000000001,930.0,2075.4944450000003,0.0,571.6474000000001,3.0,3.0,77.826641,2335.533,0.0,140.118483,-5.0,163.0,95.719595,-17.11,49.0,55.0,47.0,65.404585,-8.615788,2,0.0,Low
5.0,0.0,0.0,0.0,5.0,0.0,0.0,0.0,0.0,0.0,0.0,0.0,0.0,0.0,0.0,6.0,5.0,0.0,0.0,0.0,0.0,0.0,0.0,0.0,0.0,0.0,0.0,0.0,21.0,16.0,55.972644,48.0,10.0,-1.9165000000000003,0.0,141.0,62.932385,903.23,1192.0,2677.2864600000003,0.0,786.4268,0.0,0.0,94.25653,3040.918,0.0,201.750895,5.0,204.0,132.625886,-15.779999999999998,48.0,63.0,68.0,98.116591,-8.761816,1,4.0,Medium
0.0,0.0,4.0,0.0,0.0,0.0,0.0,0.0,0.0,3.0,0.0,0.0,0.0,0.0,0.0,0.0,4.0,11.0,0.0,0.0,0.0,0.0,0.0,0.0,0.0,0.0,0.0,0.0,22.0,11.0,55.490181,43.0,11.0,12.6454,3.0,158.0,71.464497,796.69,1254.0,2796.912705,0.0,854.5493,3.0,3.0,99.315645,3167.856,0.0,204.084327,3.0,216.0,140.195564,-16.62,43.0,58.0,76.0,109.021263,-8.725074,0,5.0,High
3.0,0.0,0.0,0.0,0.0,0.0,0.0,0.0,0.0,5.0,0.0,0.0,0.0,0.0,0.0,4.0,9.0,0.0,0.0,0.0,0.0,0.0,0.0,0.0,0.0,0.0,0.0,0.0,21.0,12.0,52.809111,51.0,8.0,-14.8951,5.0,119.0,53.507234,908.96,1040.0,2394.9180690000003,0.0,651.378,5.0,5.0,80.044849,2661.241,0.0,163.09934199999998,-1.0,181.0,108.930177,-16.4,51.0,62.0,50.0,78.66242700000001,-8.698863,1,3.0,Medium
0.0,0.0,0.0,6.0,0.0,0.0,0.0,0.0,0.0,0.0,4.0,0.0,0.0,0.0,0.0,0.0,8.0,0.0,0.0,0.0,0.0,0.0,0.0,0.0,0.0,0.0,4.0,0.0,22.0,22.0,68.59067800000001,72.0,6.0,-13.742,4.0,160.0,74.37122199999999,1150.3200000000002,1376.0,3296.960062,0.0,850.305,4.0,4.0,96.34768,3431.906,0.0,211.47086,-2.0,238.0,142.990004,-18.74,72.0,78.0,88.0,107.998528,-8.754539,1,2.0,Medium
0.0,0.0,5.0,0.0,0.0,0.0,5.0,0.0,0.0,0.0,4.0,0.0,0.0,0.0,0.0,0.0,8.0,0.0,0.0,0.0,0.0,0.0,0.0,0.0,0.0,0.0,0.0,0.0,22.0,15.0,54.787102,43.0,15.0,-8.749200000000002,0.0,132.0,60.104216,900.56,1136.0,2274.3137370000004,0.0,749.7855,0.0,0.0,108.22557,2904.715,0.0,191.604805,2.0,195.0,123.31926,-16.490000000000002,43.0,63.0,78.0,109.441069,-8.693365,1,3.0,Medium
0.0,5.0,0.0,0.0,5.0,0.0,0.0,0.0,0.0,0.0,0.0,0.0,0.0,0.0,0.0,0.0,6.0,0.0,0.0,0.0,0.0,5.0,0.0,0.0,0.0,0.0,0.0,0.0,21.0,15.0,58.475235,37.0,15.0,3.803799999999999,0.0,148.0,64.970727,809.6800000000001,1198.0,2784.0253380000004,0.0,818.0264999999999,0.0,0.0,95.72464,3037.1850000000004,0.0,202.990895,4.0,205.0,138.493424,-15.54,37.0,57.0,56.0,89.416236,-8.778054,1,3.0,Medium
4.0,0.0,0.0,0.0,0.0,4.0,0.0,0.0,0.0,3.0,0.0,0.0,0.0,0.0,0.0,0.0,11.0,0.0,0.0,0.0,0.0,0.0,0.0,0.0,0.0,0.0,0.0,0.0,22.0,11.0,55.075529,47.0,11.0,-18.7139,3.0,119.0,52.790381,900.06,1044.0,2351.6344710000003,0.0,660.6183,3.0,3.0,91.787723,2681.775,0.0,169.273199,0.0,181.0,111.863914,-16.78,47.0,62.0,51.0,79.998886,-8.65854,0,5.0,High
0.0,0.0,0.0,0.0,0.0,0.0,6.0,0.0,0.0,0.0,4.0,0.0,0.0,0.0,0.0,0.0,8.0,0.0,0.0,0.0,0.0,0.0,0.0,0.0,0.0,0.0,3.0,0.0,21.0,18.0,65.351204,64.0,6.0,-14.0048,3.0,142.0,65.80277699999999,1024.64,1224.0,2760.813456,0.0,757.1107999999999,3.0,3.0,89.05612,3055.46,0.0,188.448145,-2.0,212.0,126.317084,-17.71,64.0,70.0,82.0,101.485815,-8.713318,1,3.0,Medium
0.0,0.0,4.0,0.0,0.0,4.0,0.0,0.0,0.0,0.0,0.0,0.0,0.0,0.0,0.0,4.0,10.0,0.0,0.0,0.0,0.0,0.0,0.0,0.0,0.0,0.0,0.0,0.0,22.0,16.0,59.213118,44.0,12.0,-14.454200000000002,0.0,114.0,49.779584,937.34,1008.0,2183.312794,0.0,647.0532000000001,0.0,0.0,98.859416,2582.69,0.0,167.775844,-2.0,174.0,107.97504,-16.700000000000003,44.0,60.0,54.0,81.45823200000001,-8.633244,1,2.0,Medium
3.0,0.0,0.0,0.0,0.0,0.0,6.0,0.0,0.0,4.0,0.0,0.0,0.0,0.0,0.0,0.0,8.0,0.0,0.0,0.0,0.0,0.0,0.0,0.0,0.0,0.0,0.0,0.0,21.0,13.0,54.36598,46.0,13.0,-15.3884,4.0,136.0,63.209081,827.1800000000001,1144.0,2508.490268,0.0,740.9893,4.0,4.0,87.465706,2902.844,0.0,182.023181,5.0,198.0,123.690893,-16.4,46.0,62.0,69.0,96.133303,-8.726912,1,3.0,Medium
0.0,0.0,0.0,0.0,5.0,0.0,0.0,0.0,0.0,0.0,0.0,0.0,0.0,0.0,0.0,4.0,2.0,0.0,0.0,0.0,0.0,0.0,10.0,0.0,0.0,0.0,0.0,0.0,21.0,9.0,76.716721,46.0,5.0,35.4946,0.0,210.0,94.775424,683.0799999999999,1524.0,3497.6298810000003,0.0,1062.0067,0.0,0.0,107.07259,3717.3870000000006,0.0,244.05,3.0,261.0,176.069497,-16.95,46.0,51.0,114.0,128.469366,-8.499569,0,5.0,High
0.0,0.0,0.0,0.0,0.0,0.0,0.0,6.0,0.0,0.0,5.0,0.0,0.0,0.0,0.0,0.0,6.0,0.0,0.0,4.0,0.0,0.0,0.0,0.0,0.0,0.0,0.0,0.0,21.0,6.0,68.157085,47.0,6.0,-3.4887,0.0,123.0,53.17809799999999,708.0700000000002,1014.0,2106.733101,0.0,656.6392000000001,0.0,0.0,92.72331,2525.028,0.0,158.97,0.0,176.0,109.753152,-17.03,47.0,53.0,63.0,83.67190099999999,-8.589308,1,4.0,Medium
0.0,0.0,5.0,0.0,0.0,0.0,0.0,0.0,0.0,0.0,0.0,0.0,0.0,0.0,0.0,4.0,10.0,4.0,0.0,0.0,0.0,0.0,0.0,0.0,0.0,0.0,0.0,0.0,23.0,14.0,58.874122,45.0,10.0,-4.099300000000002,0.0,121.0,52.605031,976.32,1050.0,2219.9079890000003,0.0,683.4182000000001,0.0,0.0,100.29067700000002,2698.269,0.0,177.014805,-5.0,181.0,112.471995,-17.08,45.0,60.0,58.0,89.526724,-8.651287,2,0.0,Low
4.0,11.0,0.0,0.0,0.0,0.0,0.0,0.0,0.0,3.0,0.0,0.0,0.0,0.0,0.0,4.0,0.0,0.0,0.0,0.0,0.0,0.0,0.0,0.0,0.0,0.0,0.0,0.0,22.0,33.0,19.809998,40.0,29.0,-10.7016,3.0,144.0,68.50773,1145.9299999999998,1348.0,2971.86683,0.0,922.1015,3.0,3.0,110.498951,3609.942,0.0,248.791168,18.0,228.0,151.61789599999997,-14.03,40.0,84.0,69.0,132.356321,-8.762317,1,4.0,Medium
0.0,0.0,5.0,0.0,0.0,0.0,4.0,0.0,0.0,0.0,3.0,0.0,0.0,0.0,0.0,0.0,12.0,0.0,0.0,0.0,0.0,0.0,0.0,0.0,0.0,0.0,0.0,0.0,24.0,14.0,61.169815,46.0,14.0,-13.4524,0.0,128.0,57.065413,994.81,1120.0,2247.08454,0.0,724.8848,0.0,0.0,110.850331,2872.517,0.0,188.104805,-3.0,193.0,119.663173,-17.990000000000002,46.0,65.0,71.0,102.380629,-8.646225,1,3.0,Medium
5.0,0.0,0.0,0.0,0.0,5.0,0.0,0.0,0.0,0.0,0.0,0.0,0.0,0.0,0.0,0.0,5.0,0.0,0.0,0.0,0.0,6.0,0.0,0.0,0.0,0.0,0.0,0.0,21.0,10.0,56.604611,42.0,10.0,1.1346999999999987,0.0,133.0,57.093951,781.8499999999999,1108.0,2571.787881,0.0,741.108,0.0,0.0,96.801733,2832.708,0.0,187.990895,5.0,190.0,126.683818,-15.54,42.0,57.0,46.0,82.203948,-8.721268,1,3.0,Medium
0.0,3.0,0.0,0.0,0.0,0.0,0.0,0.0,0.0,0.0,0.0,0.0,0.0,0.0,0.0,5.0,3.0,0.0,0.0,0.0,0.0,0.0,10.0,0.0,0.0,0.0,0.0,0.0,21.0,11.0,63.73125,44.0,6.0,28.505099999999995,0.0,177.0,79.52708399999999,786.26,1344.0,2977.453291,0.0,929.1764,0.0,0.0,102.923604,3343.8720000000003,0.0,222.078537,0.0,230.0,151.977157,-16.04,44.0,53.0,97.0,120.732417,-8.526724,1,2.0,Medium
0.0,0.0,5.0,0.0,0.0,0.0,4.0,0.0,0.0,0.0,0.0,0.0,0.0,0.0,0.0,3.0,10.0,0.0,0.0,0.0,0.0,0.0,0.0,0.0,0.0,0.0,0.0,0.0,22.0,17.0,55.840733,42.0,14.0,-13.2593,0.0,119.0,53.432874,947.55,1046.0,2159.415333,0.0,680.1062000000002,0.0,0.0,99.685561,2688.326,0.0,176.68480499999998,-1.0,180.0,112.224792,-16.41,42.0,61.0,63.0,92.728178,-8.653853,1,1.0,Medium
0.0,0.0,4.0,0.0,0.0,0.0,0.0,0.0,0.0,0.0,3.0,0.0,0.0,0.0,0.0,4.0,10.0,0.0,0.0,0.0,0.0,0.0,0.0,0.0,0.0,0.0,0.0,0.0,21.0,12.0,54.725865,45.0,8.0,-9.1987,0.0,103.0,44.435774,920.97,926.0,1902.885143,0.0,586.1974,0.0,0.0,92.36300599999998,2382.3160000000003,0.0,154.605844,-6.0,160.0,96.615338,-15.87,45.0,57.0,53.0,80.71235300000001,-8.5598755,2,0.0,Low
3.0,0.0,0.0,0.0,0.0,0.0,4.0,0.0,0.0,0.0,0.0,0.0,0.0,0.0,0.0,5.0,9.0,0.0,0.0,0.0,0.0,0.0,0.0,0.0,0.0,0.0,0.0,0.0,21.0,12.0,59.424026,47.0,7.0,-11.339900000000002,0.0,111.0,48.906388,878.5999999999999,972.0,2031.182047,0.0,615.7291,0.0,0.0,83.93462,2479.086,0.0,159.918537,-2.0,168.0,102.660272,-16.2,47.0,57.0,57.0,81.29125300000001,-8.548044,1,3.0,Medium
0.0,0.0,0.0,0.0,4.0,0.0,0.0,0.0,0.0,0.0,0.0,0.0,0.0,0.0,0.0,4.0,8.0,0.0,0.0,0.0,0.0,0.0,6.0,0.0,0.0,0.0,0.0,0.0,22.0,8.0,77.17005,48.0,4.0,14.9326,0.0,168.0,74.107934,787.9200000000001,1276.0,2880.405286,0.0,855.04,0.0,0.0,97.609964,3136.164,0.0,202.3,-4.0,220.0,142.536752,-17.700000000000003,48.0,52.0,86.0,100.587292,-8.577822,1,1.0,Medium
0.0,0.0,0.0,0.0,0.0,0.0,0.0,5.0,5.0,0.0,0.0,0.0,0.0,0.0,0.0,4.0,8.0,0.0,0.0,0.0,0.0,0.0,0.0,0.0,0.0,0.0,0.0,0.0,22.0,19.0,72.202131,43.0,15.0,-17.8626,0.0,128.0,57.942571,828.56,1072.0,2228.385124,0.0,697.8277,0.0,0.0,91.667715,2666.302,0.0,168.06,2.0,186.0,115.029251,-17.939999999999998,43.0,58.0,70.0,87.77420199999999,-8.709825,1,3.0,Medium
0.0,0.0,5.0,0.0,0.0,0.0,0.0,0.0,0.0,0.0,0.0,0.0,0.0,0.0,0.0,4.0,8.0,0.0,0.0,0.0,0.0,4.0,0.0,0.0,0.0,0.0,0.0,0.0,21.0,14.0,54.9443,41.0,10.0,-1.950300000000002,0.0,115.0,49.228055,896.0600000000001,994.0,2203.7270630000003,0.0,652.9222000000001,0.0,0.0,93.870677,2556.159,0.0,168.594805,-3.0,171.0,108.784803,-15.5,41.0,56.0,44.0,77.808784,-8.670998,1,3.0,Medium
4.0,3.0,0.0,0.0,0.0,0.0,0.0,0.0,0.0,4.0,0.0,0.0,0.0,0.0,0.0,0.0,11.0,0.0,0.0,0.0,0.0,0.0,0.0,0.0,0.0,0.0,0.0,0.0,22.0,14.0,43.56459099999999,45.0,14.0,-18.6667,4.0,115.0,51.846441,987.29,1048.0,2327.111601,0.0,667.4516,4.0,4.0,90.037284,2746.081,0.0,176.297897,0.0,181.0,111.671398,-15.95,45.0,66.0,48.0,85.88582299999999,-8.652723,0,5.0,High
0.0,0.0,3.0,0.0,0.0,0.0,0.0,0.0,0.0,0.0,0.0,0.0,0.0,0.0,0.0,4.0,10.0,0.0,0.0,4.0,0.0,0.0,0.0,0.0,0.0,0.0,0.0,0.0,21.0,10.0,60.213946,43.0,6.0,-5.131100000000002,0.0,103.0,43.361049,862.8400000000001,894.0,1937.737703,0.0,569.9746,0.0,0.0,84.13796699999999,2282.8190000000004,0.0,146.856883,-7.0,155.0,94.959061,-16.0,43.0,52.0,42.0,67.381152,-8.535602,2,0.0,Low
0.0,0.0,0.0,0.0,0.0,0.0,7.0,0.0,0.0,0.0,2.0,0.0,0.0,0.0,0.0,0.0,9.0,0.0,0.0,0.0,0.0,4.0,0.0,0.0,0.0,0.0,0.0,0.0,22.0,7.0,74.459093,46.0,7.0,-3.0962000000000014,0.0,136.0,59.572839,752.6100000000001,1090.0,2316.829059,0.0,711.2438999999999,0.0,0.0,90.349635,2702.363,0.0,171.26000000000002,-2.0,189.0,119.269709,-17.740000000000002,46.0,53.0,65.0,85.708519,-8.633675,1,3.0,Medium
0.0,4.0,0.0,0.0,0.0,0.0,0.0,0.0,0.0,5.0,0.0,0.0,0.0,0.0,0.0,8.0,4.0,0.0,0.0,0.0,0.0,0.0,0.0,0.0,0.0,0.0,0.0,0.0,21.0,21.0,50.361282,51.0,13.0,-11.0532,5.0,134.0,61.691687,959.57,1168.0,2710.152798,0.0,755.7721,5.0,5.0,84.500417,2989.2300000000005,0.0,186.895521,5.0,202.0,124.702204,-16.31,51.0,68.0,60.0,93.99006400000002,-8.743895,1,3.0,Medium
0.0,0.0,0.0,0.0,0.0,0.0,5.0,0.0,0.0,0.0,4.0,0.0,0.0,0.0,0.0,0.0,5.0,7.0,0.0,0.0,0.0,0.0,0.0,0.0,0.0,0.0,0.0,0.0,21.0,5.0,68.35997,46.0,5.0,9.162,0.0,144.0,64.285633,680.57,1128.0,2315.09718,0.0,751.7215000000001,0.0,0.0,90.692271,2788.581,0.0,178.05,0.0,195.0,123.688231,-16.95,46.0,51.0,83.0,102.268206,-8.503833,1,4.0,Medium
2.0,0.0,0.0,0.0,4.0,0.0,0.0,0.0,0.0,0.0,0.0,0.0,0.0,0.0,0.0,4.0,11.0,0.0,0.0,0.0,0.0,0.0,0.0,0.0,0.0,0.0,0.0,0.0,21.0,10.0,64.496511,46.0,6.0,-8.694300000000002,0.0,117.0,50.387794,858.39,988.0,2189.413437,0.0,627.7302,0.0,0.0,83.704824,2492.7490000000003,0.0,160.00235800000002,-5.0,171.0,106.260024,-16.410000000000004,46.0,54.0,53.0,72.716136,-8.616734,2,0.0,Low
0.0,0.0,0.0,0.0,0.0,0.0,5.0,0.0,0.0,3.0,0.0,0.0,0.0,0.0,0.0,4.0,10.0,0.0,0.0,0.0,0.0,0.0,0.0,0.0,0.0,0.0,0.0,0.0,22.0,12.0,68.871218,51.0,8.0,-15.121100000000002,3.0,129.0,58.177606,861.03,1078.0,2364.57731,0.0,680.2808,3.0,3.0,83.21707599999999,2693.1360000000004,0.0,164.248483,-2.0,188.0,113.220045,-17.98,51.0,59.0,64.0,83.169261,-8.711329,1,3.0,Medium
0.0,0.0,0.0,0.0,0.0,0.0,5.0,0.0,0.0,0.0,6.0,0.0,0.0,0.0,5.0,0.0,5.0,0.0,0.0,0.0,0.0,0.0,0.0,0.0,0.0,0.0,0.0,0.0,21.0,15.0,68.755368,48.0,10.0,-2.376900000000001,0.0,137.0,61.68922500000001,814.18,1128.0,2346.107572,0.0,739.775,0.0,0.0,92.881995,2797.465,0.0,177.77,0.0,195.0,121.169937,-17.229999999999997,48.0,58.0,80.0,99.93706899999998,-8.688864,1,4.0,Medium
0.0,4.0,0.0,0.0,0.0,0.0,0.0,0.0,0.0,0.0,0.0,0.0,0.0,0.0,0.0,4.0,4.0,9.0,0.0,0.0,0.0,0.0,0.0,0.0,0.0,0.0,0.0,0.0,21.0,12.0,56.207637,42.0,8.0,10.603,0.0,132.0,58.100688000000005,810.3000000000001,1082.0,2338.177557,0.0,729.6874,0.0,0.0,87.253414,2747.1500000000005,0.0,181.074716,0.0,186.0,119.593936,-15.75,42.0,54.0,64.0,94.039165,-8.598648,1,3.0,Medium
0.0,0.0,0.0,0.0,0.0,0.0,4.0,0.0,0.0,0.0,0.0,0.0,0.0,0.0,0.0,4.0,8.0,6.0,0.0,0.0,0.0,0.0,0.0,0.0,0.0,0.0,0.0,0.0,22.0,8.0,72.699986,48.0,4.0,1.7663999999999973,0.0,132.0,57.828584,787.9200000000001,1060.0,2246.364278,0.0,689.424,0.0,0.0,84.965064,2631.192,0.0,166.3,-4.0,184.0,113.934824,-17.700000000000003,48.0,52.0,68.0,86.134642,-8.55117,2,0.0,Low
0.0,0.0,3.0,0.0,0.0,0.0,0.0,0.0,0.0,3.0,0.0,0.0,0.0,0.0,0.0,0.0,10.0,5.0,0.0,0.0,0.0,0.0,0.0,0.0,0.0,0.0,0.0,0.0,21.0,9.0,54.844197,42.0,9.0,-4.988100000000001,3.0,121.0,53.638794,822.9300000000001,1008.0,2232.675174,0.0,654.2435,3.0,3.0,86.46940800000002,2561.327,0.0,161.005366,-4.0,175.0,108.263217,-16.080000000000002,42.0,54.0,54.0,80.395921,-8.689318,1,1.0,Medium
0.0,0.0,0.0,0.0,0.0,0.0,4.0,0.0,0.0,0.0,0.0,0.0,0.0,0.0,0.0,4.0,8.0,5.0,0.0,0.0,0.0,0.0,0.0,0.0,0.0,0.0,0.0,0.0,21.0,8.0,69.387517,46.0,4.0,-0.1394000000000019,0.0,124.0,54.321,761.62,1002.0,2119.1449970000003,0.0,648.7429999999999,0.0,0.0,80.83998600000001,2488.994,0.0,157.09,-4.0,174.0,107.2899,-16.91,46.0,50.0,64.0,81.103177,-8.556501,2,0.0,Low
0.0,0.0,0.0,0.0,0.0,0.0,5.0,0.0,0.0,0.0,0.0,0.0,0.0,0.0,0.0,0.0,5.0,0.0,0.0,0.0,0.0,0.0,5.0,0.0,0.0,0.0,6.0,0.0,21.0,29.0,65.933426,78.0,5.0,-3.043300000000002,6.0,192.0,91.33863,1239.93,1596.0,3964.784724,0.0,1004.7067,6.0,6.0,94.922127,3961.749,0.0,245.08629,0.0,275.0,167.656271,-18.23,78.0,83.0,106.0,125.910087,-8.736261,1,2.0,Medium
0.0,0.0,6.0,0.0,0.0,0.0,0.0,0.0,0.0,0.0,4.0,0.0,0.0,0.0,0.0,4.0,7.0,0.0,0.0,0.0,0.0,0.0,0.0,0.0,0.0,0.0,0.0,0.0,21.0,16.0,48.145323,44.0,12.0,-5.748500000000001,0.0,115.0,51.03349,949.59,1032.0,2117.368307,0.0,673.122,0.0,0.0,102.754014,2672.663,0.0,177.303766,-1.0,177.0,110.280052,-15.41,44.0,62.0,63.0,97.57159,-8.652435,1,3.0,Medium
0.0,0.0,0.0,0.0,0.0,0.0,8.0,0.0,0.0,0.0,4.0,0.0,0.0,0.0,0.0,0.0,8.0,4.0,0.0,0.0,0.0,0.0,0.0,0.0,0.0,0.0,0.0,0.0,24.0,8.0,78.24488,52.0,8.0,-0.8676000000000004,0.0,156.0,70.18456,814.28,1248.0,2525.571432,0.0,819.4936,0.0,0.0,102.664344,3091.896,0.0,196.56,0.0,216.0,135.34446400000002,-19.44,52.0,60.0,92.0,112.300824,-8.627281,1,4.0,Medium
0.0,0.0,0.0,0.0,0.0,0.0,6.0,0.0,0.0,4.0,0.0,0.0,0.0,0.0,0.0,4.0,8.0,0.0,0.0,0.0,0.0,0.0,0.0,0.0,0.0,0.0,0.0,0.0,22.0,14.0,67.942176,52.0,10.0,-14.3046,4.0,142.0,65.27447,851.48,1172.0,2603.627116,0.0,750.0962,4.0,4.0,85.59508199999999,2923.532,0.0,178.204644,2.0,204.0,124.62201,-18.1,52.0,62.0,72.0,92.755758,-8.750991,1,3.0,Medium
4.0,0.0,0.0,0.0,0.0,0.0,0.0,0.0,0.0,0.0,0.0,0.0,0.0,0.0,0.0,9.0,2.0,0.0,0.0,0.0,0.0,0.0,6.0,0.0,0.0,0.0,0.0,0.0,21.0,13.0,59.244005,51.0,4.0,17.736800000000002,0.0,156.0,69.59920699999999,872.5899999999999,1256.0,2777.298628,0.0,843.7156,0.0,0.0,97.070348,3169.745,0.0,209.874716,2.0,215.0,138.964791,-15.95,51.0,59.0,83.0,111.751398,-8.610624,1,4.0,Medium
0.0,0.0,4.0,0.0,0.0,0.0,0.0,0.0,0.0,3.0,0.0,0.0,0.0,0.0,0.0,4.0,10.0,0.0,0.0,0.0,0.0,0.0,0.0,0.0,0.0,0.0,0.0,0.0,21.0,15.0,51.858048,45.0,11.0,-14.392600000000002,3.0,112.0,49.978925,934.29,992.0,2202.866552,0.0,629.7175,3.0,3.0,88.11130700000001,2550.5800000000004,0.0,160.714327,-3.0,172.0,104.247248,-15.99,45.0,60.0,50.0,79.161368,-8.669358,1,3.0,Medium
0.0,0.0,0.0,0.0,0.0,0.0,8.0,0.0,0.0,0.0,0.0,0.0,0.0,0.0,0.0,0.0,4.0,0.0,0.0,0.0,0.0,0.0,6.0,0.0,0.0,0.0,4.0,0.0,22.0,24.0,71.87687,68.0,8.0,4.433,4.0,204.0,96.521726,1066.96,1628.0,3833.32591,0.0,1061.8004,4.0,4.0,103.747556,4021.176,0.0,253.55086,4.0,280.0,176.205896,-18.66,68.0,76.0,118.0,137.203592,-8.754886,1,2.0,Medium
0.0,5.0,0.0,0.0,0.0,0.0,0.0,0.0,0.0,0.0,0.0,0.0,0.0,0.0,0.0,4.0,7.0,6.0,0.0,0.0,0.0,0.0,0.0,0.0,0.0,0.0,0.0,0.0,22.0,14.0,55.884645,43.0,10.0,0.9948999999999976,0.0,123.0,53.804683,908.53,1052.0,2249.176147,0.0,696.0832,0.0,0.0,90.102228,2699.365,0.0,178.24089500000002,-2.0,181.0,114.423446,-16.29,43.0,58.0,58.0,90.087551,-8.622647,1,3.0,Medium
0.0,0.0,0.0,0.0,0.0,0.0,4.0,0.0,0.0,0.0,0.0,0.0,0.0,0.0,0.0,4.0,10.0,3.0,0.0,0.0,0.0,0.0,0.0,0.0,0.0,0.0,0.0,0.0,21.0,8.0,69.172189,46.0,4.0,-6.1064000000000025,0.0,114.0,49.516176,789.28,942.0,1976.533241,0.0,597.789,0.0,0.0,79.00983000000001,2346.708,0.0,147.09,-6.0,164.0,99.20196,-16.91,46.0,50.0,58.0,74.08329900000001,-8.531156,2,0.0,Low
4.0,0.0,0.0,0.0,0.0,0.0,0.0,0.0,0.0,3.0,0.0,0.0,0.0,0.0,0.0,0.0,10.0,5.0,0.0,0.0,0.0,0.0,0.0,0.0,0.0,0.0,0.0,0.0,22.0,7.0,54.844197,47.0,7.0,-5.1080000000000005,3.0,124.0,54.607009000000005,868.47,1050.0,2323.1332810000004,0.0,675.0165,3.0,3.0,86.77829300000002,2688.826,0.0,170.433199,-3.0,182.0,112.736312,-16.62,47.0,58.0,54.0,84.01160899999999,-8.650916,1,3.0,Medium
0.0,0.0,0.0,0.0,0.0,0.0,0.0,0.0,6.0,0.0,0.0,0.0,0.0,0.0,0.0,3.0,9.0,3.0,0.0,0.0,0.0,0.0,0.0,0.0,0.0,0.0,0.0,0.0,21.0,15.0,69.378603,39.0,12.0,-8.408100000000001,0.0,123.0,55.196265,780.9,1002.0,2086.076382,0.0,658.1658,0.0,0.0,81.88348800000001,2484.102,0.0,157.05,-3.0,174.0,107.62524299999998,-16.95,39.0,51.0,66.0,82.18079699999998,-8.6673355,1,1.0,Medium
4.0,0.0,0.0,0.0,0.0,0.0,0.0,0.0,0.0,0.0,0.0,0.0,0.0,0.0,0.0,4.0,5.0,0.0,0.0,0.0,0.0,0.0,0.0,0.0,8.0,0.0,0.0,0.0,21.0,8.0,53.468765,46.0,4.0,31.1731,0.0,183.0,84.00222,812.93,1388.0,2748.004159,0.0,954.5596,0.0,0.0,158.494344,3465.455,0.0,232.074716,-1.0,237.0,153.056594,-15.75,46.0,54.0,125.0,156.483474,-8.569781,1,2.0,Medium
4.0,0.0,0.0,0.0,0.0,0.0,0.0,0.0,0.0,3.0,0.0,0.0,0.0,0.0,0.0,0.0,0.0,0.0,0.0,0.0,0.0,5.0,10.0,0.0,0.0,0.0,0.0,0.0,22.0,7.0,63.042472,47.0,7.0,38.882,3.0,214.0,96.491349,730.17,1590.0,3731.164111,0.0,1113.6565,3.0,3.0,112.550353,3961.336,0.0,260.43319900000006,7.0,272.0,184.985047,-16.619999999999997,47.0,58.0,99.0,133.939639,-8.632546,0,5.0,High
0.0,0.0,6.0,0.0,0.0,0.0,0.0,0.0,0.0,0.0,0.0,0.0,0.0,0.0,0.0,4.0,8.0,4.0,0.0,0.0,0.0,0.0,0.0,0.0,0.0,0.0,0.0,0.0,22.0,16.0,52.464512,42.0,12.0,-2.211400000000002,0.0,122.0,53.805918,952.8,1060.0,2244.483446,0.0,700.454,0.0,0.0,101.226446,2735.83,0.0,181.673766,-2.0,182.0,114.938614,-16.04,42.0,60.0,60.0,94.04938,-8.684288,1,3.0,Medium
0.0,0.0,5.0,0.0,0.0,0.0,0.0,0.0,5.0,0.0,0.0,0.0,0.0,0.0,0.0,4.0,7.0,0.0,0.0,0.0,0.0,0.0,0.0,0.0,0.0,0.0,0.0,0.0,21.0,24.0,53.023001,36.0,20.0,-12.4229,0.0,125.0,57.656554,918.43,1084.0,2250.610466,0.0,725.6742,0.0,0.0,98.68921,2772.6320000000005,0.0,183.394805,3.0,186.0,118.195097,-15.7,36.0,61.0,69.0,99.107011,-8.740023,1,3.0,Medium
4.0,0.0,0.0,0.0,0.0,0.0,0.0,0.0,0.0,0.0,0.0,0.0,0.0,0.0,0.0,4.0,11.0,2.0,0.0,0.0,0.0,0.0,0.0,0.0,0.0,0.0,0.0,0.0,21.0,8.0,55.45398899999999,46.0,4.0,-8.573500000000001,0.0,97.0,40.840788,895.91,872.0,1839.0364110000005,0.0,543.1456,0.0,0.0,80.847868,2253.085,0.0,146.07471600000002,-7.0,151.0,90.919142,-15.750000000000002,46.0,54.0,43.0,69.46959199999999,-8.473791,2,0.0,Low
0.0,0.0,0.0,0.0,6.0,0.0,0.0,0.0,0.0,0.0,5.0,0.0,0.0,0.0,0.0,0.0,6.0,5.0,0.0,0.0,0.0,0.0,0.0,0.0,0.0,0.0,0.0,0.0,22.0,6.0,74.46172999999999,49.0,6.0,11.6677,0.0,165.0,72.867494,734.3700000000001,1276.0,2800.643112,0.0,854.1222,0.0,0.0,99.875552,3144.144,0.0,202.18,0.0,220.0,143.03805599999998,-17.82,49.0,55.0,87.0,105.447296,-8.558199,1,4.0,Medium
0.0,0.0,4.0,0.0,0.0,0.0,4.0,0.0,0.0,0.0,0.0,0.0,0.0,0.0,0.0,3.0,10.0,0.0,0.0,0.0,0.0,0.0,0.0,0.0,0.0,0.0,0.0,0.0,21.0,15.0,55.840733,41.0,12.0,-12.9918,0.0,112.0,50.021643,890.81,980.0,2023.01307,0.0,632.6624000000002,0.0,0.0,92.329792,2508.655,0.0,163.605844,-2.0,169.0,104.556265,-15.87,41.0,57.0,59.0,85.16247,-8.621653,1,2.0,Medium
0.0,0.0,0.0,0.0,0.0,0.0,5.0,0.0,0.0,0.0,0.0,0.0,0.0,0.0,0.0,3.0,10.0,3.0,0.0,0.0,0.0,0.0,0.0,0.0,0.0,0.0,0.0,0.0,21.0,8.0,69.18077399999999,45.0,5.0,-6.564100000000002,0.0,117.0,51.268192,773.4899999999999,960.0,2000.525823,0.0,612.9979,0.0,0.0,80.18771900000002,2388.813,0.0,150.09,-5.0,167.0,101.74631,-16.91,45.0,50.0,61.0,76.84817799999999,-8.567359,2,0.0,Low
0.0,0.0,5.0,0.0,0.0,0.0,0.0,0.0,0.0,2.0,0.0,0.0,0.0,0.0,4.0,10.0,0.0,0.0,0.0,0.0,0.0,0.0,0.0,0.0,0.0,0.0,0.0,0.0,21.0,30.0,52.108306,49.0,16.0,-2.0779,2.0,143.0,65.720291,1026.26,1242.0,2837.716547,0.0,828.1364000000001,2.0,2.0,98.199183,3173.045,0.0,206.187127,7.0,213.0,134.93003299999998,-16.06,49.0,70.0,70.0,106.515464,-8.8178,1,4.0,Medium
4.0,0.0,0.0,0.0,0.0,0.0,0.0,0.0,0.0,0.0,0.0,0.0,0.0,0.0,0.0,4.0,5.0,0.0,0.0,0.0,0.0,0.0,8.0,0.0,0.0,0.0,0.0,0.0,21.0,8.0,59.317493,46.0,4.0,20.6579,0.0,159.0,70.710068,812.93,1244.0,2727.203439,0.0,843.1916000000001,0.0,0.0,99.63536,3128.807,0.0,208.074716,-1.0,213.0,139.115474,-15.75,46.0,54.0,85.0,111.067026,-8.5474205,1,3.0,Medium
0.0,0.0,0.0,0.0,0.0,0.0,5.0,0.0,0.0,0.0,3.0,0.0,0.0,0.0,0.0,4.0,10.0,0.0,0.0,0.0,0.0,0.0,0.0,0.0,0.0,0.0,0.0,0.0,22.0,9.0,71.739035,51.0,5.0,-9.9272,0.0,120.0,52.634455,847.71,1012.0,2064.595901,0.0,636.7607,0.0,0.0,87.468775,2524.8720000000003,0.0,158.14,-5.0,176.0,105.588135,-17.86,51.0,56.0,67.0,84.720246,-8.58196,2,0.0,Low
0.0,0.0,3.0,0.0,0.0,0.0,0.0,0.0,0.0,0.0,0.0,0.0,0.0,0.0,0.0,5.0,9.0,0.0,0.0,4.0,0.0,0.0,0.0,0.0,0.0,0.0,0.0,0.0,21.0,11.0,60.40319,44.0,6.0,-3.955400000000001,0.0,106.0,44.872582,869.24,918.0,1999.29568,0.0,587.6294,0.0,0.0,84.655847,2341.907,0.0,150.81688300000002,-6.0,159.0,97.743138,-16.04,44.0,53.0,44.0,69.948892,-8.53966,2,0.0,Low
0.0,4.0,0.0,0.0,0.0,0.0,0.0,0.0,0.0,0.0,0.0,0.0,0.0,0.0,0.0,4.0,11.0,3.0,0.0,0.0,0.0,0.0,0.0,0.0,0.0,0.0,0.0,0.0,22.0,12.0,58.76645799999999,44.0,8.0,-8.375700000000002,0.0,105.0,44.791388,933.41,930.0,1966.255692,0.0,592.0294,0.0,0.0,84.97294600000001,2391.347,0.0,155.284716,-7.0,161.0,97.93107,-16.540000000000003,44.0,56.0,47.0,74.501057,-8.580187,2,0.0,Low
0.0,0.0,3.0,0.0,0.0,0.0,0.0,0.0,0.0,0.0,4.0,0.0,0.0,0.0,0.0,0.0,9.0,0.0,0.0,0.0,0.0,0.0,0.0,0.0,0.0,0.0,5.0,0.0,21.0,26.0,52.914517,73.0,6.0,-17.8824,5.0,136.0,63.186646,1301.91,1262.0,3061.847924,0.0,757.2244000000001,5.0,5.0,93.367897,3216.608,0.0,198.920458,-6.0,218.0,126.621385,-17.200000000000003,73.0,82.0,71.0,99.925689,-8.732964,2,0.0,Low
0.0,0.0,0.0,0.0,6.0,0.0,0.0,0.0,0.0,4.0,0.0,0.0,0.0,0.0,0.0,0.0,5.0,0.0,0.0,0.0,0.0,0.0,6.0,0.0,0.0,0.0,0.0,0.0,21.0,10.0,70.124905,46.0,10.0,15.4717,4.0,199.0,91.16111,702.77,1480.0,3507.754175,0.0,1010.365,4.0,4.0,99.784996,3632.117,0.0,230.154644,5.0,255.0,169.07676800000002,-17.15,46.0,56.0,99.0,116.000206,-8.758428,0,5.0,High
0.0,0.0,0.0,0.0,0.0,0.0,0.0,3.0,0.0,0.0,0.0,0.0,0.0,0.0,0.0,4.0,0.0,0.0,0.0,0.0,0.0,5.0,9.0,0.0,0.0,0.0,0.0,0.0,21.0,7.0,76.254802,46.0,3.0,36.3922,0.0,193.0,85.243565,646.5400000000001,1410.0,3250.709576,0.0,982.9423,0.0,0.0,103.550174,3448.898,0.0,225.13,3.0,242.0,162.932032,-16.87,46.0,49.0,92.0,114.043512,-8.363617,1,4.0,Medium
0.0,0.0,0.0,0.0,0.0,0.0,0.0,6.0,0.0,0.0,4.0,0.0,0.0,0.0,0.0,4.0,8.0,0.0,0.0,0.0,0.0,0.0,0.0,0.0,0.0,0.0,0.0,0.0,22.0,10.0,70.519318,52.0,6.0,-12.0606,0.0,118.0,51.155676,833.72,1012.0,2079.515216,0.0,636.6654000000001,0.0,0.0,93.68622,2530.856,0.0,158.06,-2.0,176.0,105.960846,-17.939999999999998,52.0,58.0,64.0,83.667914,-8.590675,1,3.0,Medium
0.0,0.0,0.0,0.0,0.0,0.0,0.0,5.0,0.0,0.0,0.0,0.0,0.0,0.0,0.0,2.0,4.0,10.0,0.0,0.0,0.0,0.0,0.0,0.0,0.0,0.0,0.0,0.0,21.0,7.0,68.706333,44.0,5.0,9.2437,0.0,139.0,60.966938,670.28,1086.0,2334.661752,0.0,727.5120999999999,0.0,0.0,88.09389,2687.456,0.0,171.13,1.0,188.0,120.198953,-16.869999999999997,44.0,49.0,70.0,89.55349100000001,-8.532429,1,4.0,Medium
5.0,0.0,0.0,0.0,0.0,0.0,0.0,0.0,0.0,0.0,5.0,0.0,0.0,0.0,0.0,0.0,8.0,0.0,0.0,0.0,0.0,0.0,0.0,0.0,0.0,0.0,3.0,0.0,21.0,17.0,47.969273,65.0,5.0,-12.2475,3.0,125.0,56.683606000000005,1145.43,1162.0,2646.029651,0.0,710.2340999999999,3.0,3.0,92.901216,2999.282,0.0,191.42904,-3.0,200.0,119.219665,-16.259999999999998,65.0,75.0,66.0,99.544359,-8.637163,1,3.0,Medium
0.0,0.0,3.0,0.0,0.0,0.0,3.0,0.0,0.0,0.0,0.0,0.0,0.0,0.0,0.0,5.0,10.0,0.0,0.0,0.0,0.0,0.0,0.0,0.0,0.0,0.0,0.0,0.0,21.0,14.0,59.226197,44.0,9.0,-12.1686,0.0,108.0,47.475101,896.3900000000001,948.0,1980.089605,0.0,602.8685,0.0,0.0,87.524014,2417.022,0.0,155.696883,-4.0,164.0,99.728419,-16.159999999999997,44.0,56.0,55.0,78.921149,-8.574449,1,1.0,Medium
0.0,5.0,0.0,0.0,0.0,0.0,0.0,0.0,0.0,0.0,0.0,0.0,0.0,0.0,0.0,8.0,5.0,0.0,0.0,0.0,0.0,0.0,3.0,0.0,0.0,0.0,0.0,0.0,21.0,18.0,54.320394,45.0,10.0,2.0738000000000003,0.0,129.0,57.333960000000005,935.49,1102.0,2398.201428,0.0,730.2614,0.0,0.0,91.204898,2819.557,0.0,186.870895,0.0,189.0,119.801582,-15.66,45.0,60.0,65.0,96.008843,-8.69129,1,4.0,Medium
4.0,0.0,0.0,0.0,4.0,0.0,0.0,0.0,0.0,6.0,0.0,0.0,0.0,0.0,0.0,0.0,8.0,0.0,0.0,0.0,0.0,0.0,0.0,0.0,0.0,0.0,0.0,0.0,22.0,14.0,53.773504,50.0,14.0,-12.1896,6.0,156.0,71.837334,899.5799999999999,1296.0,3058.0960560000003,0.0,845.1694,6.0,6.0,93.704822,3293.8160000000003,0.0,206.261682,6.0,224.0,142.70332800000003,-17.02,50.0,68.0,68.0,99.603324,-8.786519,1,3.0,Medium
0.0,0.0,0.0,0.0,0.0,0.0,5.0,0.0,0.0,0.0,0.0,0.0,0.0,0.0,0.0,5.0,6.0,0.0,0.0,0.0,0.0,0.0,6.0,0.0,0.0,0.0,0.0,0.0,22.0,10.0,75.500199,49.0,5.0,12.1579,0.0,165.0,74.194772,784.9300000000001,1270.0,2738.7216340000004,0.0,850.3305,0.0,0.0,97.151481,3128.121,0.0,201.22000000000003,-1.0,219.0,139.996712,-17.78,49.0,54.0,93.0,109.438351,-8.572663,1,3.0,Medium
0.0,0.0,0.0,0.0,0.0,0.0,4.0,0.0,0.0,0.0,0.0,0.0,0.0,0.0,0.0,4.0,10.0,4.0,0.0,0.0,0.0,0.0,0.0,0.0,0.0,0.0,0.0,0.0,22.0,8.0,72.484658,48.0,4.0,-4.200600000000002,0.0,122.0,53.02376,815.58,1000.0,2103.752522,0.0,638.47,0.0,0.0,83.134908,2488.906,0.0,156.3,-6.0,174.0,105.846884,-17.7,48.0,52.0,62.0,79.11476400000001,-8.559679,2,0.0,Low
2.0,0.0,0.0,0.0,0.0,0.0,2.0,0.0,0.0,0.0,0.0,0.0,0.0,0.0,0.0,4.0,13.0,0.0,0.0,0.0,0.0,0.0,0.0,0.0,0.0,0.0,0.0,0.0,21.0,8.0,62.043929,46.0,4.0,-14.798700000000002,0.0,93.0,39.172452,877.1700000000001,832.0,1729.520131,0.0,506.7748,0.0,0.0,77.641154,2122.039,0.0,134.082358,-9.0,145.0,84.950626,-16.33,46.0,52.0,43.0,63.001598,-8.462807,2,0.0,Low
0.0,0.0,0.0,0.0,5.0,5.0,0.0,0.0,0.0,0.0,0.0,0.0,0.0,0.0,0.0,4.0,8.0,0.0,0.0,0.0,0.0,0.0,0.0,0.0,0.0,0.0,0.0,0.0,22.0,14.0,75.785051,48.0,10.0,-7.941600000000001,0.0,148.0,65.282256,814.56,1192.0,2746.3580290000004,0.0,779.6941999999999,0.0,0.0,96.491555,2951.762,0.0,188.06,2.0,206.0,132.499426,-17.939999999999998,48.0,58.0,70.0,86.14046699999999,-8.75934,1,3.0,Medium
3.0,3.0,0.0,0.0,0.0,0.0,0.0,0.0,0.0,0.0,0.0,0.0,0.0,0.0,0.0,5.0,10.0,0.0,0.0,0.0,0.0,0.0,0.0,0.0,0.0,0.0,0.0,0.0,21.0,14.0,49.018295,44.0,9.0,-12.9516,0.0,96.0,41.270369,965.99,900.0,1895.9882740000005,0.0,567.1427000000001,0.0,0.0,84.303688,2358.081,0.0,155.947074,-4.0,155.0,94.427962,-15.29,44.0,59.0,43.0,75.130808,-8.552463,1,1.0,Medium
5.0,0.0,0.0,0.0,0.0,0.0,0.0,0.0,0.0,0.0,0.0,0.0,0.0,0.0,0.0,6.0,4.0,0.0,0.0,0.0,0.0,0.0,7.0,0.0,0.0,0.0,0.0,0.0,22.0,11.0,59.186127,50.0,5.0,18.3789,0.0,162.0,72.19934799999999,893.5,1298.0,2846.388269,0.0,875.4023,0.0,0.0,103.687962,3286.36,0.0,219.160895,1.0,222.0,144.517763,-16.37,50.0,60.0,86.0,116.70354500000002,-8.585804,1,3.0,Medium
0.0,0.0,3.0,0.0,0.0,0.0,0.0,0.0,0.0,3.0,0.0,0.0,0.0,0.0,0.0,0.0,10.0,0.0,0.0,5.0,0.0,0.0,0.0,0.0,0.0,0.0,0.0,0.0,21.0,9.0,56.51897699999999,42.0,9.0,-6.946600000000001,3.0,116.0,50.61189400000001,822.9300000000001,978.0,2220.967974,0.0,631.0485,3.0,3.0,84.66794300000001,2491.192,0.0,156.005366,-4.0,170.0,105.54336700000002,-16.080000000000002,42.0,54.0,44.0,71.628226,-8.676123,2,0.0,Low
0.0,5.0,0.0,0.0,0.0,0.0,0.0,0.0,0.0,0.0,0.0,0.0,0.0,0.0,0.0,5.0,5.0,0.0,0.0,0.0,0.0,0.0,6.0,0.0,0.0,0.0,0.0,0.0,21.0,15.0,55.282224,42.0,10.0,11.7461,0.0,147.0,65.80215,874.8,1192.0,2600.069541,0.0,808.922,0.0,0.0,97.382876,3024.0460000000003,0.0,201.990895,0.0,204.0,132.555953,-15.54,42.0,57.0,77.0,106.537115,-8.7112055,1,3.0,Medium
0.0,5.0,0.0,0.0,0.0,0.0,0.0,0.0,0.0,0.0,0.0,0.0,0.0,0.0,0.0,4.0,8.0,0.0,0.0,5.0,0.0,0.0,0.0,0.0,0.0,0.0,0.0,0.0,22.0,14.0,57.451761,43.0,10.0,-3.9471000000000016,0.0,113.0,48.375371,922.36,992.0,2166.163069,0.0,647.4112,0.0,0.0,87.385685,2558.087,0.0,168.24089500000002,-3.0,171.0,107.659626,-16.29,43.0,58.0,45.0,77.809917,-8.60244,1,2.0,Medium
5.0,0.0,0.0,0.0,0.0,0.0,0.0,0.0,0.0,3.0,0.0,0.0,0.0,0.0,0.0,0.0,4.0,10.0,0.0,0.0,0.0,0.0,0.0,0.0,0.0,0.0,0.0,0.0,22.0,8.0,52.177712,47.0,8.0,10.6566,3.0,152.0,68.314374,813.13,1232.0,2748.665492,0.0,827.9735999999999,3.0,3.0,93.737731,3140.114,0.0,203.389378,4.0,212.0,137.224877,-16.37,47.0,60.0,71.0,106.617981,-8.708249,0,5.0,High
0.0,0.0,3.0,0.0,0.0,0.0,0.0,0.0,0.0,0.0,0.0,0.0,0.0,0.0,0.0,4.0,9.0,5.0,0.0,0.0,0.0,0.0,0.0,0.0,0.0,0.0,0.0,0.0,21.0,10.0,58.981786,43.0,6.0,-0.5808000000000018,0.0,112.0,48.184981,849.01,948.0,2018.409341,0.0,614.0076,0.0,0.0,86.49421699999999,2410.07,0.0,155.856883,-6.0,164.0,101.178911,-16.0,43.0,52.0,53.0,77.905247,-8.562664,2,0.0,Low
0.0,0.0,8.0,0.0,0.0,0.0,0.0,0.0,0.0,0.0,0.0,0.0,0.0,0.0,0.0,2.0,8.0,0.0,0.0,0.0,0.0,0.0,3.0,0.0,0.0,0.0,0.0,0.0,21.0,18.0,43.570515,36.0,16.0,-0.5993000000000013,0.0,128.0,57.68293899999999,946.92,1102.0,2327.750341,0.0,744.1370000000001,0.0,0.0,109.34353,2861.012,0.0,194.281688,0.0,188.0,121.835374,-14.670000000000002,36.0,60.0,67.0,103.672474,-8.740725,1,4.0,Medium
5.0,0.0,0.0,0.0,0.0,0.0,7.0,0.0,0.0,0.0,0.0,0.0,0.0,0.0,0.0,5.0,7.0,0.0,0.0,0.0,0.0,0.0,0.0,0.0,0.0,0.0,0.0,0.0,24.0,17.0,63.222318,53.0,12.0,-10.724800000000002,0.0,144.0,65.40316100000001,998.44,1246.0,2593.579575,0.0,811.0763999999999,0.0,0.0,103.420023,3186.976,0.0,209.340895,5.0,214.0,134.985845,-18.19,53.0,70.0,79.0,111.967042,-8.701325,1,3.0,Medium
0.0,0.0,3.0,0.0,0.0,0.0,0.0,0.0,0.0,0.0,0.0,0.0,0.0,0.0,0.0,5.0,8.0,0.0,0.0,6.0,0.0,0.0,0.0,0.0,0.0,0.0,0.0,0.0,22.0,11.0,64.493235,46.0,6.0,0.1504999999999992,0.0,117.0,49.57181799999999,881.71,994.0,2193.137959,0.0,644.5094,0.0,0.0,88.975417,2527.194,0.0,163.026883,-5.0,172.0,107.344092,-16.83,46.0,55.0,47.0,74.983218,-8.574773,2,0.0,Low
3.0,0.0,0.0,0.0,2.0,0.0,0.0,0.0,0.0,0.0,0.0,0.0,0.0,0.0,0.0,4.0,12.0,0.0,0.0,0.0,0.0,0.0,0.0,0.0,0.0,0.0,0.0,0.0,21.0,9.0,59.867586,46.0,5.0,-11.617400000000002,0.0,102.0,43.211879,890.98,900.0,1942.919046,0.0,559.9609,0.0,0.0,81.361268,2301.7740000000003,0.0,148.03853700000002,-7.0,156.0,94.545613,-16.08,46.0,54.0,45.0,67.582925,-8.52479,2,0.0,Low
0.0,0.0,0.0,0.0,0.0,0.0,5.0,0.0,0.0,0.0,0.0,0.0,0.0,0.0,0.0,4.0,2.0,10.0,0.0,0.0,0.0,0.0,0.0,0.0,0.0,0.0,0.0,0.0,21.0,9.0,70.123666,46.0,5.0,15.496099999999998,0.0,155.0,69.596609,683.0799999999999,1194.0,2561.2249460000003,0.0,808.9917,0.0,0.0,87.11114500000001,2945.902,0.0,189.05,3.0,206.0,132.838177,-16.95,46.0,51.0,84.0,103.985491,-8.474174,1,4.0,Medium
5.0,0.0,0.0,0.0,0.0,0.0,0.0,0.0,0.0,0.0,0.0,0.0,0.0,0.0,0.0,0.0,4.0,0.0,0.0,0.0,0.0,0.0,0.0,0.0,0.0,8.0,5.0,0.0,22.0,25.0,49.353576,74.0,5.0,24.360000000000003,5.0,230.0,109.12707,1269.02,1840.0,4329.074652,0.0,1213.0935,5.0,5.0,155.48935,4614.092,0.0,300.46447,1.0,314.0,198.851515,-17.33,74.0,84.0,145.0,178.633082,-8.567761,1,4.0,Medium
4.0,0.0,0.0,0.0,4.0,0.0,0.0,0.0,0.0,0.0,0.0,0.0,0.0,0.0,0.0,6.0,8.0,0.0,0.0,0.0,0.0,0.0,0.0,0.0,0.0,0.0,0.0,0.0,22.0,14.0,61.670194,50.0,8.0,-5.726400000000001,0.0,132.0,57.906642000000005,938.94,1128.0,2506.448436,0.0,729.3880000000001,0.0,0.0,92.71868,2873.126,0.0,188.044716,0.0,194.0,122.966562,-16.78,50.0,62.0,62.0,89.486496,-8.678088,1,4.0,Medium
5.0,0.0,0.0,0.0,0.0,0.0,0.0,0.0,0.0,0.0,5.0,0.0,0.0,0.0,0.0,0.0,5.0,0.0,0.0,0.0,0.0,0.0,6.0,0.0,0.0,0.0,0.0,0.0,21.0,5.0,53.48134399999999,47.0,5.0,17.151600000000002,0.0,152.0,67.618705,805.8,1222.0,2559.806876,0.0,822.6195,0.0,0.0,105.290826,3099.101,0.0,206.990895,0.0,209.0,135.824653,-15.54,47.0,57.0,87.0,117.55278,-8.562837,1,3.0,Medium
3.0,0.0,0.0,0.0,0.0,0.0,0.0,0.0,0.0,0.0,0.0,0.0,0.0,0.0,0.0,3.0,5.0,11.0,0.0,0.0,0.0,0.0,0.0,0.0,0.0,0.0,0.0,0.0,22.0,6.0,62.643331,47.0,3.0,15.177499999999998,0.0,139.0,60.36083,791.3599999999999,1114.0,2406.1419180000003,0.0,744.4157,0.0,0.0,89.39164199999999,2809.766,0.0,183.368537,-2.0,192.0,122.863034,-16.75,47.0,53.0,67.0,94.956152,-8.474519,1,3.0,Medium
0.0,0.0,5.0,0.0,0.0,0.0,0.0,0.0,0.0,0.0,0.0,0.0,0.0,0.0,0.0,2.0,4.0,10.0,0.0,0.0,0.0,0.0,0.0,0.0,0.0,0.0,0.0,0.0,21.0,12.0,52.732008,39.0,10.0,13.6057,0.0,139.0,61.786093,800.28,1126.0,2412.800497,0.0,770.5626,0.0,0.0,98.325385,2864.8410000000003,0.0,190.674805,1.0,193.0,125.965753,-15.420000000000002,39.0,54.0,70.0,102.407826,-8.677851,1,3.0,Medium
6.0,0.0,0.0,0.0,0.0,4.0,0.0,0.0,0.0,0.0,0.0,0.0,0.0,0.0,0.0,0.0,0.0,8.0,0.0,0.0,0.0,0.0,0.0,0.0,0.0,0.0,4.0,0.0,22.0,26.0,49.637248,68.0,10.0,2.5524000000000004,4.0,180.0,83.994314,1159.72,1544.0,3745.33188,0.0,1005.8762,4.0,4.0,105.9279,3939.372,0.0,255.44793400000003,10.0,264.0,168.67677799999998,-17.0,68.0,84.0,90.0,130.036202,-8.716638,1,3.0,Medium
0.0,0.0,0.0,5.0,0.0,0.0,0.0,3.0,0.0,0.0,0.0,0.0,0.0,0.0,0.0,5.0,8.0,0.0,0.0,0.0,0.0,0.0,0.0,0.0,0.0,0.0,0.0,0.0,21.0,13.0,69.916715,47.0,8.0,-11.3993,0.0,125.0,55.543856000000005,799.61,1038.0,2265.805461,0.0,665.8506,0.0,0.0,87.32417000000001,2583.112,0.0,162.89,0.0,180.0,111.538438,-17.11,47.0,55.0,65.0,80.906841,-8.68113,1,4.0,Medium
0.0,0.0,0.0,0.0,0.0,0.0,5.0,0.0,0.0,0.0,0.0,0.0,0.0,0.0,0.0,4.0,12.0,1.0,0.0,0.0,0.0,0.0,0.0,0.0,0.0,0.0,0.0,0.0,22.0,9.0,72.35949499999998,48.0,5.0,-12.433100000000003,0.0,113.0,49.080073000000006,847.6800000000001,952.0,1975.385447,0.0,594.9027000000001,0.0,0.0,82.085443,2376.67,0.0,148.26000000000002,-7.0,166.0,99.04340100000002,-17.74,48.0,53.0,58.0,73.917566,-8.557315,2,0.0,Low
0.0,0.0,4.0,0.0,0.0,0.0,0.0,0.0,0.0,0.0,3.0,0.0,0.0,0.0,0.0,3.0,11.0,0.0,0.0,0.0,0.0,0.0,0.0,0.0,0.0,0.0,0.0,0.0,21.0,11.0,54.536621,44.0,8.0,-10.3744,0.0,100.0,42.924241,914.57,902.0,1841.327166,0.0,568.5426000000001,0.0,0.0,91.845126,2323.228,0.0,150.64584399999998,-7.0,156.0,93.831261,-15.830000000000002,44.0,56.0,51.0,78.14461299999999,-8.57045,2,0.0,Low
0.0,0.0,0.0,0.0,0.0,0.0,6.0,0.0,0.0,0.0,0.0,0.0,0.0,0.0,0.0,4.0,10.0,1.0,0.0,0.0,0.0,0.0,0.0,0.0,0.0,0.0,0.0,0.0,21.0,10.0,69.352519,46.0,6.0,-10.6374,0.0,116.0,51.23844999999999,798.16,966.0,2005.022603,0.0,612.5624,0.0,0.0,80.571212,2406.808,0.0,151.01,-4.0,168.0,101.770874,-16.99,46.0,52.0,62.0,77.728659,-8.594284,1,1.0,Medium
0.0,0.0,8.0,0.0,0.0,0.0,0.0,0.0,0.0,0.0,0.0,0.0,0.0,0.0,0.0,4.0,8.0,2.0,0.0,0.0,0.0,0.0,0.0,0.0,0.0,0.0,0.0,0.0,22.0,20.0,45.839574,40.0,16.0,-6.558000000000002,0.0,120.0,53.613212,1013.68,1076.0,2262.84941,0.0,713.9796,0.0,0.0,107.687828,2810.7760000000003,0.0,189.41168800000003,0.0,184.0,116.98582,-15.54,40.0,64.0,60.0,99.117866,-8.688763,1,3.0,Medium
0.0,0.0,3.0,0.0,0.0,0.0,0.0,0.0,0.0,5.0,8.0,0.0,0.0,0.0,0.0,6.0,0.0,0.0,0.0,0.0,0.0,0.0,0.0,0.0,0.0,0.0,0.0,0.0,22.0,17.0,55.024948,60.0,11.0,0.9063,5.0,163.0,75.352518,933.49,1374.0,3036.449095,0.0,901.4547,5.0,5.0,106.371532,3474.521,0.0,217.647688,8.0,237.0,147.73240299999998,-17.59,60.0,74.0,90.0,126.448932,-8.718765,1,3.0,Medium
0.0,0.0,0.0,0.0,4.0,0.0,0.0,0.0,0.0,0.0,0.0,0.0,0.0,0.0,0.0,5.0,9.0,3.0,0.0,0.0,0.0,0.0,0.0,0.0,0.0,0.0,0.0,0.0,21.0,9.0,71.41835699999999,47.0,4.0,-0.2623000000000015,0.0,129.0,55.715953,795.68,1038.0,2326.883406,0.0,670.6718,0.0,0.0,82.199842,2574.12,0.0,163.05,-5.0,180.0,112.638581,-16.95,47.0,51.0,60.0,75.700339,-8.598996,2,0.0,Low
4.0,0.0,0.0,0.0,0.0,0.0,0.0,0.0,0.0,4.0,0.0,0.0,0.0,0.0,0.0,0.0,9.0,4.0,0.0,0.0,0.0,0.0,0.0,0.0,0.0,0.0,0.0,0.0,21.0,8.0,50.404857,46.0,8.0,-6.915300000000001,4.0,123.0,54.93274,842.01,1044.0,2349.4132470000004,0.0,671.2872,4.0,4.0,83.335452,2675.831,0.0,168.21936000000002,-1.0,181.0,112.164926,-15.91,46.0,58.0,53.0,83.234022,-8.692187,1,3.0,Medium
0.0,0.0,4.0,0.0,0.0,0.0,0.0,0.0,0.0,0.0,6.0,0.0,0.0,0.0,5.0,6.0,0.0,0.0,0.0,0.0,0.0,0.0,0.0,0.0,0.0,0.0,0.0,0.0,21.0,24.0,56.082467,50.0,13.0,4.328099999999999,0.0,141.0,63.664914,965.97,1214.0,2609.658079,0.0,810.3445000000002,0.0,0.0,104.093506,3080.492,0.0,202.205844,4.0,208.0,131.502556,-16.27,50.0,67.0,79.0,112.85714199999998,-8.783927,0,5.0,High
0.0,0.0,0.0,0.0,0.0,0.0,6.0,0.0,0.0,0.0,0.0,0.0,0.0,0.0,0.0,5.0,8.0,2.0,0.0,0.0,0.0,0.0,0.0,0.0,0.0,0.0,0.0,0.0,21.0,11.0,69.649427,47.0,6.0,-6.478200000000001,0.0,124.0,55.152395,790.7300000000001,1020.0,2137.886458,0.0,655.6942,0.0,0.0,82.00417000000002,2537.039,0.0,159.97000000000003,-2.0,177.0,108.598921,-17.03,47.0,53.0,67.0,83.806338,-8.609142,1,3.0,Medium
3.0,0.0,0.0,0.0,0.0,0.0,0.0,0.0,0.0,2.0,0.0,0.0,0.0,0.0,0.0,4.0,12.0,0.0,0.0,0.0,0.0,0.0,0.0,0.0,0.0,0.0,0.0,0.0,21.0,9.0,56.189724,48.0,5.0,-15.190600000000002,2.0,98.0,42.007289,909.44,884.0,1934.420328,0.0,540.5229,2.0,2.0,77.998138,2273.632,0.0,142.110859,-7.0,154.0,90.709563,-16.16,48.0,56.0,41.0,65.90079300000001,-8.581032,2,0.0,Low
4.0,0.0,0.0,0.0,0.0,0.0,0.0,0.0,0.0,5.0,0.0,0.0,0.0,0.0,0.0,5.0,8.0,0.0,0.0,0.0,0.0,0.0,0.0,0.0,0.0,0.0,0.0,0.0,22.0,14.0,52.998355,54.0,9.0,-13.95,5.0,128.0,57.81924400000001,969.3,1124.0,2581.3922700000003,0.0,709.8089,5.0,5.0,86.156777,2886.9570000000003,0.0,179.225521,1.0,195.0,118.58392299999998,-16.98,54.0,67.0,55.0,87.80837000000001,-8.689217,1,3.0,Medium
0.0,0.0,0.0,0.0,0.0,0.0,0.0,0.0,0.0,0.0,0.0,0.0,0.0,0.0,0.0,0.0,0.0,0.0,5.0,5.0,0.0,0.0,6.0,0.0,0.0,0.0,6.0,0.0,22.0,24.0,70.17553,80.0,0.0,22.6148,6.0,214.0,99.42439,1174.88,1708.0,4272.49422,0.0,1107.9571999999998,6.0,6.0,104.328913,4225.25,0.0,263.49629000000004,0.0,294.0,183.757224,-18.82,80.0,80.0,108.0,134.763532,-8.673845,1,1.0,Medium
0.0,0.0,0.0,0.0,0.0,0.0,5.0,0.0,0.0,0.0,4.0,0.0,0.0,0.0,0.0,0.0,10.0,2.0,0.0,0.0,0.0,0.0,0.0,0.0,0.0,0.0,0.0,0.0,21.0,5.0,67.82164999999999,46.0,5.0,-5.755500000000001,0.0,119.0,52.273573,749.72,978.0,1958.5677900000003,0.0,624.3365,0.0,0.0,86.116881,2432.8660000000004,0.0,153.05,-5.0,170.0,103.468381,-16.95,46.0,51.0,68.0,84.71851099999999,-8.576582,2,0.0,Low
0.0,0.0,0.0,0.0,0.0,0.0,8.0,0.0,0.0,0.0,3.0,0.0,0.0,0.0,0.0,0.0,8.0,0.0,0.0,2.0,0.0,0.0,0.0,0.0,0.0,0.0,0.0,0.0,21.0,8.0,69.25598099999999,45.0,8.0,-6.214700000000001,0.0,131.0,58.867862,726.15,1062.0,2157.031143,0.0,691.2046,0.0,0.0,88.384132,2635.2760000000003,0.0,166.97000000000003,0.0,184.0,114.836154,-17.03,45.0,53.0,75.0,92.438417,-8.644515,1,4.0,Medium
0.0,0.0,4.0,0.0,0.0,0.0,0.0,0.0,0.0,0.0,0.0,0.0,0.0,0.0,0.0,3.0,12.0,4.0,0.0,0.0,0.0,0.0,0.0,0.0,0.0,0.0,0.0,0.0,23.0,11.0,61.889683,45.0,8.0,-6.085200000000001,0.0,114.0,48.787439,953.3100000000002,988.0,2077.861152,0.0,633.5236,0.0,0.0,95.627028,2530.565,0.0,164.18584399999995,-8.0,171.0,104.620345,-17.29,45.0,57.0,53.0,80.91480200000001,-8.629454,2,0.0,Low
0.0,0.0,0.0,0.0,0.0,0.0,0.0,0.0,6.0,0.0,3.0,0.0,0.0,0.0,0.0,4.0,8.0,0.0,0.0,0.0,0.0,0.0,0.0,0.0,0.0,0.0,0.0,0.0,21.0,16.0,68.732059,43.0,12.0,-10.6935,0.0,123.0,55.45735599999999,814.99,1026.0,2094.233057,0.0,666.7246,0.0,0.0,85.954544,2549.106,0.0,160.89,-2.0,178.0,108.866114,-17.11,43.0,55.0,71.0,88.53133899999999,-8.6666155,1,2.0,Medium
5.0,0.0,0.0,0.0,0.0,0.0,0.0,0.0,0.0,0.0,5.0,0.0,0.0,0.0,0.0,6.0,5.0,0.0,0.0,0.0,0.0,0.0,0.0,0.0,0.0,0.0,0.0,0.0,21.0,11.0,51.557684,53.0,5.0,-2.1930000000000005,0.0,116.0,50.682325,927.18,1042.0,2156.07065,0.0,665.2982999999999,0.0,0.0,92.93487,2690.123,0.0,176.750895,0.0,179.0,110.315911,-15.779999999999998,53.0,63.0,63.0,96.496236,-8.540734,1,4.0,Medium
0.0,0.0,3.0,0.0,0.0,0.0,0.0,0.0,0.0,0.0,0.0,0.0,0.0,0.0,0.0,5.0,8.0,5.0,0.0,0.0,0.0,0.0,0.0,0.0,0.0,0.0,0.0,0.0,21.0,11.0,59.17103,44.0,6.0,0.5948999999999991,0.0,115.0,49.69651399999999,855.4100000000001,972.0,2079.967318,0.0,631.6623999999999,0.0,0.0,87.01209700000001,2469.1580000000004,0.0,159.81688300000002,-5.0,168.0,103.962988,-16.04,44.0,53.0,55.0,80.472987,-8.558662,2,0.0,Low
0.0,0.0,0.0,0.0,0.0,0.0,5.0,0.0,0.0,0.0,4.0,0.0,0.0,0.0,0.0,5.0,8.0,0.0,0.0,0.0,0.0,0.0,0.0,0.0,0.0,0.0,0.0,0.0,22.0,10.0,71.757347,53.0,5.0,-6.921700000000001,0.0,127.0,56.131586,849.51,1066.0,2179.659322,0.0,676.8605,0.0,0.0,90.086125,2657.0750000000003,0.0,167.06,-3.0,185.0,111.90178,-17.939999999999998,53.0,58.0,73.0,92.058859,-8.5858,1,3.0,Medium
0.0,0.0,3.0,0.0,0.0,0.0,0.0,0.0,0.0,0.0,0.0,0.0,0.0,0.0,0.0,5.0,9.0,4.0,0.0,0.0,0.0,0.0,0.0,0.0,0.0,0.0,0.0,0.0,21.0,11.0,59.063366,44.0,6.0,-2.388600000000001,0.0,110.0,47.294102,869.24,942.0,2008.6614400000003,0.0,606.1854000000001,0.0,0.0,86.09701899999999,2398.0150000000003,0.0,154.81688300000002,-6.0,163.0,99.919018,-16.04,44.0,53.0,52.0,76.963048,-8.556292,2,0.0,Low
5.0,5.0,0.0,0.0,0.0,0.0,0.0,0.0,0.0,0.0,0.0,0.0,0.0,0.0,0.0,2.0,10.0,0.0,0.0,0.0,0.0,0.0,0.0,0.0,0.0,0.0,0.0,0.0,22.0,17.0,38.836148,41.0,15.0,-15.022000000000002,0.0,102.0,44.84367,1047.76,984.0,2043.23903,0.0,635.7721,0.0,0.0,95.49624,2632.196,0.0,180.10179,0.0,168.0,105.935047,-14.96,41.0,66.0,46.0,89.17582200000001,-8.584722,1,3.0,Medium
5.0,0.0,0.0,0.0,5.0,0.0,0.0,0.0,0.0,0.0,0.0,0.0,0.0,0.0,0.0,7.0,5.0,0.0,0.0,0.0,0.0,0.0,0.0,0.0,0.0,0.0,0.0,0.0,22.0,17.0,59.366693,51.0,10.0,-1.818500000000001,0.0,147.0,65.54908999999999,949.76,1244.0,2794.75784,0.0,819.2855999999999,0.0,0.0,97.98441,3171.061,0.0,209.920895,5.0,213.0,138.010917,-16.61,51.0,66.0,71.0,102.205857,-8.762959,1,3.0,Medium
0.0,0.0,0.0,0.0,0.0,0.0,0.0,4.0,0.0,3.0,0.0,0.0,0.0,0.0,0.0,4.0,11.0,0.0,0.0,0.0,0.0,0.0,0.0,0.0,0.0,0.0,0.0,0.0,22.0,11.0,67.84231299999999,51.0,7.0,-18.9599,3.0,115.0,50.428773,870.4200000000001,988.0,2196.268959,0.0,610.4811000000001,3.0,3.0,83.136111,2479.727,0.0,149.288483,-4.0,173.0,102.234762,-17.94,51.0,58.0,51.0,70.399426,-8.651902,2,0.0,Low
0.0,0.0,0.0,0.0,0.0,0.0,6.0,0.0,0.0,0.0,0.0,0.0,0.0,0.0,0.0,4.0,8.0,3.0,0.0,0.0,0.0,0.0,0.0,0.0,0.0,0.0,0.0,0.0,21.0,10.0,69.567847,46.0,6.0,-4.670400000000001,0.0,126.0,56.043274,770.5,1026.0,2147.634359,0.0,663.5164000000001,0.0,0.0,82.40136800000002,2549.094,0.0,161.01,-2.0,178.0,109.858814,-16.99,46.0,52.0,68.0,84.748537,-8.611888,1,3.0,Medium
0.0,0.0,7.0,0.0,0.0,0.0,0.0,0.0,0.0,0.0,4.0,0.0,0.0,0.0,0.0,0.0,5.0,0.0,0.0,0.0,0.0,0.0,6.0,0.0,0.0,0.0,0.0,0.0,22.0,14.0,50.44747099999999,41.0,14.0,15.68,0.0,164.0,74.404167,897.75,1326.0,2780.6227500000005,0.0,913.1966,0.0,0.0,123.501499,3379.4880000000003,0.0,228.542727,2.0,226.0,149.025475,-15.79,41.0,62.0,95.0,131.329322,-8.722652,1,4.0,Medium
0.0,0.0,0.0,0.0,0.0,0.0,0.0,0.0,5.0,0.0,0.0,0.0,0.0,0.0,0.0,4.0,11.0,0.0,0.0,2.0,0.0,0.0,0.0,0.0,0.0,0.0,0.0,0.0,22.0,14.0,73.13707099999999,43.0,10.0,-12.368,0.0,116.0,50.825495,847.85,970.0,2042.008445,0.0,621.3552,0.0,0.0,82.279935,2414.8390000000004,0.0,151.26,-6.0,169.0,102.458186,-17.740000000000002,43.0,53.0,57.0,73.920427,-8.603096,2,0.0,Low
0.0,0.0,0.0,0.0,0.0,0.0,6.0,0.0,0.0,0.0,3.0,0.0,0.0,0.0,0.0,0.0,8.0,0.0,0.0,4.0,0.0,0.0,0.0,0.0,0.0,0.0,0.0,0.0,21.0,6.0,69.745563,45.0,6.0,-2.4671000000000003,0.0,127.0,55.93482799999999,717.27,1026.0,2123.858901,0.0,667.1532000000001,0.0,0.0,86.102164,2547.122,0.0,161.05,-2.0,178.0,111.1793,-16.95,45.0,51.0,67.0,85.285979,-8.587112,1,3.0,Medium
0.0,4.0,0.0,0.0,0.0,0.0,0.0,0.0,0.0,3.0,0.0,0.0,0.0,0.0,0.0,4.0,0.0,0.0,0.0,0.0,0.0,11.0,0.0,0.0,0.0,0.0,0.0,0.0,22.0,15.0,63.066574,47.0,11.0,15.7702,3.0,166.0,72.302391,822.29,1326.0,3260.226627,0.0,906.4585,3.0,3.0,94.340281,3348.1000000000004,0.0,216.273199,7.0,228.0,152.66891299999995,-16.78,47.0,62.0,47.0,91.486261,-8.744168,1,4.0,Medium
0.0,3.0,3.0,0.0,0.0,0.0,0.0,0.0,0.0,0.0,0.0,0.0,0.0,0.0,0.0,10.0,6.0,0.0,0.0,0.0,0.0,0.0,0.0,0.0,0.0,0.0,0.0,0.0,22.0,22.0,53.16932,48.0,12.0,-8.2615,0.0,117.0,51.76546799999999,1046.52,1066.0,2294.149679,0.0,690.6238000000001,0.0,0.0,95.388251,2763.705,0.0,182.69542,0.0,183.0,113.345875,-16.28,48.0,66.0,57.0,92.453549,-8.630212,1,4.0,Medium
0.0,0.0,5.0,0.0,0.0,0.0,0.0,0.0,0.0,0.0,3.0,0.0,0.0,0.0,0.0,0.0,8.0,0.0,0.0,0.0,0.0,0.0,6.0,0.0,0.0,0.0,0.0,0.0,22.0,10.0,57.028013,42.0,10.0,12.2298,0.0,152.0,67.80645100000001,869.1299999999999,1220.0,2566.139586,0.0,826.272,0.0,0.0,113.110491,3089.141,0.0,205.844805,-3.0,209.0,135.360761,-16.25,42.0,57.0,85.0,114.470085,-8.688067,1,1.0,Medium
0.0,0.0,0.0,0.0,0.0,0.0,0.0,3.0,0.0,0.0,0.0,0.0,0.0,0.0,0.0,5.0,9.0,5.0,0.0,0.0,0.0,0.0,0.0,0.0,0.0,0.0,0.0,0.0,22.0,8.0,71.96043,49.0,3.0,-3.1000000000000014,0.0,118.0,50.310193,817.54,976.0,2088.997474,0.0,621.0361,0.0,0.0,84.0832,2433.782,0.0,152.3,-6.0,170.0,103.103862,-17.7,49.0,52.0,56.0,74.281912,-8.522768,2,0.0,Low
3.0,0.0,0.0,0.0,4.0,0.0,0.0,0.0,0.0,0.0,0.0,0.0,0.0,0.0,0.0,5.0,11.0,0.0,0.0,0.0,0.0,0.0,0.0,0.0,0.0,0.0,0.0,0.0,23.0,12.0,67.89056,51.0,7.0,-8.826900000000002,0.0,129.0,55.804976,958.86,1100.0,2431.801041,0.0,701.3651,0.0,0.0,93.026752,2789.52,0.0,180.338537,-4.0,190.0,118.514724,-17.78,51.0,61.0,59.0,83.38360499999999,-8.652964,2,0.0,Low
4.0,0.0,0.0,0.0,0.0,0.0,0.0,0.0,0.0,3.0,0.0,0.0,0.0,0.0,0.0,3.0,12.0,0.0,0.0,0.0,0.0,0.0,0.0,0.0,0.0,0.0,0.0,0.0,22.0,10.0,54.873609,50.0,7.0,-16.4984,3.0,108.0,47.12954800000001,956.82,972.0,2151.277822,0.0,600.5959,3.0,3.0,83.756543,2510.375,0.0,157.313199,-5.0,169.0,100.868693,-16.740000000000002,50.0,61.0,45.0,74.165134,-8.647555,2,0.0,Low
0.0,0.0,5.0,0.0,0.0,0.0,0.0,0.0,0.0,0.0,0.0,0.0,0.0,0.0,0.0,4.0,9.0,3.0,0.0,0.0,0.0,0.0,0.0,0.0,0.0,0.0,0.0,0.0,21.0,14.0,52.356848,41.0,10.0,-4.927400000000002,0.0,110.0,47.99227500000001,909.89,964.0,2036.775305,0.0,627.5332000000001,0.0,0.0,92.955599,2485.0160000000005,0.0,163.594805,-4.0,166.0,103.226117,-15.5,41.0,56.0,53.0,82.97373299999998,-8.6127,1,1.0,Medium
0.0,0.0,0.0,0.0,5.0,0.0,0.0,0.0,0.0,0.0,0.0,0.0,0.0,0.0,0.0,5.0,5.0,0.0,0.0,6.0,0.0,0.0,0.0,0.0,0.0,0.0,0.0,0.0,21.0,10.0,74.463145,47.0,5.0,8.223099999999999,0.0,147.0,63.726519,744.8,1152.0,2684.5010060000004,0.0,765.9395,0.0,0.0,85.14712,2846.661,0.0,182.01,0.0,199.0,129.49823400000002,-16.990000000000002,47.0,52.0,62.0,80.803866,-8.593193,1,4.0,Medium
0.0,0.0,0.0,0.0,0.0,0.0,0.0,3.0,0.0,4.0,0.0,0.0,0.0,0.0,0.0,5.0,9.0,0.0,0.0,0.0,0.0,0.0,0.0,0.0,0.0,0.0,0.0,0.0,21.0,12.0,63.70982099999999,51.0,7.0,-16.5458,4.0,118.0,52.526221,845.9200000000001,1006.0,2290.551669,0.0,626.2539,4.0,4.0,79.026758,2523.8240000000005,0.0,151.07464399999998,-2.0,176.0,104.57721,-17.23,51.0,58.0,52.0,72.226203,-8.678573,1,3.0,Medium
0.0,0.0,0.0,0.0,0.0,0.0,6.0,0.0,0.0,0.0,0.0,0.0,0.0,0.0,0.0,4.0,9.0,3.0,0.0,0.0,0.0,0.0,0.0,0.0,0.0,0.0,0.0,0.0,22.0,10.0,72.772652,48.0,6.0,-5.748100000000001,0.0,129.0,57.14844599999999,810.63,1054.0,2203.547762,0.0,678.7204,0.0,0.0,85.61136800000001,2620.1490000000003,0.0,165.21999999999997,-3.0,183.0,112.459768,-17.78,48.0,54.0,69.0,86.270063,-8.615337,1,3.0,Medium
3.0,0.0,0.0,0.0,0.0,0.0,4.0,0.0,0.0,0.0,0.0,0.0,0.0,0.0,0.0,0.0,4.0,12.0,0.0,0.0,0.0,0.0,0.0,0.0,0.0,0.0,0.0,0.0,23.0,7.0,66.179384,46.0,7.0,16.428199999999997,0.0,162.0,72.388011,760.9,1268.0,2690.889504,0.0,863.5871,0.0,0.0,98.746156,3179.472,0.0,208.538537,3.0,218.0,142.469435,-17.58,46.0,56.0,85.0,113.614873,-8.5036,0,5.0,High
0.0,0.0,3.0,0.0,0.0,0.0,2.0,0.0,0.0,0.0,12.0,0.0,0.0,0.0,0.0,0.0,5.0,0.0,0.0,0.0,0.0,0.0,0.0,0.0,0.0,0.0,0.0,0.0,22.0,8.0,59.23576899999999,53.0,8.0,2.114799999999999,0.0,138.0,61.586235,858.7099999999999,1174.0,2284.727892,0.0,766.2748,0.0,0.0,111.642485,2968.824,0.0,192.666883,0.0,202.0,125.43537700000002,-17.189999999999998,53.0,64.0,89.0,119.521832,-8.636947,0,5.0,High
0.0,0.0,4.0,4.0,0.0,0.0,0.0,0.0,0.0,0.0,0.0,0.0,0.0,0.0,0.0,4.0,10.0,0.0,0.0,0.0,0.0,0.0,0.0,0.0,0.0,0.0,0.0,0.0,22.0,16.0,59.802994,44.0,12.0,-11.3334,0.0,122.0,54.26486799999999,937.34,1056.0,2269.682838,0.0,683.9892,0.0,0.0,98.095684,2694.9060000000004,0.0,175.775844,-2.0,182.0,113.631892,-16.700000000000003,44.0,60.0,62.0,88.47818000000001,-8.675009,1,2.0,Medium
0.0,0.0,5.0,0.0,0.0,0.0,5.0,0.0,0.0,0.0,0.0,0.0,0.0,0.0,0.0,4.0,10.0,0.0,0.0,0.0,0.0,0.0,0.0,0.0,0.0,0.0,0.0,0.0,24.0,19.0,62.637416,47.0,15.0,-13.521,0.0,134.0,60.4183,1024.82,1168.0,2418.350675,0.0,761.0327,0.0,0.0,108.31921,2990.717,0.0,196.024805,0.0,201.0,125.539204,-18.07,47.0,67.0,72.0,103.671589,-8.672714,1,3.0,Medium
0.0,0.0,2.0,0.0,0.0,0.0,3.0,0.0,0.0,0.0,0.0,0.0,0.0,0.0,0.0,8.0,8.0,0.0,0.0,0.0,0.0,0.0,0.0,0.0,0.0,0.0,0.0,0.0,21.0,15.0,62.998734,48.0,7.0,-9.4517,0.0,113.0,49.70364099999999,898.98,982.0,2084.274676,0.0,623.5931,0.0,0.0,84.931885,2485.67,0.0,158.707922,-3.0,170.0,103.013077,-16.53,48.0,57.0,58.0,80.58018700000001,-8.554361,1,3.0,Medium
0.0,0.0,5.0,0.0,0.0,0.0,0.0,0.0,0.0,0.0,0.0,0.0,0.0,0.0,0.0,4.0,5.0,0.0,8.0,0.0,0.0,0.0,0.0,0.0,0.0,0.0,0.0,0.0,22.0,14.0,54.124245,43.0,10.0,5.7916,0.0,130.0,57.85646700000001,880.87,1094.0,2208.178034,0.0,733.1862000000001,0.0,0.0,108.339565,2799.57,0.0,184.804805,0.0,188.0,118.665721,-16.29,43.0,58.0,69.0,104.582802,-8.709052,1,3.0,Medium
0.0,0.0,5.0,0.0,0.0,0.0,0.0,0.0,0.0,0.0,3.0,0.0,0.0,0.0,0.0,4.0,10.0,0.0,0.0,0.0,0.0,0.0,0.0,0.0,0.0,0.0,0.0,0.0,22.0,14.0,54.725865,46.0,10.0,-9.4662,0.0,110.0,47.847005,977.71,992.0,2039.287406,0.0,633.6412,0.0,0.0,99.718775,2561.987,0.0,167.68480499999998,-5.0,171.0,104.283865,-16.41,46.0,61.0,57.0,88.27806100000001,-8.595854,1,1.0,Medium
0.0,0.0,4.0,0.0,0.0,0.0,0.0,0.0,0.0,0.0,4.0,0.0,0.0,0.0,0.0,0.0,10.0,0.0,0.0,0.0,0.0,0.0,0.0,0.0,0.0,0.0,4.0,0.0,22.0,24.0,53.73216599999999,68.0,8.0,-17.1498,4.0,134.0,61.574384,1273.1,1240.0,2911.814566,0.0,754.3800000000001,4.0,4.0,99.699124,3175.05,0.0,199.186704,-6.0,214.0,125.75384,-17.5,68.0,80.0,70.0,101.339876,-8.706262,1,1.0,Medium
0.0,0.0,0.0,0.0,0.0,0.0,0.0,6.0,0.0,0.0,0.0,0.0,0.0,0.0,0.0,4.0,9.0,2.0,0.0,0.0,0.0,0.0,0.0,0.0,0.0,0.0,0.0,0.0,21.0,10.0,68.21356899999999,46.0,6.0,-12.3351,0.0,109.0,46.912936,784.33,924.0,1952.191793,0.0,582.6354,0.0,0.0,83.908496,2309.627,0.0,144.01,-3.0,161.0,97.32956,-16.990000000000002,46.0,52.0,53.0,70.082774,-8.554635,1,3.0,Medium
0.0,0.0,5.0,0.0,0.0,0.0,0.0,0.0,0.0,3.0,0.0,0.0,0.0,0.0,0.0,5.0,8.0,0.0,0.0,0.0,0.0,0.0,0.0,0.0,0.0,0.0,0.0,0.0,21.0,18.0,48.842487,45.0,13.0,-12.4067,3.0,119.0,53.79651700000001,957.3,1054.0,2344.913389,0.0,679.6121,3.0,3.0,92.774956,2718.284,0.0,173.543288,0.0,182.0,112.098898,-15.78,45.0,63.0,55.0,87.77328999999999,-8.674944,1,4.0,Medium
3.0,2.0,0.0,0.0,0.0,0.0,0.0,0.0,0.0,0.0,0.0,0.0,0.0,0.0,0.0,4.0,12.0,0.0,0.0,0.0,0.0,0.0,0.0,0.0,0.0,0.0,0.0,0.0,21.0,11.0,52.033856,44.0,7.0,-14.5474,0.0,90.0,37.952777,942.98,844.0,1765.427476,0.0,521.8651,0.0,0.0,81.40176,2204.4040000000005,0.0,144.030895,-7.0,146.0,87.28341900000001,-15.5,44.0,56.0,39.0,67.506391,-8.554397,2,0.0,Low
0.0,0.0,0.0,0.0,6.0,0.0,0.0,0.0,0.0,0.0,0.0,0.0,0.0,0.0,0.0,3.0,6.0,0.0,0.0,0.0,0.0,0.0,6.0,0.0,0.0,0.0,0.0,0.0,21.0,9.0,75.200121,45.0,6.0,18.6048,0.0,180.0,80.362449,722.6099999999999,1344.0,3078.4311180000004,0.0,915.5226,0.0,0.0,98.609688,3292.5690000000004,0.0,214.05,0.0,231.0,153.134847,-16.95,45.0,51.0,93.0,106.687914,-8.574759,1,2.0,Medium
6.0,0.0,0.0,0.0,0.0,0.0,0.0,0.0,0.0,4.0,0.0,0.0,0.0,0.0,0.0,4.0,10.0,0.0,0.0,0.0,0.0,0.0,0.0,0.0,0.0,0.0,0.0,0.0,24.0,14.0,53.935982,56.0,10.0,-15.6854,4.0,130.0,58.07535,1070.94,1168.0,2616.1674940000003,0.0,736.7546,4.0,4.0,96.144756,3031.922,0.0,192.601718,0.0,202.0,123.465646,-17.94,56.0,72.0,56.0,94.143158,-8.624668,1,3.0,Medium
0.0,0.0,0.0,4.0,0.0,0.0,0.0,0.0,0.0,0.0,0.0,0.0,0.0,0.0,0.0,5.0,10.0,2.0,0.0,0.0,0.0,0.0,0.0,0.0,0.0,0.0,0.0,0.0,21.0,9.0,69.821981,47.0,4.0,-6.3538000000000014,0.0,116.0,50.251817,809.5100000000001,960.0,2095.983728,0.0,608.4348,0.0,0.0,80.650644,2390.7610000000004,0.0,150.05,-6.0,167.0,101.632663,-16.95,47.0,51.0,57.0,72.367544,-8.553105,2,0.0,Low
0.0,0.0,0.0,0.0,0.0,0.0,0.0,3.0,0.0,0.0,0.0,0.0,0.0,0.0,0.0,4.0,10.0,4.0,0.0,0.0,0.0,0.0,0.0,0.0,0.0,0.0,0.0,0.0,21.0,7.0,68.458717,46.0,3.0,-6.181500000000001,0.0,107.0,45.291076,784.8400000000001,894.0,1900.220216,0.0,562.7003,0.0,0.0,79.44024200000001,2232.496,0.0,139.13,-7.0,156.0,93.674861,-16.87,46.0,49.0,50.0,66.682707,-8.4624,2,0.0,Low
4.0,0.0,0.0,0.0,0.0,0.0,0.0,0.0,0.0,4.0,0.0,0.0,0.0,0.0,0.0,5.0,8.0,0.0,0.0,0.0,0.0,0.0,0.0,0.0,0.0,0.0,0.0,0.0,21.0,13.0,50.920421,51.0,8.0,-12.9708,4.0,118.0,52.880757,929.33,1044.0,2371.97962,0.0,657.6532,4.0,4.0,82.26454000000001,2686.699,0.0,168.01936,0.0,181.0,109.909431,-16.11,51.0,63.0,51.0,82.032966,-8.673372,1,4.0,Medium
0.0,0.0,0.0,0.0,6.0,0.0,0.0,0.0,0.0,0.0,0.0,0.0,0.0,0.0,0.0,4.0,8.0,0.0,0.0,0.0,0.0,0.0,0.0,0.0,0.0,0.0,4.0,0.0,22.0,26.0,72.26445000000001,72.0,6.0,-11.6964,4.0,168.0,77.06754799999999,1194.3200000000002,1424.0,3568.560894,0.0,886.2841999999999,4.0,4.0,90.9725,3544.1220000000003,0.0,219.47086,-2.0,246.0,150.450962,-18.74,72.0,78.0,80.0,98.92028,-8.783605,1,1.0,Medium
0.0,0.0,0.0,0.0,0.0,0.0,0.0,5.0,0.0,0.0,0.0,0.0,0.0,0.0,0.0,4.0,10.0,3.0,0.0,0.0,0.0,0.0,0.0,0.0,0.0,0.0,0.0,0.0,22.0,9.0,71.535978,48.0,5.0,-10.3671,0.0,113.0,48.27829199999999,820.02,952.0,2014.549963,0.0,599.6867,0.0,0.0,85.93410400000002,2378.686,0.0,148.26,-5.0,166.0,100.060271,-17.74,48.0,53.0,54.0,71.64092400000001,-8.54821,2,0.0,Low
0.0,0.0,0.0,0.0,0.0,0.0,0.0,5.0,0.0,0.0,0.0,0.0,0.0,0.0,0.0,5.0,5.0,0.0,0.0,0.0,0.0,0.0,6.0,0.0,0.0,0.0,0.0,0.0,21.0,10.0,71.25654899999999,47.0,5.0,9.334600000000002,0.0,152.0,67.48299499999999,744.8,1182.0,2579.360991,0.0,788.9565,0.0,0.0,95.959986,2916.7960000000003,0.0,187.01,0.0,204.0,130.32468799999998,-16.990000000000002,47.0,52.0,82.0,98.620305,-8.604095,1,4.0,Medium
5.0,0.0,0.0,0.0,0.0,0.0,0.0,0.0,0.0,2.0,0.0,0.0,0.0,0.0,0.0,4.0,10.0,0.0,0.0,0.0,0.0,0.0,0.0,0.0,0.0,0.0,0.0,0.0,21.0,11.0,49.780114,48.0,7.0,-13.4964,2.0,104.0,45.397899,937.06,948.0,2072.42597,0.0,591.6671,2.0,2.0,82.766234,2464.778,0.0,158.023217,-3.0,164.0,99.246993,-15.66,48.0,60.0,45.0,76.014147,-8.577896,1,3.0,Medium
5.0,0.0,0.0,0.0,0.0,0.0,6.0,0.0,0.0,0.0,0.0,0.0,0.0,0.0,0.0,3.0,8.0,0.0,0.0,0.0,0.0,0.0,0.0,0.0,0.0,0.0,0.0,0.0,22.0,14.0,56.236391,47.0,11.0,-11.6388,0.0,126.0,56.90620199999999,914.77,1100.0,2273.086256,0.0,712.4951000000001,0.0,0.0,94.268494,2825.497,0.0,186.040895,3.0,189.0,118.887356,-16.490000000000002,47.0,63.0,68.0,98.455891,-8.67299,1,3.0,Medium
0.0,0.0,0.0,0.0,5.0,0.0,0.0,0.0,0.0,0.0,0.0,0.0,0.0,0.0,0.0,0.0,5.0,0.0,0.0,0.0,0.0,6.0,0.0,0.0,0.0,0.0,6.0,0.0,22.0,29.0,73.525782,80.0,5.0,-2.3931000000000004,6.0,195.0,89.29731600000001,1266.23,1624.0,4308.755709999999,0.0,1022.3007,6.0,6.0,94.07673,4033.812,0.0,249.29629,0.0,280.0,174.931129,-19.02,80.0,85.0,77.0,103.90472,-8.8177395,1,2.0,Medium
0.0,0.0,6.0,0.0,0.0,0.0,0.0,0.0,0.0,5.0,0.0,0.0,0.0,0.0,0.0,5.0,6.0,0.0,0.0,0.0,0.0,0.0,0.0,0.0,0.0,0.0,0.0,0.0,22.0,22.0,46.588745,48.0,17.0,-12.4772,5.0,140.0,64.87437800000001,1013.72,1224.0,2788.3141460000006,0.0,800.9593,5.0,5.0,101.495199,3156.361,0.0,200.614571,5.0,211.0,131.914501,-16.479999999999997,48.0,71.0,65.0,103.846754,-8.743884,1,3.0,Medium
0.0,0.0,3.0,0.0,0.0,0.0,0.0,0.0,0.0,0.0,2.0,0.0,0.0,0.0,0.0,5.0,12.0,0.0,0.0,0.0,0.0,0.0,0.0,0.0,0.0,0.0,0.0,0.0,22.0,11.0,61.495651,48.0,6.0,-11.7407,0.0,101.0,42.760822000000005,955.49,910.0,1886.362219,0.0,564.3714,0.0,0.0,89.845647,2330.728,0.0,148.946883,-9.0,158.0,93.403228,-16.91,48.0,57.0,49.0,73.986564,-8.570082,2,0.0,Low
0.0,0.0,3.0,0.0,0.0,0.0,0.0,0.0,0.0,0.0,4.0,0.0,0.0,0.0,0.0,5.0,10.0,0.0,0.0,0.0,0.0,0.0,0.0,0.0,0.0,0.0,0.0,0.0,22.0,11.0,61.153787,50.0,6.0,-8.081100000000001,0.0,109.0,46.732018,946.29,970.0,1993.373107,0.0,609.2614000000001,0.0,0.0,94.044587,2476.958,0.0,158.866883,-7.0,168.0,100.462364,-16.990000000000002,50.0,59.0,57.0,83.52831,-8.527528,2,0.0,Low
0.0,5.0,0.0,0.0,0.0,0.0,5.0,0.0,0.0,0.0,0.0,0.0,0.0,0.0,0.0,4.0,10.0,0.0,0.0,0.0,0.0,0.0,0.0,0.0,0.0,0.0,0.0,0.0,24.0,19.0,62.637416,47.0,15.0,-15.4715,0.0,129.0,57.9183,1024.82,1138.0,2360.92048,0.0,737.9476999999999,0.0,0.0,99.510605,2920.5820000000003,0.0,191.460895,0.0,196.0,122.00366900000002,-18.07,47.0,67.0,67.0,98.73406400000002,-8.642484,1,2.0,Medium
0.0,0.0,3.0,0.0,0.0,0.0,0.0,0.0,0.0,0.0,4.0,0.0,0.0,0.0,0.0,6.0,8.0,0.0,0.0,0.0,0.0,0.0,0.0,0.0,0.0,0.0,0.0,0.0,21.0,12.0,58.138226,49.0,6.0,-5.827700000000001,0.0,109.0,47.138379,912.56,966.0,1999.017681,0.0,611.7122,0.0,0.0,91.35246700000002,2464.991,0.0,158.616883,-5.0,167.0,100.645487,-16.24,49.0,58.0,58.0,84.574524,-8.518948,2,0.0,Low
4.0,0.0,0.0,0.0,0.0,0.0,4.0,0.0,0.0,0.0,0.0,0.0,0.0,0.0,0.0,3.0,11.0,0.0,0.0,0.0,0.0,0.0,0.0,0.0,0.0,0.0,0.0,0.0,22.0,11.0,59.04553799999999,47.0,8.0,-13.9219,0.0,111.0,48.683799,919.74,984.0,2032.982317,0.0,621.1956,0.0,0.0,88.492908,2527.538,0.0,164.164716,-3.0,170.0,103.961787,-16.660000000000004,47.0,59.0,56.0,82.733976,-8.540009,1,3.0,Medium
0.0,0.0,0.0,0.0,0.0,0.0,0.0,5.0,0.0,0.0,0.0,0.0,0.0,0.0,0.0,0.0,8.0,0.0,0.0,0.0,0.0,0.0,4.0,0.0,0.0,0.0,4.0,0.0,21.0,21.0,66.020025,66.0,5.0,-9.3439,4.0,155.0,71.350776,1082.66,1306.0,3159.618894,0.0,814.0853,4.0,4.0,92.314342,3251.77,0.0,200.46086000000005,-3.0,226.0,136.477523,-17.75,66.0,71.0,80.0,98.233361,-8.777375,1,3.0,Medium
0.0,0.0,5.0,0.0,0.0,0.0,5.0,0.0,0.0,0.0,0.0,0.0,0.0,0.0,0.0,4.0,8.0,0.0,0.0,0.0,0.0,0.0,0.0,0.0,0.0,0.0,0.0,0.0,22.0,19.0,56.227806,43.0,15.0,-11.3656,0.0,128.0,58.207956,944.56,1112.0,2306.523869,0.0,730.6247000000001,0.0,0.0,101.89920999999998,2848.607,0.0,187.604805,2.0,191.0,120.337296,-16.490000000000002,43.0,63.0,70.0,100.628537,-8.710541,1,3.0,Medium
6.0,0.0,0.0,0.0,0.0,0.0,0.0,0.0,0.0,0.0,0.0,0.0,0.0,0.0,0.0,5.0,6.0,0.0,0.0,5.0,0.0,0.0,0.0,0.0,0.0,0.0,0.0,0.0,22.0,11.0,54.43619999999999,49.0,6.0,0.2106999999999992,0.0,119.0,51.02843899999999,928.57,1048.0,2296.723867,0.0,680.3846,0.0,0.0,90.287613,2717.668,0.0,180.157074,0.0,180.0,114.25366300000002,-16.08,49.0,61.0,49.0,85.43433399999999,-8.562918,1,4.0,Medium
0.0,0.0,0.0,0.0,0.0,4.0,0.0,3.0,0.0,0.0,0.0,0.0,0.0,0.0,0.0,4.0,10.0,0.0,0.0,0.0,0.0,0.0,0.0,0.0,0.0,0.0,0.0,0.0,21.0,11.0,68.79771299999999,46.0,7.0,-16.8039,0.0,107.0,45.87685999999999,802.6,918.0,2000.027284,0.0,573.7791,0.0,0.0,85.36474999999999,2296.588,0.0,142.97,-3.0,160.0,96.846433,-17.03,46.0,53.0,50.0,66.179923,-8.5818405,1,3.0,Medium
0.0,0.0,0.0,0.0,0.0,0.0,0.0,6.0,0.0,0.0,0.0,0.0,0.0,0.0,0.0,4.0,10.0,2.0,0.0,0.0,0.0,0.0,0.0,0.0,0.0,0.0,0.0,0.0,22.0,10.0,71.41837399999999,48.0,6.0,-13.4128,0.0,112.0,48.018108,824.46,952.0,2008.105196,0.0,597.8394,0.0,0.0,87.118496,2380.682,0.0,148.21999999999997,-4.0,166.0,99.93051400000002,-17.78,48.0,54.0,54.0,71.6043,-8.570472,2,0.0,Low
0.0,0.0,0.0,0.0,0.0,0.0,0.0,0.0,0.0,10.0,0.0,0.0,0.0,0.0,0.0,0.0,4.0,0.0,0.0,0.0,0.0,0.0,5.0,0.0,0.0,0.0,2.0,0.0,21.0,18.0,56.946167,64.0,10.0,-1.6479000000000017,12.0,196.0,93.260063,943.08,1554.0,3926.281915000001,0.0,1008.7524,12.0,12.0,89.167484,3862.898,0.0,228.99704000000003,6.0,270.0,167.60522800000004,-17.869999999999997,64.0,74.0,91.0,117.179688,-8.871118,1,3.0,Medium
0.0,0.0,5.0,0.0,0.0,0.0,0.0,0.0,0.0,0.0,4.0,0.0,0.0,0.0,0.0,2.0,10.0,0.0,0.0,0.0,0.0,0.0,0.0,0.0,0.0,0.0,0.0,0.0,21.0,12.0,50.97164,43.0,10.0,-8.910100000000002,0.0,105.0,45.704365,920.18,946.0,1913.763493,0.0,605.5726000000001,0.0,0.0,97.572485,2445.871,0.0,160.514805,-5.0,163.0,99.644325,-15.58,43.0,58.0,56.0,86.391928,-8.591049,1,1.0,Medium
0.0,0.0,3.0,0.0,0.0,0.0,0.0,0.0,0.0,0.0,0.0,0.0,0.0,0.0,0.0,4.0,9.0,0.0,0.0,5.0,0.0,0.0,0.0,0.0,0.0,0.0,0.0,0.0,21.0,10.0,60.656566,43.0,6.0,-2.5393000000000017,0.0,107.0,45.158081,849.01,918.0,2006.702141,0.0,590.8126000000001,0.0,0.0,84.692752,2339.9350000000004,0.0,150.856883,-6.0,159.0,98.459061,-16.0,43.0,52.0,43.0,69.137552,-8.545751,2,0.0,Low
0.0,0.0,5.0,0.0,0.0,0.0,0.0,0.0,0.0,0.0,0.0,0.0,0.0,0.0,0.0,4.0,10.0,0.0,0.0,2.0,0.0,0.0,0.0,0.0,0.0,0.0,0.0,0.0,21.0,14.0,52.919096,41.0,10.0,-8.694300000000002,0.0,103.0,44.37910300000001,923.72,922.0,1960.786547,0.0,592.7782000000002,0.0,0.0,91.31993500000002,2385.8190000000004,0.0,156.594805,-5.0,159.0,98.094207,-15.5,41.0,56.0,46.0,75.956716,-8.6055565,2,0.0,Low
4.0,0.0,0.0,0.0,0.0,0.0,5.0,0.0,0.0,0.0,0.0,0.0,0.0,0.0,0.0,5.0,9.0,0.0,0.0,0.0,0.0,0.0,0.0,0.0,0.0,0.0,0.0,0.0,23.0,14.0,62.82665999999999,51.0,9.0,-11.9302,0.0,126.0,56.075586,963.28,1102.0,2297.562233,0.0,704.5729,0.0,0.0,94.434437,2817.9620000000004,0.0,183.254716,0.0,190.0,117.459322,-17.57,51.0,64.0,66.0,94.723601,-8.624548,1,3.0,Medium
0.0,0.0,2.0,0.0,0.0,0.0,0.0,0.0,0.0,0.0,5.0,0.0,0.0,0.0,0.0,0.0,8.0,0.0,6.0,0.0,0.0,0.0,0.0,0.0,0.0,0.0,0.0,0.0,21.0,4.0,59.200823,45.0,4.0,3.6981,0.0,115.0,49.723412,769.97,958.0,1849.741623,0.0,621.1486,0.0,0.0,97.388288,2417.658,0.0,154.947922,-6.0,166.0,101.13094,-16.29,45.0,51.0,65.0,90.857795,-8.54399,1,1.0,Medium
3.0,0.0,0.0,0.0,0.0,0.0,3.0,0.0,0.0,0.0,0.0,0.0,0.0,0.0,0.0,5.0,10.0,0.0,0.0,0.0,0.0,0.0,0.0,0.0,0.0,0.0,0.0,0.0,21.0,11.0,59.226197,47.0,6.0,-12.0579,0.0,105.0,45.642839,887.99,930.0,1945.631488,0.0,582.8654000000001,0.0,0.0,82.23885100000001,2377.893,0.0,152.95853699999998,-4.0,161.0,97.331845,-16.159999999999997,47.0,56.0,52.0,75.958634,-8.503419,2,0.0,Low
3.0,0.0,0.0,0.0,0.0,0.0,5.0,0.0,0.0,0.0,4.0,0.0,0.0,0.0,0.0,0.0,10.0,0.0,0.0,0.0,0.0,0.0,0.0,0.0,0.0,0.0,0.0,0.0,22.0,8.0,61.19671199999999,48.0,8.0,-10.2589,0.0,121.0,53.659836,858.94,1042.0,2078.8779000000004,0.0,665.3027999999999,0.0,0.0,94.648869,2648.3540000000003,0.0,171.128537,-2.0,180.0,110.78754,-16.990000000000002,48.0,59.0,69.0,94.39019,-8.599064,1,4.0,Medium
0.0,0.0,0.0,0.0,0.0,0.0,6.0,0.0,0.0,0.0,0.0,0.0,0.0,0.0,0.0,5.0,8.0,0.0,0.0,0.0,0.0,0.0,0.0,0.0,0.0,0.0,3.0,0.0,22.0,23.0,70.185957,67.0,6.0,-16.523200000000003,3.0,144.0,66.523222,1115.17,1252.0,2910.494968,0.0,770.8088,3.0,3.0,86.45764000000001,3129.495,0.0,192.61814500000003,-2.0,217.0,128.720151,-18.54,67.0,73.0,77.0,96.762549,-8.711038,1,1.0,Medium
0.0,0.0,0.0,0.0,0.0,0.0,4.0,6.0,0.0,0.0,0.0,0.0,0.0,0.0,0.0,2.0,10.0,0.0,0.0,0.0,0.0,0.0,0.0,0.0,0.0,0.0,0.0,0.0,22.0,12.0,71.61587399999999,46.0,10.0,-18.8592,0.0,120.0,53.24441399999999,801.76,1012.0,2084.579722,0.0,643.0306,0.0,0.0,91.035656,2524.992,0.0,158.14,0.0,176.0,107.588128,-17.86,46.0,56.0,64.0,80.779418,-8.684752,1,4.0,Medium
3.0,0.0,0.0,0.0,0.0,0.0,0.0,0.0,0.0,4.0,0.0,0.0,0.0,0.0,0.0,12.0,3.0,0.0,0.0,0.0,0.0,0.0,0.0,0.0,0.0,0.0,0.0,0.0,22.0,19.0,58.654739,60.0,7.0,-6.6657,4.0,139.0,62.87135500000001,1000.45,1208.0,2789.796041,0.0,770.8687,4.0,4.0,86.715652,3075.797,0.0,191.993181,4.0,209.0,127.730209,-17.43,60.0,70.0,64.0,96.471995,-8.727475,1,4.0,Medium
0.0,0.0,0.0,0.0,5.0,0.0,0.0,0.0,0.0,0.0,0.0,0.0,0.0,0.0,0.0,5.0,2.0,0.0,0.0,0.0,0.0,0.0,10.0,0.0,0.0,0.0,0.0,0.0,22.0,10.0,80.11077,49.0,5.0,35.5926,0.0,216.0,97.392129,729.61,1576.0,3615.101261,0.0,1094.8655,0.0,0.0,110.80047,3847.5300000000007,0.0,252.22000000000003,3.0,270.0,181.454528,-17.78,49.0,54.0,117.0,132.55863200000002,-8.50095,1,4.0,Medium
5.0,0.0,0.0,0.0,0.0,0.0,0.0,0.0,0.0,5.0,0.0,0.0,0.0,0.0,0.0,5.0,7.0,0.0,0.0,0.0,0.0,0.0,0.0,0.0,0.0,0.0,0.0,0.0,22.0,15.0,49.79355,54.0,10.0,-13.1029,5.0,131.0,59.51454900000001,983.11,1156.0,2650.3950910000003,0.0,735.381,5.0,5.0,88.540825,2982.53,0.0,187.1817,3.0,200.0,122.852638,-16.73,54.0,69.0,57.0,92.86504700000002,-8.685314,1,3.0,Medium
0.0,0.0,0.0,0.0,0.0,0.0,0.0,3.0,0.0,0.0,4.0,0.0,0.0,0.0,0.0,0.0,10.0,0.0,0.0,5.0,0.0,0.0,0.0,0.0,0.0,0.0,0.0,0.0,22.0,3.0,72.00526199999999,48.0,3.0,-3.6178000000000017,0.0,114.0,47.66802,767.14,946.0,1983.522165,0.0,599.3471000000001,0.0,0.0,88.090215,2360.667,0.0,147.34,-7.0,165.0,100.581899,-17.66,48.0,51.0,52.0,71.75900899999999,-8.504875,2,0.0,Low
0.0,0.0,0.0,0.0,6.0,0.0,0.0,0.0,0.0,0.0,0.0,0.0,0.0,0.0,0.0,4.0,10.0,1.0,0.0,0.0,0.0,0.0,0.0,0.0,0.0,0.0,0.0,0.0,21.0,10.0,72.437905,46.0,6.0,-3.6348,0.0,134.0,58.270816,798.16,1074.0,2438.2108850000004,0.0,695.4044000000001,0.0,0.0,84.57941,2659.2940000000003,0.0,169.01,-4.0,186.0,117.74969,-16.99,46.0,52.0,62.0,76.30260899999999,-8.655567,2,0.0,Low
5.0,0.0,0.0,0.0,0.0,0.0,0.0,0.0,0.0,0.0,0.0,0.0,0.0,0.0,0.0,5.0,5.0,0.0,0.0,6.0,0.0,0.0,0.0,0.0,0.0,0.0,0.0,0.0,21.0,10.0,54.878820000000005,47.0,5.0,3.0330999999999992,0.0,117.0,50.024994,860.8,1012.0,2240.772081,0.0,660.4465,0.0,0.0,85.24834999999999,2608.156,0.0,171.990895,0.0,174.0,110.883994,-15.54,47.0,57.0,47.0,80.612531,-8.54769,1,4.0,Medium
4.0,0.0,0.0,0.0,0.0,0.0,0.0,0.0,0.0,5.0,0.0,0.0,0.0,0.0,0.0,0.0,8.0,0.0,0.0,0.0,0.0,0.0,5.0,0.0,0.0,0.0,0.0,0.0,22.0,9.0,54.601405,49.0,9.0,2.170499999999997,5.0,158.0,71.932894,868.1500000000001,1274.0,2917.839125,0.0,840.9099,5.0,5.0,96.453407,3227.7720000000004,0.0,204.425521,1.0,220.0,139.841208,-16.78,49.0,62.0,75.0,105.35549,-8.770326,0,6.0,High
0.0,0.0,5.0,0.0,0.0,0.0,0.0,0.0,0.0,0.0,0.0,0.0,0.0,0.0,0.0,5.0,5.0,0.0,6.0,0.0,0.0,0.0,0.0,0.0,0.0,0.0,0.0,0.0,21.0,15.0,51.387288,42.0,10.0,2.8582,0.0,122.0,54.271264,874.8,1042.0,2131.4708680000003,0.0,693.917,0.0,0.0,101.917645,2673.371,0.0,176.554805,0.0,179.0,112.606204,-15.54,42.0,57.0,64.0,97.974676,-8.687411,1,3.0,Medium
0.0,0.0,0.0,0.0,5.0,0.0,0.0,0.0,0.0,0.0,0.0,0.0,0.0,0.0,0.0,4.0,9.0,3.0,0.0,0.0,0.0,0.0,0.0,0.0,0.0,0.0,0.0,0.0,21.0,9.0,71.94117299999999,46.0,5.0,0.4470999999999989,0.0,135.0,58.64003,779.89,1074.0,2423.074035,0.0,699.6877000000001,0.0,0.0,84.045764,2658.3060000000005,0.0,169.05,-4.0,186.0,117.846067,-16.95,46.0,51.0,63.0,78.227543,-8.625806,2,0.0,Low
3.0,3.0,0.0,0.0,0.0,0.0,0.0,0.0,0.0,3.0,0.0,0.0,0.0,0.0,0.0,0.0,13.0,0.0,0.0,0.0,0.0,0.0,0.0,0.0,0.0,0.0,0.0,0.0,22.0,12.0,47.896267,44.0,12.0,-19.6123,3.0,105.0,46.317821,973.64,964.0,2104.609533,0.0,604.9278,3.0,3.0,86.970999,2521.3050000000003,0.0,161.345557,-4.0,167.0,101.329145,-16.119999999999997,44.0,62.0,43.0,76.575268,-8.665167,1,1.0,Medium
4.0,0.0,0.0,3.0,0.0,0.0,0.0,0.0,0.0,0.0,0.0,0.0,0.0,0.0,0.0,4.0,10.0,0.0,0.0,0.0,0.0,0.0,0.0,0.0,0.0,0.0,0.0,0.0,21.0,11.0,56.258307,46.0,7.0,-11.2162,0.0,108.0,47.04650099999999,895.4000000000001,956.0,2049.975123,0.0,604.6337000000001,0.0,0.0,85.63352799999998,2456.4590000000003,0.0,159.954716,-3.0,165.0,101.58443,-15.87,46.0,57.0,52.0,77.867404,-8.5351715,1,3.0,Medium
0.0,0.0,0.0,0.0,0.0,0.0,6.0,0.0,0.0,0.0,4.0,0.0,0.0,0.0,0.0,0.0,8.0,0.0,0.0,0.0,0.0,0.0,4.0,0.0,0.0,0.0,0.0,0.0,22.0,6.0,73.048372,48.0,6.0,5.516999999999999,0.0,154.0,69.174522,752.8000000000001,1204.0,2472.809388,0.0,796.9502,0.0,0.0,99.501318,2971.832,0.0,190.22,-2.0,208.0,131.451958,-17.78,48.0,54.0,92.0,108.861434,-8.586197,1,4.0,Medium
0.0,0.0,6.0,0.0,0.0,0.0,4.0,0.0,0.0,0.0,0.0,0.0,0.0,0.0,0.0,4.0,10.0,0.0,0.0,0.0,0.0,0.0,0.0,0.0,0.0,0.0,0.0,0.0,24.0,20.0,59.234782,46.0,16.0,-13.4288,0.0,132.0,59.46081,1050.82,1164.0,2413.2889760000003,0.0,760.4087999999999,0.0,0.0,110.76921,2998.14,0.0,197.933766,0.0,200.0,125.27835,-17.78,46.0,68.0,70.0,104.383152,-8.666357,1,3.0,Medium
0.0,0.0,3.0,0.0,0.0,0.0,0.0,0.0,0.0,0.0,4.0,0.0,0.0,0.0,0.0,0.0,10.0,0.0,0.0,0.0,0.0,0.0,0.0,0.0,0.0,0.0,4.0,0.0,21.0,22.0,53.73216599999999,67.0,6.0,-16.8823,4.0,127.0,58.163153,1216.36,1174.0,2775.412303,0.0,706.9362000000001,4.0,4.0,92.34335500000002,2995.379,0.0,186.10774300000003,-7.0,203.0,118.085313,-16.96,67.0,76.0,66.0,93.774168,-8.729502,2,0.0,Low
0.0,0.0,6.0,0.0,0.0,0.0,0.0,0.0,0.0,0.0,3.0,0.0,0.0,0.0,0.0,5.0,7.0,0.0,0.0,0.0,0.0,0.0,0.0,0.0,0.0,0.0,0.0,0.0,21.0,17.0,48.505499,44.0,12.0,-6.4026000000000005,0.0,114.0,50.559425,960.59,1026.0,2125.42084,0.0,668.3318,0.0,0.0,101.172424,2658.636,0.0,176.303766,-1.0,176.0,109.53456099999998,-15.41,44.0,62.0,61.0,95.368457,-8.650641,1,3.0,Medium
0.0,0.0,0.0,0.0,0.0,0.0,6.0,0.0,0.0,0.0,4.0,0.0,0.0,0.0,0.0,0.0,5.0,6.0,0.0,0.0,0.0,0.0,0.0,0.0,0.0,0.0,0.0,0.0,21.0,6.0,68.450135,46.0,6.0,6.896499999999999,0.0,145.0,65.14677,685.01,1140.0,2329.341861,0.0,759.1082,0.0,0.0,91.472962,2818.631,0.0,180.01,1.0,197.0,124.972688,-16.990000000000002,46.0,52.0,85.0,104.090886,-8.558314,1,4.0,Medium
0.0,5.0,0.0,0.0,0.0,0.0,0.0,0.0,0.0,0.0,0.0,0.0,0.0,0.0,0.0,5.0,5.0,0.0,0.0,6.0,0.0,0.0,0.0,0.0,0.0,0.0,0.0,0.0,21.0,15.0,54.878820000000005,42.0,10.0,0.8980999999999995,0.0,117.0,50.578764,874.8,1012.0,2240.772081,0.0,670.7,0.0,0.0,85.24834999999999,2603.236,0.0,171.990895,0.0,174.0,111.342749,-15.54,42.0,57.0,47.0,80.612531,-8.61991,1,3.0,Medium
0.0,4.0,0.0,0.0,0.0,0.0,4.0,0.0,0.0,0.0,0.0,0.0,0.0,0.0,0.0,4.0,9.0,0.0,0.0,0.0,0.0,0.0,0.0,0.0,0.0,0.0,0.0,0.0,21.0,16.0,56.029977,42.0,12.0,-13.376500000000002,0.0,111.0,49.533176,897.21,980.0,2038.626891,0.0,631.8492,0.0,0.0,85.800788,2511.635,0.0,163.914716,-1.0,169.0,104.511914,-15.91,42.0,58.0,57.0,83.78019,-8.603186,1,2.0,Medium
0.0,3.0,4.0,0.0,0.0,0.0,0.0,0.0,0.0,0.0,0.0,0.0,0.0,0.0,0.0,4.0,11.0,0.0,0.0,0.0,0.0,0.0,0.0,0.0,0.0,0.0,0.0,0.0,22.0,18.0,48.82905099999999,41.0,14.0,-14.5055,0.0,103.0,45.002329,1024.73,960.0,2005.290677,0.0,616.9348,0.0,0.0,96.42674,2517.793,0.0,167.804381,-4.0,165.0,101.708986,-15.79,41.0,62.0,48.0,83.09129099999998,-8.613937,1,1.0,Medium
0.0,0.0,5.0,0.0,0.0,0.0,2.0,0.0,0.0,0.0,0.0,0.0,0.0,0.0,0.0,4.0,10.0,0.0,0.0,0.0,0.0,0.0,0.0,0.0,0.0,0.0,0.0,0.0,21.0,16.0,52.429514,41.0,12.0,-12.4419,0.0,107.0,47.31213699999999,932.6,958.0,1993.9587890000005,0.0,616.8296,0.0,0.0,93.601903,2473.9730000000004,0.0,162.514805,-3.0,165.0,101.751061,-15.58,41.0,58.0,54.0,83.10915399999999,-8.603794,1,2.0,Medium
0.0,0.0,0.0,0.0,3.0,0.0,0.0,0.0,0.0,12.0,0.0,0.0,0.0,0.0,0.0,4.0,3.0,0.0,0.0,0.0,0.0,0.0,0.0,0.0,0.0,0.0,0.0,0.0,22.0,19.0,59.876414,60.0,15.0,-12.1693,12.0,189.0,89.666526,878.37,1516.0,3791.563556,0.0,988.5397,12.0,12.0,87.96977,3779.82,0.0,222.293932,12.0,264.0,165.21444100000002,-18.62,60.0,75.0,81.0,110.0759,-8.877635,1,4.0,Medium
5.0,0.0,0.0,0.0,0.0,0.0,0.0,0.0,0.0,0.0,0.0,0.0,0.0,0.0,0.0,5.0,5.0,7.0,0.0,0.0,0.0,0.0,0.0,0.0,0.0,0.0,0.0,0.0,22.0,10.0,56.181553,49.0,5.0,7.289099999999999,0.0,131.0,57.164858,887.1,1106.0,2382.040002,0.0,728.9614999999999,0.0,0.0,91.535186,2834.516,0.0,187.200895,0.0,190.0,120.792738,-16.330000000000002,49.0,59.0,63.0,96.16523,-8.566013,1,4.0,Medium
0.0,0.0,0.0,0.0,0.0,0.0,0.0,3.0,0.0,0.0,0.0,0.0,0.0,0.0,0.0,4.0,9.0,0.0,0.0,5.0,0.0,0.0,0.0,0.0,0.0,0.0,0.0,0.0,21.0,7.0,70.241161,46.0,3.0,-5.1565,0.0,107.0,44.666588,771.01,894.0,1959.818894,0.0,564.9823,0.0,0.0,78.553855,2233.504,0.0,139.13,-6.0,156.0,94.998981,-16.87,46.0,49.0,43.0,61.42495099999999,-8.433549,2,0.0,Low
5.0,0.0,0.0,0.0,0.0,0.0,0.0,0.0,0.0,4.0,0.0,0.0,0.0,0.0,0.0,4.0,8.0,0.0,0.0,0.0,0.0,0.0,0.0,0.0,0.0,0.0,0.0,0.0,21.0,13.0,47.526372,50.0,9.0,-13.2994,4.0,118.0,53.06452899999999,936.74,1052.0,2379.424464,0.0,665.5705,4.0,4.0,84.130708,2723.184,0.0,172.01553900000002,1.0,182.0,111.394069,-15.82,50.0,64.0,51.0,84.521903,-8.668404,1,4.0,Medium
0.0,0.0,0.0,0.0,0.0,0.0,4.0,0.0,0.0,4.0,0.0,0.0,0.0,0.0,0.0,4.0,0.0,10.0,0.0,0.0,0.0,0.0,0.0,0.0,0.0,0.0,0.0,0.0,22.0,12.0,68.623158,52.0,8.0,14.0944,4.0,180.0,82.771492,731.96,1388.0,3145.5847780000004,0.0,939.1388,4.0,4.0,91.354324,3432.576,0.0,214.284644,8.0,240.0,154.404856,-18.02,52.0,60.0,92.0,117.18991,-8.696383,0,5.0,High
0.0,0.0,4.0,0.0,0.0,0.0,0.0,0.0,0.0,0.0,4.0,0.0,0.0,0.0,0.0,0.0,8.0,0.0,0.0,0.0,0.0,0.0,0.0,0.0,0.0,0.0,5.0,0.0,21.0,28.0,49.709712,72.0,8.0,-17.072200000000002,5.0,140.0,65.492705,1318.5200000000002,1300.0,3142.336784,0.0,789.4642000000001,5.0,5.0,97.513666,3325.224,0.0,207.789419,-4.0,224.0,131.688958,-16.950000000000003,72.0,84.0,74.0,105.969871,-8.723497,1,1.0,Medium
0.0,5.0,0.0,0.0,0.0,0.0,0.0,0.0,0.0,0.0,0.0,0.0,0.0,0.0,0.0,5.0,6.0,6.0,0.0,0.0,0.0,0.0,0.0,0.0,0.0,0.0,0.0,0.0,22.0,15.0,56.073889,44.0,10.0,2.1705999999999985,0.0,126.0,55.316216,914.93,1076.0,2310.734124,0.0,713.7379999999999,0.0,0.0,90.620108,2758.453,0.0,182.200895,-1.0,185.0,117.207523,-16.33,44.0,59.0,60.0,92.655291,-8.638787,1,3.0,Medium
5.0,0.0,0.0,0.0,0.0,0.0,0.0,0.0,0.0,0.0,8.0,0.0,0.0,0.0,0.0,4.0,5.0,0.0,0.0,0.0,0.0,0.0,0.0,0.0,0.0,0.0,0.0,0.0,22.0,9.0,53.87120499999999,56.0,5.0,-0.1327000000000007,0.0,125.0,54.721225,940.71,1112.0,2249.384431,0.0,712.5277,0.0,0.0,101.40752,2862.347,0.0,187.92089500000003,0.0,191.0,117.93741500000002,-16.61,56.0,66.0,72.0,107.19490100000002,-8.565668,1,4.0,Medium
0.0,0.0,3.0,0.0,2.0,0.0,0.0,0.0,0.0,0.0,0.0,0.0,0.0,0.0,0.0,0.0,5.0,11.0,0.0,0.0,0.0,0.0,0.0,0.0,0.0,0.0,0.0,0.0,21.0,8.0,60.294914,39.0,8.0,16.3876,0.0,148.0,65.424541,721.6500000000001,1152.0,2515.509913,0.0,789.5918,0.0,0.0,94.640769,2887.124,0.0,189.936883,0.0,198.0,130.289549,-15.920000000000002,39.0,50.0,73.0,98.883809,-8.588552,1,3.0,Medium
5.0,0.0,0.0,0.0,0.0,0.0,0.0,0.0,0.0,0.0,0.0,0.0,0.0,0.0,0.0,4.0,5.0,0.0,0.0,0.0,0.0,0.0,0.0,0.0,8.0,0.0,0.0,0.0,22.0,9.0,53.468765,48.0,5.0,30.9425,0.0,189.0,86.802697,866.87,1448.0,2872.920383,0.0,995.3357,0.0,0.0,164.088392,3632.083,0.0,244.240895,0.0,247.0,159.926263,-16.29,48.0,58.0,128.0,163.061677,-8.586032,1,3.0,Medium
0.0,5.0,0.0,0.0,0.0,0.0,5.0,0.0,0.0,0.0,0.0,0.0,0.0,0.0,0.0,4.0,8.0,0.0,0.0,0.0,0.0,0.0,0.0,0.0,0.0,0.0,0.0,0.0,22.0,19.0,56.227806,43.0,15.0,-13.3161,0.0,123.0,55.707956,944.56,1082.0,2249.093674,0.0,707.5397,0.0,0.0,93.090605,2778.472,0.0,183.040895,2.0,186.0,116.801761,-16.490000000000002,43.0,63.0,65.0,95.691012,-8.68025,1,3.0,Medium
0.0,0.0,0.0,0.0,0.0,0.0,5.0,0.0,0.0,0.0,6.0,0.0,0.0,0.0,0.0,6.0,5.0,0.0,0.0,0.0,0.0,0.0,0.0,0.0,0.0,0.0,0.0,0.0,22.0,11.0,71.604727,56.0,5.0,-2.0864000000000007,0.0,138.0,61.61431500000001,846.7099999999999,1150.0,2348.228187,0.0,739.4053,0.0,0.0,94.802945,2862.393,0.0,180.94,0.0,199.0,121.744993,-18.06,56.0,61.0,83.0,104.168345,-8.605006,1,4.0,Medium
0.0,0.0,0.0,0.0,4.0,0.0,0.0,0.0,0.0,0.0,0.0,0.0,0.0,0.0,4.0,10.0,0.0,3.0,0.0,0.0,0.0,0.0,0.0,0.0,0.0,0.0,0.0,0.0,21.0,22.0,73.557305,52.0,8.0,10.165,0.0,160.0,71.47304199999999,864.4799999999999,1278.0,2973.185811,0.0,856.1478000000001,0.0,0.0,88.306306,3158.084,0.0,202.69,4.0,220.0,141.543254,-17.31,52.0,60.0,78.0,98.696391,-8.74121,1,3.0,Medium
0.0,0.0,4.0,0.0,0.0,0.0,0.0,0.0,0.0,0.0,0.0,0.0,0.0,0.0,0.0,5.0,4.0,8.0,0.0,0.0,0.0,0.0,0.0,0.0,0.0,0.0,0.0,0.0,21.0,13.0,56.289217,43.0,8.0,10.3556,0.0,134.0,59.20980899999999,830.53,1100.0,2374.373812,0.0,740.3332,0.0,0.0,93.9031,2791.203,0.0,183.685844,0.0,189.0,121.162471,-15.79,43.0,55.0,67.0,97.046986,-8.638705,1,3.0,Medium
0.0,0.0,0.0,0.0,0.0,0.0,6.0,0.0,0.0,0.0,3.0,0.0,0.0,0.0,0.0,0.0,8.0,0.0,0.0,0.0,0.0,0.0,4.0,0.0,0.0,0.0,0.0,0.0,21.0,6.0,70.014499,45.0,6.0,4.764899999999999,0.0,147.0,66.08375199999999,717.27,1146.0,2363.390541,0.0,759.3012000000001,0.0,0.0,94.191848,2827.662,0.0,181.05,-2.0,198.0,125.321436,-16.95,45.0,51.0,87.0,102.569035,-8.599959,1,3.0,Medium
0.0,0.0,0.0,0.0,0.0,0.0,0.0,6.0,0.0,0.0,0.0,0.0,0.0,0.0,0.0,4.0,9.0,0.0,0.0,0.0,0.0,0.0,0.0,0.0,0.0,0.0,2.0,0.0,21.0,18.0,66.36294299999999,58.0,6.0,-20.3023,2.0,117.0,52.155098,983.09,1040.0,2382.451279,0.0,632.2578000000001,2.0,2.0,84.12742399999999,2609.799,0.0,159.63543,-3.0,181.0,106.313764,-17.47,58.0,64.0,57.0,75.365938,-8.638431,1,1.0,Medium
5.0,0.0,0.0,0.0,0.0,0.0,0.0,0.0,0.0,0.0,0.0,0.0,0.0,0.0,0.0,4.0,9.0,5.0,0.0,0.0,0.0,0.0,0.0,0.0,0.0,0.0,0.0,0.0,23.0,9.0,58.981786,50.0,5.0,-0.9313000000000002,0.0,121.0,51.953673,948.49,1050.0,2233.7836720000005,0.0,675.5567,0.0,0.0,92.39715,2704.197,0.0,177.450895,-4.0,181.0,112.521675,-17.08,50.0,60.0,56.0,88.09913800000001,-8.546821,2,0.0,Low
4.0,0.0,0.0,0.0,0.0,0.0,5.0,0.0,0.0,0.0,0.0,0.0,0.0,0.0,0.0,4.0,8.0,0.0,0.0,0.0,0.0,0.0,0.0,0.0,0.0,0.0,0.0,0.0,21.0,13.0,56.227806,46.0,9.0,-10.950500000000002,0.0,117.0,52.353709,876.6199999999999,1022.0,2124.17745,0.0,656.5101,0.0,0.0,87.496557,2616.764,0.0,170.874716,1.0,176.0,109.473337,-15.95,46.0,59.0,62.0,89.112809,-8.626746,1,4.0,Medium
0.0,0.0,0.0,3.0,0.0,0.0,2.0,0.0,0.0,0.0,8.0,0.0,0.0,0.0,0.0,0.0,8.0,0.0,0.0,0.0,0.0,0.0,0.0,0.0,0.0,0.0,0.0,0.0,21.0,5.0,67.348753,50.0,5.0,-3.2330000000000005,0.0,128.0,56.63103099999999,758.98,1056.0,2126.876601,0.0,677.0135,0.0,0.0,94.213114,2625.121,0.0,165.89,-3.0,183.0,112.26666,-17.11,50.0,55.0,78.0,96.201958,-8.584582,1,3.0,Medium
5.0,0.0,0.0,0.0,0.0,0.0,0.0,0.0,0.0,0.0,0.0,0.0,0.0,0.0,4.0,8.0,5.0,0.0,0.0,0.0,0.0,0.0,0.0,0.0,0.0,0.0,0.0,0.0,22.0,21.0,57.18836499999999,52.0,9.0,-5.519500000000001,0.0,121.0,53.08199700000001,1039.91,1088.0,2406.0853070000003,0.0,700.7889,0.0,0.0,90.200344,2802.3030000000003,0.0,183.92089500000003,0.0,187.0,115.821467,-16.61,52.0,66.0,56.0,89.45622900000001,-8.623825,1,4.0,Medium
0.0,0.0,0.0,0.0,0.0,0.0,0.0,6.0,0.0,0.0,0.0,0.0,0.0,0.0,0.0,4.0,9.0,0.0,0.0,2.0,0.0,0.0,0.0,0.0,0.0,0.0,0.0,0.0,21.0,10.0,68.88348099999999,46.0,6.0,-13.1185,0.0,107.0,45.702176,784.33,912.0,1947.508913,0.0,573.3574000000001,0.0,0.0,83.18790999999999,2281.573,0.0,142.01,-3.0,159.0,96.24162,-16.990000000000002,46.0,52.0,49.0,66.575696,-8.534256,1,3.0,Medium
0.0,0.0,4.0,0.0,0.0,0.0,0.0,0.0,0.0,0.0,3.0,0.0,0.0,0.0,0.0,0.0,10.0,0.0,0.0,0.0,0.0,0.0,0.0,0.0,0.0,0.0,5.0,0.0,22.0,28.0,53.085449,73.0,8.0,-19.9797,5.0,139.0,64.612279,1363.25,1298.0,3144.744743,0.0,782.2232000000001,5.0,5.0,98.62419599999998,3323.164,0.0,207.039419,-6.0,224.0,130.760344,-17.700000000000003,73.0,85.0,71.0,102.720524,-8.709619,2,0.0,Low
0.0,0.0,0.0,0.0,5.0,0.0,0.0,0.0,0.0,0.0,0.0,0.0,0.0,0.0,0.0,0.0,5.0,0.0,0.0,0.0,0.0,0.0,6.0,0.0,0.0,0.0,6.0,0.0,22.0,29.0,72.21924,80.0,5.0,6.1143,6.0,219.0,102.63837,1266.23,1768.0,4510.53571,0.0,1132.8207,6.0,6.0,104.049498,4370.46,0.0,273.29629,0.0,304.0,190.608439,-19.02,80.0,85.0,113.0,132.320402,-8.696606,1,2.0,Medium
5.0,0.0,0.0,0.0,0.0,0.0,5.0,0.0,0.0,0.0,0.0,0.0,0.0,0.0,0.0,4.0,7.0,0.0,0.0,0.0,0.0,0.0,0.0,0.0,0.0,0.0,0.0,0.0,21.0,14.0,53.023001,46.0,10.0,-10.1034,0.0,120.0,54.049014,890.4300000000001,1054.0,2193.180271,0.0,682.0822,0.0,0.0,89.880605,2712.337,0.0,178.830895,3.0,181.0,113.742052,-15.7,46.0,61.0,64.0,94.16948600000002,-8.667442,1,3.0,Medium
3.0,0.0,0.0,0.0,0.0,0.0,0.0,0.0,0.0,4.0,0.0,0.0,0.0,0.0,0.0,0.0,4.0,11.0,0.0,0.0,0.0,0.0,0.0,0.0,0.0,0.0,0.0,0.0,22.0,7.0,57.568115,48.0,7.0,12.0444,4.0,158.0,71.159491,771.52,1250.0,2835.464975,0.0,839.2581,4.0,4.0,90.56695,3149.3140000000003,0.0,199.473181,3.0,216.0,138.804955,-16.950000000000003,48.0,58.0,73.0,104.268444,-8.703557,1,4.0,Medium
2.0,0.0,0.0,0.0,0.0,0.0,0.0,0.0,0.0,0.0,0.0,0.0,0.0,0.0,0.0,4.0,2.0,14.0,0.0,0.0,0.0,0.0,0.0,0.0,0.0,0.0,0.0,0.0,22.0,6.0,66.360372,48.0,2.0,24.4566,0.0,154.0,67.384294,742.46,1196.0,2612.614708,0.0,812.9294,0.0,0.0,90.270708,2986.71,0.0,194.372358,0.0,206.0,133.510306,-17.04,48.0,52.0,76.0,102.997032,-8.33184,1,4.0,Medium
0.0,0.0,0.0,0.0,0.0,0.0,6.0,0.0,0.0,3.0,0.0,0.0,0.0,0.0,0.0,0.0,8.0,0.0,0.0,5.0,0.0,0.0,0.0,0.0,0.0,0.0,0.0,0.0,22.0,9.0,70.525171,47.0,9.0,-6.146900000000001,3.0,143.0,64.380183,756.8900000000001,1144.0,2548.718151,0.0,746.7153000000001,3.0,3.0,85.61525,2843.557,0.0,175.368483,1.0,199.0,124.912164,-17.86,47.0,56.0,66.0,87.01292,-8.730283,1,4.0,Medium
4.0,0.0,0.0,0.0,4.0,0.0,0.0,0.0,0.0,0.0,0.0,0.0,0.0,0.0,0.0,4.0,9.0,0.0,0.0,0.0,0.0,0.0,0.0,0.0,0.0,0.0,0.0,0.0,21.0,12.0,58.086901,46.0,8.0,-7.0001000000000015,0.0,123.0,53.778404,886.01,1052.0,2327.419079,0.0,678.8744,0.0,0.0,88.47292,2683.8950000000004,0.0,175.914716,-1.0,181.0,114.797454,-15.91,46.0,58.0,57.0,82.82948999999999,-8.6503315,1,3.0,Medium
0.0,0.0,0.0,0.0,0.0,0.0,6.0,0.0,0.0,0.0,0.0,0.0,0.0,0.0,0.0,5.0,10.0,2.0,0.0,0.0,0.0,0.0,0.0,0.0,0.0,0.0,0.0,0.0,23.0,11.0,76.059037,51.0,6.0,-8.633600000000001,0.0,130.0,57.362739000000005,870.9900000000001,1076.0,2249.713264,0.0,686.1021999999999,0.0,0.0,88.42417,2679.1490000000003,0.0,168.39,-4.0,187.0,113.800829,-18.61,51.0,57.0,69.0,86.84939,-8.620195,2,0.0,Low
0.0,0.0,3.0,0.0,0.0,0.0,0.0,0.0,0.0,3.0,0.0,0.0,0.0,0.0,0.0,4.0,0.0,11.0,0.0,0.0,0.0,0.0,0.0,0.0,0.0,0.0,0.0,0.0,21.0,13.0,56.247157,46.0,9.0,17.6157,3.0,163.0,74.09939800000001,765.55,1284.0,2906.74235,0.0,877.7247,3.0,3.0,94.031396,3224.5370000000003,0.0,206.845366,6.0,221.0,143.663345,-16.240000000000002,46.0,58.0,80.0,111.726515,-8.711977,0,5.0,High
5.0,0.0,0.0,0.0,0.0,0.0,0.0,0.0,0.0,4.0,0.0,0.0,0.0,0.0,0.0,0.0,8.0,5.0,0.0,0.0,0.0,0.0,0.0,0.0,0.0,0.0,0.0,0.0,22.0,9.0,50.512521,48.0,9.0,-4.162400000000002,4.0,134.0,60.135629,882.12,1134.0,2545.635349,0.0,737.5402999999999,4.0,4.0,89.84457800000001,2913.602,0.0,185.385539,1.0,196.0,123.078565,-16.45,48.0,62.0,59.0,93.322164,-8.711141,1,4.0,Medium
0.0,0.0,0.0,0.0,0.0,0.0,0.0,0.0,0.0,12.0,0.0,0.0,0.0,0.0,0.0,0.0,5.0,3.0,0.0,0.0,0.0,0.0,0.0,0.0,0.0,0.0,2.0,0.0,22.0,20.0,55.670952,68.0,12.0,-15.5771,14.0,183.0,87.567786,1010.55,1506.0,3858.874706000001,0.0,954.9158,14.0,14.0,83.601162,3769.533,0.0,217.199362,7.0,263.0,159.30749800000004,-18.82,68.0,80.0,77.0,107.35296699999998,-8.863685,1,3.0,Medium
0.0,0.0,0.0,0.0,6.0,0.0,0.0,0.0,0.0,0.0,2.0,0.0,0.0,0.0,0.0,4.0,9.0,0.0,0.0,0.0,0.0,0.0,0.0,0.0,0.0,0.0,0.0,0.0,21.0,10.0,71.988377,48.0,6.0,-2.9587000000000003,0.0,137.0,59.8396,802.79,1104.0,2473.915895,0.0,714.8174,0.0,0.0,87.863272,2734.3810000000003,0.0,173.93,-3.0,191.0,120.764856,-17.07,48.0,54.0,67.0,82.334416,-8.66634,1,3.0,Medium
0.0,0.0,0.0,0.0,0.0,0.0,6.0,0.0,0.0,0.0,3.0,0.0,0.0,0.0,0.0,5.0,8.0,0.0,0.0,0.0,0.0,0.0,0.0,0.0,0.0,0.0,0.0,0.0,22.0,11.0,72.126108,52.0,6.0,-8.0335,0.0,129.0,57.409537,844.72,1078.0,2211.704437,0.0,687.2792,0.0,0.0,89.682424,2685.153,0.0,169.06,-2.0,187.0,113.700639,-17.939999999999998,52.0,58.0,74.0,92.620605,-8.613427,1,3.0,Medium
4.0,0.0,0.0,0.0,0.0,0.0,0.0,0.0,0.0,0.0,0.0,0.0,0.0,0.0,0.0,4.0,0.0,11.0,3.0,0.0,0.0,0.0,0.0,0.0,0.0,0.0,0.0,0.0,22.0,8.0,59.209864,48.0,4.0,24.9805,0.0,157.0,69.555014,770.08,1242.0,2660.2303260000003,0.0,850.2226,0.0,0.0,97.88827,3135.775,0.0,207.284716,4.0,213.0,139.279786,-16.540000000000003,48.0,56.0,80.0,114.062079,-8.44184,1,4.0,Medium
0.0,0.0,0.0,0.0,5.0,0.0,0.0,0.0,0.0,4.0,0.0,0.0,0.0,0.0,0.0,8.0,4.0,0.0,0.0,0.0,0.0,0.0,0.0,0.0,0.0,0.0,0.0,0.0,21.0,17.0,67.867673,54.0,9.0,-3.4066,4.0,160.0,72.812186,846.3399999999999,1288.0,3069.3852970000003,0.0,841.6827000000001,4.0,4.0,86.100998,3198.041,0.0,197.874644,5.0,223.0,141.144617,-17.43,54.0,63.0,74.0,94.984198,-8.818274,1,3.0,Medium
0.0,0.0,5.0,0.0,0.0,0.0,0.0,0.0,0.0,0.0,0.0,0.0,0.0,0.0,0.0,4.0,8.0,5.0,0.0,0.0,0.0,0.0,0.0,0.0,0.0,0.0,0.0,0.0,22.0,14.0,55.776981,43.0,10.0,-0.0381000000000018,0.0,123.0,53.902271,922.36,1052.0,2235.300464,0.0,693.6912,0.0,0.0,97.995755,2698.357,0.0,177.80480500000002,-3.0,181.0,113.915011,-16.29,43.0,58.0,60.0,91.515137,-8.646401,1,3.0,Medium
0.0,0.0,0.0,0.0,0.0,0.0,0.0,5.0,0.0,3.0,0.0,0.0,0.0,0.0,0.0,4.0,12.0,0.0,0.0,0.0,0.0,0.0,0.0,0.0,0.0,0.0,0.0,0.0,24.0,12.0,74.241983,55.0,8.0,-21.1775,3.0,125.0,54.781345,941.29,1074.0,2372.956876,0.0,664.5188,3.0,3.0,91.655581,2694.976,0.0,162.66848299999998,-4.0,188.0,111.350883,-19.56,55.0,63.0,56.0,76.915793,-8.6815815,2,0.0,Low
0.0,0.0,5.0,0.0,0.0,0.0,3.0,0.0,0.0,0.0,0.0,0.0,0.0,0.0,0.0,0.0,8.0,0.0,0.0,0.0,0.0,5.0,0.0,0.0,0.0,0.0,0.0,0.0,21.0,13.0,55.508422,37.0,13.0,-1.5172000000000008,0.0,126.0,55.083324,828.46,1054.0,2309.3641800000005,0.0,706.3491,0.0,0.0,97.801542,2694.529,0.0,178.634805,0.0,181.0,118.056425,-15.46,37.0,55.0,51.0,84.876898,-8.730917,1,3.0,Medium
0.0,0.0,0.0,5.0,0.0,0.0,5.0,0.0,0.0,0.0,2.0,0.0,0.0,0.0,0.0,0.0,10.0,0.0,0.0,0.0,0.0,0.0,0.0,0.0,0.0,0.0,0.0,0.0,22.0,10.0,72.85240099999999,46.0,10.0,-10.919300000000002,0.0,139.0,62.95362,779.76,1126.0,2354.109329,0.0,731.0999999999999,0.0,0.0,94.324145,2791.505,0.0,177.14,0.0,195.0,122.177639,-17.86,46.0,56.0,80.0,95.374563,-8.707677,1,4.0,Medium
5.0,0.0,0.0,0.0,0.0,0.0,0.0,0.0,0.0,0.0,0.0,0.0,0.0,0.0,0.0,5.0,6.0,5.0,0.0,0.0,0.0,0.0,0.0,0.0,0.0,0.0,0.0,0.0,21.0,10.0,52.76142,47.0,5.0,2.399799999999999,0.0,118.0,51.254862,874.6300000000001,1018.0,2183.514843,0.0,662.8035,0.0,0.0,86.49503000000001,2621.175,0.0,172.990895,-1.0,175.0,110.103844,-15.54,47.0,57.0,56.0,87.62382600000001,-8.541409,1,3.0,Medium
0.0,2.0,0.0,0.0,0.0,0.0,0.0,0.0,0.0,18.0,0.0,0.0,0.0,0.0,0.0,2.0,2.0,0.0,0.0,0.0,0.0,0.0,0.0,0.0,0.0,0.0,0.0,0.0,24.0,24.0,50.60052,66.0,22.0,-20.9002,18.0,210.0,102.15898200000002,1006.26,1720.0,4366.029714,0.0,1120.5818,18.0,18.0,95.124122,4338.328,0.0,250.803256,18.0,300.0,186.035666,-19.980000000000004,66.0,90.0,86.0,128.335262,-8.873095,1,4.0,Medium
0.0,0.0,0.0,0.0,0.0,0.0,0.0,5.0,0.0,0.0,0.0,0.0,0.0,0.0,0.0,4.0,9.0,3.0,0.0,0.0,0.0,0.0,0.0,0.0,0.0,0.0,0.0,0.0,21.0,9.0,68.331173,46.0,5.0,-9.2894,0.0,110.0,47.17312,779.89,924.0,1958.63656,0.0,584.4827,0.0,0.0,82.72410400000001,2307.6310000000003,0.0,144.05,-4.0,161.0,97.459317,-16.95,46.0,51.0,53.0,70.119398,-8.527134,2,0.0,Low
4.0,0.0,0.0,0.0,0.0,0.0,5.0,0.0,0.0,0.0,0.0,0.0,0.0,0.0,0.0,4.0,9.0,0.0,0.0,0.0,0.0,0.0,0.0,0.0,0.0,0.0,0.0,0.0,22.0,13.0,59.432611,48.0,9.0,-12.028200000000002,0.0,120.0,53.458881,916.75,1050.0,2180.090853,0.0,671.7141,0.0,0.0,90.706557,2687.8190000000004,0.0,175.084716,0.0,181.0,112.074291,-16.74,48.0,61.0,63.0,90.634335,-8.611634,1,4.0,Medium
0.0,0.0,0.0,0.0,0.0,0.0,0.0,2.0,0.0,0.0,0.0,0.0,0.0,0.0,0.0,4.0,11.0,4.0,0.0,0.0,0.0,0.0,0.0,0.0,0.0,0.0,0.0,0.0,21.0,6.0,68.468657,46.0,2.0,-6.119300000000002,0.0,103.0,43.148848,794.23,864.0,1835.359105,0.0,539.0706,0.0,0.0,77.340772,2159.357,0.0,134.17000000000002,-9.0,151.0,89.760648,-16.830000000000002,46.0,48.0,47.0,63.20939200000001,-8.412411,2,0.0,Low
0.0,0.0,0.0,0.0,0.0,0.0,6.0,0.0,0.0,0.0,4.0,0.0,0.0,0.0,0.0,0.0,8.0,0.0,0.0,4.0,0.0,0.0,0.0,0.0,0.0,0.0,0.0,0.0,22.0,6.0,72.779436,48.0,6.0,-1.7150000000000007,0.0,134.0,59.025598,752.8000000000001,1084.0,2233.277748,0.0,704.8022,0.0,0.0,91.411634,2691.2919999999995,0.0,170.22,-2.0,188.0,117.309822,-17.78,48.0,54.0,72.0,91.578378,-8.58504,1,3.0,Medium
0.0,5.0,0.0,0.0,0.0,0.0,0.0,0.0,0.0,0.0,0.0,0.0,0.0,0.0,0.0,6.0,5.0,0.0,0.0,0.0,0.0,0.0,5.0,0.0,0.0,0.0,0.0,0.0,21.0,16.0,54.961614,43.0,10.0,8.521999999999998,0.0,141.0,62.979420000000005,895.03,1162.0,2532.78017,0.0,782.7017999999999,0.0,0.0,95.32355,2955.8830000000003,0.0,196.950895,0.0,199.0,128.30449600000003,-15.579999999999998,43.0,58.0,73.0,103.027691,-8.708774,1,3.0,Medium
0.0,0.0,0.0,0.0,0.0,0.0,3.0,0.0,0.0,0.0,0.0,0.0,0.0,0.0,0.0,4.0,12.0,2.0,0.0,0.0,0.0,0.0,0.0,0.0,0.0,0.0,0.0,0.0,21.0,7.0,68.86669599999999,46.0,3.0,-9.8079,0.0,103.0,43.850215000000006,812.5000000000001,870.0,1819.676804,0.0,539.4483,0.0,0.0,76.398983,2174.372,0.0,135.13,-9.0,152.0,89.82956300000001,-16.869999999999997,46.0,49.0,50.0,65.240741,-8.444996,2,0.0,Low
3.0,0.0,0.0,0.0,0.0,0.0,0.0,0.0,0.0,0.0,0.0,0.0,0.0,0.0,0.0,5.0,8.0,0.0,0.0,0.0,0.0,0.0,6.0,0.0,0.0,0.0,0.0,0.0,22.0,8.0,64.896639,49.0,3.0,11.1092,0.0,144.0,62.962942,873.31,1156.0,2517.977302,0.0,762.7283,0.0,0.0,95.82478,2908.875,0.0,190.288537,-5.0,199.0,126.160722,-16.83,49.0,55.0,74.0,97.945287,-8.56627,1,1.0,Medium
4.0,0.0,0.0,0.0,0.0,0.0,0.0,0.0,0.0,0.0,0.0,0.0,0.0,0.0,4.0,4.0,10.0,0.0,0.0,0.0,0.0,0.0,0.0,0.0,0.0,0.0,0.0,0.0,22.0,16.0,59.636194,48.0,8.0,-11.069400000000002,0.0,106.0,45.34056,1000.5,960.0,2090.850578,0.0,604.5976,0.0,0.0,85.744776,2470.378,0.0,160.124716,-6.0,166.0,100.416444,-16.700000000000003,48.0,60.0,46.0,74.128592,-8.573393,2,0.0,Low
5.0,0.0,0.0,0.0,0.0,0.0,0.0,0.0,0.0,3.0,0.0,0.0,0.0,0.0,0.0,3.0,11.0,0.0,0.0,0.0,0.0,0.0,0.0,0.0,0.0,0.0,0.0,0.0,22.0,11.0,51.668804,50.0,8.0,-15.6513,3.0,111.0,48.824853,970.63,1004.0,2220.280643,0.0,626.168,3.0,3.0,86.140591,2605.948,0.0,165.269378,-3.0,174.0,105.137408,-16.490000000000002,50.0,63.0,47.0,79.221811,-8.620955,1,3.0,Medium
0.0,0.0,0.0,0.0,0.0,0.0,0.0,4.0,0.0,0.0,0.0,0.0,0.0,0.0,0.0,8.0,4.0,6.0,0.0,0.0,0.0,0.0,0.0,0.0,0.0,0.0,0.0,0.0,22.0,12.0,72.62588600000001,52.0,4.0,3.348399999999998,0.0,136.0,59.389432,813.52,1108.0,2409.838394,0.0,723.1072,0.0,0.0,88.651388,2755.3280000000004,0.0,174.14,0.0,192.0,119.414276,-17.86,52.0,56.0,68.0,88.96838600000001,-8.573081,1,4.0,Medium
0.0,5.0,0.0,0.0,0.0,0.0,0.0,0.0,0.0,3.0,0.0,0.0,0.0,0.0,0.0,4.0,11.0,0.0,0.0,0.0,0.0,0.0,0.0,0.0,0.0,0.0,0.0,0.0,23.0,17.0,55.062853,48.0,13.0,-17.6883,3.0,117.0,51.995328,1031.16,1056.0,2337.752023,0.0,669.2803,3.0,3.0,89.868471,2731.1710000000003,0.0,173.439378,-3.0,183.0,110.981194,-17.32,48.0,66.0,50.0,83.311077,-8.652968,1,2.0,Medium
0.0,5.0,0.0,0.0,0.0,0.0,0.0,0.0,0.0,0.0,0.0,0.0,0.0,0.0,0.0,5.0,7.0,0.0,0.0,0.0,0.0,0.0,5.0,0.0,0.0,0.0,0.0,0.0,22.0,15.0,57.977175,44.0,10.0,6.2685999999999975,0.0,141.0,62.573059,928.76,1166.0,2527.135596,0.0,780.251,0.0,0.0,98.01567,2967.85,0.0,197.200895,-2.0,200.0,128.121373,-16.33,44.0,59.0,72.0,101.981477,-8.68996,1,3.0,Medium
3.0,0.0,0.0,0.0,0.0,0.0,0.0,0.0,0.0,3.0,0.0,0.0,0.0,0.0,0.0,5.0,10.0,0.0,0.0,0.0,0.0,0.0,0.0,0.0,0.0,0.0,0.0,0.0,21.0,11.0,55.25209699999999,50.0,6.0,-13.9164,3.0,108.0,47.352137,915.68,960.0,2149.4775520000003,0.0,595.1294,3.0,3.0,79.19825499999999,2461.923,0.0,153.06702,-4.0,167.0,99.567178,-16.28,50.0,59.0,46.0,72.722411,-8.618404,2,0.0,Low
5.0,0.0,0.0,0.0,0.0,0.0,5.0,0.0,0.0,0.0,0.0,0.0,0.0,0.0,0.0,4.0,9.0,0.0,0.0,0.0,0.0,0.0,0.0,0.0,0.0,0.0,0.0,0.0,23.0,14.0,59.432611,50.0,10.0,-12.2588,0.0,126.0,56.259358,970.69,1110.0,2305.007077,0.0,712.4902,0.0,0.0,96.300605,2854.447,0.0,187.250895,1.0,191.0,118.94396,-17.28,50.0,65.0,66.0,97.21253800000002,-8.621757,1,3.0,Medium
0.0,0.0,0.0,0.0,0.0,0.0,0.0,0.0,0.0,6.0,0.0,0.0,0.0,0.0,0.0,6.0,6.0,0.0,0.0,0.0,0.0,0.0,3.0,0.0,0.0,0.0,0.0,0.0,21.0,12.0,63.204705,54.0,6.0,-1.7870999999999988,6.0,150.0,68.280489,838.68,1206.0,2851.066851,0.0,778.548,6.0,6.0,82.34232,3003.654,0.0,181.146966,0.0,210.0,128.872326,-17.31,54.0,60.0,69.0,91.113246,-8.787157,1,4.0,Medium
4.0,0.0,0.0,0.0,3.0,0.0,0.0,0.0,0.0,0.0,0.0,0.0,0.0,0.0,0.0,0.0,7.0,8.0,0.0,0.0,0.0,0.0,0.0,0.0,0.0,0.0,0.0,0.0,22.0,7.0,60.683982,44.0,7.0,9.2023,0.0,145.0,63.62113,799.2900000000001,1164.0,2549.798992,0.0,780.6044999999999,0.0,0.0,94.568222,2944.468,0.0,194.324716,0.0,200.0,130.622297,-16.5,44.0,55.0,69.0,97.064624,-8.606535,1,3.0,Medium
0.0,0.0,5.0,0.0,0.0,0.0,0.0,0.0,0.0,0.0,3.0,0.0,0.0,0.0,0.0,5.0,8.0,0.0,0.0,0.0,0.0,0.0,0.0,0.0,0.0,0.0,0.0,0.0,21.0,15.0,51.710304,45.0,10.0,-7.212800000000001,0.0,110.0,48.253366,943.98,988.0,2044.93198,0.0,636.0920000000001,0.0,0.0,97.026655,2550.02,0.0,167.43480499999998,-3.0,170.0,104.466988,-15.66,45.0,60.0,58.0,89.324275,-8.600777,1,3.0,Medium
0.0,0.0,0.0,4.0,0.0,0.0,0.0,0.0,0.0,0.0,0.0,0.0,0.0,0.0,0.0,4.0,10.0,4.0,0.0,0.0,0.0,0.0,0.0,0.0,0.0,0.0,0.0,0.0,22.0,8.0,73.05287,48.0,4.0,-2.640200000000001,0.0,126.0,54.65028,815.58,1024.0,2232.95091,0.0,656.938,0.0,0.0,85.17292,2545.014,0.0,160.3,-6.0,178.0,109.53748,-17.7,48.0,52.0,62.0,78.34120800000001,-8.582691,2,0.0,Low
0.0,0.0,0.0,0.0,0.0,0.0,0.0,0.0,0.0,8.0,0.0,0.0,0.0,0.0,0.0,4.0,8.0,0.0,0.0,0.0,0.0,0.0,0.0,0.0,0.0,0.0,3.0,0.0,23.0,24.0,62.999576,76.0,8.0,-22.2966,11.0,164.0,77.202087,1203.96,1420.0,3619.541016,0.0,866.7894000000001,11.0,11.0,84.433042,3567.928,0.0,207.077433,0.0,248.0,145.15476999999998,-19.69,76.0,84.0,70.0,97.751645,-8.747963,1,3.0,Medium
5.0,0.0,0.0,0.0,0.0,0.0,0.0,0.0,0.0,0.0,0.0,0.0,0.0,0.0,0.0,6.0,5.0,0.0,0.0,5.0,0.0,0.0,0.0,0.0,0.0,0.0,0.0,0.0,21.0,11.0,54.625444,48.0,5.0,1.617,0.0,116.0,49.739495000000005,881.03,1012.0,2233.36562,0.0,657.2633000000001,0.0,0.0,85.211445,2610.128,0.0,171.950895,0.0,174.0,110.16807100000004,-15.579999999999998,48.0,58.0,48.0,81.423871,-8.54211,1,4.0,Medium
3.0,0.0,0.0,0.0,0.0,0.0,5.0,0.0,0.0,0.0,0.0,0.0,0.0,0.0,0.0,6.0,8.0,0.0,0.0,0.0,0.0,0.0,0.0,0.0,0.0,0.0,0.0,0.0,22.0,14.0,63.015904000000006,50.0,8.0,-10.5239,0.0,123.0,54.786642,915.74,1066.0,2234.203986,0.0,681.4516000000001,0.0,0.0,89.358269,2710.422,0.0,175.048537,0.0,184.0,113.37373,-17.07,50.0,61.0,65.0,90.713138,-8.631883,1,4.0,Medium
0.0,0.0,0.0,0.0,5.0,0.0,3.0,0.0,0.0,0.0,0.0,0.0,0.0,0.0,0.0,4.0,10.0,0.0,0.0,0.0,0.0,0.0,0.0,0.0,0.0,0.0,0.0,0.0,22.0,12.0,75.416473,48.0,8.0,-7.427100000000001,0.0,141.0,62.328613,833.3399999999999,1138.0,2521.721481,0.0,737.0518,0.0,0.0,89.597837,2819.511,0.0,179.14,-2.0,197.0,124.300392,-17.86,48.0,56.0,70.0,85.217109,-8.719405,1,3.0,Medium
0.0,5.0,0.0,0.0,0.0,0.0,5.0,0.0,0.0,0.0,0.0,0.0,0.0,0.0,0.0,1.0,10.0,0.0,0.0,0.0,0.0,0.0,0.0,0.0,0.0,0.0,0.0,0.0,21.0,16.0,52.455269,38.0,15.0,-15.7655,0.0,111.0,50.068185,885.23,982.0,2008.5063400000004,0.0,639.3713,0.0,0.0,88.326965,2530.153,0.0,166.950895,0.0,169.0,105.848576,-15.58,38.0,58.0,58.0,86.466266,-8.619486,1,3.0,Medium
0.0,0.0,5.0,0.0,0.0,0.0,0.0,0.0,0.0,4.0,0.0,0.0,0.0,0.0,0.0,0.0,8.0,4.0,0.0,0.0,0.0,0.0,0.0,0.0,0.0,0.0,0.0,0.0,21.0,14.0,47.200052,41.0,14.0,-6.252700000000002,4.0,131.0,59.68181499999999,869.82,1106.0,2475.8462630000004,0.0,730.1977999999999,4.0,4.0,94.528105,2836.619,0.0,180.739449,1.0,191.0,120.427931,-15.66,41.0,60.0,60.0,93.228224,-8.71689,1,3.0,Medium
0.0,5.0,0.0,0.0,0.0,0.0,0.0,0.0,0.0,3.0,0.0,0.0,0.0,0.0,0.0,4.0,9.0,0.0,0.0,0.0,0.0,0.0,0.0,0.0,0.0,0.0,0.0,0.0,21.0,17.0,48.653243,44.0,13.0,-15.5329,3.0,111.0,49.784984,950.9,1000.0,2225.925217,0.0,638.8723,3.0,3.0,83.448471,2589.0610000000006,0.0,165.01937800000002,-1.0,173.0,105.779286,-15.740000000000002,44.0,62.0,48.0,80.268025,-8.660298,1,2.0,Medium
0.0,3.0,0.0,0.0,0.0,0.0,0.0,0.0,0.0,0.0,0.0,0.0,0.0,0.0,0.0,6.0,2.0,0.0,0.0,0.0,0.0,0.0,10.0,0.0,0.0,0.0,0.0,0.0,21.0,12.0,63.920494000000005,45.0,6.0,29.6808,0.0,180.0,81.03861699999999,792.66,1368.0,3039.011268,0.0,946.8312,0.0,0.0,103.441484,3402.96,0.0,226.038537,1.0,234.0,154.761234,-16.08,45.0,54.0,99.0,123.300157,-8.532664,1,3.0,Medium
0.0,0.0,0.0,0.0,4.0,0.0,0.0,0.0,0.0,0.0,0.0,0.0,0.0,0.0,0.0,4.0,10.0,3.0,0.0,0.0,0.0,0.0,0.0,0.0,0.0,0.0,0.0,0.0,21.0,8.0,71.229113,46.0,4.0,-1.4380000000000015,0.0,126.0,54.20442,789.28,1014.0,2265.325429,0.0,653.0169999999999,0.0,0.0,81.681962,2515.032,0.0,159.09,-6.0,176.0,109.854504,-16.91,46.0,50.0,58.0,73.132599,-8.59266,2,0.0,Low
0.0,0.0,0.0,0.0,0.0,0.0,6.0,0.0,0.0,0.0,0.0,0.0,0.0,0.0,0.0,5.0,10.0,1.0,0.0,0.0,0.0,0.0,0.0,0.0,0.0,0.0,0.0,0.0,22.0,11.0,72.746568,49.0,6.0,-10.539400000000002,0.0,122.0,53.855155,844.69,1018.0,2122.4939830000003,0.0,645.4212,0.0,0.0,84.299092,2536.951,0.0,159.18,-4.0,177.0,107.155905,-17.82,49.0,55.0,65.0,81.817925,-8.6094,2,0.0,Low
0.0,0.0,0.0,0.0,0.0,0.0,0.0,0.0,0.0,5.0,0.0,0.0,0.0,0.0,0.0,0.0,5.0,0.0,0.0,0.0,0.0,0.0,0.0,0.0,6.0,0.0,5.0,0.0,21.0,25.0,56.250883,77.0,5.0,7.145499999999998,10.0,215.0,103.467344,1186.7,1720.0,4162.540431,0.0,1102.2595,10.0,10.0,135.551369,4260.307000000001,0.0,259.45438,0.0,297.0,180.337128,-18.19,77.0,82.0,127.0,154.50436100000002,-8.665471,1,4.0,Medium
0.0,0.0,5.0,0.0,0.0,0.0,0.0,0.0,0.0,0.0,2.0,0.0,0.0,0.0,0.0,4.0,10.0,0.0,0.0,0.0,0.0,0.0,0.0,0.0,0.0,0.0,0.0,0.0,21.0,14.0,51.691992,43.0,10.0,-10.2183,0.0,103.0,44.756235,942.18,934.0,1929.868559,0.0,595.9922000000001,0.0,0.0,94.409305,2417.817,0.0,158.514805,-5.0,161.0,98.153343,-15.58,43.0,58.0,52.0,81.98566199999999,-8.590693,1,1.0,Medium
0.0,0.0,0.0,0.0,0.0,0.0,6.0,0.0,0.0,0.0,3.0,0.0,0.0,0.0,0.0,0.0,10.0,2.0,0.0,0.0,0.0,0.0,0.0,0.0,0.0,0.0,0.0,0.0,21.0,6.0,68.190411,45.0,6.0,-6.8673,0.0,121.0,53.551524,744.93,990.0,1990.612905,0.0,634.7552,0.0,0.0,85.71318000000001,2460.944,0.0,155.05,-4.0,172.0,105.26724000000002,-16.95,45.0,51.0,69.0,85.28025699999999,-8.596153,1,1.0,Medium
0.0,0.0,0.0,0.0,5.0,0.0,0.0,0.0,0.0,0.0,0.0,0.0,0.0,0.0,0.0,4.0,10.0,0.0,2.0,0.0,0.0,0.0,0.0,0.0,0.0,0.0,0.0,0.0,21.0,9.0,71.339577,46.0,5.0,-3.3166000000000007,0.0,128.0,55.424358,793.72,1032.0,2291.5081410000003,0.0,664.9767,0.0,0.0,85.03032999999999,2559.1090000000004,0.0,162.05,-5.0,179.0,111.956797,-16.95,46.0,51.0,60.0,75.35206600000001,-8.626539,2,0.0,Low
4.0,0.0,0.0,0.0,0.0,0.0,0.0,0.0,0.0,0.0,0.0,0.0,0.0,0.0,0.0,6.0,4.0,0.0,0.0,0.0,0.0,0.0,8.0,0.0,0.0,0.0,0.0,0.0,22.0,10.0,62.900786,50.0,4.0,21.9316,0.0,168.0,74.83830599999999,865.86,1320.0,2906.232796,0.0,893.7052000000001,0.0,0.0,103.88112,3318.038,0.0,220.204716,0.0,226.0,147.284582,-16.62,50.0,58.0,90.0,117.724032,-8.54571,1,2.0,Medium
0.0,0.0,0.0,0.0,5.0,0.0,0.0,0.0,0.0,0.0,3.0,0.0,0.0,0.0,0.0,4.0,9.0,0.0,0.0,0.0,0.0,0.0,0.0,0.0,0.0,0.0,0.0,0.0,21.0,9.0,71.105385,49.0,5.0,-3.014,0.0,132.0,57.389588,807.5799999999999,1074.0,2369.6727330000003,0.0,690.5917,0.0,0.0,87.59894,2664.222,0.0,168.93,-4.0,186.0,116.302861,-17.07,49.0,54.0,66.0,82.010345,-8.634288,2,0.0,Low
0.0,0.0,3.0,0.0,0.0,0.0,0.0,0.0,0.0,0.0,0.0,0.0,0.0,0.0,0.0,5.0,9.0,5.0,0.0,0.0,0.0,0.0,0.0,0.0,0.0,0.0,0.0,0.0,22.0,11.0,62.375835,46.0,6.0,-0.482800000000001,0.0,118.0,50.801686,895.54,1000.0,2135.8807210000004,0.0,646.8664,0.0,0.0,90.222097,2540.213,0.0,164.026883,-6.0,173.0,106.563942,-16.83,46.0,55.0,56.0,81.99451300000001,-8.570587,2,0.0,Low
0.0,0.0,0.0,0.0,0.0,0.0,0.0,0.0,0.0,0.0,0.0,0.0,0.0,0.0,0.0,0.0,3.0,0.0,0.0,0.0,0.0,0.0,6.0,6.0,6.0,0.0,0.0,0.0,21.0,0.0,71.277363,42.0,0.0,62.1105,0.0,237.0,108.75468,593.7900000000001,1632.0,3313.485375,0.0,1164.8580000000002,0.0,0.0,161.489508,3950.997,0.0,262.41,-3.0,279.0,186.179586,-16.590000000000003,42.0,42.0,159.0,176.841414,-8.384078,1,3.0,Medium
0.0,0.0,5.0,0.0,0.0,0.0,0.0,0.0,5.0,0.0,4.0,0.0,0.0,0.0,0.0,0.0,7.0,0.0,0.0,0.0,0.0,0.0,0.0,0.0,0.0,0.0,0.0,0.0,21.0,20.0,51.582297,36.0,20.0,-9.8065,0.0,129.0,59.552814,874.4300000000001,1108.0,2218.4003340000004,0.0,744.835,0.0,0.0,105.01557,2828.74,0.0,187.394805,3.0,190.0,121.177061,-15.7,36.0,61.0,77.0,107.919543,-8.718592,1,3.0,Medium
0.0,0.0,0.0,0.0,0.0,0.0,6.0,0.0,0.0,0.0,4.0,0.0,0.0,0.0,0.0,0.0,8.0,4.0,0.0,0.0,0.0,0.0,0.0,0.0,0.0,0.0,0.0,0.0,22.0,6.0,71.439612,48.0,6.0,-0.148200000000001,0.0,138.0,61.447118,752.8000000000001,1108.0,2242.643508,0.0,723.3581999999999,0.0,0.0,92.85280600000002,2747.4,0.0,174.22,-2.0,192.0,119.485702,-17.78,48.0,54.0,80.0,98.592534,-8.580446,1,3.0,Medium
0.0,0.0,0.0,0.0,4.0,0.0,0.0,0.0,0.0,0.0,0.0,0.0,0.0,0.0,5.0,9.0,0.0,3.0,0.0,0.0,0.0,0.0,0.0,0.0,0.0,0.0,0.0,0.0,21.0,23.0,73.66624300000001,51.0,9.0,10.1265,0.0,161.0,72.011365,867.2799999999999,1284.0,2996.255964,0.0,862.7935,0.0,0.0,88.66769200000002,3171.1270000000004,0.0,203.69,4.0,221.0,142.505249,-17.31,51.0,60.0,78.0,98.667989,-8.7498255,1,3.0,Medium
4.0,0.0,0.0,0.0,0.0,0.0,0.0,0.0,0.0,0.0,0.0,0.0,0.0,0.0,0.0,6.0,4.0,7.0,0.0,0.0,0.0,0.0,0.0,0.0,0.0,0.0,0.0,0.0,21.0,10.0,56.370797,48.0,4.0,8.6954,0.0,128.0,55.875914,839.5600000000001,1070.0,2318.681755,0.0,705.8402000000001,0.0,0.0,86.459018,2726.976,0.0,178.99471599999998,0.0,184.0,116.707146,-15.830000000000002,48.0,56.0,62.0,92.154767,-8.54991,1,4.0,Medium
0.0,0.0,0.0,0.0,5.0,0.0,0.0,0.0,0.0,0.0,5.0,0.0,0.0,0.0,0.0,0.0,5.0,0.0,0.0,0.0,0.0,0.0,6.0,0.0,0.0,0.0,0.0,0.0,21.0,5.0,73.065669,47.0,5.0,22.3416,0.0,182.0,81.32023,689.8,1362.0,3003.535801,0.0,928.1125,0.0,0.0,105.189596,3337.606,0.0,217.01,0.0,234.0,154.438893,-16.990000000000002,47.0,52.0,102.0,117.744115,-8.5023,1,3.0,Medium
0.0,0.0,0.0,0.0,0.0,0.0,6.0,0.0,0.0,0.0,0.0,0.0,0.0,0.0,0.0,4.0,9.0,4.0,0.0,0.0,0.0,0.0,0.0,0.0,0.0,0.0,0.0,0.0,23.0,10.0,76.085121,50.0,6.0,-3.8423000000000007,0.0,137.0,60.65603,836.9300000000001,1112.0,2330.7670430000003,0.0,719.4014,0.0,0.0,89.736446,2762.347,0.0,174.42999999999998,-3.0,193.0,119.104692,-18.57,50.0,56.0,73.0,91.301528,-8.608811,1,3.0,Medium
0.0,0.0,4.0,0.0,0.0,0.0,0.0,0.0,0.0,0.0,3.0,0.0,0.0,0.0,0.0,0.0,10.0,4.0,0.0,0.0,0.0,0.0,0.0,0.0,0.0,0.0,0.0,0.0,21.0,8.0,54.399545,41.0,8.0,-1.967500000000002,0.0,111.0,47.99929,840.0500000000001,950.0,1941.8767470000005,0.0,617.4862,0.0,0.0,93.951798,2430.536,0.0,158.765844,-6.0,164.0,101.65491,-15.71,41.0,53.0,57.0,84.481149,-8.598318,1,1.0,Medium
0.0,0.0,0.0,0.0,0.0,0.0,6.0,0.0,0.0,0.0,0.0,0.0,0.0,0.0,0.0,5.0,6.0,0.0,0.0,0.0,0.0,0.0,5.0,0.0,0.0,0.0,0.0,0.0,22.0,11.0,75.188174,49.0,6.0,8.476099999999997,0.0,162.0,73.12405799999999,789.3700000000001,1258.0,2695.424845,0.0,839.3192,0.0,0.0,96.270044,3102.063,0.0,199.18,0.0,217.0,138.289605,-17.82,49.0,55.0,92.0,108.693806,-8.620804,1,4.0,Medium
0.0,0.0,0.0,0.0,0.0,0.0,10.0,0.0,0.0,0.0,0.0,0.0,0.0,0.0,0.0,2.0,10.0,2.0,0.0,0.0,0.0,0.0,0.0,0.0,0.0,0.0,0.0,0.0,24.0,12.0,79.48742599999999,50.0,10.0,-10.3664,0.0,148.0,66.987508,854.36,1200.0,2463.154972,0.0,779.7966,0.0,0.0,96.863606,2977.7120000000004,0.0,188.56,0.0,208.0,129.36326,-19.44,50.0,60.0,84.0,101.998172,-8.6969385,1,4.0,Medium
0.0,0.0,0.0,0.0,0.0,0.0,5.0,0.0,0.0,0.0,0.0,0.0,0.0,0.0,0.0,4.0,10.0,0.0,3.0,0.0,0.0,0.0,0.0,0.0,0.0,0.0,0.0,0.0,22.0,9.0,71.833925,48.0,5.0,-7.636400000000002,0.0,120.0,52.665007,820.02,994.0,2027.607179,0.0,632.0057,0.0,0.0,86.765065,2476.875,0.0,155.26,-5.0,173.0,104.363391,-17.74,48.0,53.0,64.0,81.88913699999999,-8.581074,2,0.0,Low
5.0,0.0,0.0,0.0,0.0,0.0,0.0,0.0,0.0,0.0,0.0,0.0,0.0,0.0,0.0,5.0,6.0,0.0,0.0,0.0,0.0,0.0,0.0,0.0,6.0,0.0,0.0,0.0,22.0,10.0,54.100483,49.0,5.0,20.6898,0.0,168.0,76.322666,900.93,1328.0,2671.583484,0.0,897.3985,0.0,0.0,144.73711400000002,3352.507,0.0,224.200895,-1.0,227.0,145.153992,-16.33,49.0,59.0,108.0,142.120977,-8.627651,1,2.0,Medium
0.0,0.0,0.0,0.0,0.0,0.0,0.0,3.0,0.0,0.0,4.0,0.0,0.0,0.0,0.0,0.0,8.0,0.0,0.0,0.0,0.0,0.0,7.0,0.0,0.0,0.0,0.0,0.0,22.0,3.0,73.36113999999999,48.0,3.0,14.221799999999998,0.0,157.0,69.022701,739.48,1204.0,2540.631411,0.0,802.2821,0.0,0.0,103.356732,2965.844,0.0,190.34,-5.0,208.0,132.330637,-17.66,48.0,51.0,89.0,105.517157,-8.531145,1,1.0,Medium
0.0,0.0,0.0,0.0,4.0,0.0,0.0,0.0,0.0,0.0,0.0,0.0,0.0,0.0,0.0,4.0,10.0,4.0,0.0,0.0,0.0,0.0,0.0,0.0,0.0,0.0,0.0,0.0,22.0,8.0,74.541582,48.0,4.0,0.4677999999999986,0.0,134.0,57.712004,815.58,1072.0,2392.54471,0.0,693.6979999999999,0.0,0.0,85.80704,2657.23,0.0,168.3,-6.0,186.0,116.499428,-17.7,48.0,52.0,62.0,78.164064,-8.596362,2,0.0,Low
0.0,0.0,0.0,0.0,0.0,0.0,8.0,0.0,0.0,0.0,0.0,0.0,0.0,0.0,0.0,4.0,2.0,0.0,0.0,0.0,0.0,0.0,8.0,0.0,0.0,0.0,0.0,0.0,22.0,12.0,76.92415,48.0,8.0,21.9358,0.0,198.0,91.142412,722.6999999999999,1480.0,3191.5100300000004,0.0,1019.0168,0.0,0.0,106.87532000000002,3627.114000000001,0.0,236.14,6.0,254.0,167.268984,-17.86,48.0,56.0,118.0,135.022796,-8.570001,0,5.0,High
0.0,0.0,3.0,0.0,0.0,0.0,2.0,0.0,0.0,0.0,0.0,0.0,0.0,0.0,0.0,5.0,11.0,0.0,0.0,0.0,0.0,0.0,0.0,0.0,0.0,0.0,0.0,0.0,21.0,13.0,59.02836799999999,44.0,8.0,-12.8866,0.0,102.0,44.211552,905.78,906.0,1894.5390460000003,0.0,570.0048,0.0,0.0,85.828245,2315.829,0.0,148.736883,-6.0,157.0,94.399992,-16.12,44.0,55.0,50.0,73.58853,-8.575477,2,0.0,Low
0.0,5.0,0.0,0.0,0.0,0.0,0.0,0.0,0.0,0.0,0.0,0.0,0.0,0.0,0.0,4.0,5.0,0.0,0.0,0.0,0.0,0.0,8.0,0.0,0.0,0.0,0.0,0.0,22.0,14.0,59.317493,43.0,10.0,18.2923,0.0,165.0,74.064315,880.87,1304.0,2852.1196630000004,0.0,894.2212,0.0,0.0,105.229408,3290.5150000000003,0.0,220.240895,0.0,223.0,146.443898,-16.29,43.0,58.0,88.0,117.645229,-8.671059,1,2.0,Medium
3.0,0.0,0.0,0.0,0.0,0.0,0.0,0.0,0.0,0.0,0.0,0.0,0.0,0.0,0.0,5.0,9.0,4.0,0.0,0.0,0.0,0.0,0.0,0.0,0.0,0.0,0.0,0.0,21.0,8.0,59.063366,47.0,3.0,-2.2779000000000016,0.0,107.0,45.46184,860.8400000000001,924.0,1974.203323,0.0,586.1822999999999,0.0,0.0,80.811856,2358.886,0.0,152.07853699999998,-6.0,160.0,97.522444,-16.04,47.0,53.0,49.0,74.000533,-8.487562,2,0.0,Low
0.0,0.0,0.0,0.0,6.0,0.0,0.0,0.0,0.0,0.0,0.0,0.0,0.0,0.0,0.0,6.0,4.0,0.0,0.0,0.0,0.0,0.0,6.0,0.0,0.0,0.0,0.0,0.0,22.0,12.0,78.972658,50.0,6.0,21.0542,0.0,192.0,86.00222,781.94,1444.0,3319.0184520000003,0.0,983.691,0.0,0.0,103.373328,3540.888000000001,0.0,230.14,2.0,248.0,164.088032,-17.86,50.0,56.0,100.0,115.91266,-8.568699,1,4.0,Medium
0.0,0.0,4.0,0.0,0.0,0.0,0.0,0.0,0.0,3.0,0.0,0.0,0.0,0.0,4.0,11.0,0.0,0.0,0.0,0.0,0.0,0.0,0.0,0.0,0.0,0.0,0.0,0.0,22.0,30.0,57.580289,54.0,15.0,-2.6916,3.0,152.0,69.864252,1056.02,1308.0,3028.198314,0.0,865.7071000000001,3.0,3.0,98.463531,3323.7750000000005,0.0,212.484327,7.0,225.0,141.321029,-17.22,54.0,73.0,73.0,108.814426,-8.818508,1,4.0,Medium
3.0,0.0,0.0,0.0,0.0,0.0,3.0,0.0,0.0,0.0,0.0,0.0,0.0,0.0,0.0,12.0,4.0,0.0,0.0,0.0,0.0,0.0,0.0,0.0,0.0,0.0,0.0,0.0,22.0,18.0,63.75571000000001,56.0,6.0,-4.9057,0.0,129.0,57.328742,972.92,1126.0,2432.45073,0.0,721.653,0.0,0.0,89.07401100000001,2862.5640000000003,0.0,184.888537,2.0,194.0,119.421338,-17.229999999999997,56.0,65.0,67.0,95.45434,-8.660106,1,4.0,Medium
0.0,5.0,0.0,0.0,0.0,0.0,0.0,0.0,0.0,0.0,0.0,0.0,0.0,0.0,0.0,4.0,8.0,4.0,0.0,0.0,0.0,0.0,0.0,0.0,0.0,0.0,0.0,0.0,21.0,14.0,52.464512,41.0,10.0,-3.894400000000002,0.0,110.0,47.894687,896.0600000000001,964.0,2050.6509880000003,0.0,629.9252,0.0,0.0,85.062072,2486.024,0.0,164.03089500000002,-3.0,166.0,103.734552,-15.5,41.0,56.0,51.0,81.546147,-8.589557,1,3.0,Medium
0.0,0.0,0.0,0.0,4.0,0.0,0.0,0.0,0.0,0.0,0.0,0.0,0.0,0.0,0.0,3.0,2.0,0.0,0.0,0.0,0.0,0.0,12.0,0.0,0.0,0.0,0.0,0.0,21.0,7.0,76.835125,45.0,4.0,41.2334,0.0,216.0,97.496807,658.4100000000001,1548.0,3536.017994,0.0,1085.4312,0.0,0.0,109.34532,3769.527,0.0,248.13,2.0,265.0,179.364925,-16.87,45.0,49.0,119.0,132.96101,-8.429345,1,4.0,Medium
5.0,3.0,0.0,0.0,0.0,0.0,0.0,0.0,0.0,0.0,0.0,0.0,0.0,0.0,0.0,6.0,8.0,0.0,0.0,0.0,0.0,0.0,0.0,0.0,0.0,0.0,0.0,0.0,22.0,17.0,46.002734,47.0,11.0,-11.159400000000002,0.0,108.0,47.277684,1040.14,1016.0,2151.465296,0.0,651.1457,0.0,0.0,92.799664,2679.37,0.0,180.029432,0.0,174.0,108.350423,-15.62,47.0,66.0,50.0,89.333428,-8.57424,1,3.0,Medium
0.0,0.0,3.0,0.0,3.0,0.0,0.0,0.0,0.0,0.0,0.0,0.0,0.0,0.0,0.0,4.0,11.0,0.0,0.0,0.0,0.0,0.0,0.0,0.0,0.0,0.0,0.0,0.0,21.0,13.0,60.579646,43.0,9.0,-9.843,0.0,114.0,49.479751,889.99,978.0,2135.125769,0.0,626.6347000000001,0.0,0.0,89.010233,2484.177,0.0,160.736883,-5.0,169.0,104.93375,-16.12,43.0,55.0,53.0,75.640384,-8.653575,2,0.0,Low
0.0,0.0,5.0,3.0,0.0,0.0,0.0,0.0,0.0,0.0,0.0,0.0,0.0,0.0,0.0,5.0,8.0,0.0,0.0,0.0,0.0,0.0,0.0,0.0,0.0,0.0,0.0,0.0,21.0,18.0,53.242746,42.0,13.0,-9.3779,0.0,119.0,53.307109,929.61,1042.0,2237.966116,0.0,681.1991,0.0,0.0,97.34406099999998,2676.335,0.0,176.43480499999998,0.0,179.0,112.631512,-15.66,42.0,60.0,61.0,90.429346,-8.686204,1,3.0,Medium
0.0,5.0,0.0,0.0,0.0,0.0,0.0,0.0,0.0,0.0,0.0,0.0,0.0,0.0,0.0,4.0,5.0,8.0,0.0,0.0,0.0,0.0,0.0,0.0,0.0,0.0,0.0,0.0,22.0,14.0,56.099973,43.0,10.0,6.961899999999998,0.0,133.0,58.60950700000001,880.87,1112.0,2391.7879030000004,0.0,747.0372,0.0,0.0,91.932384,2841.651,0.0,188.240895,0.0,191.0,122.511386,-16.29,43.0,58.0,64.0,97.107429,-8.654988,1,3.0,Medium
0.0,0.0,0.0,0.0,5.0,0.0,0.0,0.0,0.0,0.0,0.0,0.0,0.0,0.0,0.0,4.0,10.0,0.0,0.0,0.0,0.0,2.0,0.0,0.0,0.0,0.0,0.0,0.0,21.0,9.0,73.07340300000001,46.0,5.0,-2.539600000000001,0.0,130.0,55.654302,793.72,1044.0,2399.591097,0.0,674.1667,0.0,0.0,83.130686,2587.1630000000005,0.0,164.05,-5.0,181.0,114.559455,-16.95,46.0,51.0,54.0,70.38016,-8.624683,2,0.0,Low
0.0,0.0,3.0,0.0,0.0,0.0,0.0,0.0,0.0,0.0,0.0,0.0,0.0,0.0,0.0,5.0,9.0,0.0,0.0,5.0,0.0,0.0,0.0,0.0,0.0,0.0,0.0,0.0,22.0,11.0,64.050615,46.0,6.0,-2.441300000000001,0.0,113.0,47.77478599999999,895.54,970.0,2124.173521,0.0,623.6714000000001,0.0,0.0,88.420632,2470.0780000000004,0.0,159.026883,-6.0,168.0,103.844092,-16.83,46.0,55.0,46.0,73.22681800000001,-8.567034,2,0.0,Low
0.0,0.0,4.0,0.0,0.0,0.0,0.0,0.0,0.0,0.0,0.0,0.0,0.0,0.0,0.0,4.0,11.0,3.0,0.0,0.0,0.0,0.0,0.0,0.0,0.0,0.0,0.0,0.0,22.0,12.0,58.76645799999999,44.0,8.0,-6.815300000000002,0.0,109.0,46.791388,933.41,954.0,2012.199848,0.0,610.4974000000001,0.0,0.0,92.01983,2447.455,0.0,158.935844,-7.0,165.0,100.759498,-16.540000000000003,44.0,56.0,51.0,78.451077,-8.604941,2,0.0,Low
0.0,0.0,4.0,0.0,0.0,0.0,0.0,0.0,0.0,0.0,0.0,0.0,0.0,0.0,4.0,0.0,9.0,0.0,0.0,4.0,0.0,0.0,0.0,0.0,0.0,0.0,0.0,0.0,21.0,16.0,57.444893,38.0,12.0,-4.474900000000002,0.0,111.0,47.8204,890.6500000000001,956.0,2110.507175,0.0,628.7972,0.0,0.0,89.72928,2443.607,0.0,159.725844,-5.0,165.0,103.874614,-15.75,38.0,54.0,45.0,73.311726,-8.677153,2,0.0,Low
0.0,0.0,0.0,5.0,0.0,0.0,0.0,0.0,0.0,4.0,0.0,0.0,0.0,0.0,0.0,4.0,9.0,0.0,0.0,0.0,0.0,0.0,0.0,0.0,0.0,0.0,0.0,0.0,22.0,13.0,68.454612,52.0,9.0,-13.0721,4.0,141.0,64.044071,860.87,1160.0,2679.574542,0.0,740.3175,4.0,4.0,86.446828,2892.474,0.0,176.244644,0.0,202.0,123.906828,-18.06,52.0,61.0,67.0,86.45619400000001,-8.769955,1,4.0,Medium
0.0,0.0,0.0,0.0,0.0,0.0,6.0,0.0,0.0,0.0,4.0,0.0,0.0,0.0,0.0,7.0,5.0,0.0,0.0,0.0,0.0,0.0,0.0,0.0,0.0,0.0,0.0,0.0,22.0,13.0,72.333664,55.0,6.0,-3.852300000000001,0.0,139.0,62.418201,852.92,1156.0,2388.325835,0.0,745.0338,0.0,0.0,92.817654,2876.444,0.0,181.94,1.0,200.0,122.798361,-18.06,55.0,61.0,82.0,102.526958,-8.658756,1,4.0,Medium
0.0,0.0,0.0,0.0,0.0,0.0,0.0,0.0,0.0,12.0,0.0,0.0,0.0,0.0,0.0,4.0,6.0,0.0,0.0,0.0,0.0,0.0,0.0,0.0,2.0,0.0,0.0,0.0,24.0,16.0,63.70737,64.0,12.0,-8.5516,12.0,192.0,90.56160400000002,959.14,1536.0,3693.03942,0.0,994.5276,12.0,12.0,107.167522,3830.772,0.0,224.833932,6.0,268.0,163.998008,-20.08,64.0,76.0,90.0,121.34256,-8.808531,1,4.0,Medium
0.0,0.0,0.0,5.0,0.0,0.0,0.0,0.0,0.0,0.0,0.0,0.0,0.0,0.0,0.0,4.0,10.0,2.0,0.0,0.0,0.0,0.0,0.0,0.0,0.0,0.0,0.0,0.0,21.0,9.0,69.972619,46.0,5.0,-6.4214,0.0,120.0,52.41046300000001,793.72,984.0,2152.275907,0.0,628.2606999999999,0.0,0.0,82.33803600000002,2446.8930000000005,0.0,154.05,-5.0,171.0,105.099662,-16.95,46.0,51.0,60.0,74.93903399999999,-8.591293,2,0.0,Low
0.0,0.0,0.0,0.0,5.0,0.0,0.0,0.0,0.0,0.0,0.0,0.0,0.0,0.0,4.0,10.0,2.0,0.0,0.0,0.0,0.0,0.0,0.0,0.0,0.0,0.0,0.0,0.0,21.0,23.0,73.946373,52.0,9.0,3.099600000000001,0.0,154.0,68.70141600000001,896.5799999999999,1248.0,2917.016783,0.0,826.3874999999999,0.0,0.0,87.924874,3087.9290000000005,0.0,197.65,3.0,215.0,137.402907,-17.349999999999998,52.0,61.0,74.0,93.261518,-8.766843,1,3.0,Medium
0.0,0.0,3.0,0.0,0.0,0.0,0.0,0.0,0.0,0.0,0.0,0.0,0.0,0.0,0.0,4.0,11.0,3.0,0.0,0.0,0.0,0.0,0.0,0.0,0.0,0.0,0.0,0.0,21.0,10.0,58.76645799999999,43.0,6.0,-6.547800000000002,0.0,102.0,43.380157,876.67,888.0,1875.797585,0.0,563.0536000000001,0.0,0.0,84.664061,2267.784,0.0,145.856883,-8.0,154.0,93.090971,-16.0,43.0,52.0,47.0,70.885369,-8.554419,2,0.0,Low
2.0,0.0,0.0,0.0,2.0,0.0,0.0,0.0,0.0,0.0,0.0,0.0,0.0,0.0,0.0,4.0,13.0,0.0,0.0,0.0,0.0,0.0,0.0,0.0,0.0,0.0,0.0,0.0,21.0,8.0,63.072391,46.0,4.0,-12.4645,0.0,99.0,41.516574,877.1700000000001,868.0,1873.916225,0.0,534.3888000000001,0.0,0.0,78.97721999999999,2206.201,0.0,140.082358,-9.0,151.0,90.27689800000002,-16.33,46.0,52.0,43.0,62.526248,-8.510972,2,0.0,Low
4.0,0.0,0.0,0.0,0.0,0.0,0.0,0.0,0.0,0.0,0.0,0.0,0.0,0.0,0.0,4.0,4.0,0.0,0.0,0.0,0.0,0.0,9.0,0.0,0.0,0.0,0.0,0.0,21.0,8.0,59.827347,46.0,4.0,25.0577,0.0,168.0,75.044331,799.1,1298.0,2856.050787,0.0,887.0666,0.0,0.0,102.212566,3256.058,0.0,217.074716,0.0,222.0,146.151008,-15.75,46.0,54.0,91.0,117.14419,-8.530932,1,2.0,Medium
0.0,5.0,0.0,0.0,0.0,0.0,0.0,0.0,0.0,0.0,0.0,0.0,0.0,0.0,0.0,4.0,10.0,4.0,0.0,0.0,0.0,0.0,0.0,0.0,0.0,0.0,0.0,0.0,23.0,14.0,58.874122,45.0,10.0,-6.049800000000002,0.0,116.0,50.105031,976.32,1020.0,2162.4777940000004,0.0,660.3332,0.0,0.0,91.48207200000002,2628.134,0.0,172.450895,-5.0,176.0,108.93646,-17.08,45.0,60.0,53.0,84.58919900000001,-8.599398,2,0.0,Low
3.0,0.0,0.0,0.0,3.0,0.0,0.0,0.0,0.0,4.0,0.0,0.0,0.0,0.0,0.0,0.0,11.0,0.0,0.0,0.0,0.0,0.0,0.0,0.0,0.0,0.0,0.0,0.0,21.0,10.0,55.315186,46.0,10.0,-14.0411,4.0,127.0,56.934617,855.3499999999999,1072.0,2468.432732,0.0,683.8192,4.0,4.0,84.382498,2725.5080000000003,0.0,170.143181,-1.0,186.0,115.69502,-16.28,46.0,59.0,54.0,79.422421,-8.73034,1,3.0,Medium
4.0,0.0,0.0,0.0,0.0,0.0,6.0,0.0,0.0,0.0,0.0,0.0,0.0,0.0,0.0,2.0,10.0,0.0,0.0,0.0,0.0,0.0,0.0,0.0,0.0,0.0,0.0,0.0,22.0,12.0,59.251952,46.0,10.0,-13.6616,0.0,120.0,53.69936399999999,894.56,1044.0,2142.525458,0.0,669.2682,0.0,0.0,91.366566,2670.836,0.0,174.12471599999998,0.0,180.0,111.834564,-16.7,46.0,60.0,64.0,90.831474,-8.617965,1,4.0,Medium
0.0,0.0,0.0,0.0,0.0,0.0,0.0,0.0,0.0,4.0,0.0,0.0,0.0,0.0,0.0,4.0,5.0,0.0,0.0,0.0,0.0,0.0,10.0,0.0,0.0,0.0,0.0,0.0,23.0,8.0,75.058547,54.0,4.0,24.3077,4.0,199.0,90.140978,809.65,1488.0,3434.710645,0.0,1006.868,4.0,4.0,104.402528,3659.939,0.0,230.654644,-1.0,257.0,165.607742,-18.65,54.0,58.0,103.0,123.05321,-8.629419,1,1.0,Medium
0.0,0.0,0.0,0.0,0.0,0.0,0.0,4.0,0.0,0.0,0.0,0.0,0.0,0.0,0.0,4.0,10.0,3.0,0.0,0.0,0.0,0.0,0.0,0.0,0.0,0.0,0.0,0.0,21.0,8.0,68.341113,46.0,4.0,-9.227200000000002,0.0,106.0,45.030892,789.28,894.0,1893.775449,0.0,560.853,0.0,0.0,80.62463400000001,2234.492,0.0,139.09,-6.0,156.0,93.545104,-16.91,46.0,50.0,50.0,66.646083,-8.479529,2,0.0,Low
0.0,0.0,0.0,0.0,0.0,0.0,0.0,5.0,0.0,0.0,6.0,0.0,0.0,0.0,0.0,0.0,5.0,5.0,0.0,0.0,0.0,0.0,0.0,0.0,0.0,0.0,0.0,0.0,21.0,5.0,66.76393300000001,48.0,5.0,2.9536,0.0,132.0,57.845400000000005,699.03,1068.0,2176.049072,0.0,699.4875,0.0,0.0,95.07956,2652.255,0.0,167.97,0.0,185.0,115.58835700000002,-17.029999999999998,48.0,53.0,75.0,95.493554,-8.571577,1,4.0,Medium
0.0,0.0,0.0,0.0,5.0,0.0,0.0,0.0,0.0,0.0,0.0,0.0,0.0,0.0,0.0,4.0,9.0,4.0,0.0,0.0,0.0,0.0,0.0,0.0,0.0,0.0,0.0,0.0,22.0,9.0,75.253642,48.0,5.0,2.352899999999999,0.0,143.0,62.147614,806.19,1132.0,2550.293316,0.0,740.3687,0.0,0.0,88.170842,2800.5040000000004,0.0,178.26000000000002,-4.0,196.0,124.490991,-17.74,48.0,53.0,67.0,83.259008,-8.617343,2,0.0,Low
0.0,0.0,0.0,0.0,4.0,0.0,0.0,0.0,0.0,0.0,0.0,0.0,0.0,0.0,0.0,4.0,4.0,0.0,0.0,0.0,0.0,0.0,10.0,0.0,0.0,0.0,0.0,0.0,22.0,8.0,79.209466,48.0,4.0,32.5318,0.0,204.0,91.444986,732.6,1492.0,3395.794678,0.0,1030.54,0.0,0.0,107.918788,3645.168,0.0,238.3,0.0,256.0,170.678888,-17.700000000000003,48.0,52.0,110.0,124.895948,-8.450856,1,2.0,Medium
5.0,0.0,0.0,0.0,5.0,0.0,0.0,0.0,0.0,0.0,0.0,0.0,0.0,0.0,0.0,4.0,8.0,0.0,0.0,0.0,0.0,0.0,0.0,0.0,0.0,0.0,0.0,0.0,22.0,14.0,58.798961000000006,48.0,10.0,-5.345600000000001,0.0,138.0,61.01449099999999,930.56,1172.0,2610.0839090000004,0.0,766.3211999999999,0.0,0.0,96.43077,2993.797,0.0,198.040895,2.0,201.0,129.65868600000002,-16.490000000000002,48.0,63.0,65.0,94.502637,-8.722068,1,4.0,Medium
3.0,0.0,0.0,0.0,0.0,0.0,0.0,0.0,0.0,0.0,0.0,0.0,0.0,0.0,0.0,5.0,3.0,0.0,0.0,0.0,0.0,0.0,10.0,0.0,0.0,0.0,0.0,0.0,21.0,8.0,63.73125,47.0,3.0,29.7861,0.0,177.0,79.19482199999999,777.86,1344.0,2977.453291,0.0,923.0243,0.0,0.0,102.923604,3346.824,0.0,222.078537,0.0,230.0,151.701904,-16.04,47.0,53.0,97.0,120.732417,-8.464231,1,2.0,Medium
4.0,0.0,0.0,0.0,0.0,0.0,0.0,0.0,0.0,4.0,0.0,0.0,0.0,0.0,0.0,3.0,11.0,0.0,0.0,0.0,0.0,0.0,0.0,0.0,0.0,0.0,0.0,0.0,22.0,11.0,53.74673799999999,51.0,8.0,-16.399900000000002,4.0,115.0,50.962863,956.66,1024.0,2304.777069,0.0,637.5476000000001,4.0,4.0,84.43878000000001,2639.578,0.0,164.30936,-3.0,178.0,106.942231,-16.82,51.0,63.0,48.0,78.419012,-8.666863,1,1.0,Medium
0.0,0.0,0.0,0.0,0.0,0.0,5.0,0.0,0.0,3.0,0.0,0.0,0.0,0.0,0.0,0.0,8.0,5.0,0.0,0.0,0.0,0.0,0.0,0.0,0.0,0.0,0.0,0.0,21.0,8.0,65.447757,45.0,8.0,-3.828700000000001,3.0,139.0,63.038362000000006,726.1500000000001,1104.0,2418.961389,0.0,721.8426,3.0,3.0,82.510946,2741.4440000000004,0.0,169.198483,0.0,192.0,119.702633,-17.03,45.0,53.0,70.0,88.92647,-8.71819,1,4.0,Medium
5.0,0.0,0.0,0.0,0.0,0.0,0.0,0.0,0.0,0.0,0.0,0.0,0.0,0.0,0.0,4.0,5.0,7.0,0.0,0.0,0.0,0.0,0.0,0.0,0.0,0.0,0.0,0.0,21.0,9.0,52.787504,46.0,5.0,7.1911,0.0,125.0,54.548153,840.57,1054.0,2264.568622,0.0,696.1026999999999,0.0,0.0,87.807306,2704.373,0.0,179.030895,0.0,181.0,115.407707,-15.5,46.0,56.0,60.0,92.075964,-8.557819,1,4.0,Medium
0.0,0.0,5.0,0.0,0.0,0.0,0.0,0.0,0.0,0.0,3.0,0.0,0.0,0.0,0.0,3.0,10.0,0.0,0.0,0.0,0.0,0.0,0.0,0.0,0.0,0.0,0.0,0.0,21.0,13.0,51.331816,43.0,10.0,-9.5642,0.0,104.0,45.2303,931.18,940.0,1921.816026,0.0,600.7824,0.0,0.0,95.990895,2431.844,0.0,159.51480499999997,-5.0,162.0,98.898834,-15.58,43.0,58.0,54.0,84.188795,-8.591029,1,1.0,Medium
0.0,0.0,0.0,0.0,0.0,0.0,6.0,2.0,0.0,0.0,0.0,0.0,0.0,0.0,0.0,4.0,9.0,0.0,0.0,0.0,0.0,0.0,0.0,0.0,0.0,0.0,0.0,0.0,21.0,12.0,69.224975,46.0,8.0,-13.7453,0.0,119.0,53.120494,793.21,996.0,2063.438947,0.0,634.3448000000001,0.0,0.0,83.855074,2481.943,0.0,155.93,-1.0,173.0,105.55533,-17.07,46.0,54.0,65.0,81.16535000000002,-8.652221,1,2.0,Medium
0.0,0.0,5.0,0.0,0.0,0.0,4.0,0.0,0.0,0.0,0.0,0.0,0.0,0.0,0.0,4.0,10.0,0.0,0.0,0.0,0.0,0.0,0.0,0.0,0.0,0.0,0.0,0.0,23.0,18.0,59.234782,45.0,14.0,-13.1613,0.0,125.0,56.049579,994.08,1098.0,2276.886713,0.0,712.9650000000001,0.0,0.0,103.413441,2818.469,0.0,184.854805,-1.0,189.0,117.609823,-17.240000000000002,45.0,64.0,66.0,96.817444,-8.6600485,1,2.0,Medium
0.0,0.0,0.0,0.0,0.0,0.0,0.0,6.0,0.0,0.0,0.0,0.0,0.0,0.0,0.0,4.0,8.0,4.0,0.0,0.0,0.0,0.0,0.0,0.0,0.0,0.0,0.0,0.0,22.0,10.0,71.633702,48.0,6.0,-7.445799999999999,0.0,122.0,52.822932,796.8000000000001,1012.0,2150.716952,0.0,648.7934,0.0,0.0,88.94865200000001,2522.968,0.0,158.22,-2.0,176.0,108.018454,-17.78,48.0,54.0,60.0,78.624178,-8.597091,1,3.0,Medium
0.0,0.0,0.0,0.0,6.0,0.0,0.0,0.0,0.0,0.0,0.0,0.0,0.0,0.0,0.0,5.0,5.0,0.0,0.0,0.0,0.0,0.0,6.0,0.0,0.0,0.0,0.0,0.0,22.0,11.0,78.783414,49.0,6.0,19.878500000000003,0.0,189.0,84.49068700000001,775.54,1420.0,3257.460475,0.0,966.0362,0.0,0.0,102.855448,3481.8,0.0,226.18,1.0,244.0,161.303955,-17.82,49.0,55.0,98.0,113.34492,-8.563314,1,3.0,Medium
0.0,0.0,0.0,0.0,6.0,0.0,0.0,0.0,0.0,0.0,0.0,0.0,0.0,0.0,0.0,4.0,9.0,2.0,0.0,0.0,0.0,0.0,0.0,0.0,0.0,0.0,0.0,0.0,21.0,10.0,72.545569,46.0,6.0,-0.6513000000000004,0.0,139.0,60.673228,784.33,1104.0,2509.516763,0.0,720.8814,0.0,0.0,85.494488,2730.4370000000004,0.0,174.01,-3.0,191.0,121.79366,-16.990000000000002,46.0,52.0,65.0,79.81254799999999,-8.6494055,1,3.0,Medium
0.0,0.0,0.0,0.0,7.0,0.0,0.0,0.0,0.0,0.0,3.0,0.0,0.0,0.0,0.0,0.0,7.0,5.0,0.0,0.0,0.0,0.0,0.0,0.0,0.0,0.0,0.0,0.0,22.0,7.0,75.51565399999998,47.0,7.0,9.893199999999998,0.0,166.0,73.331908,734.1800000000001,1276.0,2851.38083,0.0,855.9028999999999,0.0,0.0,98.040414,3141.188,0.0,202.22,0.0,220.0,143.970483,-17.779999999999998,47.0,54.0,84.0,101.000494,-8.602499,1,4.0,Medium
0.0,0.0,0.0,0.0,5.0,0.0,0.0,0.0,0.0,0.0,0.0,0.0,0.0,0.0,0.0,3.0,10.0,4.0,0.0,0.0,0.0,0.0,0.0,0.0,0.0,0.0,0.0,0.0,22.0,8.0,75.064398,47.0,5.0,1.1771999999999982,0.0,140.0,60.636081,799.79,1108.0,2488.7353390000003,0.0,722.7139,0.0,0.0,87.652962,2741.416,0.0,174.29999999999998,-5.0,192.0,121.706914,-17.7,47.0,52.0,65.0,80.691268,-8.616983,2,0.0,Low
0.0,0.0,0.0,0.0,0.0,0.0,5.0,0.0,0.0,0.0,5.0,0.0,0.0,0.0,0.0,5.0,7.0,0.0,0.0,0.0,0.0,0.0,0.0,0.0,0.0,0.0,0.0,0.0,22.0,10.0,71.586415,54.0,5.0,-5.091900000000001,0.0,131.0,58.117184,844.9100000000001,1096.0,2233.164766,0.0,699.3055,0.0,0.0,92.185595,2730.19,0.0,172.02,-2.0,190.0,115.431348,-17.98,54.0,59.0,77.0,96.829732,-8.583926,1,3.0,Medium
0.0,0.0,0.0,0.0,0.0,0.0,5.0,0.0,0.0,0.0,6.0,0.0,0.0,0.0,0.0,0.0,5.0,0.0,0.0,0.0,0.0,0.0,6.0,0.0,0.0,0.0,0.0,0.0,22.0,5.0,73.528387,50.0,5.0,17.2582,0.0,174.0,78.550695,725.3299999999999,1330.0,2751.964413,0.0,896.7265,0.0,0.0,107.158901,3271.371,0.0,211.18,0.0,229.0,147.253735,-17.82,50.0,55.0,107.0,125.224889,-8.474873,1,3.0,Medium
0.0,0.0,5.0,0.0,0.0,0.0,0.0,0.0,0.0,0.0,2.0,0.0,0.0,0.0,0.0,4.0,11.0,0.0,0.0,0.0,0.0,0.0,0.0,0.0,0.0,0.0,0.0,0.0,22.0,14.0,54.89679699999999,45.0,10.0,-11.296,0.0,106.0,45.861407,982.31,962.0,1985.781962,0.0,611.1962000000001,0.0,0.0,97.619305,2488.872,0.0,162.724805,-6.0,166.0,100.754297,-16.37,45.0,60.0,53.0,83.50718799999999,-8.59898,2,0.0,Low
0.0,0.0,0.0,0.0,5.0,0.0,0.0,0.0,0.0,0.0,0.0,0.0,0.0,0.0,0.0,4.0,5.0,0.0,0.0,0.0,0.0,0.0,7.0,0.0,0.0,0.0,0.0,0.0,21.0,9.0,75.187159,46.0,5.0,22.2952,0.0,183.0,81.772635,724.57,1362.0,3111.087837,0.0,930.3817,0.0,0.0,99.340972,3335.634,0.0,217.05,0.0,234.0,154.962895,-16.95,46.0,51.0,96.0,110.237874,-8.553767,1,2.0,Medium
0.0,0.0,0.0,0.0,3.0,0.0,0.0,0.0,0.0,0.0,0.0,0.0,0.0,0.0,0.0,5.0,10.0,3.0,0.0,0.0,0.0,0.0,0.0,0.0,0.0,0.0,0.0,0.0,21.0,8.0,70.706297,47.0,3.0,-2.147400000000001,0.0,120.0,51.280343,805.07,978.0,2169.1348000000003,0.0,624.0011,0.0,0.0,79.83604,2430.8460000000005,0.0,153.09,-7.0,170.0,104.647018,-16.91,47.0,50.0,55.0,70.605395,-8.554269,2,0.0,Low
0.0,0.0,4.0,0.0,5.0,0.0,0.0,0.0,0.0,0.0,0.0,0.0,0.0,0.0,0.0,4.0,9.0,0.0,0.0,0.0,0.0,0.0,0.0,0.0,0.0,0.0,0.0,0.0,22.0,17.0,62.003766,44.0,13.0,-6.340300000000001,0.0,139.0,61.762202,927.95,1164.0,2587.0252440000004,0.0,767.4199,0.0,0.0,101.093606,2950.396,0.0,193.735844,0.0,200.0,128.585403,-16.74,44.0,61.0,67.0,93.39598,-8.746802,1,3.0,Medium
0.0,0.0,0.0,0.0,5.0,0.0,0.0,0.0,0.0,0.0,0.0,0.0,0.0,0.0,0.0,5.0,6.0,0.0,0.0,0.0,0.0,0.0,6.0,0.0,0.0,0.0,0.0,0.0,22.0,10.0,78.071354,49.0,5.0,17.9934,0.0,180.0,80.055077,784.9300000000001,1360.0,3099.711869,0.0,919.3655,0.0,0.0,100.491646,3338.526,0.0,216.22,-1.0,234.0,153.31239200000002,-17.78,49.0,54.0,93.0,108.249976,-8.564311,1,1.0,Medium
3.0,0.0,0.0,0.0,0.0,3.0,0.0,0.0,0.0,0.0,0.0,0.0,0.0,0.0,0.0,4.0,11.0,0.0,0.0,0.0,0.0,0.0,0.0,0.0,0.0,0.0,0.0,0.0,21.0,10.0,59.02070499999999,46.0,6.0,-14.403900000000002,0.0,99.0,41.987233,881.5899999999999,888.0,1916.194769,0.0,551.3596,0.0,0.0,83.822279,2276.724,0.0,145.998537,-5.0,154.0,93.073076,-16.12,46.0,55.0,44.0,67.545766,-8.508868,2,0.0,Low
0.0,0.0,5.0,0.0,0.0,0.0,0.0,0.0,0.0,0.0,0.0,0.0,0.0,0.0,0.0,4.0,9.0,4.0,0.0,0.0,0.0,0.0,0.0,0.0,0.0,0.0,0.0,0.0,22.0,14.0,55.669317,43.0,10.0,-3.021600000000002,0.0,118.0,51.499859,936.19,1022.0,2163.9945860000003,0.0,668.2142000000001,0.0,0.0,97.080677,2627.2140000000004,0.0,172.80480500000002,-4.0,176.0,109.871041,-16.29,43.0,58.0,57.0,88.005198,-8.634745,1,1.0,Medium
0.0,0.0,0.0,0.0,0.0,0.0,5.0,0.0,0.0,0.0,4.0,0.0,0.0,0.0,0.0,2.0,10.0,0.0,0.0,0.0,0.0,0.0,0.0,0.0,0.0,0.0,0.0,0.0,21.0,7.0,67.98481,48.0,5.0,-9.371100000000002,0.0,115.0,50.491815,790.1800000000001,966.0,1939.071988,0.0,608.6921,0.0,0.0,85.322485,2408.7560000000003,0.0,150.97,-5.0,168.0,100.948595,-17.03,48.0,53.0,66.0,82.834113,-8.570254,2,0.0,Low
5.0,0.0,0.0,0.0,0.0,0.0,0.0,0.0,0.0,0.0,3.0,0.0,0.0,0.0,0.0,4.0,9.0,0.0,0.0,0.0,0.0,0.0,0.0,0.0,0.0,0.0,0.0,0.0,21.0,9.0,51.52106,49.0,5.0,-8.204,0.0,102.0,43.688063,923.58,934.0,1925.943808,0.0,585.0987,0.0,0.0,87.70017,2425.717,0.0,158.91089499999998,-4.0,161.0,97.688621,-15.62,49.0,59.0,51.0,81.81901000000002,-8.501031,1,2.0,Medium
0.0,0.0,0.0,3.0,0.0,0.0,0.0,0.0,0.0,0.0,5.0,0.0,0.0,0.0,0.0,4.0,10.0,0.0,0.0,0.0,0.0,0.0,0.0,0.0,0.0,0.0,0.0,0.0,22.0,7.0,71.427672,53.0,3.0,-6.5333000000000006,0.0,119.0,51.29844299999999,857.29,1006.0,2097.404462,0.0,629.7743,0.0,0.0,89.804686,2510.797,0.0,157.14,-7.0,175.0,104.758364,-17.86,53.0,56.0,65.0,83.016587,-8.556345,2,0.0,Low
0.0,0.0,0.0,0.0,5.0,0.0,0.0,0.0,0.0,0.0,0.0,0.0,0.0,0.0,0.0,0.0,5.0,0.0,0.0,0.0,0.0,0.0,5.0,0.0,0.0,0.0,7.0,0.0,22.0,33.0,70.891737,86.0,5.0,0.7143999999999977,7.0,219.0,103.3276,1365.61,1802.0,4668.123983,0.0,1139.2339,7.0,7.0,102.496834,4464.438,0.0,277.109005,0.0,310.0,192.108977,-19.26,86.0,91.0,112.0,132.39475900000002,-8.675365,1,2.0,Medium
0.0,4.0,0.0,3.0,0.0,0.0,0.0,0.0,4.0,0.0,0.0,0.0,0.0,0.0,0.0,0.0,11.0,0.0,0.0,0.0,0.0,0.0,0.0,0.0,0.0,0.0,0.0,0.0,22.0,19.0,59.497452,36.0,19.0,-17.5407,0.0,123.0,56.04576899999999,894.77,1056.0,2201.858854,0.0,697.0789000000001,0.0,0.0,93.555084,2688.062,0.0,176.164716,0.0,182.0,115.096792,-16.660000000000004,36.0,59.0,65.0,90.448446,-8.685395,1,2.0,Medium
3.0,0.0,0.0,0.0,0.0,0.0,0.0,0.0,0.0,0.0,3.0,0.0,0.0,0.0,0.0,5.0,11.0,0.0,0.0,0.0,0.0,0.0,0.0,0.0,0.0,0.0,0.0,0.0,22.0,8.0,61.324719,52.0,3.0,-9.8002,0.0,102.0,42.914158,942.49,922.0,1905.409546,0.0,566.8133,0.0,0.0,86.659954,2364.714,0.0,151.168537,-8.0,160.0,94.536222,-16.95,52.0,58.0,50.0,75.794922,-8.460311,2,0.0,Low
0.0,0.0,0.0,4.0,0.0,0.0,0.0,0.0,0.0,3.0,0.0,0.0,0.0,0.0,0.0,4.0,11.0,0.0,0.0,0.0,0.0,0.0,0.0,0.0,0.0,0.0,0.0,0.0,22.0,11.0,69.241601,51.0,7.0,-14.2787,3.0,127.0,56.540577,870.4200000000001,1060.0,2408.225139,0.0,665.8851000000001,3.0,3.0,83.559319,2648.051,0.0,161.288483,-4.0,185.0,111.582214,-17.94,51.0,58.0,59.0,77.063086,-8.701889,2,0.0,Low
0.0,0.0,0.0,0.0,0.0,0.0,5.0,0.0,0.0,3.0,0.0,0.0,0.0,0.0,0.0,0.0,10.0,0.0,4.0,0.0,0.0,0.0,0.0,0.0,0.0,0.0,0.0,0.0,22.0,8.0,67.557034,47.0,8.0,-9.450300000000002,3.0,133.0,60.114602,780.1100000000001,1078.0,2283.0488820000005,0.0,693.1016000000001,3.0,3.0,88.605156,2685.2480000000005,0.0,164.408483,-2.0,188.0,114.569017,-17.82,47.0,55.0,68.0,88.206981,-8.714224,1,3.0,Medium
1.0,0.0,0.0,0.0,0.0,0.0,0.0,0.0,0.0,18.0,0.0,0.0,0.0,0.0,0.0,2.0,1.0,0.0,0.0,0.0,0.0,0.0,0.0,0.0,0.0,0.0,0.0,0.0,22.0,21.0,47.395715,64.0,19.0,-18.7379,18.0,201.0,98.031825,906.59,1632.0,4185.200087,0.0,1060.5003000000002,18.0,18.0,86.32007399999999,4102.613,0.0,234.427077,18.0,285.0,176.381541,-18.65,64.0,84.0,82.0,120.235533,-8.908829,1,4.0,Medium
0.0,4.0,0.0,0.0,5.0,0.0,0.0,0.0,0.0,0.0,0.0,0.0,0.0,0.0,0.0,3.0,10.0,0.0,0.0,0.0,0.0,0.0,0.0,0.0,0.0,0.0,0.0,0.0,22.0,16.0,61.814522,43.0,13.0,-9.0764,0.0,132.0,58.250669,921.55,1116.0,2479.5231110000004,0.0,731.2971,0.0,0.0,93.528842,2835.2000000000003,0.0,186.124716,-1.0,192.0,122.972898,-16.7,43.0,60.0,61.0,86.87822,-8.728409,1,2.0,Medium
0.0,0.0,0.0,5.0,0.0,0.0,0.0,0.0,0.0,3.0,0.0,0.0,0.0,0.0,0.0,4.0,10.0,0.0,0.0,0.0,0.0,0.0,0.0,0.0,0.0,0.0,0.0,0.0,22.0,12.0,69.58148299999999,51.0,8.0,-13.1706,3.0,134.0,60.210756,861.03,1108.0,2526.075295,0.0,703.3658,3.0,3.0,85.764591,2763.271,0.0,169.248483,-2.0,193.0,117.83329,-17.98,51.0,59.0,64.0,82.202316,-8.73898,1,3.0,Medium
0.0,0.0,0.0,4.0,0.0,0.0,0.0,0.0,0.0,0.0,0.0,0.0,0.0,0.0,4.0,10.0,0.0,3.0,0.0,0.0,0.0,0.0,0.0,0.0,0.0,0.0,0.0,0.0,21.0,22.0,72.06859299999999,52.0,8.0,7.057,0.0,152.0,68.411318,864.4799999999999,1230.0,2813.592011,0.0,819.3878000000001,0.0,0.0,87.67218600000001,3045.8680000000004,0.0,194.69,4.0,212.0,134.58130599999998,-17.31,52.0,60.0,78.0,98.873535,-8.748202,1,3.0,Medium
0.0,0.0,0.0,0.0,0.0,0.0,0.0,0.0,0.0,0.0,0.0,0.0,0.0,0.0,0.0,4.0,4.0,0.0,0.0,0.0,0.0,0.0,0.0,0.0,8.0,0.0,6.0,0.0,22.0,28.0,64.586896,84.0,0.0,20.7064,6.0,228.0,108.46713,1311.12,1816.0,4246.520004,0.0,1169.2044,6.0,6.0,158.315404,4481.592,0.0,281.33629,-4.0,312.0,189.79912,-18.98,84.0,84.0,148.0,174.687418,-8.569733,1,1.0,Medium
3.0,0.0,0.0,3.0,0.0,0.0,0.0,0.0,0.0,0.0,0.0,0.0,0.0,0.0,0.0,4.0,0.0,11.0,0.0,0.0,0.0,0.0,0.0,0.0,0.0,0.0,0.0,0.0,21.0,10.0,60.647416,46.0,6.0,20.7552,0.0,160.0,71.777728,729.46,1254.0,2765.33696,0.0,859.3086000000001,0.0,0.0,93.315338,3143.459,0.0,206.998537,6.0,215.0,141.79938499999997,-16.12,46.0,55.0,83.0,111.420056,-8.553977,0,5.0,High
5.0,0.0,0.0,0.0,0.0,0.0,4.0,0.0,0.0,0.0,0.0,0.0,0.0,0.0,0.0,4.0,9.0,0.0,0.0,0.0,0.0,0.0,0.0,0.0,0.0,0.0,0.0,0.0,22.0,13.0,56.029977,48.0,9.0,-11.8991,0.0,117.0,51.890637,939.95,1040.0,2163.543115,0.0,664.4225,0.0,0.0,91.394836,2682.199,0.0,176.080895,0.0,179.0,111.014579,-16.45,48.0,62.0,60.0,90.358393,-8.583762,1,4.0,Medium
0.0,4.0,0.0,0.0,0.0,0.0,0.0,0.0,0.0,3.0,0.0,0.0,0.0,0.0,4.0,11.0,0.0,0.0,0.0,0.0,0.0,0.0,0.0,0.0,0.0,0.0,0.0,0.0,22.0,30.0,57.580289,54.0,15.0,-4.252,3.0,148.0,67.864252,1056.02,1284.0,2982.254158,0.0,847.2391000000001,3.0,3.0,91.416647,3267.6670000000004,0.0,208.833199,7.0,221.0,138.492601,-17.22,54.0,73.0,69.0,104.864406,-8.805586,1,4.0,Medium
0.0,0.0,4.0,0.0,0.0,0.0,0.0,0.0,0.0,0.0,4.0,0.0,0.0,0.0,0.0,0.0,9.0,4.0,0.0,0.0,0.0,0.0,0.0,0.0,0.0,0.0,0.0,0.0,21.0,8.0,54.228613,42.0,8.0,-0.1377000000000015,0.0,115.0,49.984888,835.45,980.0,1995.382191,0.0,639.9312,0.0,0.0,96.051268,2503.6510000000003,0.0,163.725844,-5.0,169.0,105.184478,-15.75,42.0,54.0,61.0,89.252022,-8.589715,1,1.0,Medium
0.0,0.0,0.0,0.0,0.0,0.0,0.0,5.0,0.0,0.0,0.0,0.0,0.0,0.0,0.0,0.0,6.0,0.0,0.0,0.0,0.0,4.0,0.0,0.0,0.0,0.0,6.0,0.0,21.0,29.0,65.255755,78.0,5.0,-17.015700000000002,6.0,157.0,72.503726,1253.76,1386.0,3597.970136,0.0,840.9817,6.0,6.0,87.714914,3469.7960000000003,0.0,210.08629,-1.0,240.0,143.098127,-18.23,78.0,83.0,66.0,91.592615,-8.776653,1,1.0,Medium
0.0,0.0,0.0,0.0,5.0,0.0,0.0,0.0,0.0,4.0,0.0,0.0,0.0,0.0,0.0,3.0,10.0,0.0,0.0,0.0,0.0,0.0,0.0,0.0,0.0,0.0,0.0,0.0,22.0,12.0,70.126258,51.0,9.0,-10.3628,4.0,148.0,66.35969300000001,854.47,1196.0,2817.508815,0.0,768.6127000000001,4.0,4.0,86.721598,2973.6560000000004,0.0,182.284644,-1.0,208.0,129.82518600000003,-18.02,51.0,60.0,65.0,83.667024,-8.798257,1,3.0,Medium
0.0,0.0,0.0,0.0,0.0,0.0,6.0,0.0,0.0,0.0,0.0,0.0,0.0,0.0,0.0,3.0,9.0,4.0,0.0,0.0,0.0,0.0,0.0,0.0,0.0,0.0,0.0,0.0,22.0,9.0,72.691072,47.0,6.0,-3.9403000000000015,0.0,131.0,58.039325,790.4000000000001,1060.0,2213.2956630000003,0.0,686.5426,0.0,0.0,86.008566,2632.204,0.0,166.26000000000002,-3.0,184.0,113.719661,-17.74,47.0,53.0,70.0,87.212262,-8.606906,1,3.0,Medium
4.0,0.0,0.0,0.0,0.0,0.0,0.0,0.0,0.0,3.0,0.0,0.0,0.0,0.0,0.0,5.0,10.0,0.0,0.0,0.0,0.0,0.0,0.0,0.0,0.0,0.0,0.0,0.0,22.0,12.0,55.25209699999999,52.0,7.0,-14.147000000000002,3.0,114.0,50.152614,969.62,1020.0,2274.393776,0.0,635.9055000000001,3.0,3.0,84.792303,2628.5510000000004,0.0,165.23319899999998,-3.0,177.0,106.436847,-16.82,52.0,63.0,49.0,79.300614,-8.622583,1,1.0,Medium
0.0,0.0,3.0,0.0,0.0,0.0,4.0,0.0,0.0,0.0,0.0,0.0,0.0,0.0,0.0,5.0,12.0,0.0,0.0,0.0,0.0,0.0,0.0,0.0,0.0,0.0,0.0,0.0,24.0,15.0,69.03844099999999,50.0,10.0,-14.683700000000002,0.0,123.0,54.054166,1007.39,1074.0,2233.380373,0.0,681.3442,0.0,0.0,98.849783,2731.38,0.0,175.286883,-5.0,186.0,112.859708,-18.57,50.0,63.0,63.0,88.818346,-8.646452,2,0.0,Low
0.0,0.0,0.0,0.0,6.0,0.0,0.0,0.0,0.0,0.0,0.0,0.0,0.0,0.0,0.0,5.0,5.0,0.0,0.0,0.0,0.0,6.0,0.0,0.0,0.0,0.0,0.0,0.0,22.0,11.0,80.089956,49.0,6.0,11.3711,0.0,165.0,71.14963300000001,775.54,1276.0,3055.680475,0.0,855.5162,0.0,0.0,92.88268,3145.1520000000005,0.0,202.18,1.0,220.0,145.626645,-17.82,49.0,55.0,62.0,84.929238,-8.617024,1,4.0,Medium
0.0,0.0,0.0,0.0,5.0,0.0,0.0,0.0,0.0,3.0,0.0,0.0,0.0,0.0,0.0,4.0,0.0,10.0,0.0,0.0,0.0,0.0,0.0,0.0,0.0,0.0,0.0,0.0,22.0,12.0,72.519013,51.0,8.0,20.5494,3.0,194.0,88.06203099999999,722.73,1468.0,3438.626325,0.0,1004.0858,3.0,3.0,95.708021,3614.971,0.0,229.248483,8.0,253.0,166.975425,-17.98,51.0,59.0,94.0,117.080276,-8.656185,0,5.0,High
0.0,0.0,0.0,0.0,0.0,0.0,5.0,0.0,0.0,0.0,0.0,0.0,0.0,0.0,0.0,4.0,9.0,4.0,0.0,0.0,0.0,0.0,0.0,0.0,0.0,0.0,0.0,0.0,22.0,9.0,72.682487,48.0,5.0,-3.4826000000000024,0.0,128.0,56.287309,806.19,1042.0,2189.303081,0.0,671.3337,0.0,0.0,84.83067700000001,2590.099,0.0,163.26,-4.0,181.0,111.175311,-17.74,48.0,53.0,67.0,84.447383,-8.589598,2,0.0,Low
4.0,3.0,0.0,0.0,0.0,0.0,0.0,0.0,0.0,0.0,0.0,0.0,0.0,0.0,0.0,3.0,11.0,0.0,0.0,0.0,0.0,0.0,0.0,0.0,0.0,0.0,0.0,0.0,21.0,13.0,45.435002,42.0,10.0,-14.455900000000002,0.0,93.0,39.942608,967.0,884.0,1841.875141,0.0,557.4052,0.0,0.0,85.651976,2335.478,0.0,155.983253,-4.0,152.0,93.12852300000002,-14.96,42.0,59.0,41.0,75.052005,-8.551828,1,1.0,Medium
4.0,0.0,0.0,0.0,0.0,0.0,0.0,0.0,0.0,0.0,0.0,0.0,0.0,0.0,0.0,7.0,4.0,0.0,0.0,7.0,0.0,0.0,0.0,0.0,0.0,0.0,0.0,0.0,22.0,11.0,62.109538,51.0,4.0,6.051500000000001,0.0,127.0,54.254959,886.09,1080.0,2419.763055,0.0,706.226,0.0,0.0,87.664847,2758.93,0.0,180.164716,0.0,186.0,118.284387,-16.66,51.0,59.0,51.0,83.96925999999999,-8.537784,1,4.0,Medium
4.0,0.0,0.0,0.0,0.0,0.0,0.0,0.0,0.0,0.0,0.0,0.0,0.0,0.0,0.0,4.0,8.0,0.0,0.0,0.0,0.0,0.0,6.0,0.0,0.0,0.0,0.0,0.0,22.0,8.0,61.50259,48.0,4.0,10.7806,0.0,144.0,63.146714,880.72,1164.0,2525.422146,0.0,770.6456000000001,0.0,0.0,97.690948,2945.36,0.0,194.284716,-4.0,200.0,127.64536,-16.54,48.0,56.0,74.0,100.434224,-8.575961,1,1.0,Medium
0.0,0.0,0.0,0.0,0.0,0.0,6.0,0.0,0.0,0.0,2.0,0.0,0.0,0.0,0.0,5.0,11.0,0.0,0.0,0.0,0.0,0.0,0.0,0.0,0.0,0.0,0.0,0.0,24.0,11.0,78.70665,55.0,6.0,-12.0187,0.0,131.0,57.634283,929.58,1104.0,2270.025799,0.0,695.2422,0.0,0.0,94.002954,2754.148,0.0,172.52,-5.0,192.0,115.372979,-19.48,55.0,61.0,72.0,90.892784,-8.631429,2,0.0,Low
0.0,0.0,0.0,0.0,0.0,0.0,5.0,0.0,0.0,0.0,2.0,0.0,0.0,0.0,0.0,4.0,10.0,0.0,0.0,0.0,0.0,0.0,0.0,0.0,0.0,0.0,0.0,0.0,21.0,9.0,68.705162,48.0,5.0,-10.6793,0.0,113.0,49.543685,812.1800000000001,954.0,1955.177054,0.0,599.1117,0.0,0.0,82.15930499999999,2380.702,0.0,148.97,-5.0,166.0,99.457613,-17.03,48.0,53.0,62.0,78.427847,-8.563276,2,0.0,Low
0.0,4.0,0.0,0.0,0.0,0.0,0.0,0.0,0.0,0.0,0.0,0.0,0.0,0.0,0.0,4.0,10.0,3.0,0.0,0.0,0.0,0.0,0.0,0.0,0.0,0.0,0.0,0.0,21.0,12.0,55.561653,42.0,8.0,-7.298000000000002,0.0,102.0,43.686216,893.2800000000001,902.0,1910.342289,0.0,576.8254,0.0,0.0,81.762946,2320.2920000000004,0.0,151.074716,-6.0,156.0,95.330116,-15.75,42.0,54.0,46.0,72.97953100000001,-8.565978,2,0.0,Low
2.0,0.0,6.0,0.0,0.0,0.0,0.0,0.0,0.0,0.0,0.0,0.0,0.0,0.0,0.0,5.0,8.0,0.0,0.0,0.0,0.0,0.0,0.0,0.0,0.0,0.0,0.0,0.0,21.0,19.0,42.608685,41.0,14.0,-10.1978,0.0,108.0,47.993241,1002.01,1000.0,2102.91015,0.0,652.1410000000001,0.0,0.0,99.64211,2630.437,0.0,177.336124,0.0,171.0,107.483287,-14.79,41.0,63.0,53.0,91.169192,-8.637378,1,3.0,Medium
0.0,1.0,0.0,0.0,0.0,0.0,0.0,0.0,0.0,0.0,0.0,0.0,0.0,0.0,0.0,10.0,1.0,10.0,0.0,0.0,0.0,0.0,0.0,0.0,0.0,0.0,0.0,0.0,22.0,12.0,70.26998499999999,53.0,2.0,18.3027,0.0,149.0,65.259293,825.17,1188.0,2627.736237,0.0,793.4287999999999,0.0,0.0,87.333628,2960.1090000000004,0.0,190.176179,0.0,205.0,129.861924,-17.53,53.0,56.0,74.0,99.307039,-8.477299,1,4.0,Medium
4.0,0.0,0.0,0.0,0.0,0.0,4.0,0.0,0.0,0.0,0.0,0.0,0.0,0.0,0.0,4.0,9.0,0.0,0.0,0.0,0.0,0.0,0.0,0.0,0.0,0.0,0.0,0.0,21.0,12.0,56.029977,46.0,8.0,-11.668500000000002,0.0,111.0,49.09016,886.01,980.0,2038.626891,0.0,623.6464000000001,0.0,0.0,85.800788,2515.571,0.0,163.914716,-1.0,169.0,104.14491,-15.91,46.0,58.0,57.0,83.78019,-8.557258,1,3.0,Medium
5.0,0.0,0.0,0.0,0.0,0.0,0.0,0.0,0.0,0.0,6.0,0.0,0.0,0.0,0.0,0.0,5.0,0.0,0.0,0.0,0.0,0.0,6.0,0.0,0.0,0.0,0.0,0.0,22.0,5.0,56.51521699999999,50.0,5.0,17.9037,0.0,159.0,70.709475,841.3299999999999,1280.0,2669.225723,0.0,860.2684999999999,0.0,0.0,110.600296,3243.271,0.0,216.160895,0.0,219.0,141.955175,-16.369999999999997,50.0,60.0,92.0,123.845179,-8.550904,1,3.0,Medium
0.0,5.0,0.0,0.0,0.0,0.0,0.0,0.0,0.0,0.0,0.0,0.0,0.0,0.0,0.0,4.0,9.0,4.0,0.0,0.0,0.0,0.0,0.0,0.0,0.0,0.0,0.0,0.0,22.0,14.0,55.669317,43.0,10.0,-4.972100000000002,0.0,113.0,48.999859,936.19,992.0,2106.5643910000003,0.0,645.1292000000001,0.0,0.0,88.27207200000001,2557.079,0.0,168.240895,-4.0,171.0,106.335506,-16.29,43.0,58.0,52.0,83.067673,-8.593679,1,1.0,Medium
0.0,0.0,0.0,0.0,0.0,0.0,3.0,0.0,0.0,0.0,0.0,0.0,0.0,0.0,0.0,4.0,10.0,4.0,0.0,0.0,0.0,0.0,0.0,0.0,0.0,0.0,0.0,0.0,21.0,7.0,69.08202399999999,46.0,3.0,-3.8409,0.0,113.0,48.655039,784.8400000000001,930.0,1962.28856,0.0,590.4023,0.0,0.0,78.229139,2316.658,0.0,145.13,-7.0,162.0,97.917503,-16.87,46.0,49.0,56.0,72.260619,-8.495523,2,0.0,Low
4.0,0.0,0.0,0.0,0.0,0.0,0.0,0.0,0.0,0.0,0.0,0.0,0.0,0.0,0.0,8.0,4.0,5.0,0.0,0.0,0.0,0.0,0.0,0.0,0.0,0.0,0.0,0.0,21.0,12.0,56.533957,50.0,4.0,5.0798,0.0,124.0,54.094156,880.02,1058.0,2299.185953,0.0,690.1958,0.0,0.0,85.66462200000001,2702.866,0.0,176.914716,0.0,182.0,114.18736,-15.91,50.0,58.0,60.0,90.270369,-8.551286,1,4.0,Medium
3.0,0.0,0.0,0.0,0.0,0.0,0.0,0.0,0.0,4.0,0.0,0.0,0.0,0.0,0.0,5.0,10.0,0.0,0.0,0.0,0.0,0.0,0.0,0.0,0.0,0.0,0.0,0.0,22.0,12.0,57.33003099999999,53.0,7.0,-14.895600000000002,4.0,118.0,52.290624,955.65,1040.0,2358.890202,0.0,647.2851,4.0,4.0,83.09049200000001,2662.181,0.0,164.273181,-3.0,181.0,108.24167,-17.15,53.0,63.0,50.0,78.497815,-8.667112,1,1.0,Medium
3.0,0.0,0.0,0.0,4.0,0.0,0.0,0.0,0.0,0.0,0.0,0.0,0.0,0.0,0.0,0.0,8.0,6.0,0.0,0.0,0.0,0.0,0.0,0.0,0.0,0.0,0.0,0.0,21.0,7.0,61.180714,42.0,7.0,5.350999999999998,0.0,138.0,60.451439,763.6199999999999,1104.0,2440.019618,0.0,735.5450999999999,0.0,0.0,89.50782,2778.8280000000004,0.0,182.118537,-1.0,190.0,123.656251,-16.0,42.0,52.0,65.0,88.561487,-8.638821,1,3.0,Medium
5.0,0.0,0.0,0.0,0.0,0.0,0.0,0.0,0.0,0.0,0.0,0.0,0.0,0.0,0.0,4.0,5.0,0.0,0.0,0.0,0.0,0.0,7.0,0.0,0.0,0.0,0.0,0.0,21.0,9.0,55.602834,46.0,5.0,17.1052,0.0,153.0,68.07111,840.57,1222.0,2667.358912,0.0,824.8887,0.0,0.0,99.442202,3097.129,0.0,207.030895,0.0,209.0,136.348655,-15.5,46.0,56.0,81.0,110.046539,-8.582551,1,3.0,Medium
0.0,0.0,0.0,0.0,0.0,0.0,0.0,8.0,0.0,0.0,3.0,0.0,0.0,0.0,0.0,0.0,8.0,0.0,0.0,0.0,0.0,0.0,2.0,0.0,0.0,0.0,0.0,0.0,21.0,8.0,67.728297,45.0,8.0,-8.840300000000001,0.0,125.0,54.97175599999999,726.15,1026.0,2111.281379,0.0,663.4066,0.0,0.0,95.658582,2551.114,0.0,160.97000000000003,0.0,178.0,110.59351,-17.03,45.0,53.0,69.0,86.205513,-8.653603,1,4.0,Medium
0.0,0.0,0.0,0.0,0.0,0.0,0.0,3.0,0.0,0.0,0.0,0.0,0.0,0.0,0.0,4.0,7.0,0.0,0.0,7.0,0.0,0.0,0.0,0.0,0.0,0.0,0.0,0.0,21.0,7.0,71.126401,46.0,3.0,0.0271000000000007,0.0,115.0,48.260652,743.35,942.0,2097.74777,0.0,606.6583,0.0,0.0,79.66342499999999,2347.736,0.0,147.13,-4.0,164.0,101.998981,-16.87,46.0,49.0,45.0,64.93775099999999,-8.441002,2,0.0,Low
0.0,0.0,4.0,0.0,0.0,0.0,0.0,0.0,0.0,0.0,0.0,0.0,0.0,0.0,0.0,4.0,10.0,0.0,0.0,4.0,0.0,0.0,0.0,0.0,0.0,0.0,0.0,0.0,22.0,12.0,60.213946,44.0,8.0,-5.398600000000002,0.0,110.0,46.77228,919.5800000000002,960.0,2074.139966,0.0,617.4184,0.0,0.0,91.493736,2462.49,0.0,159.935844,-6.0,166.0,102.627588,-16.54,44.0,56.0,46.0,74.94686,-8.613865,2,0.0,Low
0.0,0.0,0.0,5.0,0.0,0.0,0.0,0.0,0.0,3.0,0.0,0.0,0.0,0.0,0.0,3.0,11.0,0.0,0.0,0.0,0.0,0.0,0.0,0.0,0.0,0.0,0.0,0.0,22.0,11.0,69.392239,50.0,8.0,-14.3463,3.0,131.0,58.699223,854.6300000000001,1084.0,2464.517318,0.0,685.711,3.0,3.0,85.246711,2704.183,0.0,165.288483,-3.0,189.0,115.049213,-17.94,50.0,58.0,62.0,79.634576,-8.725294,1,1.0,Medium
0.0,0.0,5.0,0.0,0.0,0.0,0.0,0.0,0.0,0.0,3.0,0.0,0.0,0.0,0.0,0.0,8.0,0.0,0.0,5.0,0.0,0.0,0.0,0.0,0.0,0.0,0.0,0.0,21.0,10.0,52.977184,40.0,10.0,-0.1323000000000007,0.0,115.0,49.68086100000001,842.8299999999999,988.0,2081.964285,0.0,652.008,0.0,0.0,97.21118,2540.16,0.0,167.634805,-3.0,170.0,108.046603,-15.46,40.0,55.0,53.0,85.267575,-8.632755,1,3.0,Medium
0.0,0.0,0.0,0.0,0.0,0.0,0.0,0.0,0.0,0.0,3.0,0.0,0.0,0.0,0.0,0.0,4.0,0.0,0.0,0.0,0.0,0.0,8.0,0.0,6.0,0.0,0.0,0.0,21.0,0.0,69.539519,45.0,0.0,52.3413,0.0,219.0,99.814202,635.31,1542.0,3154.161207,0.0,1084.395,0.0,0.0,153.933532,3745.5,0.0,247.29,-4.0,264.0,174.162054,-16.71,45.0,45.0,147.0,165.407297,-8.416475,1,1.0,Medium
0.0,4.0,0.0,0.0,0.0,0.0,0.0,0.0,0.0,3.0,0.0,0.0,0.0,0.0,0.0,0.0,4.0,11.0,0.0,0.0,0.0,0.0,0.0,0.0,0.0,0.0,0.0,0.0,22.0,11.0,55.490181,43.0,11.0,11.085,3.0,154.0,69.464497,796.69,1230.0,2750.968549,0.0,836.0813,3.0,3.0,92.268761,3111.748,0.0,200.433199,3.0,212.0,137.36713600000002,-16.62,43.0,58.0,72.0,105.071243,-8.727022,1,4.0,Medium
0.0,0.0,0.0,0.0,0.0,0.0,5.0,0.0,0.0,3.0,0.0,0.0,0.0,0.0,0.0,0.0,10.0,0.0,0.0,3.0,0.0,0.0,0.0,0.0,0.0,0.0,0.0,0.0,21.0,8.0,66.237297,45.0,8.0,-10.9708,3.0,126.0,56.417398,753.8100000000001,1026.0,2269.3253130000003,0.0,656.9716000000001,3.0,3.0,79.59991099999999,2557.077,0.0,156.19848299999998,-2.0,179.0,109.982783,-17.03,45.0,53.0,58.0,76.64597499999999,-8.7017355,1,3.0,Medium
0.0,0.0,4.0,0.0,0.0,0.0,0.0,0.0,0.0,3.0,0.0,0.0,0.0,0.0,0.0,3.0,11.0,0.0,0.0,0.0,0.0,0.0,0.0,0.0,0.0,0.0,0.0,0.0,21.0,14.0,51.668804,44.0,11.0,-15.5683,3.0,109.0,48.467392,927.89,968.0,2141.308575,0.0,612.0627000000001,3.0,3.0,87.593427,2491.492,0.0,156.754327,-4.0,168.0,101.463171,-15.95,44.0,59.0,48.0,76.593628,-8.676769,1,1.0,Medium
0.0,0.0,0.0,0.0,5.0,0.0,0.0,0.0,0.0,0.0,0.0,0.0,0.0,0.0,5.0,0.0,5.0,0.0,0.0,0.0,0.0,0.0,6.0,0.0,0.0,0.0,0.0,0.0,21.0,15.0,75.411239,42.0,10.0,18.8786,0.0,182.0,81.64152,758.8,1362.0,3159.1492310000003,0.0,937.39,0.0,0.0,99.088576,3332.686,0.0,217.01,0.0,234.0,155.521413,-16.990000000000002,42.0,52.0,92.0,106.58644,-8.645287,1,1.0,Medium
5.0,5.0,0.0,0.0,0.0,0.0,0.0,0.0,0.0,0.0,0.0,0.0,0.0,0.0,0.0,4.0,10.0,0.0,0.0,0.0,0.0,0.0,0.0,0.0,0.0,0.0,0.0,0.0,24.0,19.0,45.624246,47.0,15.0,-14.826,0.0,114.0,50.07708,1140.82,1088.0,2278.18179,0.0,701.4897000000001,0.0,0.0,102.952,2892.482,0.0,196.44179,0.0,186.0,116.705109,-16.62,47.0,72.0,52.0,97.354354,-8.580943,1,3.0,Medium
0.0,0.0,0.0,0.0,0.0,0.0,0.0,0.0,0.0,12.0,2.0,0.0,0.0,0.0,0.0,0.0,4.0,0.0,0.0,0.0,0.0,0.0,4.0,0.0,0.0,0.0,0.0,0.0,22.0,12.0,58.68081,58.0,12.0,-1.2685999999999993,12.0,194.0,91.621812,816.4200000000001,1516.0,3694.48611,0.0,998.2984,12.0,12.0,93.314608,3768.88,0.0,222.493932,8.0,264.0,165.304716,-18.42,58.0,70.0,90.0,118.37051,-8.856509,1,4.0,Medium
0.0,0.0,0.0,0.0,0.0,0.0,6.0,0.0,0.0,0.0,2.0,0.0,0.0,0.0,0.0,0.0,12.0,0.0,2.0,0.0,0.0,0.0,0.0,0.0,0.0,0.0,0.0,0.0,22.0,6.0,71.072216,46.0,6.0,-10.555,0.0,118.0,51.857838,789.6600000000001,976.0,1932.760848,0.0,618.2802,0.0,0.0,88.723354,2430.83,0.0,152.3,-6.0,170.0,102.493326,-17.700000000000003,46.0,52.0,66.0,82.66537199999999,-8.604222,2,0.0,Low
0.0,5.0,0.0,0.0,0.0,0.0,4.0,0.0,0.0,0.0,3.0,0.0,0.0,0.0,0.0,0.0,9.0,0.0,0.0,0.0,0.0,0.0,0.0,0.0,0.0,0.0,0.0,0.0,21.0,14.0,51.5554,40.0,14.0,-12.1698,0.0,114.0,51.249897,874.4200000000001,1006.0,2021.914136,0.0,656.1878,0.0,0.0,92.411726,2589.217,0.0,170.91089499999998,0.0,173.0,108.324776,-15.62,40.0,59.0,63.0,92.878526,-8.617344,1,3.0,Medium
4.0,0.0,0.0,0.0,0.0,0.0,0.0,0.0,0.0,3.0,4.0,0.0,0.0,0.0,0.0,0.0,11.0,0.0,0.0,0.0,0.0,0.0,0.0,0.0,0.0,0.0,0.0,0.0,22.0,7.0,53.62214899999999,51.0,7.0,-12.7063,3.0,115.0,50.537341,919.22,1020.0,2180.625667,0.0,637.4115,3.0,3.0,90.600783,2625.571,0.0,165.273199,-4.0,177.0,106.634734,-16.78,51.0,62.0,55.0,85.54540599999999,-8.611895,1,1.0,Medium
0.0,0.0,0.0,0.0,6.0,0.0,0.0,0.0,0.0,0.0,0.0,0.0,0.0,0.0,0.0,5.0,6.0,5.0,0.0,0.0,0.0,0.0,0.0,0.0,0.0,0.0,0.0,0.0,22.0,11.0,76.26261,49.0,6.0,8.3972,0.0,160.0,70.497169,789.3700000000001,1246.0,2840.905777,0.0,830.1712,0.0,0.0,91.967602,3074.009,0.0,197.18,0.0,215.0,139.31060100000002,-17.82,49.0,55.0,77.0,94.431631,-8.639297,1,4.0,Medium
0.0,0.0,0.0,0.0,0.0,0.0,0.0,5.0,0.0,0.0,0.0,0.0,0.0,0.0,0.0,9.0,5.0,2.0,0.0,0.0,0.0,0.0,0.0,0.0,0.0,0.0,0.0,0.0,21.0,14.0,69.16972899999999,51.0,5.0,-6.394399999999999,0.0,120.0,52.328373000000006,825.72,1014.0,2195.120567,0.0,647.2796999999999,0.0,0.0,84.398426,2531.9280000000003,0.0,158.85000000000002,0.0,176.0,107.335732,-17.15,51.0,56.0,60.0,79.448159,-8.59327,1,4.0,Medium
0.0,0.0,5.0,0.0,0.0,0.0,0.0,0.0,0.0,0.0,0.0,0.0,0.0,0.0,0.0,4.0,11.0,2.0,0.0,0.0,0.0,0.0,0.0,0.0,0.0,0.0,0.0,0.0,22.0,14.0,55.45398899999999,43.0,10.0,-8.988600000000002,0.0,108.0,46.695035,963.85,962.0,2021.38283,0.0,617.2602,0.0,0.0,95.250521,2484.9280000000003,0.0,162.804805,-6.0,166.0,101.78310100000002,-16.29,43.0,58.0,51.0,80.98531999999999,-8.620397,2,0.0,Low
0.0,0.0,0.0,0.0,0.0,0.0,0.0,4.0,0.0,0.0,1.0,0.0,0.0,0.0,0.0,4.0,13.0,0.0,0.0,0.0,0.0,0.0,0.0,0.0,0.0,0.0,0.0,0.0,22.0,8.0,71.051994,49.0,4.0,-17.425600000000003,0.0,98.0,40.914426,866.3000000000001,862.0,1789.276662,0.0,522.071,0.0,0.0,83.18887000000001,2165.233,0.0,133.26,-9.0,151.0,87.543716,-17.74,49.0,53.0,46.0,62.408665,-8.431534,2,0.0,Low
0.0,0.0,5.0,0.0,0.0,0.0,0.0,0.0,0.0,0.0,0.0,0.0,0.0,0.0,0.0,5.0,9.0,0.0,0.0,3.0,0.0,0.0,0.0,0.0,0.0,0.0,0.0,0.0,22.0,15.0,56.755765,44.0,10.0,-6.004500000000001,0.0,113.0,48.79284,956.42,998.0,2147.222365,0.0,646.475,0.0,0.0,95.6026,2573.0780000000004,0.0,168.76480499999997,-4.0,172.0,106.97923799999998,-16.330000000000002,44.0,59.0,50.0,81.802382,-8.622475,2,0.0,Low
0.0,0.0,6.0,0.0,0.0,0.0,0.0,0.0,0.0,0.0,4.0,0.0,0.0,0.0,0.0,5.0,6.0,0.0,0.0,0.0,0.0,0.0,0.0,0.0,0.0,0.0,0.0,0.0,21.0,17.0,48.33456699999999,45.0,12.0,-4.572800000000001,0.0,118.0,52.545023,955.99,1056.0,2178.926284,0.0,690.7768000000001,0.0,0.0,103.271894,2731.751,0.0,181.263766,0.0,181.0,113.064129,-15.45,45.0,63.0,65.0,100.13933,-8.672244,1,4.0,Medium
0.0,4.0,0.0,0.0,6.0,0.0,0.0,0.0,0.0,0.0,0.0,0.0,0.0,0.0,0.0,4.0,10.0,0.0,0.0,0.0,0.0,0.0,0.0,0.0,0.0,0.0,0.0,0.0,24.0,18.0,69.12543600000001,48.0,14.0,-8.171000000000001,0.0,150.0,66.408156,998.82,1256.0,2810.6565,0.0,826.0306,0.0,0.0,102.830524,3179.6720000000005,0.0,208.464716,0.0,216.0,138.950446,-18.36,48.0,66.0,70.0,97.583956,-8.749417,1,2.0,Medium
0.0,0.0,0.0,0.0,0.0,0.0,0.0,6.0,0.0,0.0,1.0,0.0,0.0,0.0,0.0,9.0,6.0,0.0,0.0,0.0,0.0,0.0,0.0,0.0,0.0,0.0,0.0,0.0,22.0,15.0,71.978334,54.0,6.0,-11.6715,0.0,121.0,52.756547,879.52,1042.0,2226.788769,0.0,657.6044,0.0,0.0,89.97720999999999,2606.951,0.0,162.98,0.0,181.0,109.292527,-18.02,54.0,60.0,62.0,82.193995,-8.605533,1,4.0,Medium
0.0,0.0,0.0,0.0,6.0,0.0,0.0,0.0,0.0,0.0,0.0,0.0,0.0,0.0,0.0,4.0,7.0,0.0,0.0,0.0,0.0,0.0,5.0,0.0,0.0,0.0,0.0,0.0,22.0,10.0,78.084316,48.0,6.0,14.302999999999995,0.0,177.0,78.644891,782.97,1342.0,3067.05515,0.0,904.5064,0.0,0.0,99.760362,3295.4610000000007,0.0,213.22,-1.0,231.0,151.484344,-17.779999999999998,48.0,54.0,90.0,104.700016,-8.601327,1,2.0,Medium
0.0,4.0,0.0,0.0,0.0,0.0,0.0,0.0,0.0,3.0,0.0,0.0,0.0,0.0,0.0,4.0,10.0,0.0,0.0,0.0,0.0,0.0,0.0,0.0,0.0,0.0,0.0,0.0,21.0,15.0,51.858048,45.0,11.0,-15.953,3.0,108.0,47.978925,934.29,968.0,2156.922396,0.0,611.2495000000001,3.0,3.0,81.064423,2494.472,0.0,157.063199,-3.0,168.0,101.41882,-15.99,45.0,60.0,46.0,75.211348,-8.655163,1,2.0,Medium
4.0,0.0,0.0,0.0,0.0,0.0,0.0,0.0,0.0,3.0,0.0,0.0,0.0,0.0,0.0,0.0,12.0,0.0,0.0,0.0,0.0,0.0,0.0,0.0,0.0,0.0,2.0,0.0,21.0,15.0,49.465774,57.0,7.0,-20.948,5.0,114.0,51.53676300000001,1068.59,1048.0,2483.56173,0.0,633.0038999999999,5.0,5.0,81.04198699999999,2704.514,0.0,166.84862900000002,-5.0,182.0,106.987652,-16.31,57.0,68.0,48.0,77.24342999999999,-8.72633,2,0.0,Low
0.0,0.0,4.0,0.0,0.0,0.0,5.0,0.0,0.0,0.0,0.0,0.0,0.0,0.0,0.0,3.0,9.0,0.0,0.0,0.0,0.0,0.0,0.0,0.0,0.0,0.0,0.0,0.0,21.0,16.0,56.038562,41.0,13.0,-12.2738,0.0,118.0,53.285192,881.4200000000001,1022.0,2108.563629,0.0,665.5261,0.0,0.0,94.025561,2609.848,0.0,170.56584399999997,0.0,176.0,109.88469200000002,-15.91,41.0,58.0,64.0,90.495089,-8.67387,1,3.0,Medium
0.0,5.0,0.0,0.0,0.0,0.0,0.0,0.0,0.0,0.0,0.0,0.0,0.0,0.0,0.0,6.0,5.0,0.0,0.0,0.0,0.0,5.0,0.0,0.0,0.0,0.0,0.0,0.0,21.0,16.0,56.050399,43.0,10.0,1.4324999999999992,0.0,121.0,51.861875000000005,895.03,1042.0,2364.6301700000004,0.0,690.6017999999999,0.0,0.0,87.01291,2675.343,0.0,176.950895,0.0,179.0,115.240071,-15.579999999999998,43.0,58.0,43.0,79.34795600000001,-8.652948,1,3.0,Medium
6.0,0.0,0.0,0.0,0.0,0.0,0.0,0.0,0.0,0.0,0.0,0.0,0.0,0.0,0.0,4.0,6.0,6.0,0.0,0.0,0.0,0.0,0.0,0.0,0.0,0.0,0.0,0.0,22.0,10.0,52.67984,48.0,6.0,3.976999999999999,0.0,126.0,54.946218,908.34,1084.0,2318.178968,0.0,711.4018,0.0,0.0,92.486276,2799.858,0.0,186.197074,0.0,186.0,118.233406,-16.04,48.0,60.0,60.0,95.144228,-8.588419,1,4.0,Medium
3.0,0.0,0.0,0.0,0.0,0.0,0.0,0.0,0.0,0.0,0.0,0.0,0.0,0.0,0.0,7.0,8.0,0.0,0.0,0.0,0.0,0.0,0.0,0.0,0.0,0.0,4.0,0.0,22.0,26.0,58.945407,75.0,3.0,-16.9386,4.0,132.0,60.074402,1311.29,1232.0,3013.751652,0.0,735.9407,4.0,4.0,85.49547199999999,3148.461,0.0,195.459397,-5.0,213.0,123.65996,-17.87,75.0,81.0,62.0,91.223867,-8.701085,2,0.0,Low
2.0,0.0,0.0,0.0,0.0,0.0,6.0,0.0,0.0,3.0,0.0,0.0,0.0,0.0,0.0,0.0,10.0,0.0,0.0,0.0,0.0,0.0,0.0,0.0,0.0,0.0,0.0,0.0,21.0,11.0,58.697656,45.0,11.0,-16.334,3.0,126.0,57.680461,813.53,1060.0,2285.9882,0.0,678.4655,3.0,3.0,84.39942100000002,2678.068,0.0,167.070841,1.0,184.0,113.34864,-16.57,45.0,58.0,64.0,86.822748,-8.690803,1,4.0,Medium
0.0,0.0,3.0,0.0,0.0,0.0,0.0,0.0,0.0,0.0,0.0,0.0,0.0,0.0,0.0,4.0,10.0,4.0,0.0,0.0,0.0,0.0,0.0,0.0,0.0,0.0,0.0,0.0,21.0,10.0,58.874122,43.0,6.0,-3.564300000000002,0.0,107.0,45.782569,862.8400000000001,918.0,1947.103463,0.0,588.5306,0.0,0.0,85.579139,2338.927,0.0,150.856883,-7.0,159.0,97.134941,-16.0,43.0,52.0,50.0,74.395308,-8.555337,2,0.0,Low
0.0,0.0,0.0,0.0,0.0,0.0,0.0,3.0,0.0,0.0,4.0,0.0,0.0,0.0,0.0,0.0,10.0,0.0,0.0,0.0,0.0,0.0,5.0,0.0,0.0,0.0,0.0,0.0,22.0,3.0,72.341432,48.0,3.0,5.422199999999997,0.0,139.0,60.354175,767.14,1096.0,2282.936715,0.0,714.5321,0.0,0.0,98.20232,2711.342,0.0,172.34,-7.0,190.0,118.259569,-17.66,48.0,51.0,77.0,93.362829,-8.571042,2,0.0,Low
0.0,0.0,5.0,0.0,0.0,0.0,0.0,0.0,0.0,2.0,0.0,0.0,0.0,0.0,0.0,4.0,10.0,0.0,0.0,0.0,0.0,0.0,0.0,0.0,0.0,0.0,0.0,0.0,21.0,16.0,49.780114,43.0,12.0,-13.6809,2.0,109.0,48.451669,951.06,978.0,2129.856165,0.0,625.0056000000001,2.0,2.0,91.574839,2529.9930000000004,0.0,162.58712699999998,-3.0,169.0,103.241283,-15.66,43.0,60.0,50.0,80.951672,-8.650294,1,3.0,Medium
0.0,4.0,0.0,0.0,0.0,0.0,0.0,0.0,0.0,0.0,0.0,0.0,0.0,0.0,0.0,4.0,8.0,0.0,0.0,0.0,0.0,0.0,6.0,0.0,0.0,0.0,0.0,0.0,22.0,12.0,61.50259,44.0,8.0,9.0726,0.0,144.0,63.58973,891.9200000000001,1164.0,2525.422146,0.0,778.8484,0.0,0.0,97.690948,2941.424,0.0,194.284716,-4.0,200.0,128.012364,-16.54,44.0,56.0,74.0,100.434224,-8.660455,1,1.0,Medium
5.0,0.0,0.0,0.0,0.0,0.0,0.0,0.0,0.0,0.0,0.0,0.0,0.0,0.0,0.0,5.0,8.0,4.0,0.0,0.0,0.0,0.0,0.0,0.0,0.0,0.0,0.0,0.0,22.0,10.0,55.858561,49.0,5.0,-1.661400000000001,0.0,116.0,49.95762199999999,928.59,1016.0,2168.1223680000003,0.0,652.5305,0.0,0.0,88.789952,2621.087,0.0,172.200895,-3.0,175.0,108.660828,-16.33,49.0,59.0,54.0,85.63541300000001,-8.530848,1,3.0,Medium
2.0,0.0,0.0,0.0,0.0,0.0,0.0,0.0,0.0,5.0,0.0,0.0,0.0,0.0,0.0,5.0,10.0,0.0,0.0,0.0,0.0,0.0,0.0,0.0,0.0,0.0,0.0,0.0,22.0,12.0,59.40796499999999,54.0,7.0,-15.6442,5.0,122.0,54.428634,941.68,1060.0,2443.386628,0.0,658.6647,5.0,5.0,81.38868099999999,2695.811,0.0,163.313163,-3.0,185.0,110.046493,-17.479999999999997,54.0,63.0,51.0,77.69501600000001,-8.707705,1,1.0,Medium
0.0,0.0,5.0,0.0,0.0,0.0,0.0,0.0,0.0,0.0,0.0,0.0,0.0,0.0,0.0,4.0,8.0,0.0,0.0,0.0,0.0,0.0,4.0,0.0,0.0,0.0,0.0,0.0,21.0,14.0,54.073272,41.0,10.0,3.7212999999999976,0.0,131.0,58.122091,896.0600000000001,1090.0,2338.2470630000003,0.0,726.6022,0.0,0.0,100.519189,2780.5910000000003,0.0,184.594805,-3.0,187.0,119.236343,-15.5,41.0,56.0,68.0,96.752572,-8.689368,1,3.0,Medium
0.0,0.0,0.0,0.0,0.0,0.0,6.0,0.0,0.0,0.0,0.0,0.0,0.0,0.0,0.0,4.0,9.0,0.0,0.0,2.0,0.0,0.0,0.0,0.0,0.0,0.0,0.0,0.0,21.0,10.0,70.130095,46.0,6.0,-8.4373,0.0,119.0,52.430102,784.33,984.0,2071.645601,0.0,628.7614000000001,0.0,0.0,80.765704,2449.8970000000004,0.0,154.01,-3.0,171.0,104.726904,-16.990000000000002,46.0,52.0,61.0,77.73152,-8.59593,1,3.0,Medium
5.0,5.0,0.0,0.0,0.0,0.0,0.0,0.0,0.0,0.0,0.0,0.0,0.0,0.0,0.0,1.0,10.0,0.0,0.0,0.0,0.0,0.0,0.0,0.0,0.0,0.0,0.0,0.0,21.0,16.0,35.442099,38.0,15.0,-15.12,0.0,96.0,42.226965,1001.23,932.0,1925.76765,0.0,602.9132999999999,0.0,0.0,91.76836,2502.053,0.0,171.93178999999998,0.0,159.0,100.550016,-14.13,38.0,63.0,43.0,85.086556,-8.582441,1,3.0,Medium
0.0,0.0,6.0,0.0,0.0,0.0,0.0,0.0,0.0,0.0,5.0,0.0,0.0,0.0,0.0,5.0,6.0,0.0,0.0,0.0,0.0,0.0,0.0,0.0,0.0,0.0,0.0,0.0,22.0,17.0,51.36843999999999,48.0,12.0,-3.8207,0.0,125.0,55.63579299999999,991.52,1114.0,2288.345131,0.0,728.4258000000001,0.0,0.0,108.58136399999998,2875.921,0.0,190.433766,0.0,191.0,119.194651,-16.28,48.0,66.0,70.0,106.431729,-8.680076,1,4.0,Medium
0.0,0.0,0.0,0.0,0.0,0.0,0.0,0.0,0.0,0.0,0.0,0.0,0.0,0.0,0.0,5.0,4.0,0.0,0.0,0.0,0.0,0.0,0.0,0.0,8.0,0.0,4.0,0.0,21.0,21.0,63.206633,71.0,0.0,24.96,4.0,210.0,98.826505,1106.29,1636.0,3679.293336,0.0,1071.0788,4.0,4.0,153.5742,4027.167,0.0,255.46086000000005,-4.0,281.0,172.91009899999997,-17.75,71.0,71.0,139.0,163.43059,-8.612478,1,1.0,Medium
0.0,0.0,5.0,0.0,0.0,0.0,0.0,0.0,0.0,0.0,3.0,0.0,0.0,0.0,0.0,0.0,10.0,0.0,0.0,4.0,0.0,0.0,0.0,0.0,0.0,0.0,0.0,0.0,22.0,10.0,55.739369,42.0,10.0,-3.801800000000002,0.0,114.0,48.989001,896.79,992.0,2068.91325,0.0,646.374,0.0,0.0,99.866395,2554.099,0.0,167.84480499999998,-5.0,171.0,107.147557,-16.25,42.0,57.0,53.0,85.032701,-8.641061,1,1.0,Medium
0.0,0.0,4.0,0.0,0.0,0.0,0.0,0.0,0.0,3.0,0.0,0.0,0.0,0.0,4.0,0.0,0.0,11.0,0.0,0.0,0.0,0.0,0.0,0.0,0.0,0.0,0.0,0.0,22.0,19.0,56.682909,43.0,15.0,17.1942,3.0,174.0,79.663921,833.49,1374.0,3135.425225,0.0,951.7513,3.0,3.0,102.832709,3456.38,0.0,223.924327,7.0,236.0,155.17985199999998,-16.78,43.0,62.0,84.0,119.178615,-8.758112,1,3.0,Medium
0.0,0.0,0.0,0.0,7.0,0.0,0.0,0.0,0.0,0.0,0.0,0.0,0.0,0.0,0.0,5.0,7.0,0.0,0.0,0.0,0.0,0.0,2.0,0.0,0.0,0.0,0.0,0.0,21.0,12.0,74.25125299999999,47.0,7.0,5.242099999999999,0.0,159.0,70.484073,781.34,1236.0,2843.9062860000004,0.0,822.0029,0.0,0.0,91.700426,3045.0150000000003,0.0,195.93,0.0,213.0,138.55242800000002,-17.07,47.0,54.0,78.0,92.609682,-8.7154,1,4.0,Medium
0.0,0.0,0.0,0.0,0.0,0.0,6.0,0.0,0.0,0.0,0.0,0.0,0.0,0.0,0.0,4.0,6.0,5.0,0.0,0.0,0.0,0.0,0.0,0.0,0.0,0.0,0.0,0.0,21.0,10.0,69.783175,46.0,6.0,1.2965999999999998,0.0,136.0,60.84809799999999,742.84,1086.0,2290.246115,0.0,714.4703999999999,0.0,0.0,84.23152400000001,2691.38,0.0,171.01,0.0,188.0,117.946754,-16.99,46.0,52.0,74.0,91.768415,-8.603795,1,4.0,Medium
3.0,0.0,0.0,0.0,0.0,0.0,0.0,0.0,0.0,0.0,0.0,0.0,0.0,0.0,0.0,4.0,2.0,12.0,0.0,0.0,0.0,0.0,0.0,0.0,0.0,0.0,0.0,0.0,21.0,7.0,59.735434,46.0,3.0,20.4144,0.0,144.0,63.169603,743.8,1140.0,2483.09237,0.0,772.3435,0.0,0.0,87.6146,2868.942,0.0,188.118537,1.0,196.0,127.090127,-16.0,46.0,52.0,71.0,99.512305,-8.443004,1,4.0,Medium
3.0,0.0,0.0,0.0,0.0,0.0,0.0,0.0,0.0,4.0,0.0,0.0,0.0,0.0,0.0,4.0,0.0,10.0,0.0,0.0,0.0,0.0,0.0,0.0,0.0,0.0,0.0,0.0,21.0,11.0,55.012622,50.0,7.0,14.8414,4.0,162.0,73.698039,770.8199999999999,1288.0,2954.477602,0.0,869.1963,4.0,4.0,88.51339200000001,3243.468,0.0,206.103181,7.0,222.0,143.296339,-16.32,50.0,60.0,77.0,109.507939,-8.716281,0,5.0,High
4.0,0.0,0.0,0.0,0.0,0.0,4.0,0.0,0.0,0.0,0.0,0.0,0.0,0.0,0.0,6.0,8.0,0.0,0.0,0.0,0.0,0.0,0.0,0.0,0.0,0.0,0.0,0.0,22.0,14.0,59.61327,50.0,8.0,-10.3948,0.0,120.0,53.21839799999999,938.94,1056.0,2217.656248,0.0,674.1600000000001,0.0,0.0,90.046548,2704.802,0.0,176.044716,0.0,182.0,112.314018,-16.78,50.0,62.0,62.0,90.437196,-8.602429,1,4.0,Medium
0.0,0.0,0.0,0.0,0.0,0.0,0.0,0.0,0.0,0.0,3.0,0.0,0.0,0.0,0.0,0.0,2.0,0.0,0.0,0.0,0.0,0.0,8.0,0.0,10.0,0.0,0.0,0.0,23.0,0.0,75.064181,49.0,0.0,73.0427,0.0,273.0,126.007674,660.25,1886.0,3791.777765,0.0,1345.987,0.0,0.0,200.091848,4564.938,0.0,303.71000000000004,-2.0,322.0,214.476658,-18.29,49.0,49.0,193.0,215.467229,-8.336022,1,3.0,Medium
0.0,0.0,0.0,0.0,0.0,0.0,6.0,0.0,0.0,0.0,0.0,0.0,0.0,0.0,0.0,4.0,10.0,0.0,2.0,0.0,0.0,0.0,0.0,0.0,0.0,0.0,0.0,0.0,22.0,10.0,72.17105600000001,48.0,6.0,-9.5118,0.0,122.0,53.932774,824.46,1012.0,2071.9818680000003,0.0,644.0094,0.0,0.0,86.595934,2520.952,0.0,158.21999999999997,-4.0,176.0,106.570498,-17.78,48.0,54.0,66.0,83.394586,-8.604739,2,0.0,Low
3.0,0.0,0.0,0.0,0.0,0.0,5.0,0.0,0.0,0.0,0.0,0.0,0.0,0.0,0.0,5.0,8.0,0.0,0.0,0.0,0.0,0.0,0.0,0.0,0.0,0.0,0.0,0.0,21.0,13.0,59.621855,47.0,8.0,-10.6219,0.0,117.0,52.169937,869.21,1014.0,2116.732606,0.0,648.5928000000001,0.0,0.0,85.63038900000001,2580.279,0.0,166.878537,0.0,175.0,107.988699,-16.24,47.0,58.0,62.0,86.62387199999999,-8.613295,1,4.0,Medium
0.0,0.0,0.0,0.0,5.0,0.0,0.0,0.0,0.0,0.0,0.0,0.0,0.0,0.0,0.0,4.0,8.0,0.0,0.0,0.0,0.0,0.0,6.0,0.0,0.0,0.0,0.0,0.0,23.0,9.0,81.086915,50.0,5.0,15.74,0.0,180.0,79.64871600000001,818.6600000000001,1364.0,3094.067295,0.0,916.9147,0.0,0.0,103.183766,3350.4930000000004,0.0,216.47000000000003,-3.0,235.0,153.12926900000002,-18.53,50.0,55.0,92.0,107.203762,-8.561589,1,1.0,Medium
0.0,0.0,4.0,0.0,0.0,0.0,0.0,0.0,4.0,0.0,0.0,0.0,0.0,0.0,0.0,4.0,10.0,0.0,0.0,0.0,0.0,0.0,0.0,0.0,0.0,0.0,0.0,0.0,22.0,20.0,59.234782,40.0,16.0,-14.6018,0.0,118.0,53.08136399999999,948.54,1032.0,2140.48445,0.0,673.7239999999999,0.0,0.0,96.057672,2634.862,0.0,171.775844,-2.0,178.0,110.3083,-16.700000000000003,40.0,60.0,62.0,89.251736,-8.666197,1,1.0,Medium
3.0,0.0,0.0,0.0,0.0,0.0,2.0,0.0,0.0,0.0,0.0,0.0,0.0,0.0,0.0,4.0,13.0,0.0,0.0,0.0,0.0,0.0,0.0,0.0,0.0,0.0,0.0,0.0,22.0,9.0,62.043929,48.0,5.0,-15.0293,0.0,99.0,41.97292899999999,931.11,892.0,1854.436355,0.0,547.5509000000001,0.0,0.0,83.23520199999999,2288.667,0.0,146.248537,-8.0,155.0,91.820295,-16.869999999999997,48.0,56.0,46.0,69.579801,-8.513345,2,0.0,Low
3.0,0.0,0.0,0.0,0.0,0.0,0.0,0.0,0.0,4.0,0.0,0.0,0.0,0.0,0.0,0.0,2.0,12.0,0.0,0.0,0.0,0.0,0.0,0.0,0.0,0.0,0.0,0.0,21.0,7.0,54.470974,46.0,7.0,16.1056,4.0,160.0,72.456731,717.56,1252.0,2850.85745,0.0,849.5310999999999,4.0,4.0,88.272028,3149.402,0.0,200.26318100000003,5.0,216.0,140.247971,-16.16,46.0,56.0,75.0,106.256857,-8.697305,1,4.0,Medium
0.0,0.0,5.0,0.0,0.0,0.0,0.0,0.0,0.0,0.0,4.0,0.0,0.0,0.0,0.0,5.0,8.0,0.0,0.0,0.0,0.0,0.0,0.0,0.0,0.0,0.0,0.0,0.0,22.0,15.0,54.74417699999999,48.0,10.0,-6.460700000000001,0.0,117.0,51.344136000000006,979.51,1046.0,2154.350827,0.0,673.741,0.0,0.0,102.33612499999998,2694.19,0.0,176.604805,-3.0,180.0,110.59751,-16.49,48.0,63.0,63.0,95.616674,-8.61695,1,3.0,Medium
0.0,5.0,0.0,4.0,0.0,0.0,0.0,0.0,0.0,0.0,0.0,0.0,0.0,0.0,0.0,0.0,9.0,4.0,0.0,0.0,0.0,0.0,0.0,0.0,0.0,0.0,0.0,0.0,22.0,14.0,56.271869,39.0,14.0,-5.242500000000001,0.0,129.0,57.634443,873.03,1088.0,2331.733107,0.0,724.4328,0.0,0.0,95.02164,2781.6070000000004,0.0,184.240895,0.0,187.0,120.203502,-16.29,39.0,58.0,64.0,93.35363300000002,-8.700144,1,1.0,Medium
0.0,0.0,0.0,0.0,0.0,0.0,0.0,3.0,0.0,0.0,0.0,0.0,0.0,0.0,0.0,5.0,10.0,0.0,0.0,4.0,0.0,0.0,0.0,0.0,0.0,0.0,0.0,0.0,22.0,8.0,73.19259,49.0,3.0,-7.650300000000001,0.0,109.0,45.48626099999999,831.3700000000001,922.0,2008.325836,0.0,577.0031000000001,0.0,0.0,81.72695,2306.531,0.0,143.3,-7.0,161.0,96.884012,-17.7,49.0,52.0,45.0,63.757817,-8.475546,2,0.0,Low
0.0,0.0,0.0,0.0,0.0,0.0,0.0,5.0,0.0,0.0,6.0,0.0,0.0,0.0,0.0,0.0,5.0,0.0,0.0,5.0,0.0,0.0,0.0,0.0,0.0,0.0,0.0,0.0,21.0,5.0,68.438713,48.0,5.0,0.9951,0.0,127.0,54.8185,699.03,1038.0,2164.341872,0.0,676.2925,0.0,0.0,93.278095,2582.12,0.0,162.97,0.0,180.0,112.86850700000002,-17.029999999999998,48.0,53.0,65.0,86.725859,-8.5694685,1,4.0,Medium
0.0,0.0,3.0,0.0,0.0,4.0,0.0,0.0,0.0,0.0,0.0,0.0,0.0,0.0,0.0,4.0,10.0,0.0,0.0,0.0,0.0,0.0,0.0,0.0,0.0,0.0,0.0,0.0,21.0,14.0,59.213118,43.0,10.0,-14.186700000000002,0.0,107.0,46.368353,880.6,942.0,2046.910531,0.0,599.6094,0.0,0.0,91.503647,2403.019,0.0,154.696883,-3.0,163.0,100.306513,-16.16,43.0,56.0,50.0,73.892524,-8.615932,1,2.0,Medium
0.0,5.0,0.0,0.0,0.0,0.0,5.0,0.0,0.0,0.0,0.0,0.0,0.0,0.0,0.0,5.0,0.0,6.0,0.0,0.0,0.0,0.0,0.0,0.0,0.0,0.0,0.0,0.0,21.0,20.0,53.858229,42.0,15.0,6.838299999999999,0.0,153.0,70.528789,827.8499999999999,1258.0,2682.5735160000004,0.0,862.8525,0.0,0.0,95.888953,3193.3630000000003,0.0,212.790895,10.0,215.0,141.248704,-15.74,42.0,62.0,84.0,117.79686,-8.794827,1,2.0,Medium
3.0,0.0,0.0,0.0,0.0,0.0,0.0,0.0,0.0,4.0,0.0,0.0,0.0,0.0,0.0,0.0,8.0,0.0,0.0,0.0,0.0,0.0,6.0,0.0,0.0,0.0,0.0,0.0,21.0,7.0,56.23813,46.0,7.0,6.702400000000001,4.0,154.0,69.633365,800.54,1216.0,2768.2710020000004,0.0,807.0571,4.0,4.0,92.754328,3059.192,0.0,194.26318100000003,-1.0,210.0,133.933535,-16.16,46.0,56.0,75.0,100.600573,-8.744892,1,3.0,Medium
5.0,0.0,0.0,0.0,0.0,0.0,0.0,0.0,0.0,0.0,3.0,0.0,0.0,0.0,0.0,0.0,7.0,0.0,0.0,0.0,0.0,0.0,7.0,0.0,0.0,0.0,0.0,0.0,22.0,5.0,57.537867,47.0,5.0,16.8141,0.0,156.0,69.08694399999999,841.3000000000001,1244.0,2637.556739,0.0,836.8085,0.0,0.0,106.879092,3151.177,0.0,210.280895,-2.0,213.0,138.402005,-16.25,47.0,57.0,86.0,115.609724,-8.5618305,1,3.0,Medium
0.0,0.0,3.0,0.0,0.0,0.0,0.0,0.0,0.0,0.0,4.0,0.0,0.0,0.0,0.0,4.0,10.0,0.0,0.0,0.0,0.0,0.0,0.0,0.0,0.0,0.0,0.0,0.0,21.0,10.0,57.759738,47.0,6.0,-8.179100000000002,0.0,103.0,44.115313,899.76,918.0,1875.901727,0.0,576.4026000000001,0.0,0.0,90.316707,2346.815,0.0,150.696883,-7.0,159.0,95.077333,-16.16,47.0,56.0,54.0,79.439044,-8.528764,2,0.0,Low
5.0,0.0,0.0,0.0,0.0,0.0,0.0,0.0,0.0,0.0,0.0,0.0,0.0,0.0,0.0,6.0,2.0,0.0,0.0,0.0,0.0,0.0,8.0,0.0,0.0,0.0,0.0,0.0,21.0,11.0,56.491176,48.0,5.0,23.8564,0.0,168.0,75.428439,839.54,1324.0,2919.322214,0.0,904.0733,0.0,0.0,103.055168,3342.556,0.0,223.950895,3.0,226.0,148.952343,-15.58,48.0,58.0,91.0,121.259183,-8.580622,1,4.0,Medium
0.0,0.0,0.0,0.0,0.0,0.0,0.0,0.0,0.0,0.0,0.0,0.0,0.0,0.0,0.0,6.0,4.0,0.0,0.0,0.0,0.0,0.0,6.0,0.0,0.0,0.0,5.0,0.0,21.0,26.0,67.40724800000001,78.0,0.0,5.820800000000002,5.0,180.0,83.400853,1225.9,1496.0,3748.791518,0.0,939.9038,5.0,5.0,91.103226,3716.334,0.0,230.23357500000003,-4.0,258.0,156.21805999999998,-18.03,78.0,78.0,94.0,114.579075,-8.764224,1,1.0,Medium
0.0,6.0,0.0,0.0,0.0,0.0,0.0,0.0,0.0,0.0,0.0,0.0,0.0,0.0,0.0,5.0,6.0,5.0,0.0,0.0,0.0,0.0,0.0,0.0,0.0,0.0,0.0,0.0,22.0,17.0,52.76142,43.0,12.0,-0.3928000000000011,0.0,124.0,54.719863,945.37,1078.0,2308.4310670000004,0.0,715.8838000000001,0.0,0.0,92.089078,2781.8990000000003,0.0,185.157074,0.0,185.0,117.524019,-16.08,43.0,61.0,59.0,94.202029,-8.673377,1,3.0,Medium
0.0,4.0,0.0,0.0,0.0,0.0,4.0,0.0,0.0,0.0,0.0,0.0,0.0,0.0,0.0,6.0,8.0,0.0,0.0,0.0,0.0,0.0,0.0,0.0,0.0,0.0,0.0,0.0,22.0,18.0,59.61327,46.0,12.0,-12.102800000000002,0.0,120.0,53.66141399999999,950.14,1056.0,2217.656248,0.0,682.3628000000001,0.0,0.0,90.046548,2700.866,0.0,176.044716,0.0,182.0,112.681022,-16.78,46.0,62.0,62.0,90.437196,-8.650364,1,4.0,Medium
0.0,0.0,3.0,0.0,0.0,0.0,0.0,0.0,0.0,0.0,0.0,0.0,0.0,0.0,0.0,4.0,10.0,0.0,4.0,0.0,0.0,0.0,0.0,0.0,0.0,0.0,0.0,0.0,21.0,10.0,57.886258,43.0,6.0,-5.124700000000002,0.0,103.0,44.156049,862.8400000000001,894.0,1826.583431,0.0,570.0626000000001,0.0,0.0,89.37842699999999,2282.8190000000004,0.0,146.856883,-7.0,155.0,93.444341,-16.0,43.0,52.0,50.0,75.664232,-8.551179,2,0.0,Low
0.0,0.0,0.0,0.0,5.0,0.0,0.0,0.0,0.0,0.0,0.0,0.0,0.0,0.0,0.0,0.0,6.0,0.0,0.0,0.0,0.0,0.0,5.0,0.0,0.0,0.0,5.0,0.0,21.0,25.0,69.32222999999999,72.0,5.0,3.792299999999997,5.0,198.0,92.175442,1154.38,1598.0,4039.339338,0.0,1023.4535,5.0,5.0,97.23775,3950.925,0.0,247.273575,-1.0,275.0,172.435879,-17.990000000000002,72.0,77.0,101.0,118.570191,-8.811074,1,1.0,Medium
3.0,3.0,0.0,0.0,0.0,0.0,0.0,0.0,0.0,0.0,0.0,0.0,0.0,0.0,0.0,4.0,12.0,0.0,0.0,0.0,0.0,0.0,0.0,0.0,0.0,0.0,0.0,0.0,22.0,13.0,52.033856,45.0,9.0,-15.205000000000002,0.0,96.0,40.864008,999.72,904.0,1890.3437,0.0,564.6919,0.0,0.0,86.995808,2370.048,0.0,156.197074,-6.0,156.0,94.244839,-16.04,45.0,60.0,42.0,74.084594,-8.569419,2,0.0,Low
4.0,0.0,0.0,0.0,0.0,0.0,0.0,0.0,0.0,0.0,5.0,0.0,0.0,0.0,0.0,0.0,4.0,0.0,0.0,0.0,0.0,0.0,8.0,0.0,0.0,0.0,0.0,0.0,21.0,4.0,57.705857,47.0,4.0,25.1041,0.0,167.0,74.591926,764.3299999999999,1298.0,2748.498751,0.0,884.7973999999999,0.0,0.0,108.06119,3258.03,0.0,217.034716,0.0,222.0,145.627006,-15.79,47.0,55.0,97.0,124.650431,-8.510853,1,2.0,Medium
5.0,0.0,0.0,0.0,0.0,0.0,0.0,0.0,0.0,2.0,0.0,0.0,0.0,0.0,0.0,7.0,7.0,0.0,0.0,0.0,0.0,0.0,0.0,0.0,0.0,0.0,0.0,0.0,21.0,14.0,50.347846,51.0,7.0,-9.9693,2.0,113.0,49.932498,956.26,1020.0,2257.099901,0.0,644.6315,2.0,2.0,84.319874,2642.0420000000004,0.0,169.903217,0.0,176.0,107.599224,-15.78,51.0,63.0,51.0,83.71736700000001,-8.602988,1,4.0,Medium
0.0,0.0,5.0,0.0,0.0,0.0,0.0,0.0,0.0,0.0,0.0,0.0,0.0,0.0,0.0,0.0,5.0,0.0,0.0,0.0,0.0,0.0,0.0,0.0,6.0,0.0,6.0,0.0,22.0,34.0,48.248369,75.0,10.0,8.626199999999997,6.0,212.0,101.959729,1396.23,1766.0,4139.83752,0.0,1144.1922,6.0,6.0,157.10357100000002,4449.656,0.0,285.841095,0.0,302.0,186.444329,-17.57,75.0,90.0,133.0,171.128928,-8.599006,0,5.0,High
5.0,0.0,0.0,0.0,0.0,0.0,0.0,0.0,0.0,0.0,0.0,0.0,0.0,0.0,0.0,5.0,8.0,3.0,0.0,0.0,0.0,0.0,0.0,0.0,0.0,0.0,0.0,0.0,21.0,10.0,52.546092,47.0,5.0,-3.567200000000001,0.0,108.0,46.45003799999999,902.29,958.0,2040.903087,0.0,611.8494999999999,0.0,0.0,84.664874,2478.889,0.0,162.990895,-3.0,165.0,102.015904,-15.54,47.0,57.0,50.0,80.603948,-8.513123,1,3.0,Medium
0.0,0.0,2.0,0.0,0.0,0.0,0.0,0.0,0.0,0.0,0.0,0.0,0.0,0.0,0.0,5.0,8.0,6.0,0.0,0.0,0.0,0.0,0.0,0.0,0.0,0.0,0.0,0.0,21.0,9.0,62.483499,45.0,4.0,2.7681999999999984,0.0,116.0,49.792867,824.97,964.0,2070.784336,0.0,624.8996,0.0,0.0,83.781406,2431.6850000000004,0.0,155.947922,-6.0,167.0,102.939385,-16.29,45.0,51.0,55.0,77.938744,-8.534327,2,0.0,Low
0.0,0.0,4.0,0.0,0.0,0.0,0.0,0.0,0.0,0.0,3.0,0.0,0.0,0.0,0.0,7.0,8.0,0.0,0.0,0.0,0.0,0.0,0.0,0.0,0.0,0.0,0.0,0.0,22.0,15.0,58.498402,50.0,8.0,-6.749300000000001,0.0,115.0,50.075545000000005,980.3,1026.0,2143.4724770000003,0.0,654.3658,0.0,0.0,97.126646,2630.635,0.0,170.695844,-4.0,177.0,107.568523,-16.78,50.0,62.0,60.0,89.937099,-8.567832,1,1.0,Medium
5.0,0.0,0.0,0.0,0.0,0.0,0.0,0.0,0.0,0.0,0.0,0.0,0.0,0.0,0.0,5.0,6.0,0.0,0.0,0.0,0.0,0.0,5.0,0.0,0.0,0.0,0.0,0.0,21.0,10.0,54.77237,47.0,5.0,9.481299999999996,0.0,138.0,60.91411699999999,874.6300000000001,1138.0,2471.222193,0.0,754.7935,0.0,0.0,94.80567,2901.715,0.0,192.990895,-1.0,195.0,125.061664,-15.54,47.0,57.0,71.0,100.45995100000002,-8.606261,1,3.0,Medium
0.0,0.0,4.0,0.0,0.0,0.0,0.0,0.0,0.0,0.0,0.0,0.0,0.0,0.0,0.0,4.0,11.0,2.0,0.0,0.0,0.0,0.0,0.0,0.0,0.0,0.0,0.0,0.0,21.0,12.0,55.45398899999999,42.0,8.0,-8.721100000000002,0.0,101.0,43.283804,907.11,896.0,1884.9805670000003,0.0,569.8164,0.0,0.0,87.89475200000001,2305.257,0.0,149.725844,-7.0,155.0,94.114574,-15.750000000000002,42.0,54.0,47.0,73.41961199999999,-8.596692,2,0.0,Low
0.0,8.0,0.0,0.0,0.0,0.0,0.0,0.0,0.0,0.0,3.0,0.0,0.0,0.0,0.0,0.0,8.0,2.0,0.0,0.0,0.0,0.0,0.0,0.0,0.0,0.0,0.0,0.0,21.0,16.0,41.364997,37.0,16.0,-7.814500000000001,0.0,109.0,48.418702,934.15,994.0,2029.332119,0.0,658.5554,0.0,0.0,94.61095,2610.498,0.0,176.939432,0.0,170.0,108.180406,-14.71,37.0,61.0,55.0,93.737959,-8.627311,1,3.0,Medium
3.0,0.0,0.0,0.0,3.0,0.0,0.0,0.0,0.0,0.0,0.0,0.0,0.0,0.0,0.0,4.0,0.0,11.0,0.0,0.0,0.0,0.0,0.0,0.0,0.0,0.0,0.0,0.0,21.0,10.0,61.76395,46.0,6.0,23.0862,0.0,166.0,74.074021,729.46,1290.0,2885.03231,0.0,886.8786,0.0,0.0,93.790928,3227.621,0.0,212.998537,6.0,221.0,147.020846,-16.12,46.0,55.0,83.0,111.287198,-8.534577,0,5.0,High
0.0,0.0,0.0,0.0,0.0,0.0,0.0,0.0,5.0,0.0,0.0,0.0,0.0,0.0,0.0,4.0,5.0,0.0,0.0,0.0,0.0,0.0,8.0,0.0,0.0,0.0,0.0,0.0,22.0,14.0,76.33066299999999,43.0,10.0,17.6468,0.0,180.0,81.905535,764.87,1354.0,2934.858353,0.0,930.6792,0.0,0.0,101.788013,3318.615,0.0,215.26,0.0,233.0,151.742458,-17.74,43.0,53.0,103.0,119.024939,-8.594104,1,2.0,Medium
0.0,0.0,6.0,0.0,0.0,0.0,0.0,0.0,0.0,1.0,0.0,0.0,0.0,0.0,0.0,4.0,10.0,0.0,0.0,0.0,0.0,0.0,0.0,0.0,0.0,0.0,0.0,0.0,21.0,17.0,47.70218,41.0,13.0,-12.9692,1.0,106.0,46.924413,967.83,964.0,2056.8457780000003,0.0,620.2937000000001,1.0,1.0,95.038371,2509.406,0.0,164.459927,-3.0,166.0,102.235318,-15.33,41.0,60.0,50.0,82.741976,-8.639534,1,2.0,Medium
3.0,0.0,0.0,0.0,0.0,0.0,6.0,0.0,0.0,0.0,0.0,0.0,0.0,0.0,0.0,4.0,8.0,0.0,0.0,0.0,0.0,0.0,0.0,0.0,0.0,0.0,0.0,0.0,21.0,13.0,59.63044000000001,46.0,9.0,-11.0796,0.0,120.0,53.92195299999999,853.4200000000001,1032.0,2140.725188,0.0,663.8017,0.0,0.0,86.808278,2622.384,0.0,169.878537,1.0,178.0,110.533049,-16.240000000000002,46.0,58.0,65.0,89.388751,-8.648822,1,4.0,Medium
0.0,0.0,3.0,0.0,0.0,0.0,0.0,0.0,0.0,4.0,0.0,0.0,0.0,0.0,0.0,4.0,10.0,0.0,0.0,0.0,0.0,0.0,0.0,0.0,0.0,0.0,0.0,0.0,21.0,14.0,53.935982,47.0,10.0,-15.1043,4.0,115.0,51.506181,917.52,1006.0,2275.876939,0.0,634.4294,4.0,4.0,84.647775,2571.1670000000004,0.0,158.841527,-3.0,175.0,105.253213,-16.32,47.0,60.0,50.0,77.37106399999999,-8.701729,1,3.0,Medium
0.0,0.0,0.0,0.0,0.0,0.0,5.0,0.0,0.0,0.0,0.0,0.0,0.0,0.0,0.0,4.0,8.0,0.0,0.0,0.0,0.0,0.0,5.0,0.0,0.0,0.0,0.0,0.0,22.0,9.0,74.801101,48.0,5.0,6.582399999999996,0.0,153.0,68.34897600000001,792.36,1192.0,2548.316309,0.0,788.8007,0.0,0.0,94.056395,2941.782,0.0,188.26,-3.0,206.0,130.177101,-17.74,48.0,53.0,85.0,100.793447,-8.593759,1,3.0,Medium
0.0,0.0,5.0,0.0,0.0,0.0,0.0,0.0,0.0,0.0,0.0,0.0,0.0,0.0,0.0,4.0,8.0,0.0,0.0,5.0,0.0,0.0,0.0,0.0,0.0,0.0,0.0,0.0,22.0,14.0,57.451761,43.0,10.0,-1.9966000000000017,0.0,118.0,50.875371,922.36,1022.0,2223.593264,0.0,670.4962,0.0,0.0,96.19429,2628.222,0.0,172.80480500000002,-3.0,176.0,111.195161,-16.29,43.0,58.0,50.0,82.74744199999999,-8.65155,1,3.0,Medium
0.0,0.0,5.0,0.0,0.0,0.0,0.0,0.0,0.0,0.0,0.0,0.0,0.0,0.0,0.0,3.0,10.0,4.0,0.0,0.0,0.0,0.0,0.0,0.0,0.0,0.0,0.0,0.0,22.0,13.0,55.480073,42.0,10.0,-4.197300000000001,0.0,115.0,49.988326,929.79,998.0,2102.4366090000003,0.0,650.5594000000001,0.0,0.0,96.56279700000002,2568.126,0.0,168.84480499999998,-5.0,172.0,107.086964,-16.25,42.0,57.0,55.0,85.43745799999999,-8.636934,1,1.0,Medium
3.0,0.0,0.0,0.0,2.0,0.0,0.0,0.0,0.0,0.0,0.0,0.0,0.0,0.0,0.0,12.0,5.0,0.0,0.0,0.0,0.0,0.0,0.0,0.0,0.0,0.0,0.0,0.0,22.0,17.0,64.586343,56.0,5.0,-3.2895000000000003,0.0,129.0,56.409315,982.31,1120.0,2491.296265,0.0,716.4033,0.0,0.0,88.714308,2845.533,0.0,183.928537,0.0,193.0,119.419183,-17.189999999999998,56.0,64.0,62.0,89.646371,-8.617396,1,4.0,Medium
0.0,0.0,0.0,0.0,0.0,0.0,7.0,0.0,0.0,0.0,0.0,0.0,0.0,0.0,0.0,4.0,7.0,3.0,0.0,0.0,0.0,0.0,0.0,0.0,0.0,0.0,0.0,0.0,21.0,11.0,69.76567599999998,46.0,7.0,-3.952400000000001,0.0,132.0,59.306823,761.11,1068.0,2233.184918,0.0,696.3801,0.0,0.0,84.097137,2650.2870000000003,0.0,167.97,0.0,185.0,115.187241,-17.03,46.0,53.0,73.0,90.081156,-8.637266,1,4.0,Medium
0.0,0.0,5.0,0.0,0.0,0.0,0.0,0.0,0.0,4.0,0.0,0.0,0.0,0.0,0.0,8.0,0.0,4.0,0.0,0.0,0.0,0.0,0.0,0.0,0.0,0.0,0.0,0.0,21.0,22.0,48.714004,49.0,14.0,3.1529,4.0,155.0,71.774079,921.02,1298.0,2968.3100790000003,0.0,871.4362000000001,4.0,4.0,98.671145,3309.323,0.0,212.419449,9.0,223.0,142.700547,-15.98,49.0,68.0,76.0,113.770144,-8.802102,1,2.0,Medium
0.0,0.0,0.0,0.0,0.0,0.0,6.0,0.0,0.0,0.0,0.0,0.0,0.0,0.0,0.0,4.0,9.0,0.0,0.0,0.0,0.0,0.0,0.0,0.0,0.0,0.0,0.0,2.0,21.0,20.0,67.622777,56.0,8.0,-17.2553,2.0,127.0,58.29127199999999,988.69,1100.0,2440.7275710000004,0.0,682.5292000000001,2.0,2.0,81.70415600000001,2748.101000000001,0.0,169.64129599999998,-3.0,191.0,113.137252,-17.47,56.0,64.0,69.0,86.24124,-8.678974,1,3.0,Medium
5.0,0.0,0.0,0.0,0.0,5.0,0.0,0.0,0.0,0.0,0.0,0.0,0.0,0.0,0.0,2.0,10.0,0.0,0.0,0.0,0.0,0.0,0.0,0.0,0.0,0.0,0.0,0.0,22.0,12.0,55.822238,46.0,10.0,-15.483,0.0,112.0,48.557665,917.76,1004.0,2179.51315,0.0,638.8915999999999,0.0,0.0,95.557025,2595.081,0.0,170.120895,0.0,173.0,108.317032,-16.41,46.0,61.0,51.0,80.813652,-8.571282,1,4.0,Medium
5.0,0.0,0.0,0.0,3.0,0.0,0.0,0.0,0.0,0.0,0.0,0.0,0.0,0.0,0.0,5.0,8.0,0.0,0.0,0.0,0.0,0.0,0.0,0.0,0.0,0.0,0.0,0.0,21.0,13.0,54.35928,47.0,8.0,-6.862400000000001,0.0,120.0,52.549632,915.61,1048.0,2300.231271,0.0,675.4305999999999,0.0,0.0,89.011046,2695.282,0.0,177.870895,0.0,180.0,113.858683,-15.66,47.0,60.0,56.0,85.358963,-8.620599,1,4.0,Medium
0.0,0.0,0.0,0.0,0.0,0.0,0.0,3.0,0.0,0.0,0.0,0.0,0.0,0.0,0.0,2.0,0.0,0.0,0.0,0.0,0.0,5.0,11.0,0.0,0.0,0.0,0.0,0.0,21.0,5.0,76.896022,44.0,3.0,42.8404,0.0,205.0,90.889025,606.0799999999999,1470.0,3385.288318,0.0,1035.3827,0.0,0.0,107.668826,3585.224,0.0,235.21,3.0,252.0,171.434946,-16.79,44.0,47.0,100.0,121.06236,-8.327185,1,4.0,Medium
0.0,0.0,3.0,0.0,0.0,0.0,0.0,0.0,0.0,0.0,4.0,0.0,0.0,0.0,0.0,3.0,11.0,0.0,0.0,0.0,0.0,0.0,0.0,0.0,0.0,0.0,0.0,0.0,21.0,9.0,57.570494,46.0,6.0,-9.3548,0.0,100.0,42.60378,893.3600000000001,894.0,1814.34375,0.0,558.7478000000001,0.0,0.0,89.798827,2287.727,0.0,146.736883,-8.0,155.0,92.293256,-16.12,46.0,55.0,52.0,76.871304,-8.546166,2,0.0,Low
0.0,0.0,0.0,0.0,0.0,0.0,0.0,0.0,0.0,6.0,0.0,0.0,0.0,0.0,0.0,6.0,5.0,0.0,0.0,0.0,0.0,0.0,5.0,0.0,0.0,0.0,0.0,0.0,22.0,12.0,67.429218,56.0,6.0,5.934799999999999,6.0,171.0,78.054187,851.15,1342.0,3164.67495,0.0,881.5020000000001,6.0,6.0,90.706732,3329.211,0.0,203.356966,1.0,233.0,145.544348,-18.1,56.0,62.0,82.0,104.7891,-8.7806225,1,4.0,Medium
0.0,0.0,0.0,0.0,5.0,0.0,0.0,0.0,0.0,3.0,0.0,0.0,0.0,0.0,0.0,6.0,8.0,0.0,0.0,0.0,0.0,0.0,0.0,0.0,0.0,0.0,0.0,0.0,22.0,14.0,71.82086100000001,53.0,8.0,-6.934200000000001,3.0,150.0,67.060977,873.8299999999999,1216.0,2848.6834990000007,0.0,784.6254000000001,3.0,3.0,87.593001,3021.717,0.0,187.168483,0.0,211.0,132.103879,-18.06,53.0,61.0,68.0,87.116366,-8.783731,1,4.0,Medium
0.0,0.0,0.0,0.0,4.0,0.0,0.0,0.0,0.0,0.0,0.0,0.0,0.0,0.0,0.0,5.0,9.0,4.0,0.0,0.0,0.0,0.0,0.0,0.0,0.0,0.0,0.0,0.0,22.0,9.0,74.730826,49.0,4.0,1.6434999999999986,0.0,137.0,59.223537,821.98,1096.0,2454.102687,0.0,711.3527999999999,0.0,0.0,86.32491999999999,2716.318,0.0,172.26000000000002,-5.0,190.0,119.283505,-17.74,49.0,53.0,64.0,80.731804,-8.598509,2,0.0,Low
4.0,2.0,0.0,0.0,0.0,0.0,0.0,0.0,0.0,0.0,0.0,0.0,0.0,0.0,0.0,5.0,10.0,0.0,0.0,0.0,0.0,0.0,0.0,0.0,0.0,0.0,0.0,0.0,21.0,13.0,49.018295,45.0,8.0,-12.5246,0.0,96.0,41.159615,963.19,900.0,1895.9882740000005,0.0,565.0920000000001,0.0,0.0,84.303688,2359.065,0.0,155.947074,-4.0,155.0,94.336211,-15.29,45.0,59.0,43.0,75.130808,-8.541755,1,1.0,Medium
0.0,0.0,0.0,0.0,0.0,0.0,0.0,4.0,0.0,2.0,0.0,0.0,0.0,0.0,0.0,4.0,11.0,0.0,0.0,0.0,0.0,0.0,0.0,0.0,0.0,0.0,0.0,0.0,21.0,10.0,65.76437899999999,48.0,6.0,-17.9807,2.0,105.0,45.490286,830.45,908.0,1986.856309,0.0,558.3254000000001,2.0,2.0,79.243874,2279.469,0.0,138.082322,-5.0,159.0,93.56027,-17.07,48.0,54.0,47.0,64.624022,-8.564382,2,0.0,Low
0.0,0.0,5.0,0.0,0.0,0.0,0.0,0.0,0.0,0.0,4.0,0.0,0.0,0.0,0.0,0.0,8.0,5.0,0.0,0.0,0.0,0.0,0.0,0.0,0.0,0.0,0.0,0.0,22.0,10.0,54.336277,43.0,10.0,2.5782999999999987,0.0,127.0,55.798531,878.36,1076.0,2203.090332,0.0,712.8520000000001,0.0,0.0,104.322115,2754.465,0.0,181.804805,-3.0,185.0,116.896975,-16.29,43.0,58.0,68.0,100.327669,-8.647052,1,3.0,Medium
0.0,0.0,0.0,0.0,5.0,0.0,0.0,0.0,0.0,0.0,0.0,0.0,0.0,0.0,0.0,4.0,10.0,3.0,0.0,0.0,0.0,0.0,0.0,0.0,0.0,0.0,0.0,0.0,22.0,9.0,75.14597800000001,48.0,5.0,-0.6306000000000012,0.0,138.0,59.74520199999999,820.02,1102.0,2478.987438,0.0,714.8917,0.0,0.0,87.255764,2729.3610000000003,0.0,173.26,-5.0,191.0,120.447021,-17.74,48.0,53.0,64.0,79.74906899999999,-8.625558,2,0.0,Low
0.0,0.0,0.0,4.0,0.0,0.0,4.0,0.0,0.0,0.0,5.0,0.0,0.0,0.0,0.0,0.0,8.0,0.0,0.0,0.0,0.0,0.0,0.0,0.0,0.0,0.0,0.0,0.0,21.0,8.0,68.597089,47.0,8.0,-6.178300000000001,0.0,135.0,60.87151399999999,744.61,1098.0,2255.3115430000003,0.0,712.8866,0.0,0.0,93.511514,2723.382,0.0,172.89,0.0,190.0,118.585886,-17.11,47.0,55.0,81.0,97.693807,-8.660024,1,4.0,Medium
3.0,0.0,0.0,0.0,0.0,0.0,0.0,0.0,0.0,2.0,0.0,0.0,0.0,0.0,0.0,5.0,11.0,0.0,0.0,0.0,0.0,0.0,0.0,0.0,0.0,0.0,0.0,0.0,21.0,10.0,56.37896799999999,49.0,5.0,-14.0149,2.0,101.0,43.518822,915.84,908.0,1995.978305,0.0,558.1777000000001,2.0,2.0,78.516018,2332.7200000000003,0.0,146.070859,-6.0,158.0,93.49364,-16.200000000000003,49.0,57.0,43.0,68.468533,-8.570757,2,0.0,Low
4.0,0.0,0.0,0.0,0.0,0.0,0.0,0.0,0.0,0.0,0.0,0.0,0.0,0.0,0.0,6.0,4.0,0.0,0.0,0.0,0.0,0.0,0.0,0.0,8.0,0.0,0.0,0.0,22.0,10.0,57.052058,50.0,4.0,32.4468,0.0,192.0,88.130458,865.86,1464.0,2927.033516,0.0,1005.0732,0.0,0.0,162.740104,3654.686,0.0,244.204716,0.0,250.0,161.225702,-16.62,50.0,58.0,130.0,163.14048,-8.561431,1,3.0,Medium
0.0,0.0,0.0,0.0,0.0,0.0,0.0,3.0,0.0,0.0,0.0,0.0,0.0,0.0,0.0,4.0,9.0,0.0,0.0,6.0,0.0,0.0,0.0,0.0,0.0,0.0,0.0,0.0,22.0,7.0,73.888586,48.0,3.0,-3.6424,0.0,114.0,47.568792,797.31,946.0,2084.696735,0.0,601.0243,0.0,0.0,82.31863999999999,2361.675,0.0,147.34,-6.0,165.0,101.099935,-17.66,48.0,51.0,45.0,64.702877,-8.475201,2,0.0,Low
0.0,0.0,0.0,0.0,0.0,0.0,5.0,0.0,0.0,3.0,0.0,0.0,0.0,0.0,0.0,0.0,4.0,9.0,0.0,0.0,0.0,0.0,0.0,0.0,0.0,0.0,0.0,0.0,21.0,8.0,65.878413,45.0,8.0,8.1053,3.0,159.0,72.64801,670.83,1224.0,2704.184901,0.0,823.7506000000001,3.0,3.0,86.17125800000001,3026.0160000000005,0.0,189.198483,4.0,212.0,135.878513,-17.03,45.0,53.0,82.0,102.966226,-8.692616,0,5.0,High
0.0,0.0,5.0,0.0,0.0,0.0,0.0,0.0,0.0,3.0,0.0,0.0,0.0,0.0,0.0,0.0,9.0,4.0,0.0,0.0,0.0,0.0,0.0,0.0,0.0,0.0,0.0,0.0,21.0,13.0,48.326923,40.0,13.0,-6.351200000000001,3.0,124.0,55.8485,869.98,1054.0,2322.347016,0.0,693.2461000000001,3.0,3.0,93.845868,2707.416,0.0,173.74328799999998,-1.0,182.0,114.354393,-15.580000000000002,40.0,58.0,57.0,88.974346,-8.698532,1,2.0,Medium
0.0,0.0,0.0,0.0,0.0,0.0,0.0,0.0,0.0,0.0,0.0,0.0,0.0,0.0,0.0,5.0,4.0,0.0,0.0,0.0,0.0,0.0,6.0,0.0,6.0,0.0,0.0,0.0,21.0,5.0,69.978827,47.0,0.0,43.930800000000005,0.0,204.0,92.746547,708.77,1464.0,3043.740064,0.0,1017.584,0.0,0.0,145.07011,3567.0930000000003,0.0,234.21,-4.0,251.0,163.422667,-16.79,47.0,47.0,133.0,151.77904999999998,-8.463302,1,1.0,Medium
5.0,0.0,0.0,5.0,0.0,0.0,0.0,0.0,0.0,0.0,0.0,0.0,0.0,0.0,0.0,1.0,10.0,0.0,0.0,0.0,0.0,0.0,0.0,0.0,0.0,0.0,0.0,0.0,21.0,11.0,53.165534,43.0,10.0,-11.68,0.0,116.0,51.547565000000006,871.23,1012.0,2170.004325,0.0,652.2028,0.0,0.0,90.87448,2605.208,0.0,171.95089499999995,0.0,174.0,110.003066,-15.58,43.0,58.0,58.0,85.499321,-8.62371,1,3.0,Medium
0.0,0.0,0.0,0.0,0.0,0.0,6.0,0.0,0.0,3.0,0.0,0.0,0.0,0.0,0.0,4.0,9.0,0.0,0.0,0.0,0.0,0.0,0.0,0.0,0.0,0.0,0.0,0.0,22.0,13.0,69.069047,51.0,9.0,-14.4031,3.0,135.0,61.441155,851.6400000000001,1120.0,2450.127869,0.0,713.1445000000001,3.0,3.0,84.912845,2794.329,0.0,171.208483,0.0,195.0,118.548472,-18.02,51.0,60.0,69.0,88.50188,-8.733438,1,4.0,Medium
3.0,0.0,0.0,0.0,0.0,0.0,0.0,0.0,0.0,0.0,4.0,0.0,0.0,0.0,0.0,3.0,11.0,0.0,0.0,0.0,0.0,0.0,0.0,0.0,0.0,0.0,0.0,0.0,21.0,6.0,57.570494,49.0,3.0,-9.2441,0.0,97.0,40.771518,884.96,876.0,1779.8856330000003,0.0,538.7447000000001,0.0,0.0,84.513664,2248.598,0.0,143.998537,-8.0,152.0,89.896682,-16.12,49.0,55.0,49.0,73.908789,-8.461989,2,0.0,Low
0.0,0.0,0.0,0.0,0.0,0.0,6.0,0.0,0.0,0.0,0.0,0.0,0.0,0.0,0.0,4.0,2.0,0.0,9.0,0.0,0.0,0.0,0.0,0.0,0.0,0.0,0.0,0.0,21.0,10.0,67.99113700000001,46.0,6.0,9.7197,0.0,147.0,66.798076,687.52,1152.0,2304.299555,0.0,774.8254000000001,0.0,0.0,96.440234,2849.709,0.0,182.01,4.0,199.0,125.818784,-16.99,46.0,52.0,86.0,108.66325,-8.594952,1,4.0,Medium
5.0,0.0,0.0,0.0,0.0,0.0,0.0,0.0,0.0,0.0,0.0,0.0,0.0,0.0,0.0,6.0,5.0,0.0,0.0,0.0,0.0,0.0,5.0,0.0,0.0,0.0,0.0,0.0,21.0,11.0,54.961614,48.0,5.0,10.656999999999998,0.0,141.0,62.425650000000005,881.03,1162.0,2532.78017,0.0,772.4483,0.0,0.0,95.32355,2960.803,0.0,196.950895,0.0,199.0,127.84574100000002,-15.579999999999998,48.0,58.0,73.0,103.027691,-8.619877,1,4.0,Medium
0.0,0.0,0.0,0.0,0.0,0.0,6.0,0.0,0.0,0.0,3.0,0.0,0.0,0.0,0.0,4.0,8.0,0.0,0.0,0.0,0.0,0.0,0.0,0.0,0.0,0.0,0.0,0.0,21.0,10.0,68.732059,49.0,6.0,-8.1315,0.0,123.0,54.79283199999999,798.19,1026.0,2094.233057,0.0,654.4204,0.0,0.0,85.954544,2555.01,0.0,160.89,-2.0,178.0,108.315608,-17.11,49.0,55.0,71.0,88.53133899999999,-8.609118,1,3.0,Medium
0.0,0.0,0.0,0.0,0.0,0.0,3.0,0.0,0.0,3.0,0.0,0.0,0.0,0.0,0.0,4.0,11.0,0.0,0.0,0.0,0.0,0.0,0.0,0.0,0.0,0.0,0.0,0.0,21.0,10.0,65.270755,49.0,6.0,-15.479400000000002,3.0,114.0,50.545336,839.6800000000001,966.0,2137.562789,0.0,599.3494000000001,3.0,3.0,76.615538,2419.695,0.0,146.118483,-5.0,169.0,99.962237,-17.11,49.0,55.0,53.0,70.982497,-8.633916,2,0.0,Low
5.0,0.0,0.0,0.0,0.0,0.0,0.0,0.0,0.0,4.0,0.0,0.0,0.0,0.0,0.0,3.0,9.0,0.0,0.0,0.0,0.0,0.0,0.0,0.0,0.0,0.0,0.0,0.0,21.0,12.0,47.337128,49.0,9.0,-14.4751,4.0,115.0,51.552996,930.34,1028.0,2317.866487,0.0,647.9157,4.0,4.0,83.61282800000001,2664.0960000000005,0.0,168.055539,0.0,178.0,108.609992,-15.78,49.0,63.0,49.0,81.954163,-8.659845,1,4.0,Medium
0.0,0.0,3.0,0.0,0.0,0.0,3.0,0.0,0.0,0.0,2.0,0.0,0.0,0.0,0.0,0.0,13.0,0.0,0.0,0.0,0.0,0.0,0.0,0.0,0.0,0.0,0.0,0.0,21.0,9.0,57.938113,41.0,9.0,-14.3875,0.0,101.0,43.888632,855.19,888.0,1779.310608,0.0,559.4845,0.0,0.0,89.133554,2267.812,0.0,145.816883,-7.0,154.0,92.86717,-16.04,41.0,53.0,53.0,75.62419499999999,-8.619387,2,0.0,Low
0.0,0.0,0.0,0.0,0.0,0.0,6.0,0.0,0.0,0.0,0.0,0.0,0.0,0.0,0.0,4.0,4.0,0.0,0.0,0.0,0.0,0.0,8.0,0.0,0.0,0.0,0.0,0.0,22.0,10.0,76.528492,48.0,6.0,20.4998,0.0,186.0,84.61531399999998,741.48,1396.0,3020.408912,0.0,953.2894,0.0,0.0,103.48378200000002,3424.728,0.0,222.22,2.0,240.0,156.61213,-17.78,48.0,54.0,108.0,124.357558,-8.5445385,0,5.0,High
0.0,0.0,5.0,0.0,0.0,0.0,0.0,0.0,0.0,0.0,3.0,0.0,0.0,0.0,0.0,0.0,9.0,4.0,0.0,0.0,0.0,0.0,0.0,0.0,0.0,0.0,0.0,0.0,21.0,10.0,51.19474,40.0,10.0,-1.157300000000002,0.0,115.0,50.305349,856.6600000000001,988.0,2022.365607,0.0,649.7260000000001,0.0,0.0,98.097567,2539.152,0.0,167.634805,-4.0,170.0,106.722483,-15.46,40.0,55.0,60.0,90.525331,-8.616547,1,1.0,Medium
0.0,5.0,0.0,0.0,0.0,0.0,0.0,0.0,0.0,4.0,0.0,0.0,0.0,0.0,0.0,4.0,8.0,0.0,0.0,0.0,0.0,0.0,0.0,0.0,0.0,0.0,0.0,0.0,21.0,18.0,47.526372,45.0,14.0,-15.4344,4.0,118.0,53.61829899999999,950.74,1052.0,2379.424464,0.0,675.8240000000001,4.0,4.0,84.130708,2718.264,0.0,172.01553900000002,1.0,182.0,111.852824,-15.82,45.0,64.0,51.0,84.521903,-8.677255,1,3.0,Medium
0.0,0.0,0.0,0.0,0.0,0.0,0.0,0.0,5.0,0.0,0.0,0.0,0.0,0.0,0.0,4.0,10.0,2.0,0.0,0.0,0.0,0.0,0.0,0.0,0.0,0.0,0.0,0.0,21.0,14.0,69.26235399999999,41.0,10.0,-10.5069,0.0,115.0,50.931083,807.72,954.0,1990.777922,0.0,615.4291999999999,0.0,0.0,79.79052100000001,2371.838,0.0,149.05,-5.0,166.0,100.945172,-16.95,41.0,51.0,60.0,75.90597899999999,-8.618553,2,0.0,Low
0.0,0.0,0.0,0.0,0.0,0.0,0.0,0.0,0.0,0.0,0.0,0.0,0.0,0.0,0.0,0.0,3.0,0.0,0.0,0.0,0.0,0.0,6.0,0.0,6.0,6.0,0.0,0.0,21.0,0.0,68.252709,42.0,0.0,74.6781,0.0,267.0,123.603354,593.7900000000001,1812.0,3727.290861,0.0,1303.788,0.0,0.0,193.35051,4371.807000000001,0.0,292.41,-3.0,309.0,207.707226,-16.590000000000003,42.0,42.0,189.0,205.77924,-8.370869,1,3.0,Medium
5.0,0.0,0.0,0.0,5.0,0.0,0.0,0.0,0.0,0.0,0.0,0.0,0.0,0.0,0.0,5.0,6.0,0.0,0.0,0.0,0.0,0.0,0.0,0.0,0.0,0.0,0.0,0.0,21.0,15.0,55.7834,47.0,10.0,-3.092200000000001,0.0,138.0,61.420852,896.8299999999999,1168.0,2615.7284830000003,0.0,768.7719999999999,0.0,0.0,93.73865,2981.83,0.0,197.790895,4.0,200.0,129.841809,-15.74,47.0,62.0,66.0,95.548851,-8.745149,1,4.0,Medium
0.0,0.0,6.0,0.0,0.0,0.0,0.0,0.0,0.0,0.0,5.0,0.0,0.0,0.0,0.0,0.0,6.0,0.0,0.0,5.0,0.0,0.0,0.0,0.0,0.0,0.0,0.0,0.0,22.0,12.0,52.63532,43.0,12.0,3.2598,0.0,130.0,57.06328799999999,890.3700000000001,1114.0,2325.377436,0.0,744.3418,0.0,0.0,108.765889,2866.061,0.0,190.633766,0.0,191.0,122.774266,-16.08,43.0,61.0,65.0,102.37502899999998,-8.701441,1,4.0,Medium
0.0,0.0,4.0,0.0,0.0,0.0,0.0,0.0,0.0,0.0,0.0,0.0,0.0,0.0,0.0,4.0,10.0,0.0,0.0,0.0,0.0,0.0,0.0,0.0,0.0,0.0,3.0,0.0,21.0,24.0,52.785714,60.0,8.0,-17.6884,3.0,118.0,53.549459000000006,1191.42,1100.0,2601.675674,0.0,669.7270000000001,3.0,3.0,89.138222,2826.658,0.0,178.16398900000002,-6.0,190.0,111.63485,-16.47,60.0,72.0,56.0,84.854297,-8.721261,2,0.0,Low
0.0,0.0,0.0,0.0,0.0,0.0,0.0,5.0,0.0,0.0,0.0,0.0,0.0,0.0,0.0,4.0,6.0,7.0,0.0,0.0,0.0,0.0,0.0,0.0,0.0,0.0,0.0,0.0,22.0,9.0,71.966634,48.0,5.0,1.5669000000000004,0.0,133.0,57.88794,764.7,1072.0,2299.773475,0.0,701.5947,0.0,0.0,89.594416,2663.258,0.0,168.26,-1.0,186.0,116.236151,-17.74,48.0,53.0,66.0,85.68068000000001,-8.578396,1,3.0,Medium
3.0,0.0,0.0,0.0,0.0,0.0,0.0,0.0,0.0,0.0,0.0,0.0,0.0,0.0,0.0,4.0,9.0,0.0,0.0,5.0,0.0,0.0,0.0,0.0,0.0,0.0,0.0,0.0,21.0,7.0,60.656566,46.0,3.0,-2.4286000000000003,0.0,104.0,43.325819,840.61,900.0,1972.244024,0.0,570.8095000000001,0.0,0.0,79.407589,2300.806,0.0,148.118537,-6.0,156.0,96.062487,-16.0,46.0,52.0,40.0,66.175037,-8.480264,2,0.0,Low
0.0,0.0,0.0,6.0,0.0,0.0,0.0,0.0,0.0,0.0,2.0,0.0,0.0,0.0,0.0,4.0,10.0,0.0,0.0,0.0,0.0,0.0,0.0,0.0,0.0,0.0,0.0,0.0,22.0,10.0,72.960114,50.0,6.0,-8.698400000000001,0.0,128.0,56.35218599999999,842.9200000000001,1060.0,2290.438598,0.0,674.8814,0.0,0.0,90.122092,2637.112,0.0,166.14,-4.0,184.0,112.922888,-17.86,50.0,56.0,68.0,84.121658,-8.641175,2,0.0,Low
0.0,0.0,5.0,0.0,0.0,0.0,3.0,0.0,0.0,0.0,0.0,0.0,0.0,0.0,0.0,4.0,12.0,0.0,0.0,0.0,0.0,0.0,0.0,0.0,0.0,0.0,0.0,0.0,24.0,17.0,62.241758,47.0,13.0,-14.957,0.0,122.0,53.891202,1043.6,1084.0,2247.249557,0.0,695.3053,0.0,0.0,104.927672,2788.331,0.0,182.104805,-4.0,187.0,114.88235000000002,-17.990000000000002,47.0,65.0,62.0,93.006351,-8.631689,1,1.0,Medium
3.0,0.0,0.0,0.0,0.0,0.0,3.0,0.0,0.0,0.0,0.0,0.0,0.0,0.0,4.0,11.0,0.0,0.0,0.0,0.0,0.0,0.0,0.0,0.0,0.0,0.0,0.0,0.0,21.0,25.0,61.554389,53.0,10.0,-0.4548999999999998,0.0,139.0,62.911461,963.19,1194.0,2653.49187,0.0,785.9962,0.0,0.0,88.86319499999999,3020.945,0.0,196.558537,6.0,205.0,129.020595,-16.56,53.0,66.0,72.0,101.522426,-8.790398,1,3.0,Medium
5.0,0.0,0.0,0.0,0.0,0.0,0.0,0.0,0.0,0.0,0.0,0.0,0.0,0.0,0.0,4.0,9.0,0.0,0.0,0.0,0.0,4.0,0.0,0.0,0.0,0.0,0.0,0.0,22.0,9.0,58.149105,48.0,5.0,-2.8435000000000006,0.0,113.0,47.279457,922.19,992.0,2202.2102710000004,0.0,634.7877,0.0,0.0,88.27207200000001,2561.9990000000003,0.0,168.240895,-4.0,171.0,107.391467,-16.29,48.0,58.0,40.0,74.392785,-8.555335,2,0.0,Low
0.0,0.0,0.0,6.0,0.0,0.0,0.0,0.0,0.0,0.0,0.0,0.0,0.0,0.0,5.0,0.0,8.0,0.0,0.0,0.0,0.0,0.0,4.0,0.0,0.0,0.0,0.0,0.0,23.0,16.0,79.280133,46.0,11.0,5.146699999999999,0.0,167.0,75.02636199999999,857.33,1298.0,2931.639247,0.0,871.5787,0.0,0.0,101.766786,3195.2440000000006,0.0,205.39,-2.0,224.0,144.200894,-18.61,46.0,57.0,87.0,102.835824,-8.7112055,1,1.0,Medium
0.0,4.0,0.0,0.0,0.0,0.0,4.0,0.0,0.0,0.0,0.0,0.0,0.0,0.0,0.0,5.0,8.0,0.0,0.0,0.0,0.0,0.0,0.0,0.0,0.0,0.0,0.0,0.0,21.0,17.0,56.219221,43.0,12.0,-12.2008,0.0,114.0,51.044709,903.61,1004.0,2100.184868,0.0,649.5039999999999,0.0,0.0,86.318668,2570.723,0.0,167.874716,0.0,173.0,107.295991,-15.95,43.0,59.0,59.0,86.34793,-8.635911,1,3.0,Medium
0.0,0.0,5.0,0.0,0.0,0.0,0.0,0.0,0.0,0.0,6.0,0.0,0.0,0.0,0.0,5.0,5.0,0.0,0.0,0.0,0.0,0.0,0.0,0.0,0.0,0.0,0.0,0.0,21.0,15.0,51.197508,48.0,10.0,-1.7234000000000007,0.0,122.0,54.21016,930.18,1078.0,2205.448312,0.0,703.427,0.0,0.0,103.32506499999998,2769.365,0.0,182.314805,0.0,185.0,115.055692,-15.779999999999998,48.0,63.0,70.0,103.636894,-8.674756,1,4.0,Medium
5.0,0.0,0.0,0.0,0.0,0.0,0.0,0.0,0.0,0.0,0.0,0.0,0.0,0.0,0.0,5.0,7.0,5.0,0.0,0.0,0.0,0.0,0.0,0.0,0.0,0.0,0.0,0.0,22.0,10.0,55.966225,49.0,5.0,1.322099999999999,0.0,121.0,52.360034,914.76,1046.0,2239.4282460000004,0.0,678.0074999999999,0.0,0.0,89.70503,2692.23,0.0,177.200895,-2.0,180.0,112.704798,-16.33,49.0,59.0,57.0,89.145352,-8.550657,1,3.0,Medium
0.0,0.0,0.0,8.0,0.0,0.0,0.0,0.0,0.0,0.0,4.0,0.0,0.0,0.0,0.0,2.0,8.0,0.0,0.0,0.0,0.0,0.0,0.0,0.0,0.0,0.0,0.0,0.0,22.0,10.0,72.91952599999999,50.0,8.0,-5.174000000000001,0.0,144.0,64.640674,802.14,1168.0,2510.033844,0.0,759.4232,0.0,0.0,97.695816,2895.606,0.0,184.06,0.0,202.0,126.91602199999998,-17.939999999999998,50.0,58.0,82.0,98.806384,-8.698399,1,4.0,Medium
5.0,0.0,0.0,0.0,4.0,0.0,0.0,0.0,0.0,0.0,0.0,0.0,0.0,0.0,0.0,4.0,9.0,0.0,0.0,0.0,0.0,0.0,0.0,0.0,0.0,0.0,0.0,0.0,22.0,13.0,58.086901,48.0,9.0,-7.230700000000001,0.0,129.0,56.578881,939.95,1112.0,2452.3353030000003,0.0,719.6505,0.0,0.0,94.066968,2850.523,0.0,188.080895,0.0,191.0,121.667123,-16.45,48.0,62.0,60.0,89.407693,-8.6673,1,4.0,Medium
0.0,0.0,0.0,0.0,0.0,0.0,0.0,5.0,0.0,0.0,4.0,0.0,0.0,0.0,0.0,0.0,5.0,0.0,0.0,0.0,0.0,0.0,8.0,0.0,0.0,0.0,0.0,0.0,22.0,5.0,73.851114,48.0,5.0,18.4972,0.0,174.0,77.64142,706.87,1318.0,2799.200981,0.0,893.4165,0.0,0.0,110.132878,3239.373,0.0,209.26,0.0,227.0,147.194597,-17.74,48.0,53.0,101.0,118.540951,-8.513079,1,4.0,Medium
0.0,0.0,0.0,0.0,0.0,0.0,3.0,0.0,0.0,0.0,0.0,0.0,0.0,0.0,0.0,5.0,9.0,4.0,0.0,0.0,0.0,0.0,0.0,0.0,0.0,0.0,0.0,0.0,21.0,8.0,69.27126799999999,47.0,3.0,-2.6652000000000013,0.0,116.0,50.166572,791.24,954.0,2023.846537,0.0,608.0571,0.0,0.0,78.747019,2375.746,0.0,149.09,-6.0,166.0,100.70158,-16.91,47.0,50.0,58.0,74.828359,-8.515974,2,0.0,Low
3.0,0.0,0.0,0.0,3.0,0.0,0.0,0.0,0.0,0.0,0.0,0.0,0.0,0.0,0.0,4.0,12.0,0.0,0.0,0.0,0.0,0.0,0.0,0.0,0.0,0.0,0.0,0.0,22.0,10.0,63.784451,48.0,6.0,-10.81,0.0,114.0,48.752661,921.72,988.0,2156.581055,0.0,621.8356,0.0,0.0,86.93507,2516.103,0.0,162.20853699999998,-6.0,171.0,105.13813,-16.91,48.0,57.0,51.0,74.199395,-8.590677,2,0.0,Low
0.0,0.0,0.0,0.0,0.0,0.0,5.0,0.0,0.0,0.0,0.0,0.0,0.0,0.0,0.0,4.0,9.0,0.0,0.0,0.0,0.0,0.0,0.0,0.0,0.0,0.0,4.0,0.0,22.0,25.0,68.981235,72.0,5.0,-19.417,4.0,144.0,66.77163300000001,1203.71,1274.0,3049.822053,0.0,770.5785000000001,4.0,4.0,85.268533,3190.443,0.0,194.51086,-4.0,221.0,129.143719,-18.7,72.0,77.0,75.0,95.013711,-8.719997,2,0.0,Low
5.0,0.0,0.0,0.0,0.0,0.0,0.0,0.0,0.0,0.0,0.0,0.0,0.0,0.0,0.0,4.0,5.0,0.0,0.0,8.0,0.0,0.0,0.0,0.0,0.0,0.0,0.0,0.0,22.0,9.0,58.779621,48.0,5.0,5.963299999999999,0.0,125.0,53.212697000000006,866.87,1064.0,2373.056383,0.0,699.6717,0.0,0.0,89.05004,2734.355,0.0,180.240895,0.0,183.0,117.700871,-16.29,48.0,58.0,48.0,83.079117,-8.554324,1,4.0,Medium
0.0,5.0,0.0,0.0,0.0,0.0,0.0,0.0,0.0,0.0,0.0,0.0,0.0,0.0,0.0,5.0,6.0,0.0,0.0,6.0,0.0,0.0,0.0,0.0,0.0,0.0,0.0,0.0,22.0,15.0,58.083625,44.0,10.0,-0.1796000000000006,0.0,120.0,51.683936,914.93,1040.0,2296.685484,0.0,685.904,0.0,0.0,88.45835,2674.291,0.0,176.200895,-1.0,179.0,113.943703,-16.33,44.0,59.0,48.0,82.13405700000001,-8.628958,1,3.0,Medium
0.0,0.0,0.0,0.0,6.0,0.0,0.0,0.0,0.0,0.0,0.0,0.0,0.0,0.0,0.0,6.0,6.0,0.0,0.0,0.0,0.0,0.0,6.0,0.0,0.0,0.0,0.0,0.0,24.0,12.0,85.382268,54.0,6.0,18.8988,0.0,198.0,88.212564,862.2,1500.0,3430.8452580000003,0.0,1014.0990000000002,0.0,0.0,109.793328,3682.998000000001,0.0,238.56,0.0,258.0,169.28994,-19.44,54.0,60.0,102.0,118.955712,-8.533685,1,2.0,Medium
0.0,0.0,0.0,0.0,6.0,0.0,0.0,0.0,0.0,0.0,0.0,0.0,0.0,0.0,0.0,4.0,10.0,0.0,2.0,0.0,0.0,0.0,0.0,0.0,0.0,0.0,0.0,0.0,22.0,10.0,75.256442,48.0,6.0,-2.5092000000000003,0.0,140.0,60.965140000000005,824.46,1120.0,2505.1701500000004,0.0,726.8514000000001,0.0,0.0,90.604132,2773.438000000001,0.0,176.21999999999997,-4.0,194.0,122.549314,-17.78,48.0,54.0,66.0,81.968536,-8.652755,2,0.0,Low
0.0,5.0,0.0,0.0,5.0,0.0,0.0,0.0,0.0,0.0,0.0,0.0,0.0,0.0,0.0,4.0,8.0,0.0,0.0,0.0,0.0,0.0,0.0,0.0,0.0,0.0,0.0,0.0,22.0,19.0,58.798961000000006,43.0,15.0,-7.480600000000001,0.0,138.0,61.56826099999999,944.56,1172.0,2610.0839090000004,0.0,776.5746999999999,0.0,0.0,96.43077,2988.877,0.0,198.040895,2.0,201.0,130.117441,-16.490000000000002,43.0,63.0,65.0,94.502637,-8.736899,1,3.0,Medium
0.0,0.0,3.0,0.0,0.0,0.0,2.0,0.0,0.0,0.0,0.0,0.0,0.0,0.0,0.0,4.0,12.0,0.0,0.0,0.0,0.0,0.0,0.0,0.0,0.0,0.0,0.0,0.0,21.0,12.0,58.839124,43.0,8.0,-14.0623,0.0,99.0,42.700019,899.3800000000001,882.0,1832.981069,0.0,552.35,0.0,0.0,85.31036499999999,2256.741,0.0,144.776883,-7.0,153.0,91.615915,-16.08,43.0,54.0,48.0,71.02079,-8.585003,2,0.0,Low
0.0,5.0,0.0,0.0,0.0,0.0,0.0,0.0,0.0,0.0,3.0,0.0,0.0,0.0,0.0,5.0,8.0,0.0,0.0,0.0,0.0,0.0,0.0,0.0,0.0,0.0,0.0,0.0,21.0,15.0,51.710304,45.0,10.0,-9.1633,0.0,105.0,45.753366,943.98,958.0,1987.501785,0.0,613.0070000000001,0.0,0.0,88.21805,2479.885,0.0,162.870895,-3.0,165.0,100.931453,-15.66,45.0,60.0,53.0,84.38675,-8.565822,1,3.0,Medium
0.0,0.0,0.0,0.0,0.0,0.0,6.0,0.0,0.0,0.0,0.0,0.0,0.0,0.0,0.0,4.0,8.0,0.0,0.0,0.0,0.0,0.0,3.0,0.0,0.0,0.0,0.0,0.0,21.0,10.0,70.774417,46.0,6.0,-0.4215,0.0,138.0,61.838827,770.5,1098.0,2320.258769,0.0,718.7104,0.0,0.0,87.387752,2717.418,0.0,173.01,-2.0,190.0,118.833506,-16.99,46.0,52.0,77.0,92.450212,-8.631192,1,3.0,Medium
2.0,6.0,0.0,0.0,0.0,0.0,0.0,0.0,0.0,0.0,0.0,0.0,0.0,0.0,0.0,5.0,8.0,0.0,0.0,0.0,0.0,0.0,0.0,0.0,0.0,0.0,0.0,0.0,21.0,19.0,42.608685,41.0,14.0,-12.5384,0.0,102.0,44.993241,1002.01,964.0,2033.993916,0.0,624.4390000000001,0.0,0.0,89.07178400000001,2546.275,0.0,171.859432,0.0,165.0,103.240645,-14.79,41.0,63.0,47.0,85.244162,-8.591529,1,3.0,Medium
0.0,0.0,0.0,0.0,6.0,0.0,0.0,0.0,0.0,0.0,0.0,0.0,0.0,0.0,4.0,6.0,6.0,0.0,0.0,0.0,0.0,0.0,0.0,0.0,0.0,0.0,0.0,0.0,22.0,20.0,77.106262,50.0,10.0,-0.7958000000000007,0.0,154.0,68.196066,901.72,1240.0,2884.446884,0.0,817.6430000000001,0.0,0.0,91.427156,3065.906,0.0,195.98,0.0,214.0,136.859116,-18.02,50.0,60.0,72.0,89.60702799999999,-8.75784,1,4.0,Medium
5.0,0.0,0.0,0.0,0.0,0.0,0.0,0.0,0.0,3.0,0.0,0.0,0.0,0.0,0.0,4.0,0.0,10.0,0.0,0.0,0.0,0.0,0.0,0.0,0.0,0.0,0.0,0.0,22.0,12.0,52.934688,51.0,8.0,15.3594,3.0,164.0,74.360506,838.73,1328.0,2994.8974,0.0,898.5927999999999,3.0,3.0,95.809251,3376.466,0.0,219.229378,8.0,228.0,148.361185,-16.53,51.0,64.0,79.0,116.888941,-8.709459,0,5.0,High
0.0,0.0,0.0,0.0,0.0,0.0,0.0,5.0,0.0,0.0,3.0,0.0,0.0,0.0,0.0,0.0,8.0,6.0,0.0,0.0,0.0,0.0,0.0,0.0,0.0,0.0,0.0,0.0,22.0,5.0,70.589198,47.0,5.0,-0.6300000000000008,0.0,128.0,55.39619,739.1299999999999,1036.0,2142.752021,0.0,672.8335,0.0,0.0,92.906228,2575.108,0.0,162.3,-3.0,180.0,111.644577,-17.7,47.0,52.0,67.0,86.2124,-8.576922,1,3.0,Medium
0.0,0.0,6.0,0.0,0.0,0.0,0.0,0.0,0.0,0.0,3.0,0.0,0.0,0.0,0.0,4.0,8.0,0.0,0.0,0.0,0.0,0.0,0.0,0.0,0.0,0.0,0.0,0.0,21.0,16.0,48.316255,43.0,12.0,-7.5783,0.0,111.0,49.047892,954.19,1002.0,2063.862863,0.0,650.6770000000001,0.0,0.0,100.654544,2599.548,0.0,172.34376600000002,-2.0,172.0,106.750484,-15.37,43.0,61.0,59.0,92.800717,-8.630932,1,3.0,Medium
3.0,0.0,0.0,0.0,0.0,0.0,5.0,0.0,0.0,0.0,0.0,0.0,0.0,0.0,0.0,3.0,10.0,0.0,0.0,0.0,0.0,0.0,0.0,0.0,0.0,0.0,0.0,0.0,21.0,11.0,59.24336699999999,45.0,8.0,-12.973300000000002,0.0,111.0,49.146871,856.4100000000001,966.0,1993.616652,0.0,613.2832000000001,0.0,0.0,84.594629,2462.103,0.0,158.95853699999998,-2.0,167.0,102.420545,-16.16,45.0,56.0,58.0,81.488392,-8.569402,1,3.0,Medium
0.0,0.0,3.0,0.0,0.0,0.0,0.0,0.0,0.0,3.0,0.0,0.0,0.0,0.0,0.0,0.0,4.0,11.0,0.0,0.0,0.0,0.0,0.0,0.0,0.0,0.0,0.0,0.0,21.0,9.0,55.490181,42.0,9.0,12.9129,3.0,151.0,68.05326600000001,739.95,1188.0,2660.510442,0.0,807.1055,3.0,3.0,91.959876,2988.185,0.0,191.005366,2.0,205.0,132.527037,-16.080000000000002,42.0,54.0,72.0,101.455555,-8.709177,0,5.0,High
3.0,0.0,0.0,0.0,0.0,0.0,0.0,0.0,0.0,0.0,0.0,0.0,0.0,0.0,0.0,4.0,11.0,4.0,0.0,0.0,0.0,0.0,0.0,0.0,0.0,0.0,0.0,0.0,22.0,7.0,62.07892699999999,48.0,3.0,-4.531300000000001,0.0,107.0,45.055479,894.57,928.0,1968.5587490000005,0.0,583.7315000000001,0.0,0.0,83.503976,2370.853,0.0,152.328537,-8.0,161.0,97.339321,-16.79,48.0,54.0,48.0,72.954319,-8.498962,2,0.0,Low
0.0,0.0,5.0,0.0,0.0,0.0,0.0,0.0,0.0,0.0,5.0,0.0,0.0,0.0,0.0,6.0,5.0,0.0,0.0,0.0,0.0,0.0,0.0,0.0,0.0,0.0,0.0,0.0,21.0,16.0,51.557684,48.0,10.0,-2.3775000000000004,0.0,121.0,53.736095,941.18,1072.0,2213.500845,0.0,698.6368,0.0,0.0,101.743475,2755.338,0.0,181.314805,0.0,184.0,114.310201,-15.779999999999998,48.0,63.0,68.0,101.433761,-8.668774,1,4.0,Medium
0.0,0.0,0.0,0.0,0.0,0.0,0.0,6.0,0.0,0.0,4.0,0.0,0.0,0.0,0.0,0.0,8.0,4.0,0.0,0.0,0.0,0.0,0.0,0.0,0.0,0.0,0.0,0.0,22.0,6.0,70.192998,48.0,6.0,-4.829400000000001,0.0,126.0,54.719192,752.8000000000001,1036.0,2118.50682,0.0,667.9542,0.0,0.0,95.275012,2579.076,0.0,162.22,-2.0,180.0,111.000418,-17.78,48.0,54.0,68.0,87.43671,-8.599504,1,3.0,Medium
0.0,0.0,0.0,0.0,0.0,0.0,5.0,0.0,0.0,0.0,0.0,0.0,0.0,0.0,0.0,4.0,8.0,4.0,0.0,0.0,0.0,0.0,0.0,0.0,0.0,0.0,0.0,0.0,21.0,9.0,69.477682,46.0,5.0,-2.4049000000000023,0.0,125.0,55.182137,766.0600000000001,1014.0,2133.389678,0.0,656.1297,0.0,0.0,81.620677,2519.044,0.0,159.05,-3.0,176.0,108.574357,-16.95,46.0,51.0,66.0,82.925857,-8.586427,1,3.0,Medium
4.0,0.0,0.0,0.0,0.0,0.0,4.0,0.0,0.0,0.0,0.0,0.0,0.0,0.0,0.0,2.0,12.0,0.0,0.0,0.0,0.0,0.0,0.0,0.0,0.0,0.0,0.0,0.0,22.0,10.0,58.856294,46.0,8.0,-15.097600000000002,0.0,108.0,47.172266,913.34,960.0,1971.42434,0.0,603.5408,0.0,0.0,87.975028,2468.45,0.0,160.20471600000002,-4.0,166.0,101.17771,-16.62,46.0,58.0,54.0,80.16623600000001,-8.553518,1,1.0,Medium
0.0,0.0,5.0,0.0,0.0,0.0,0.0,0.0,0.0,0.0,0.0,0.0,0.0,0.0,0.0,4.0,8.0,4.0,0.0,0.0,0.0,0.0,0.0,0.0,0.0,0.0,0.0,0.0,21.0,14.0,52.464512,41.0,10.0,-1.943900000000002,0.0,115.0,50.394687,896.0600000000001,994.0,2108.081183,0.0,653.0102,0.0,0.0,93.870677,2556.159,0.0,168.594805,-3.0,171.0,107.270087,-15.5,41.0,56.0,56.0,86.483672,-8.625438,1,3.0,Medium
0.0,0.0,0.0,0.0,0.0,0.0,6.0,0.0,0.0,0.0,4.0,0.0,0.0,0.0,0.0,0.0,8.0,0.0,0.0,0.0,3.0,0.0,0.0,0.0,0.0,0.0,0.0,0.0,21.0,6.0,69.398918,46.0,6.0,-3.2291000000000007,0.0,127.0,55.84467,726.5,1032.0,2091.870582,0.0,668.7601999999999,0.0,0.0,91.577194,2563.121,0.0,162.01,-2.0,179.0,111.208868,-16.99,46.0,52.0,67.0,86.46848399999999,-8.609721,1,3.0,Medium
0.0,0.0,5.0,0.0,0.0,0.0,4.0,0.0,0.0,0.0,0.0,0.0,0.0,0.0,0.0,3.0,9.0,0.0,0.0,0.0,0.0,0.0,0.0,0.0,0.0,0.0,0.0,0.0,21.0,17.0,52.635928,40.0,14.0,-12.1816,0.0,116.0,52.327702,907.42,1018.0,2103.50193,0.0,664.9022000000001,0.0,0.0,96.475561,2617.271,0.0,172.474805,0.0,175.0,109.623838,-15.62,40.0,59.0,62.0,91.206652,-8.666208,1,2.0,Medium
4.0,0.0,0.0,0.0,0.0,0.0,4.0,0.0,0.0,0.0,0.0,0.0,0.0,0.0,0.0,4.0,12.0,0.0,0.0,0.0,0.0,0.0,0.0,0.0,0.0,0.0,0.0,0.0,24.0,12.0,65.644392,52.0,8.0,-14.901600000000002,0.0,120.0,52.405676,1006.4,1064.0,2206.3671,0.0,669.2584,0.0,0.0,95.430788,2728.736,0.0,176.544716,-4.0,184.0,111.947772,-18.28,52.0,64.0,60.0,88.344768,-8.571392,2,0.0,Low
2.0,2.0,0.0,0.0,0.0,0.0,0.0,0.0,0.0,3.0,0.0,0.0,0.0,0.0,0.0,0.0,14.0,0.0,0.0,0.0,0.0,0.0,0.0,0.0,0.0,0.0,0.0,0.0,21.0,9.0,51.101072,43.0,9.0,-19.8018,3.0,96.0,41.711285,903.09,872.0,1910.690488,0.0,536.5289,3.0,3.0,78.992903,2260.088,0.0,141.223199,-7.0,152.0,90.09901,-15.83,43.0,56.0,38.0,64.940388,-8.715951,1,1.0,Medium
0.0,4.0,0.0,0.0,0.0,0.0,0.0,0.0,0.0,0.0,3.0,0.0,0.0,0.0,0.0,4.0,11.0,0.0,0.0,0.0,0.0,0.0,0.0,0.0,0.0,0.0,0.0,0.0,22.0,12.0,57.93066999999999,47.0,8.0,-11.8368,0.0,102.0,43.540946,961.1,930.0,1912.85439,0.0,582.9334,0.0,0.0,88.526122,2397.263,0.0,155.164716,-7.0,161.0,96.387864,-16.660000000000004,47.0,59.0,50.0,78.283859,-8.552067,2,0.0,Low
0.0,0.0,0.0,0.0,0.0,0.0,0.0,0.0,6.0,0.0,5.0,0.0,0.0,0.0,0.0,0.0,8.0,0.0,0.0,0.0,0.0,0.0,4.0,0.0,0.0,0.0,0.0,0.0,23.0,12.0,76.082245,45.0,12.0,3.707099999999999,0.0,161.0,72.92981599999999,805.1300000000001,1262.0,2582.228235,0.0,846.9034,0.0,0.0,104.81078800000002,3110.098,0.0,199.39,-2.0,218.0,138.132986,-18.61,45.0,57.0,97.0,115.153833,-8.677028,1,2.0,Medium
0.0,0.0,4.0,0.0,0.0,0.0,4.0,0.0,0.0,0.0,4.0,0.0,0.0,0.0,0.0,0.0,9.0,0.0,0.0,0.0,0.0,0.0,0.0,0.0,0.0,0.0,0.0,0.0,21.0,12.0,54.589273,42.0,12.0,-9.1997,0.0,119.0,53.429436,853.21,1028.0,2052.360915,0.0,669.4780000000001,0.0,0.0,99.174032,2623.851,0.0,171.56584400000003,-1.0,177.0,110.322306,-15.91,42.0,58.0,69.0,96.542742,-8.641468,1,2.0,Medium
0.0,0.0,0.0,0.0,0.0,0.0,0.0,0.0,0.0,5.0,0.0,0.0,0.0,0.0,0.0,4.0,5.0,7.0,0.0,0.0,0.0,0.0,0.0,0.0,0.0,0.0,0.0,0.0,21.0,9.0,63.177174,51.0,5.0,3.4481,5.0,145.0,65.238203,770.72,1154.0,2687.050752,0.0,753.0007,5.0,5.0,79.298251,2872.523,0.0,174.23080499999998,0.0,201.0,124.431822,-17.150000000000002,51.0,56.0,65.0,88.061969,-8.726468,1,4.0,Medium
0.0,4.0,0.0,0.0,0.0,0.0,0.0,0.0,0.0,3.0,0.0,0.0,0.0,0.0,0.0,12.0,2.0,0.0,0.0,0.0,0.0,0.0,0.0,0.0,0.0,0.0,0.0,0.0,21.0,23.0,53.372,53.0,11.0,-6.5474,3.0,132.0,60.071189,985.49,1160.0,2649.386212,0.0,752.4879000000001,3.0,3.0,85.207463,2967.176,0.0,188.743199,5.0,200.0,123.691436,-16.31,53.0,68.0,62.0,95.753268,-8.736226,1,4.0,Medium
0.0,0.0,0.0,0.0,0.0,0.0,4.0,0.0,0.0,0.0,0.0,0.0,0.0,0.0,0.0,4.0,2.0,12.0,0.0,0.0,0.0,0.0,0.0,0.0,0.0,0.0,0.0,0.0,22.0,8.0,73.34597,48.0,4.0,19.6674,0.0,162.0,72.243056,704.94,1240.0,2674.199546,0.0,842.2860000000001,0.0,0.0,90.455532,3058.05,0.0,196.3,2.0,214.0,138.198644,-17.7,48.0,52.0,86.0,107.194276,-8.373495,1,4.0,Medium
0.0,0.0,0.0,0.0,0.0,0.0,6.0,0.0,0.0,0.0,2.0,0.0,0.0,0.0,0.0,4.0,9.0,0.0,0.0,0.0,0.0,0.0,0.0,0.0,0.0,0.0,0.0,0.0,21.0,10.0,68.902991,48.0,6.0,-9.9613,0.0,119.0,52.807234,802.79,996.0,2040.727613,0.0,631.9754,0.0,0.0,83.855074,2481.8949999999995,0.0,155.93,-3.0,173.0,104.78604,-17.07,48.0,54.0,67.0,83.76046600000001,-8.602883,1,3.0,Medium
0.0,0.0,4.0,0.0,0.0,0.0,3.0,0.0,0.0,0.0,0.0,0.0,0.0,0.0,0.0,4.0,11.0,0.0,0.0,0.0,0.0,0.0,0.0,0.0,0.0,0.0,0.0,0.0,22.0,15.0,59.036953,44.0,11.0,-13.6118,0.0,112.0,49.374799,946.73,990.0,2054.933891,0.0,632.6575,0.0,0.0,94.361903,2537.605,0.0,164.815844,-4.0,171.0,104.612869,-16.660000000000004,44.0,59.0,57.0,83.919117,-8.610747,1,1.0,Medium
0.0,3.0,0.0,0.0,0.0,0.0,0.0,0.0,0.0,5.0,0.0,0.0,0.0,0.0,0.0,4.0,9.0,0.0,0.0,0.0,0.0,0.0,0.0,0.0,0.0,0.0,0.0,0.0,21.0,15.0,52.809111,48.0,11.0,-16.1761,5.0,119.0,53.839496,917.36,1040.0,2394.9180690000003,0.0,657.5301000000001,5.0,5.0,80.044849,2658.2890000000007,0.0,163.09934199999998,-1.0,181.0,109.20543,-16.4,48.0,62.0,50.0,78.66242700000001,-8.710019,1,2.0,Medium
5.0,0.0,0.0,0.0,0.0,0.0,0.0,0.0,0.0,0.0,4.0,0.0,0.0,0.0,0.0,0.0,5.0,8.0,0.0,0.0,0.0,0.0,0.0,0.0,0.0,0.0,0.0,0.0,22.0,5.0,54.659269,48.0,5.0,11.713299999999998,0.0,137.0,59.951997000000006,822.87,1136.0,2359.577771,0.0,755.9445,0.0,0.0,98.258744,2902.679,0.0,192.240895,0.0,195.0,125.034595,-16.29,48.0,58.0,72.0,105.919961,-8.57144,1,4.0,Medium
0.0,0.0,0.0,0.0,6.0,0.0,0.0,0.0,0.0,0.0,0.0,0.0,0.0,0.0,0.0,4.0,6.0,5.0,0.0,0.0,0.0,0.0,0.0,0.0,0.0,0.0,0.0,0.0,21.0,10.0,72.868561,46.0,6.0,8.299199999999999,0.0,154.0,67.88046399999999,742.84,1194.0,2723.434397,0.0,797.3124,0.0,0.0,88.239722,2943.866,0.0,189.01,0.0,206.0,133.92557,-16.99,46.0,52.0,74.0,90.342365,-8.6299515,1,4.0,Medium
4.0,0.0,0.0,0.0,0.0,0.0,0.0,0.0,0.0,0.0,0.0,0.0,0.0,0.0,0.0,4.0,10.0,3.0,0.0,0.0,0.0,0.0,0.0,0.0,0.0,0.0,0.0,0.0,21.0,8.0,55.561653,46.0,4.0,-5.590000000000002,0.0,102.0,43.2432,882.08,902.0,1910.342289,0.0,568.6226,0.0,0.0,81.762946,2324.228,0.0,151.074716,-6.0,156.0,94.963112,-15.75,46.0,54.0,46.0,72.97953100000001,-8.480709,2,0.0,Low
0.0,0.0,5.0,0.0,0.0,0.0,0.0,0.0,0.0,3.0,0.0,0.0,0.0,0.0,0.0,0.0,11.0,3.0,0.0,0.0,0.0,0.0,0.0,0.0,0.0,0.0,0.0,0.0,22.0,13.0,51.424064,42.0,13.0,-10.412400000000003,3.0,122.0,54.55126,923.94,1052.0,2306.954541,0.0,682.9731,3.0,3.0,96.14079,2707.328,0.0,172.953288,-3.0,182.0,112.911377,-16.37,42.0,60.0,55.0,86.98593299999999,-8.69686,1,1.0,Medium
0.0,2.0,0.0,0.0,0.0,0.0,5.0,0.0,0.0,0.0,0.0,0.0,0.0,0.0,0.0,4.0,10.0,0.0,0.0,0.0,0.0,0.0,0.0,0.0,0.0,0.0,0.0,0.0,21.0,13.0,62.637416,44.0,9.0,-13.4987,0.0,111.0,49.184607,854.6,958.0,1986.171808,0.0,609.4673,0.0,0.0,82.72846100000001,2423.65,0.0,154.962358,-3.0,166.0,101.119409,-16.45,44.0,55.0,58.0,78.999455,-8.596693,1,3.0,Medium
0.0,5.0,0.0,0.0,0.0,0.0,0.0,0.0,0.0,0.0,0.0,0.0,0.0,0.0,0.0,0.0,5.0,0.0,0.0,0.0,0.0,0.0,6.0,0.0,0.0,0.0,6.0,0.0,22.0,34.0,52.63491499999999,75.0,10.0,-1.2106999999999992,6.0,189.0,89.49061499999999,1396.23,1628.0,4066.806785,0.0,1037.5812,6.0,6.0,104.150728,4127.035,0.0,263.27718500000003,0.0,279.0,172.452954,-17.57,75.0,90.0,98.0,132.12906700000002,-8.700266,1,4.0,Medium
0.0,0.0,0.0,0.0,0.0,0.0,0.0,5.0,0.0,3.0,0.0,0.0,0.0,0.0,0.0,4.0,10.0,0.0,0.0,0.0,0.0,0.0,0.0,0.0,0.0,0.0,0.0,0.0,22.0,12.0,67.83237299999999,51.0,8.0,-19.0221,3.0,119.0,52.571001,861.03,1018.0,2261.13007,0.0,634.1108,3.0,3.0,85.235581,2552.866,0.0,154.248483,-2.0,178.0,106.148975,-17.98,51.0,59.0,54.0,73.87274099999999,-8.675239,1,3.0,Medium
0.0,0.0,3.0,0.0,0.0,0.0,5.0,0.0,0.0,0.0,0.0,0.0,0.0,0.0,0.0,4.0,10.0,0.0,0.0,0.0,0.0,0.0,0.0,0.0,0.0,0.0,0.0,0.0,22.0,15.0,62.637416,45.0,11.0,-12.986,0.0,120.0,53.595838,911.34,1036.0,2145.546149,0.0,666.1451,0.0,0.0,93.607672,2631.375,0.0,169.866883,-2.0,179.0,110.20215,-16.990000000000002,45.0,59.0,64.0,88.54017300000001,-8.644177,1,3.0,Medium
0.0,0.0,0.0,0.0,0.0,0.0,0.0,5.0,0.0,0.0,0.0,0.0,0.0,0.0,4.0,0.0,9.0,0.0,0.0,0.0,0.0,0.0,4.0,0.0,0.0,0.0,0.0,0.0,22.0,13.0,73.688154,44.0,9.0,-1.8724000000000007,0.0,138.0,60.5614,817.3900000000001,1102.0,2408.302333,0.0,725.3385000000001,0.0,0.0,94.943238,2726.433,0.0,173.26,-4.0,191.0,119.918477,-17.74,44.0,53.0,69.0,85.306155,-8.695169,2,0.0,Low
0.0,0.0,5.0,0.0,0.0,0.0,3.0,0.0,0.0,0.0,0.0,0.0,0.0,0.0,0.0,4.0,9.0,0.0,0.0,0.0,0.0,0.0,0.0,0.0,0.0,0.0,0.0,0.0,21.0,17.0,52.627343,41.0,13.0,-11.7239,0.0,113.0,50.575686,923.21,1000.0,2079.509348,0.0,649.6933,0.0,0.0,95.297672,2575.166,0.0,169.474805,-1.0,172.0,107.079488,-15.62,41.0,59.0,59.0,88.44177300000001,-8.64401,1,2.0,Medium
0.0,0.0,4.0,0.0,0.0,0.0,0.0,0.0,0.0,4.0,0.0,0.0,0.0,0.0,0.0,4.0,10.0,0.0,0.0,0.0,0.0,0.0,0.0,0.0,0.0,0.0,0.0,0.0,22.0,16.0,53.935982,48.0,12.0,-15.3718,4.0,122.0,54.917412,974.26,1072.0,2412.279202,0.0,681.8732,4.0,4.0,92.003544,2750.838,0.0,171.920488,-2.0,186.0,112.92174,-16.86,48.0,64.0,54.0,84.93677199999999,-8.690781,1,3.0,Medium
0.0,0.0,0.0,0.0,0.0,0.0,4.0,0.0,0.0,3.0,0.0,0.0,0.0,0.0,4.0,11.0,0.0,0.0,0.0,0.0,0.0,0.0,0.0,0.0,0.0,0.0,0.0,0.0,22.0,26.0,71.19082499999999,58.0,11.0,-3.0604000000000005,3.0,160.0,73.694212,952.02,1324.0,3048.44511,0.0,868.2027,3.0,3.0,88.663531,3294.0830000000005,0.0,204.848483,7.0,229.0,142.364445,-18.38,58.0,69.0,81.0,105.968174,-8.826187,1,3.0,Medium
5.0,1.0,0.0,0.0,0.0,0.0,0.0,0.0,0.0,0.0,0.0,0.0,0.0,0.0,0.0,4.0,11.0,0.0,0.0,0.0,0.0,0.0,0.0,0.0,0.0,0.0,0.0,0.0,21.0,11.0,48.82905099999999,45.0,7.0,-13.2733,0.0,93.0,39.537328,953.99,876.0,1834.4302970000003,0.0,545.3865,0.0,0.0,83.785808,2300.961,0.0,151.987074,-5.0,151.0,91.460383,-15.250000000000002,45.0,58.0,41.0,72.563068,-8.530094,2,0.0,Low
0.0,0.0,5.0,0.0,0.0,0.0,0.0,0.0,0.0,0.0,4.0,0.0,0.0,0.0,0.0,0.0,10.0,0.0,0.0,0.0,0.0,0.0,0.0,0.0,0.0,0.0,2.0,0.0,21.0,18.0,48.957854,53.0,10.0,-13.2617,2.0,117.0,52.728285,1078.48,1074.0,2363.518781,0.0,670.8394000000001,2.0,2.0,98.585809,2770.153,0.0,178.220235,-5.0,185.0,111.148315,-15.98,53.0,68.0,62.0,93.55948999999998,-8.661786,1,1.0,Medium
0.0,0.0,0.0,0.0,6.0,0.0,0.0,0.0,0.0,3.0,0.0,0.0,0.0,0.0,0.0,4.0,8.0,0.0,0.0,0.0,0.0,0.0,0.0,0.0,0.0,0.0,0.0,0.0,21.0,13.0,68.949628,49.0,9.0,-6.322800000000001,3.0,150.0,67.368349,811.51,1200.0,2827.402748,0.0,780.7825,3.0,3.0,85.71104299999999,2975.76,0.0,184.998483,1.0,208.0,131.92633400000005,-17.23,49.0,58.0,68.0,85.55430399999999,-8.793297,1,4.0,Medium
4.0,2.0,0.0,0.0,0.0,0.0,0.0,0.0,0.0,0.0,0.0,0.0,0.0,0.0,0.0,4.0,11.0,0.0,0.0,0.0,0.0,0.0,0.0,0.0,0.0,0.0,0.0,0.0,21.0,12.0,48.82905099999999,44.0,8.0,-13.700300000000002,0.0,93.0,39.648082,956.79,876.0,1834.430297,0.0,547.4372,0.0,0.0,83.785808,2299.977,0.0,151.987074,-5.0,151.0,91.552134,-15.250000000000002,44.0,58.0,41.0,72.563068,-8.539284,2,0.0,Low
0.0,0.0,0.0,0.0,0.0,0.0,0.0,0.0,0.0,6.0,0.0,0.0,0.0,0.0,0.0,3.0,6.0,6.0,0.0,0.0,0.0,0.0,0.0,0.0,0.0,0.0,0.0,0.0,21.0,9.0,61.753395,51.0,6.0,-0.6126000000000005,6.0,144.0,65.157573,777.99,1152.0,2707.686144,0.0,746.8206,6.0,6.0,78.54753000000001,2871.495,0.0,172.26696599999997,0.0,201.0,123.677313,-17.189999999999998,51.0,57.0,63.0,86.238168,-8.748574,1,4.0,Medium
0.0,0.0,0.0,0.0,4.0,0.0,4.0,0.0,0.0,0.0,0.0,0.0,0.0,0.0,0.0,4.0,9.0,0.0,0.0,0.0,0.0,0.0,0.0,0.0,0.0,0.0,0.0,0.0,21.0,12.0,71.697437,46.0,8.0,-7.516500000000001,0.0,135.0,60.05138,793.21,1092.0,2393.610031,0.0,708.0408,0.0,0.0,85.719804,2706.375,0.0,171.93,-1.0,189.0,119.036302,-17.07,46.0,54.0,69.0,83.933258,-8.705378,1,3.0,Medium
0.0,0.0,4.0,0.0,0.0,0.0,0.0,0.0,0.0,4.0,0.0,0.0,0.0,0.0,0.0,3.0,10.0,0.0,0.0,0.0,0.0,0.0,0.0,0.0,0.0,0.0,0.0,0.0,21.0,15.0,50.541933,45.0,12.0,-15.4698,4.0,116.0,52.300707,927.73,1020.0,2294.807822,0.0,649.0144,4.0,4.0,88.275664,2620.695,0.0,163.750488,-2.0,177.0,107.53670900000002,-16.03,45.0,61.0,51.0,80.847506,-8.693795,1,3.0,Medium
0.0,0.0,0.0,0.0,0.0,0.0,0.0,0.0,0.0,0.0,0.0,0.0,0.0,0.0,0.0,0.0,1.0,0.0,0.0,0.0,0.0,0.0,8.0,0.0,6.0,6.0,0.0,0.0,21.0,0.0,69.272417,42.0,0.0,83.4777,0.0,285.0,132.27187999999998,566.1300000000001,1920.0,3984.985557,0.0,1391.538,0.0,0.0,198.504922,4626.309,0.0,310.41,-1.0,327.0,221.778294,-16.590000000000003,42.0,42.0,201.0,217.93356800000004,-8.329058,1,3.0,Medium
0.0,0.0,0.0,0.0,0.0,0.0,5.0,0.0,0.0,0.0,3.0,0.0,0.0,0.0,0.0,4.0,9.0,0.0,0.0,0.0,0.0,0.0,0.0,0.0,0.0,0.0,0.0,0.0,21.0,9.0,68.53423,49.0,5.0,-8.8495,0.0,117.0,51.529283,807.5799999999999,984.0,2008.682498,0.0,621.5567000000001,0.0,0.0,84.258775,2453.817,0.0,153.93,-4.0,171.0,102.987181,-17.07,49.0,54.0,66.0,83.19872000000001,-8.5724945,1,2.0,Medium
0.0,0.0,5.0,0.0,0.0,0.0,0.0,0.0,0.0,0.0,3.0,0.0,0.0,0.0,0.0,0.0,10.0,0.0,0.0,3.0,0.0,0.0,0.0,0.0,0.0,0.0,0.0,0.0,21.0,10.0,52.091944,40.0,10.0,-5.315900000000002,0.0,107.0,46.086797,870.4899999999999,940.0,1944.035409,0.0,610.3320000000001,0.0,0.0,96.10161,2425.928,0.0,159.63480499999997,-5.0,162.0,101.046603,-15.46,40.0,55.0,51.0,81.754775,-8.618585,1,1.0,Medium
5.0,0.0,0.0,0.0,0.0,0.0,5.0,0.0,0.0,0.0,0.0,0.0,0.0,0.0,0.0,4.0,10.0,0.0,0.0,0.0,0.0,0.0,0.0,0.0,0.0,0.0,0.0,0.0,24.0,14.0,62.637416,52.0,10.0,-13.3365,0.0,129.0,57.36453,1010.82,1138.0,2360.92048,0.0,727.6941999999999,0.0,0.0,99.510605,2925.502,0.0,191.460895,0.0,196.0,121.544914,-18.07,52.0,67.0,67.0,98.73406400000002,-8.60393,1,3.0,Medium
0.0,0.0,0.0,0.0,0.0,0.0,0.0,0.0,4.0,0.0,0.0,0.0,0.0,0.0,0.0,4.0,8.0,6.0,0.0,0.0,0.0,0.0,0.0,0.0,0.0,0.0,0.0,0.0,22.0,12.0,72.699986,44.0,8.0,0.0583999999999989,0.0,132.0,58.2716,799.1199999999999,1060.0,2246.364278,0.0,697.6268,0.0,0.0,84.965064,2627.2560000000003,0.0,166.3,-4.0,184.0,114.301828,-17.700000000000003,44.0,52.0,68.0,86.134642,-8.609045,2,0.0,Low
4.0,0.0,0.0,0.0,0.0,0.0,0.0,0.0,0.0,5.0,0.0,0.0,0.0,0.0,0.0,0.0,4.0,8.0,0.0,0.0,0.0,0.0,0.0,0.0,0.0,0.0,0.0,0.0,21.0,9.0,49.708642,47.0,9.0,5.117199999999999,5.0,150.0,68.375703,786.53,1216.0,2788.136006,0.0,810.1469,5.0,5.0,87.67800100000001,3089.606,0.0,195.215521,5.0,210.0,134.414344,-15.99,47.0,60.0,68.0,101.527656,-8.763974,0,5.0,High
0.0,0.0,0.0,0.0,8.0,0.0,0.0,0.0,0.0,0.0,0.0,0.0,0.0,0.0,0.0,3.0,6.0,0.0,0.0,0.0,0.0,0.0,4.0,0.0,0.0,0.0,0.0,0.0,21.0,11.0,75.604533,45.0,8.0,13.575399999999998,0.0,180.0,80.565143,731.49,1356.0,3136.233634,0.0,921.114,0.0,0.0,98.18288,3324.615,0.0,215.97,2.0,233.0,155.046905,-17.03,45.0,53.0,91.0,104.723474,-8.659149,1,3.0,Medium
4.0,0.0,0.0,0.0,0.0,0.0,0.0,0.0,0.0,3.0,0.0,0.0,0.0,0.0,0.0,0.0,11.0,4.0,0.0,0.0,0.0,0.0,0.0,0.0,0.0,0.0,0.0,0.0,22.0,7.0,54.736533,47.0,7.0,-8.0915,3.0,119.0,52.204597,882.3,1020.0,2251.827403,0.0,649.5395000000001,3.0,3.0,85.863215,2617.683,0.0,165.433199,-4.0,177.0,108.692342,-16.62,47.0,58.0,51.0,80.50167,-8.642495,2,0.0,Low
0.0,0.0,0.0,0.0,0.0,0.0,0.0,5.0,0.0,0.0,0.0,0.0,0.0,0.0,0.0,6.0,5.0,0.0,0.0,0.0,0.0,0.0,6.0,0.0,0.0,0.0,0.0,0.0,22.0,11.0,74.650598,50.0,5.0,9.4326,0.0,158.0,70.0997,791.3299999999999,1234.0,2696.832371,0.0,821.8153,0.0,0.0,99.687866,3046.9390000000003,0.0,195.18,0.0,213.0,135.709719,-17.82,50.0,55.0,85.0,102.709571,-8.610057,1,4.0,Medium
4.0,0.0,0.0,0.0,0.0,0.0,0.0,0.0,0.0,0.0,6.0,0.0,0.0,0.0,0.0,0.0,4.0,8.0,0.0,0.0,0.0,0.0,0.0,0.0,0.0,0.0,0.0,0.0,22.0,4.0,57.52221,50.0,4.0,14.525799999999998,0.0,142.0,62.22788800000001,799.86,1164.0,2397.585838,0.0,775.2624,0.0,0.0,100.073636,2953.336,0.0,194.204716,0.0,200.0,127.825016,-16.62,50.0,58.0,78.0,110.40503,-8.534952,1,4.0,Medium
0.0,0.0,0.0,0.0,0.0,0.0,5.0,0.0,0.0,0.0,4.0,0.0,0.0,0.0,0.0,0.0,5.0,0.0,0.0,0.0,0.0,0.0,0.0,0.0,0.0,0.0,8.0,0.0,22.0,37.0,64.269935,96.0,5.0,-20.801,8.0,184.0,88.761865,1501.91,1650.0,4163.354405,0.0,990.8921,8.0,8.0,95.693061,4131.467000000001,0.0,249.76172000000005,0.0,285.0,166.269971,-19.66,96.0,101.0,103.0,128.432327,-8.669849,1,1.0,Medium
0.0,0.0,0.0,0.0,0.0,0.0,0.0,5.0,0.0,0.0,0.0,0.0,0.0,0.0,4.0,3.0,10.0,0.0,0.0,0.0,0.0,0.0,0.0,0.0,0.0,0.0,0.0,0.0,22.0,16.0,72.21646999999999,47.0,9.0,-15.9445,0.0,111.0,47.758947000000006,891.9100000000001,958.0,2077.586872,0.0,602.8029000000001,0.0,0.0,86.188054,2394.693,0.0,149.14,-5.0,167.0,100.128572,-17.86,47.0,56.0,51.0,68.70071899999999,-8.621268,2,0.0,Low
8.0,0.0,0.0,0.0,0.0,0.0,0.0,0.0,0.0,2.0,0.0,0.0,0.0,0.0,0.0,4.0,8.0,0.0,0.0,0.0,0.0,0.0,0.0,0.0,0.0,0.0,0.0,0.0,22.0,14.0,43.370504,50.0,10.0,-12.032800000000002,2.0,116.0,51.58898599999999,1018.62,1072.0,2335.347836,0.0,683.5874000000001,2.0,2.0,93.128378,2822.552,0.0,186.101754,2.0,184.0,114.654092,-15.7,50.0,68.0,52.0,92.705704,-8.595184,1,3.0,Medium
0.0,0.0,0.0,0.0,0.0,0.0,6.0,0.0,0.0,0.0,1.0,0.0,0.0,0.0,0.0,4.0,10.0,0.0,0.0,0.0,0.0,0.0,0.0,0.0,0.0,0.0,0.0,0.0,21.0,10.0,69.07392300000001,47.0,6.0,-11.7911,0.0,115.0,50.821636,807.3900000000001,966.0,1987.222169,0.0,609.5304000000001,0.0,0.0,81.755604,2408.78,0.0,150.97,-4.0,168.0,101.256472,-17.03,47.0,53.0,63.0,78.989593,-8.596193,1,2.0,Medium
0.0,0.0,0.0,0.0,6.0,0.0,0.0,0.0,0.0,0.0,0.0,0.0,0.0,0.0,0.0,0.0,6.0,0.0,0.0,0.0,0.0,0.0,6.0,0.0,0.0,0.0,4.0,0.0,22.0,22.0,74.566598,68.0,6.0,9.9996,4.0,210.0,97.026994,1085.74,1652.0,4095.413074,0.0,1078.915,4.0,4.0,104.364216,4071.276,0.0,257.63086000000004,0.0,284.0,181.527858,-18.58,68.0,74.0,108.0,125.112304,-8.775883,1,1.0,Medium
0.0,0.0,0.0,0.0,0.0,0.0,0.0,3.0,0.0,4.0,0.0,0.0,0.0,0.0,0.0,0.0,9.0,6.0,0.0,0.0,0.0,0.0,0.0,0.0,0.0,0.0,0.0,0.0,22.0,7.0,66.61439,48.0,7.0,-5.601000000000003,4.0,136.0,60.4882,771.0699999999999,1094.0,2466.510455,0.0,706.0459000000001,4.0,4.0,85.137826,2726.2970000000005,0.0,165.484644,-2.0,191.0,117.521599,-17.82,48.0,55.0,61.0,81.96866299999999,-8.709398,1,3.0,Medium
0.0,0.0,0.0,0.0,0.0,0.0,8.0,0.0,0.0,0.0,3.0,0.0,0.0,0.0,0.0,0.0,8.0,2.0,0.0,0.0,0.0,0.0,0.0,0.0,0.0,0.0,0.0,0.0,21.0,8.0,68.586069,45.0,8.0,-5.4313,0.0,133.0,60.078622,726.15,1074.0,2161.714023,0.0,700.4825999999999,0.0,0.0,89.104718,2663.3300000000004,0.0,168.97000000000003,0.0,186.0,115.924094,-17.03,45.0,53.0,79.0,95.945495,-8.648569,1,4.0,Medium
0.0,0.0,0.0,0.0,1.0,0.0,6.0,0.0,0.0,0.0,0.0,0.0,0.0,0.0,0.0,4.0,10.0,0.0,0.0,0.0,0.0,0.0,0.0,0.0,0.0,0.0,0.0,0.0,21.0,11.0,69.95691500000001,46.0,7.0,-11.7358,0.0,120.0,53.271648,802.6,996.0,2091.465331,0.0,633.7561000000001,0.0,0.0,82.019936,2478.939,0.0,155.97,-3.0,173.0,105.718467,-17.03,46.0,53.0,64.0,79.313664,-8.6369095,1,3.0,Medium
0.0,0.0,0.0,0.0,5.0,0.0,0.0,0.0,0.0,4.0,0.0,0.0,0.0,0.0,0.0,4.0,9.0,0.0,0.0,0.0,0.0,0.0,0.0,0.0,0.0,0.0,0.0,0.0,22.0,13.0,70.315502,52.0,9.0,-9.1871,4.0,151.0,67.87122600000001,860.87,1220.0,2879.066792,0.0,786.2675,4.0,4.0,87.239478,3032.7440000000006,0.0,186.244644,0.0,212.0,132.60926300000003,-18.06,52.0,61.0,67.0,86.23476400000001,-8.805096,1,4.0,Medium
0.0,0.0,0.0,0.0,5.0,0.0,0.0,0.0,0.0,0.0,5.0,0.0,0.0,0.0,0.0,0.0,5.0,0.0,0.0,0.0,0.0,0.0,0.0,0.0,6.0,0.0,0.0,0.0,21.0,5.0,68.679123,47.0,5.0,30.228,0.0,200.0,91.289344,689.8,1470.0,3019.1363410000004,0.0,1011.6385,0.0,0.0,149.333834,3590.092,0.0,235.01,0.0,252.0,164.894733,-16.990000000000002,47.0,52.0,132.0,151.80645099999998,-8.534116,1,4.0,Medium
0.0,0.0,0.0,0.0,0.0,0.0,4.0,0.0,0.0,0.0,0.0,0.0,0.0,0.0,0.0,4.0,11.0,2.0,0.0,0.0,0.0,0.0,0.0,0.0,0.0,0.0,0.0,0.0,21.0,8.0,69.064525,46.0,4.0,-9.089900000000002,0.0,109.0,47.113764,803.11,912.0,1905.227363,0.0,572.312,0.0,0.0,78.094752,2275.565,0.0,142.09,-7.0,159.0,95.15799,-16.910000000000004,46.0,50.0,55.0,70.57336,-8.504089,2,0.0,Low
0.0,0.0,4.0,0.0,5.0,0.0,0.0,0.0,0.0,0.0,0.0,0.0,0.0,0.0,0.0,3.0,10.0,0.0,0.0,0.0,0.0,0.0,0.0,0.0,0.0,0.0,0.0,0.0,22.0,16.0,61.814522,43.0,13.0,-7.516000000000002,0.0,136.0,60.250669,921.55,1140.0,2525.4672670000004,0.0,749.7651000000001,0.0,0.0,100.575726,2891.308,0.0,189.775844,-1.0,196.0,125.801326,-16.7,43.0,60.0,65.0,90.82824,-8.744475,1,3.0,Medium
0.0,0.0,0.0,0.0,1.0,0.0,5.0,0.0,0.0,0.0,0.0,0.0,0.0,0.0,0.0,5.0,10.0,0.0,0.0,0.0,0.0,0.0,0.0,0.0,0.0,0.0,0.0,0.0,21.0,11.0,69.94833,47.0,6.0,-11.278100000000002,0.0,117.0,51.519632,818.3900000000001,978.0,2067.472749,0.0,618.5472,0.0,0.0,80.84204700000001,2436.8340000000003,0.0,152.97,-4.0,170.0,103.174117,-17.03,47.0,53.0,61.0,76.548785,-8.609467,2,0.0,Low
0.0,0.0,0.0,0.0,6.0,0.0,0.0,0.0,0.0,0.0,0.0,0.0,0.0,0.0,0.0,4.0,6.0,6.0,0.0,0.0,0.0,0.0,0.0,0.0,0.0,0.0,0.0,0.0,22.0,10.0,76.18103,48.0,6.0,10.204999999999998,0.0,162.0,71.388048,769.1400000000001,1252.0,2850.653678,0.0,837.9934000000001,0.0,0.0,92.3648,3086.0640000000003,0.0,198.22,0.0,216.0,140.570494,-17.78,48.0,54.0,78.0,95.37383,-8.606436,1,4.0,Medium
0.0,0.0,5.0,0.0,0.0,0.0,0.0,0.0,0.0,0.0,4.0,0.0,0.0,0.0,0.0,0.0,9.0,0.0,0.0,0.0,0.0,0.0,0.0,0.0,0.0,0.0,4.0,0.0,22.0,26.0,50.527361,67.0,10.0,-16.3396,4.0,138.0,63.880443,1289.71,1278.0,2992.303426,0.0,786.6198,4.0,4.0,103.844893,3283.666,0.0,208.05566500000003,-4.0,220.0,130.821413,-17.25,67.0,82.0,73.0,107.384058,-8.70359,1,1.0,Medium
4.0,0.0,0.0,0.0,0.0,0.0,5.0,0.0,0.0,0.0,0.0,0.0,0.0,0.0,0.0,8.0,0.0,4.0,0.0,0.0,0.0,0.0,0.0,0.0,0.0,0.0,0.0,0.0,21.0,17.0,57.415438,50.0,9.0,5.686299999999999,0.0,149.0,68.009489,846.9000000000001,1238.0,2655.6328700000004,0.0,829.0373,0.0,0.0,93.228389,3137.688,0.0,206.714716,9.0,212.0,136.785525,-16.11,50.0,63.0,82.0,113.423525,-8.763233,1,2.0,Medium
0.0,0.0,0.0,0.0,0.0,0.0,6.0,0.0,0.0,0.0,4.0,0.0,0.0,0.0,0.0,0.0,5.0,0.0,0.0,0.0,0.0,0.0,0.0,0.0,0.0,6.0,0.0,0.0,21.0,6.0,67.024253,46.0,6.0,25.6213,0.0,193.0,89.14677,685.01,1428.0,2892.847275,0.0,980.7242,0.0,0.0,136.852294,3491.927,0.0,228.01,1.0,245.0,158.913812,-16.990000000000002,46.0,52.0,133.0,149.870142,-8.52892,1,4.0,Medium
0.0,0.0,0.0,0.0,2.0,0.0,5.0,0.0,0.0,0.0,0.0,0.0,0.0,0.0,0.0,5.0,10.0,0.0,0.0,0.0,0.0,0.0,0.0,0.0,0.0,0.0,0.0,0.0,22.0,12.0,73.865195,49.0,7.0,-10.4707,0.0,129.0,57.060414,849.13,1066.0,2281.134758,0.0,680.4219,0.0,0.0,86.41584900000001,2651.1630000000005,0.0,167.14,-3.0,185.0,113.766634,-17.86,49.0,56.0,67.0,83.165255,-8.663525,1,3.0,Medium
4.0,0.0,0.0,0.0,4.0,0.0,0.0,0.0,0.0,0.0,0.0,0.0,0.0,0.0,0.0,9.0,4.0,0.0,0.0,0.0,0.0,0.0,0.0,0.0,0.0,0.0,0.0,0.0,21.0,17.0,59.033121,51.0,8.0,-1.1216000000000004,0.0,138.0,61.336069,918.01,1172.0,2635.2089640000004,0.0,767.1484,0.0,0.0,91.06232,2979.335,0.0,195.714716,4.0,201.0,128.717839,-16.11,51.0,63.0,67.0,95.66819,-8.746962,1,3.0,Medium
0.0,0.0,5.0,0.0,0.0,0.0,0.0,0.0,0.0,0.0,4.0,0.0,0.0,0.0,0.0,0.0,8.0,0.0,0.0,0.0,0.0,0.0,4.0,0.0,0.0,0.0,0.0,0.0,21.0,10.0,52.632568000000006,41.0,10.0,6.337699999999998,0.0,135.0,60.018351,852.0600000000001,1114.0,2306.036931,0.0,745.763,0.0,0.0,106.845549,2836.699,0.0,188.594805,-3.0,191.0,122.218307,-15.5,41.0,56.0,76.0,105.565104,-8.681873,1,4.0,Medium
0.0,0.0,0.0,0.0,0.0,0.0,6.0,0.0,0.0,0.0,0.0,0.0,0.0,0.0,0.0,4.0,6.0,0.0,0.0,5.0,0.0,0.0,0.0,0.0,0.0,0.0,0.0,0.0,21.0,10.0,71.457955,46.0,6.0,-0.6619000000000002,0.0,131.0,57.821198,742.84,1056.0,2278.538915,0.0,691.2754,0.0,0.0,82.430059,2621.245,0.0,166.01,0.0,183.0,115.22690400000002,-16.99,46.0,52.0,64.0,83.00072,-8.59828,1,4.0,Medium
0.0,6.0,0.0,0.0,0.0,0.0,0.0,0.0,0.0,3.0,0.0,0.0,0.0,0.0,0.0,4.0,8.0,0.0,0.0,0.0,0.0,0.0,0.0,0.0,0.0,0.0,0.0,0.0,21.0,19.0,45.448438,43.0,15.0,-15.1128,3.0,114.0,51.591043,967.51,1032.0,2294.928038,0.0,666.4951000000001,3.0,3.0,85.83251899999999,2683.65,0.0,172.975557,1.0,178.0,110.139752,-15.49,43.0,64.0,50.0,85.32470199999999,-8.658026,1,3.0,Medium
0.0,0.0,0.0,0.0,4.0,0.0,1.0,0.0,0.0,0.0,0.0,0.0,0.0,0.0,0.0,4.0,12.0,0.0,0.0,0.0,0.0,0.0,0.0,0.0,0.0,0.0,0.0,0.0,21.0,9.0,71.10395,46.0,5.0,-9.6705,0.0,117.0,50.260733,821.3800000000001,966.0,2136.9583540000003,0.0,609.4497,0.0,0.0,80.632497,2402.7960000000003,0.0,151.05,-7.0,168.0,103.051021,-16.95,46.0,51.0,54.0,67.935401,-8.591832,2,0.0,Low
0.0,0.0,6.0,0.0,0.0,0.0,0.0,0.0,0.0,0.0,0.0,0.0,0.0,0.0,0.0,4.0,6.0,0.0,0.0,0.0,0.0,0.0,5.0,0.0,0.0,0.0,0.0,0.0,21.0,16.0,51.378321,40.0,12.0,8.931299999999997,0.0,144.0,64.762413,898.8399999999999,1182.0,2547.583271,0.0,802.717,0.0,0.0,107.242164,3016.458,0.0,202.463766,0.0,202.0,131.33945,-15.25,40.0,58.0,77.0,108.873918,-8.754063,1,4.0,Medium
0.0,0.0,0.0,0.0,0.0,0.0,5.0,0.0,0.0,0.0,4.0,0.0,0.0,0.0,0.0,4.0,9.0,0.0,0.0,0.0,0.0,0.0,0.0,0.0,0.0,0.0,0.0,0.0,22.0,9.0,71.568103,52.0,5.0,-8.0974,0.0,124.0,54.620053,843.11,1042.0,2118.101345,0.0,659.2057,0.0,0.0,89.568245,2597.987,0.0,163.10000000000002,-4.0,181.0,109.117703,-17.9,52.0,57.0,71.0,89.491119,-8.584439,1,1.0,Medium
0.0,0.0,0.0,0.0,0.0,0.0,5.0,0.0,0.0,0.0,1.0,0.0,0.0,0.0,0.0,10.0,5.0,0.0,0.0,0.0,0.0,0.0,0.0,0.0,0.0,0.0,0.0,0.0,21.0,15.0,70.011558,53.0,5.0,-5.4549,0.0,127.0,56.627285,855.18,1068.0,2271.019472,0.0,682.5955,0.0,0.0,83.167115,2662.115,0.0,167.77,0.0,185.0,112.632507,-17.229999999999997,53.0,58.0,70.0,89.06341400000001,-8.622602,1,4.0,Medium
0.0,0.0,4.0,0.0,0.0,0.0,0.0,0.0,0.0,0.0,0.0,0.0,0.0,0.0,0.0,5.0,9.0,0.0,0.0,3.0,0.0,0.0,0.0,0.0,0.0,0.0,0.0,0.0,21.0,13.0,56.755765,43.0,8.0,-5.737000000000001,0.0,106.0,45.381609,899.68,932.0,2010.820102,0.0,599.0312,0.0,0.0,88.24683099999999,2393.407,0.0,155.68584399999995,-5.0,161.0,99.310711,-15.79,43.0,55.0,46.0,74.236674,-8.58469,2,0.0,Low
0.0,0.0,0.0,0.0,0.0,0.0,0.0,5.0,0.0,0.0,5.0,0.0,0.0,0.0,0.0,0.0,5.0,0.0,0.0,0.0,0.0,0.0,6.0,0.0,0.0,0.0,0.0,0.0,21.0,5.0,69.455669,47.0,5.0,12.6051,0.0,157.0,69.85332,689.8,1212.0,2539.0983260000003,0.0,812.9075,0.0,0.0,103.867936,2986.931,0.0,192.01,0.0,209.0,134.052143,-16.990000000000002,47.0,52.0,92.0,109.63597,-8.56447,0,5.0,High
0.0,0.0,0.0,0.0,0.0,0.0,6.0,0.0,0.0,0.0,0.0,0.0,0.0,0.0,0.0,5.0,11.0,1.0,0.0,0.0,0.0,0.0,0.0,0.0,0.0,0.0,0.0,0.0,23.0,11.0,75.95137299999999,51.0,6.0,-11.617100000000002,0.0,125.0,54.960327,884.8199999999999,1046.0,2178.4073860000003,0.0,660.6252000000001,0.0,0.0,87.50909200000001,2608.006,0.0,163.39,-5.0,182.0,109.756859,-18.61,51.0,57.0,66.0,83.339451,-8.615671,2,0.0,Low
0.0,0.0,0.0,0.0,0.0,0.0,6.0,0.0,0.0,4.0,0.0,0.0,0.0,0.0,0.0,2.0,9.0,0.0,0.0,0.0,0.0,0.0,0.0,0.0,0.0,0.0,0.0,0.0,21.0,12.0,64.358883,48.0,10.0,-15.5783,4.0,133.0,61.146232,798.55,1096.0,2424.597759,0.0,699.5826,4.0,4.0,81.349322,2734.3010000000004,0.0,166.07464399999998,1.0,191.0,116.452902,-17.23,48.0,58.0,67.0,86.09875199999999,-8.729542,1,3.0,Medium
5.0,0.0,0.0,0.0,5.0,0.0,0.0,0.0,0.0,0.0,0.0,0.0,0.0,0.0,0.0,3.0,10.0,0.0,0.0,0.0,0.0,0.0,0.0,0.0,0.0,0.0,0.0,0.0,23.0,13.0,61.814522,49.0,10.0,-7.599000000000001,0.0,138.0,60.60813,964.29,1176.0,2604.4393350000005,0.0,763.8704,0.0,0.0,99.12289,3005.764,0.0,198.290895,0.0,202.0,129.47556300000002,-17.240000000000002,49.0,64.0,64.0,93.456423,-8.700408,1,4.0,Medium
0.0,0.0,0.0,0.0,6.0,0.0,0.0,0.0,0.0,0.0,0.0,0.0,0.0,0.0,0.0,4.0,6.0,0.0,0.0,0.0,0.0,0.0,6.0,0.0,0.0,0.0,0.0,0.0,22.0,10.0,78.59417,48.0,6.0,18.7028,0.0,186.0,82.979154,769.1400000000001,1396.0,3195.9024980000004,0.0,948.3814,0.0,0.0,102.337568,3422.7120000000004,0.0,222.22,0.0,240.0,158.519878,-17.78,48.0,54.0,96.0,110.77718,-8.562223,1,3.0,Medium
0.0,0.0,0.0,0.0,0.0,0.0,0.0,6.0,0.0,0.0,0.0,0.0,0.0,0.0,0.0,4.0,10.0,1.0,0.0,0.0,0.0,0.0,0.0,0.0,0.0,0.0,0.0,0.0,21.0,10.0,68.10590499999998,46.0,6.0,-15.3186,0.0,104.0,44.510524,798.16,894.0,1880.885915,0.0,557.1584,0.0,0.0,82.99341799999999,2238.484,0.0,139.01,-4.0,156.0,93.28559,-16.99,46.0,52.0,50.0,66.572835,-8.526799,1,2.0,Medium
3.0,0.0,0.0,0.0,0.0,0.0,0.0,0.0,0.0,0.0,0.0,0.0,0.0,0.0,0.0,6.0,2.0,10.0,0.0,0.0,0.0,0.0,0.0,0.0,0.0,0.0,0.0,0.0,21.0,9.0,59.898594,48.0,3.0,16.7988,0.0,140.0,61.387845,784.26,1128.0,2463.596568,0.0,756.6991,0.0,0.0,86.820204,2844.832,0.0,186.038537,1.0,194.0,124.570341,-16.08,48.0,54.0,69.0,97.627907,-8.512666,1,4.0,Medium
3.0,0.0,0.0,0.0,2.0,0.0,0.0,0.0,0.0,3.0,0.0,0.0,0.0,0.0,0.0,0.0,14.0,0.0,0.0,0.0,0.0,0.0,0.0,0.0,0.0,0.0,0.0,0.0,22.0,8.0,58.934802,47.0,8.0,-17.102400000000003,3.0,114.0,49.770864,905.03,988.0,2213.098282,0.0,615.4008,3.0,3.0,84.546459,2524.086,0.0,157.39702,-6.0,172.0,104.230873,-16.950000000000003,47.0,58.0,47.0,71.595125,-8.701562,2,0.0,Low
0.0,0.0,0.0,0.0,0.0,0.0,4.0,5.0,0.0,0.0,5.0,0.0,0.0,0.0,0.0,0.0,8.0,0.0,0.0,0.0,0.0,0.0,0.0,0.0,0.0,0.0,0.0,0.0,22.0,9.0,70.392666,49.0,9.0,-11.9994,0.0,130.0,58.00711,775.3499999999999,1084.0,2164.1298770000003,0.0,696.3163,0.0,0.0,98.39777600000002,2699.252,0.0,170.06,1.0,188.0,115.753601,-17.939999999999998,49.0,58.0,77.0,96.024988,-8.655618,1,4.0,Medium
0.0,0.0,3.0,0.0,0.0,0.0,3.0,0.0,0.0,0.0,0.0,0.0,0.0,0.0,0.0,4.0,12.0,0.0,0.0,0.0,0.0,0.0,0.0,0.0,0.0,0.0,0.0,0.0,22.0,13.0,62.241758,45.0,9.0,-14.422,0.0,108.0,47.06874,930.12,952.0,1974.445031,0.0,600.4177,0.0,0.0,90.216134,2428.989,0.0,155.946883,-6.0,165.0,99.545296,-16.91,45.0,57.0,54.0,77.874935,-8.607328,2,0.0,Low
0.0,0.0,3.0,0.0,0.0,0.0,0.0,0.0,0.0,0.0,4.0,0.0,0.0,0.0,0.0,0.0,10.0,0.0,0.0,0.0,4.0,0.0,0.0,0.0,0.0,0.0,0.0,0.0,21.0,6.0,59.129118,43.0,6.0,-2.5147000000000013,0.0,107.0,44.885677,818.8400000000001,918.0,1883.488471,0.0,589.1354000000001,0.0,0.0,95.704787,2338.927,0.0,150.856883,-7.0,159.0,97.941025,-16.0,43.0,52.0,46.0,73.75106,-8.601444,2,0.0,Low
5.0,0.0,0.0,0.0,0.0,0.0,0.0,0.0,0.0,0.0,0.0,0.0,0.0,0.0,0.0,4.0,10.0,3.0,0.0,0.0,0.0,0.0,0.0,0.0,0.0,0.0,0.0,0.0,22.0,9.0,55.561653,48.0,5.0,-5.820600000000001,0.0,108.0,46.043677,936.02,962.0,2035.258513,0.0,609.3987,0.0,0.0,87.35699400000001,2490.856,0.0,163.240895,-5.0,166.0,101.832781,-16.29,48.0,58.0,49.0,79.55773400000001,-8.515387,2,0.0,Low
0.0,0.0,0.0,5.0,0.0,0.0,0.0,0.0,0.0,0.0,5.0,0.0,0.0,0.0,0.0,0.0,7.0,0.0,0.0,0.0,0.0,0.0,5.0,0.0,0.0,0.0,0.0,0.0,22.0,5.0,73.89973,49.0,5.0,12.979099999999995,0.0,166.0,74.263984,743.76,1276.0,2731.109606,0.0,853.4915,0.0,0.0,105.02974,3141.1400000000003,0.0,202.22000000000003,-2.0,220.0,141.301878,-17.779999999999998,49.0,54.0,97.0,113.409907,-8.545201,1,3.0,Medium
0.0,0.0,8.0,0.0,0.0,0.0,0.0,0.0,0.0,0.0,0.0,0.0,0.0,0.0,0.0,4.0,8.0,4.0,0.0,0.0,0.0,0.0,0.0,0.0,0.0,0.0,0.0,0.0,24.0,20.0,52.464512,44.0,16.0,-2.746400000000002,0.0,136.0,60.62838,1066.28,1192.0,2517.287972,0.0,795.3416,0.0,0.0,115.937984,3095.172,0.0,207.831688,0.0,204.0,130.275668,-17.12,44.0,68.0,68.0,109.180796,-8.702416,1,2.0,Medium
0.0,0.0,0.0,0.0,2.0,0.0,5.0,0.0,0.0,0.0,0.0,0.0,0.0,0.0,0.0,5.0,9.0,0.0,0.0,0.0,0.0,0.0,0.0,0.0,0.0,0.0,0.0,0.0,21.0,12.0,70.66038999999999,47.0,7.0,-9.393,0.0,126.0,55.955242,809.0,1038.0,2225.221355,0.0,665.2179,0.0,0.0,83.205849,2580.108,0.0,162.93,-2.0,180.0,111.16568,-17.07,47.0,54.0,66.0,81.64372900000001,-8.657816,1,3.0,Medium
0.0,0.0,0.0,0.0,0.0,0.0,3.0,0.0,0.0,2.0,0.0,0.0,0.0,0.0,0.0,4.0,12.0,0.0,0.0,0.0,0.0,0.0,0.0,0.0,0.0,0.0,0.0,0.0,21.0,9.0,66.397626,48.0,5.0,-15.5779,2.0,107.0,46.712021,839.84,914.0,1984.063542,0.0,562.3977,2.0,2.0,75.933301,2290.492,0.0,139.122322,-7.0,160.0,93.888699,-17.03,48.0,53.0,50.0,66.728619,-8.556394,2,0.0,Low
0.0,0.0,0.0,0.0,0.0,0.0,6.0,0.0,0.0,0.0,0.0,0.0,0.0,0.0,0.0,4.0,8.0,0.0,0.0,0.0,0.0,0.0,4.0,0.0,0.0,0.0,0.0,0.0,22.0,10.0,74.48907600000001,48.0,6.0,2.900599999999999,0.0,150.0,67.278262,796.8000000000001,1180.0,2505.0195200000003,0.0,777.7894000000001,0.0,0.0,93.17495800000002,2915.724,0.0,186.22,-2.0,204.0,128.469994,-17.78,48.0,54.0,84.0,100.048902,-8.622301,1,3.0,Medium
0.0,0.0,5.0,0.0,0.0,0.0,2.0,0.0,0.0,0.0,0.0,0.0,0.0,0.0,0.0,5.0,10.0,0.0,0.0,0.0,0.0,0.0,0.0,0.0,0.0,0.0,0.0,0.0,22.0,17.0,55.82356299999999,44.0,12.0,-12.3439,0.0,113.0,49.928842,979.13,1010.0,2111.430169,0.0,649.6884,0.0,0.0,97.329783,2604.1160000000004,0.0,170.68480499999998,-3.0,174.0,107.136092,-16.41,44.0,61.0,57.0,87.19842,-8.617026,1,2.0,Medium
0.0,0.0,3.0,0.0,0.0,0.0,0.0,0.0,0.0,0.0,0.0,0.0,0.0,0.0,0.0,4.0,10.0,5.0,0.0,0.0,0.0,0.0,0.0,0.0,0.0,0.0,0.0,0.0,22.0,10.0,62.186591,45.0,6.0,-1.658500000000002,0.0,115.0,49.290153,889.1400000000001,976.0,2074.322744,0.0,629.2116000000001,0.0,0.0,89.704217,2481.125,0.0,160.06688300000002,-7.0,169.0,103.779865,-16.79,45.0,54.0,54.0,79.426773,-8.573664,2,0.0,Low
0.0,0.0,0.0,0.0,0.0,0.0,5.0,0.0,0.0,5.0,0.0,0.0,0.0,0.0,0.0,2.0,10.0,0.0,0.0,0.0,0.0,0.0,0.0,0.0,0.0,0.0,0.0,0.0,22.0,12.0,66.23898799999999,51.0,10.0,-17.2755,5.0,137.0,62.82117,847.91,1134.0,2548.45985,0.0,718.8746000000001,5.0,5.0,83.54579000000001,2833.3660000000004,0.0,170.320805,0.0,198.0,119.798967,-18.06,51.0,61.0,66.0,86.541537,-8.734362,1,4.0,Medium
0.0,0.0,0.0,0.0,0.0,0.0,3.0,0.0,0.0,4.0,0.0,0.0,0.0,0.0,5.0,10.0,0.0,0.0,0.0,0.0,0.0,0.0,0.0,0.0,0.0,0.0,0.0,0.0,22.0,27.0,69.975063,58.0,12.0,-3.7184,4.0,162.0,74.802301,964.05,1340.0,3139.463951,0.0,878.9364,4.0,4.0,88.011385,3335.136,0.0,205.884644,7.0,232.0,144.071551,-18.42,58.0,70.0,79.0,104.861031,-8.834908,1,2.0,Medium
5.0,0.0,0.0,0.0,0.0,0.0,0.0,0.0,0.0,0.0,0.0,0.0,0.0,0.0,0.0,4.0,7.0,0.0,0.0,0.0,0.0,0.0,6.0,0.0,0.0,0.0,0.0,0.0,22.0,9.0,58.297785,48.0,5.0,11.6277,0.0,147.0,64.842019,894.53,1196.0,2594.424967,0.0,796.2176999999999,0.0,0.0,100.074996,3040.933,0.0,202.240895,-2.0,205.0,131.914075,-16.29,48.0,58.0,76.0,105.490901,-8.593581,1,3.0,Medium
0.0,0.0,0.0,0.0,0.0,0.0,6.0,0.0,0.0,0.0,0.0,0.0,0.0,0.0,0.0,6.0,4.0,0.0,0.0,0.0,0.0,0.0,6.0,0.0,0.0,0.0,0.0,0.0,22.0,12.0,75.887272,50.0,6.0,14.0516,0.0,174.0,78.969854,781.94,1336.0,2885.83017,0.0,900.849,0.0,0.0,99.36513,3288.402,0.0,212.14,2.0,230.0,148.109216,-17.86,50.0,56.0,100.0,117.33871,-8.586922,1,4.0,Medium
0.0,0.0,0.0,0.0,0.0,0.0,0.0,5.0,0.0,0.0,0.0,0.0,0.0,0.0,0.0,4.0,9.0,0.0,0.0,3.0,0.0,0.0,0.0,0.0,0.0,0.0,0.0,0.0,21.0,9.0,69.336041,46.0,5.0,-10.4645,0.0,107.0,45.35698,779.89,906.0,1951.61224,0.0,570.5657,0.0,0.0,81.643225,2265.55,0.0,141.05,-4.0,158.0,95.827407,-16.95,46.0,51.0,47.0,64.85878100000001,-8.4886875,2,0.0,Low
0.0,0.0,0.0,0.0,2.0,0.0,4.0,0.0,0.0,0.0,0.0,0.0,0.0,0.0,0.0,5.0,10.0,0.0,0.0,0.0,0.0,0.0,0.0,0.0,0.0,0.0,0.0,0.0,21.0,11.0,70.462561,47.0,6.0,-10.111,0.0,120.0,52.691693,818.3900000000001,996.0,2139.6707960000003,0.0,632.3542,0.0,0.0,81.51007999999999,2478.9150000000004,0.0,155.97,-4.0,173.0,105.837253,-17.03,47.0,53.0,61.0,76.31111,-8.621024,2,0.0,Low
5.0,0.0,0.0,0.0,0.0,0.0,0.0,0.0,0.0,10.0,0.0,0.0,0.0,0.0,0.0,2.0,5.0,0.0,0.0,0.0,0.0,0.0,0.0,0.0,0.0,0.0,0.0,0.0,22.0,17.0,43.59146299999999,56.0,15.0,-16.137500000000003,10.0,157.0,74.14652500000001,963.11,1344.0,3233.217395,0.0,867.1750999999999,10.0,10.0,90.39837,3451.2810000000004,0.0,210.282505,10.0,233.0,144.868097,-17.009999999999998,56.0,76.0,66.0,106.43121700000002,-8.800565,1,4.0,Medium
0.0,0.0,5.0,0.0,0.0,0.0,0.0,0.0,0.0,0.0,0.0,0.0,0.0,0.0,0.0,4.0,10.0,0.0,0.0,0.0,0.0,0.0,2.0,0.0,0.0,0.0,0.0,0.0,21.0,14.0,53.053564,41.0,10.0,-5.078300000000002,0.0,113.0,49.453565000000005,923.72,982.0,2080.552367,0.0,638.8522000000002,0.0,0.0,95.364777,2526.0890000000004,0.0,166.594805,-5.0,169.0,105.165275,-15.5,41.0,56.0,56.0,84.598244,-8.640341,1,1.0,Medium
0.0,0.0,5.0,0.0,0.0,0.0,0.0,0.0,0.0,0.0,4.0,0.0,0.0,0.0,0.0,0.0,8.0,0.0,4.0,0.0,0.0,0.0,0.0,0.0,0.0,0.0,0.0,0.0,21.0,10.0,50.035944,41.0,10.0,-0.887900000000001,0.0,115.0,50.664427,852.0600000000001,994.0,1955.351019,0.0,653.7030000000001,0.0,0.0,103.99632499999998,2556.159,0.0,168.594805,-3.0,171.0,106.561451,-15.5,41.0,56.0,64.0,96.565128,-8.625967,1,4.0,Medium
0.0,0.0,0.0,0.0,0.0,0.0,0.0,3.0,0.0,0.0,0.0,0.0,0.0,0.0,0.0,4.0,9.0,6.0,0.0,0.0,0.0,0.0,0.0,0.0,0.0,0.0,0.0,0.0,22.0,7.0,71.87885,48.0,3.0,-1.2922000000000011,0.0,120.0,51.201072,797.31,982.0,2098.745375,0.0,628.8583,0.0,0.0,84.480398,2445.8370000000004,0.0,153.34,-6.0,171.0,104.363755,-17.66,48.0,51.0,57.0,75.224111,-8.528859,2,0.0,Low
0.0,0.0,0.0,0.0,5.0,0.0,0.0,0.0,0.0,0.0,0.0,0.0,0.0,0.0,0.0,4.0,11.0,1.0,0.0,0.0,0.0,0.0,0.0,0.0,0.0,0.0,0.0,0.0,21.0,9.0,71.72584499999999,46.0,5.0,-5.519900000000001,0.0,125.0,53.835206,807.55,1014.0,2280.4622790000003,0.0,648.7337,0.0,0.0,82.215608,2516.02,0.0,159.05,-6.0,176.0,109.75812700000002,-16.95,46.0,51.0,57.0,71.20766499999999,-8.617097,2,0.0,Low
0.0,0.0,3.0,0.0,2.0,0.0,0.0,0.0,0.0,0.0,0.0,0.0,0.0,0.0,0.0,4.0,12.0,0.0,0.0,0.0,0.0,0.0,0.0,0.0,0.0,0.0,0.0,0.0,21.0,12.0,59.867586,43.0,8.0,-11.7281,0.0,105.0,45.044141,899.3800000000001,918.0,1977.377163,0.0,579.964,0.0,0.0,86.64643099999999,2340.903,0.0,150.776883,-7.0,159.0,96.942187,-16.08,43.0,54.0,48.0,70.54544,-8.619289,2,0.0,Low
0.0,0.0,0.0,5.0,0.0,0.0,0.0,0.0,0.0,0.0,6.0,0.0,0.0,0.0,0.0,0.0,5.0,0.0,0.0,0.0,0.0,0.0,6.0,0.0,0.0,0.0,0.0,0.0,22.0,5.0,74.238652,50.0,5.0,19.2087,0.0,179.0,80.583845,725.3299999999999,1360.0,2913.462398,0.0,919.8115,0.0,0.0,109.706416,3341.5060000000003,0.0,216.18,0.0,234.0,151.86698,-17.82,50.0,55.0,107.0,124.257944,-8.49039,1,3.0,Medium
0.0,0.0,4.0,0.0,3.0,0.0,0.0,0.0,0.0,0.0,0.0,0.0,0.0,0.0,0.0,4.0,10.0,0.0,0.0,0.0,0.0,0.0,0.0,0.0,0.0,0.0,0.0,0.0,21.0,15.0,57.374841,42.0,11.0,-9.032800000000002,0.0,118.0,51.78581,906.6,1016.0,2215.614629,0.0,658.8745000000001,0.0,0.0,93.156002,2592.793,0.0,169.605844,-3.0,175.0,110.001323,-15.87,42.0,57.0,56.0,81.68456599999999,-8.681373,1,3.0,Medium
0.0,0.0,0.0,0.0,5.0,0.0,0.0,0.0,0.0,0.0,0.0,0.0,0.0,0.0,0.0,6.0,5.0,6.0,0.0,0.0,0.0,0.0,0.0,0.0,0.0,0.0,0.0,0.0,22.0,11.0,75.847458,50.0,5.0,10.6713,0.0,159.0,69.975504,791.3299999999999,1240.0,2816.021026,0.0,826.6323,0.0,0.0,91.036758,3060.966,0.0,196.18,0.0,214.0,138.147085,-17.82,50.0,55.0,77.0,95.414366,-8.583709,1,4.0,Medium
4.0,0.0,0.0,0.0,11.0,0.0,0.0,0.0,0.0,0.0,3.0,0.0,0.0,0.0,0.0,4.0,0.0,0.0,0.0,0.0,0.0,0.0,0.0,0.0,0.0,0.0,0.0,0.0,22.0,19.0,65.76333,51.0,15.0,10.6073,0.0,201.0,91.88964,846.61,1590.0,3648.089056,0.0,1088.1083,0.0,0.0,114.527944,3977.2130000000006,0.0,264.724716,15.0,271.0,183.928053,-17.099999999999998,51.0,70.0,105.0,134.328243,-8.724278,0,5.0,High
0.0,0.0,5.0,0.0,0.0,0.0,0.0,0.0,5.0,0.0,4.0,0.0,0.0,0.0,0.0,0.0,10.0,0.0,0.0,0.0,0.0,0.0,0.0,0.0,0.0,0.0,0.0,0.0,24.0,20.0,61.19671199999999,42.0,20.0,-13.0396,0.0,138.0,62.86833,994.82,1192.0,2386.1405430000004,0.0,790.4470000000001,0.0,0.0,114.64557,3041.905,0.0,200.024805,0.0,205.0,128.979923,-18.07,42.0,67.0,80.0,112.484121,-8.693644,1,1.0,Medium
0.0,0.0,0.0,0.0,0.0,0.0,0.0,0.0,0.0,0.0,0.0,0.0,0.0,0.0,0.0,0.0,4.0,0.0,0.0,0.0,0.0,0.0,6.0,6.0,6.0,0.0,0.0,0.0,22.0,0.0,74.482168,44.0,0.0,61.0328,0.0,240.0,109.859852,633.9200000000001,1660.0,3369.398778,0.0,1180.062,0.0,0.0,164.699508,4022.052,0.0,266.62,-4.0,284.0,188.78054,-17.380000000000003,44.0,44.0,160.0,178.36293999999998,-8.386562,1,1.0,Medium
0.0,5.0,0.0,0.0,0.0,0.0,0.0,0.0,0.0,2.0,0.0,0.0,0.0,0.0,0.0,5.0,10.0,0.0,0.0,0.0,0.0,0.0,0.0,0.0,0.0,0.0,0.0,0.0,22.0,17.0,53.17416299999999,46.0,12.0,-15.5334,2.0,110.0,48.568374000000006,997.59,1000.0,2189.89735,0.0,634.7794000000001,2.0,2.0,86.494114,2590.001,0.0,166.193217,-3.0,173.0,105.090779,-16.490000000000002,46.0,63.0,48.0,80.103413,-8.62197,1,2.0,Medium
0.0,0.0,0.0,0.0,0.0,0.0,0.0,4.0,0.0,0.0,3.0,0.0,0.0,0.0,0.0,4.0,11.0,0.0,0.0,0.0,0.0,0.0,0.0,0.0,0.0,0.0,0.0,0.0,22.0,8.0,70.71012999999999,51.0,4.0,-13.766000000000002,0.0,106.0,44.885622,857.1,922.0,1896.28755,0.0,566.961,0.0,0.0,87.38781,2311.463,0.0,143.18,-7.0,161.0,94.602852,-17.82,51.0,55.0,54.0,71.950411,-8.538428,2,0.0,Low
0.0,0.0,0.0,0.0,4.0,0.0,0.0,0.0,0.0,3.0,0.0,0.0,0.0,0.0,0.0,4.0,10.0,0.0,0.0,0.0,0.0,0.0,0.0,0.0,0.0,0.0,0.0,0.0,21.0,11.0,67.525508,49.0,7.0,-10.093,3.0,132.0,58.497129,830.29,1080.0,2511.905536,0.0,687.4411,3.0,3.0,80.983439,2689.2120000000004,0.0,165.078483,-3.0,188.0,115.943208,-17.15,49.0,56.0,58.0,75.36441599999999,-8.729208,1,1.0,Medium
5.0,0.0,0.0,0.0,0.0,0.0,0.0,0.0,0.0,0.0,0.0,0.0,0.0,0.0,0.0,0.0,6.0,0.0,0.0,0.0,0.0,0.0,0.0,0.0,0.0,0.0,5.0,6.0,22.0,55.0,45.527206,104.0,11.0,-35.3776,11.0,174.0,86.273476,1909.76,1708.0,4528.319614,0.0,1000.1209,11.0,11.0,93.807016,4384.528,0.0,267.358358,-1.0,294.0,167.475967,-18.77,104.0,120.0,87.0,125.582122,-8.743946,1,1.0,Medium
0.0,6.0,0.0,0.0,0.0,0.0,6.0,0.0,0.0,0.0,5.0,0.0,0.0,0.0,0.0,0.0,5.0,0.0,0.0,0.0,0.0,0.0,0.0,0.0,0.0,0.0,0.0,0.0,22.0,18.0,51.609194,43.0,18.0,-7.7318,0.0,140.0,64.65942199999999,903.18,1210.0,2424.942366,0.0,809.632,0.0,0.0,105.596252,3103.477,0.0,206.917074,7.0,207.0,133.002186,-16.319999999999997,43.0,67.0,84.0,119.663713,-8.726198,1,3.0,Medium
3.0,0.0,0.0,0.0,0.0,0.0,0.0,0.0,0.0,3.0,0.0,0.0,0.0,0.0,0.0,0.0,12.0,0.0,0.0,0.0,0.0,0.0,0.0,0.0,0.0,0.0,4.0,0.0,22.0,22.0,54.24008599999999,71.0,6.0,-24.873,7.0,132.0,60.993616,1266.0100000000002,1220.0,3043.343554,0.0,723.2122,7.0,7.0,83.917023,3122.454,0.0,188.72788,-6.0,212.0,122.392035,-17.830000000000002,71.0,80.0,57.0,86.011321,-8.75638,2,0.0,Low
0.0,0.0,3.0,0.0,0.0,0.0,0.0,0.0,0.0,4.0,0.0,0.0,0.0,0.0,0.0,0.0,10.0,0.0,0.0,5.0,0.0,0.0,0.0,0.0,0.0,0.0,0.0,0.0,22.0,10.0,58.596911,45.0,10.0,-7.9258000000000015,4.0,126.0,55.550381,862.9000000000001,1058.0,2430.380624,0.0,683.2042,4.0,4.0,88.56018,2691.4500000000003,0.0,167.21152700000002,-3.0,184.0,114.217859,-16.95,45.0,58.0,48.0,77.40362999999999,-8.720145,1,1.0,Medium
4.0,0.0,0.0,0.0,0.0,0.0,0.0,0.0,0.0,0.0,0.0,0.0,0.0,0.0,0.0,8.0,4.0,0.0,0.0,0.0,0.0,0.0,6.0,0.0,0.0,0.0,0.0,0.0,22.0,12.0,62.259566,52.0,4.0,15.4834,0.0,156.0,69.192846,906.32,1260.0,2771.654054,0.0,841.2647999999999,0.0,0.0,99.762468,3181.712,0.0,210.124716,0.0,216.0,138.781668,-16.700000000000003,52.0,60.0,82.0,110.705184,-8.58424,1,3.0,Medium
0.0,0.0,0.0,0.0,0.0,0.0,0.0,9.0,0.0,0.0,2.0,0.0,0.0,0.0,0.0,0.0,9.0,0.0,0.0,1.0,0.0,0.0,0.0,0.0,0.0,0.0,0.0,0.0,21.0,9.0,67.312201,44.0,9.0,-16.9401,0.0,111.0,48.25689199999999,735.1899999999999,942.0,1933.906788,0.0,597.6793000000001,0.0,0.0,91.058955,2353.752,0.0,146.97,0.0,164.0,100.407087,-17.029999999999998,44.0,53.0,57.0,74.510027,-8.615338,1,3.0,Medium
0.0,0.0,4.0,0.0,0.0,0.0,0.0,0.0,0.0,0.0,3.0,0.0,0.0,0.0,0.0,4.0,11.0,0.0,0.0,0.0,0.0,0.0,0.0,0.0,0.0,0.0,0.0,0.0,22.0,12.0,57.93066999999999,47.0,8.0,-10.2764,0.0,106.0,45.540946,961.1,954.0,1958.798546,0.0,601.4014000000001,0.0,0.0,95.573006,2453.371,0.0,158.815844,-7.0,165.0,99.216292,-16.660000000000004,47.0,59.0,54.0,82.233879,-8.57346,2,0.0,Low
0.0,0.0,3.0,0.0,0.0,0.0,0.0,0.0,0.0,0.0,0.0,0.0,0.0,0.0,0.0,4.0,10.0,0.0,0.0,0.0,0.0,0.0,5.0,0.0,0.0,0.0,0.0,0.0,22.0,10.0,64.197541,45.0,6.0,5.4229999999999965,0.0,135.0,58.949408,889.1400000000001,1096.0,2362.030094,0.0,721.2016000000001,0.0,0.0,98.014857,2761.6650000000004,0.0,180.06688300000002,-7.0,189.0,118.737685,-16.79,45.0,54.0,69.0,92.262898,-8.642255,2,0.0,Low
0.0,0.0,0.0,0.0,0.0,0.0,0.0,1.0,0.0,0.0,0.0,0.0,0.0,0.0,0.0,5.0,10.0,0.0,0.0,0.0,0.0,0.0,5.0,0.0,0.0,0.0,0.0,0.0,21.0,6.0,70.78645499999999,47.0,1.0,5.183599999999997,0.0,127.0,54.57982,796.19,1008.0,2191.069199,0.0,650.5627,0.0,0.0,84.98490000000001,2496.989,0.0,158.17000000000002,-9.0,175.0,107.632302,-16.83,47.0,48.0,64.0,78.64988100000001,-8.544963,2,0.0,Low
0.0,0.0,3.0,0.0,0.0,0.0,0.0,0.0,0.0,0.0,5.0,0.0,0.0,0.0,0.0,3.0,10.0,0.0,0.0,0.0,0.0,0.0,0.0,0.0,0.0,0.0,0.0,0.0,21.0,9.0,57.399562,47.0,6.0,-7.525,0.0,104.0,44.589378,888.76,924.0,1867.8491940000004,0.0,581.1928,0.0,0.0,91.898297,2360.842,0.0,151.696883,-7.0,160.0,95.822824,-16.16,47.0,56.0,56.0,81.642177,-8.535148,2,0.0,Low
0.0,0.0,0.0,5.0,0.0,0.0,0.0,0.0,0.0,0.0,3.0,0.0,0.0,0.0,0.0,0.0,10.0,0.0,3.0,0.0,0.0,0.0,0.0,0.0,0.0,0.0,0.0,0.0,21.0,5.0,68.069613,45.0,5.0,-3.8216,0.0,122.0,53.503647,740.4899999999999,990.0,2047.476185,0.0,636.6025,0.0,0.0,90.32947,2458.948,0.0,155.09,-5.0,172.0,105.828078,-16.91,45.0,50.0,67.0,83.442325,-8.604625,2,0.0,Low
5.0,0.0,0.0,0.0,0.0,0.0,0.0,0.0,0.0,5.0,0.0,0.0,0.0,0.0,0.0,5.0,6.0,0.0,0.0,0.0,0.0,0.0,0.0,0.0,0.0,0.0,0.0,0.0,21.0,15.0,46.588745,52.0,10.0,-12.0252,5.0,128.0,58.409377000000006,942.98,1128.0,2594.4816880000003,0.0,720.177,5.0,5.0,85.330825,2911.475,0.0,182.9717,4.0,195.0,120.251684,-15.94,52.0,67.0,56.0,91.343521,-8.701781,1,3.0,Medium
0.0,0.0,0.0,0.0,0.0,0.0,6.0,4.0,0.0,0.0,0.0,0.0,0.0,0.0,0.0,4.0,10.0,0.0,0.0,0.0,0.0,0.0,0.0,0.0,0.0,0.0,0.0,0.0,24.0,14.0,78.81951000000001,52.0,10.0,-17.102800000000002,0.0,136.0,60.720466,894.8199999999999,1140.0,2360.901378,0.0,727.2162000000001,0.0,0.0,97.684014,2841.386,0.0,178.48,0.0,198.0,121.186618,-19.52,52.0,62.0,74.0,92.676558,-8.695659,1,2.0,Medium
0.0,0.0,3.0,0.0,0.0,0.0,0.0,0.0,0.0,0.0,5.0,0.0,0.0,0.0,0.0,0.0,8.0,6.0,0.0,0.0,0.0,0.0,0.0,0.0,0.0,0.0,0.0,0.0,22.0,6.0,60.682619,46.0,6.0,5.771199999999999,0.0,128.0,55.574423,826.71,1060.0,2166.923934,0.0,696.2944,0.0,0.0,99.045125,2681.491,0.0,174.026883,-5.0,183.0,114.335367,-16.83,46.0,55.0,69.0,96.520117,-8.581605,1,1.0,Medium
0.0,0.0,5.0,0.0,0.0,0.0,0.0,0.0,0.0,4.0,0.0,0.0,0.0,0.0,0.0,3.0,10.0,0.0,0.0,0.0,0.0,0.0,0.0,0.0,0.0,0.0,0.0,0.0,22.0,17.0,50.541933,46.0,14.0,-15.7373,4.0,123.0,55.711938,984.47,1086.0,2431.210085,0.0,696.4582,4.0,4.0,95.631433,2800.3660000000004,0.0,176.82944899999998,-1.0,188.0,115.205236,-16.57,46.0,65.0,55.0,88.413214,-8.680717,1,2.0,Medium
4.0,0.0,0.0,0.0,0.0,0.0,6.0,0.0,0.0,0.0,0.0,0.0,0.0,0.0,0.0,4.0,8.0,0.0,0.0,0.0,0.0,0.0,0.0,0.0,0.0,0.0,0.0,0.0,22.0,14.0,59.63044000000001,48.0,10.0,-11.310200000000002,0.0,126.0,56.72242999999999,907.36,1092.0,2265.641412,0.0,704.5778,0.0,0.0,92.402326,2789.012,0.0,182.044716,2.0,188.0,117.402718,-16.78,48.0,62.0,68.0,95.966954,-8.675554,1,3.0,Medium
4.0,0.0,0.0,0.0,0.0,0.0,0.0,0.0,0.0,3.0,0.0,0.0,0.0,0.0,0.0,0.0,0.0,0.0,0.0,0.0,0.0,4.0,11.0,0.0,0.0,0.0,0.0,0.0,22.0,7.0,62.824715,47.0,7.0,40.2999,3.0,218.0,98.714858,730.17,1614.0,3764.794111,0.0,1132.0765,3.0,3.0,114.212481,4017.444,0.0,264.433199,7.0,276.0,187.597932,-16.62,47.0,58.0,105.0,138.675586,-8.623235,0,5.0,High
0.0,0.0,3.0,0.0,0.0,0.0,0.0,0.0,0.0,6.0,0.0,0.0,0.0,0.0,0.0,5.0,8.0,0.0,0.0,0.0,0.0,0.0,0.0,0.0,0.0,0.0,0.0,0.0,22.0,17.0,55.076289,52.0,12.0,-14.8093,6.0,135.0,61.789516000000006,963.73,1162.0,2700.346813,0.0,741.1916000000001,6.0,6.0,89.740129,2959.716,0.0,181.003849,1.0,202.0,122.78532,-17.31,52.0,67.0,59.0,89.968086,-8.729032,1,3.0,Medium
2.0,0.0,0.0,0.0,3.0,0.0,0.0,0.0,0.0,0.0,0.0,0.0,0.0,0.0,0.0,5.0,11.0,0.0,0.0,0.0,0.0,0.0,0.0,0.0,0.0,0.0,0.0,0.0,21.0,10.0,63.97369499999999,47.0,5.0,-9.4037,0.0,111.0,47.463717,874.1800000000001,952.0,2093.222808,0.0,598.7143,0.0,0.0,81.858902,2408.563,0.0,154.002358,-6.0,165.0,101.052538,-16.41,47.0,54.0,50.0,70.188932,-8.561534,2,0.0,Low
0.0,0.0,5.0,0.0,0.0,0.0,0.0,0.0,0.0,0.0,4.0,0.0,0.0,0.0,0.0,3.0,10.0,0.0,0.0,0.0,0.0,0.0,0.0,0.0,0.0,0.0,0.0,0.0,22.0,13.0,54.365689,46.0,10.0,-8.812100000000001,0.0,111.0,48.321070000000006,966.71,998.0,2031.234873,0.0,638.4314000000002,0.0,0.0,101.300365,2576.014,0.0,168.68480499999998,-5.0,172.0,105.029356,-16.41,46.0,61.0,59.0,90.481194,-8.593083,1,1.0,Medium
0.0,0.0,3.0,0.0,0.0,0.0,2.0,0.0,0.0,0.0,0.0,0.0,0.0,0.0,0.0,12.0,5.0,0.0,0.0,0.0,0.0,0.0,0.0,0.0,0.0,0.0,0.0,0.0,22.0,20.0,63.557881,53.0,8.0,-5.734400000000001,0.0,126.0,55.897455,990.71,1102.0,2381.358288,0.0,708.7924,0.0,0.0,92.663405,2800.5,0.0,180.666883,0.0,190.0,116.489485,-17.189999999999998,53.0,64.0,65.0,93.084236,-8.656316,1,4.0,Medium
0.0,0.0,0.0,0.0,6.0,0.0,0.0,0.0,0.0,6.0,0.0,0.0,0.0,0.0,0.0,5.0,4.0,0.0,0.0,0.0,0.0,0.0,0.0,0.0,0.0,0.0,0.0,0.0,21.0,17.0,65.758259,53.0,12.0,-4.8516,6.0,174.0,80.37982699999999,817.43,1380.0,3349.458466,0.0,909.2924,6.0,6.0,88.275634,3422.4570000000003,0.0,209.946966,8.0,239.0,152.931025,-17.509999999999998,53.0,65.0,79.0,100.883678,-8.847106,1,2.0,Medium
6.0,0.0,0.0,0.0,5.0,0.0,0.0,0.0,0.0,0.0,0.0,0.0,0.0,0.0,0.0,2.0,11.0,0.0,0.0,0.0,0.0,0.0,0.0,0.0,0.0,0.0,0.0,0.0,24.0,13.0,61.625278,50.0,11.0,-9.005300000000002,0.0,141.0,61.897074,1011.83,1212.0,2667.797582,0.0,786.9916999999999,0.0,0.0,104.199058,3113.304,0.0,206.497074,0.0,208.0,133.561155,-17.740000000000002,50.0,67.0,65.0,97.466886,-8.682467,1,4.0,Medium
0.0,5.0,0.0,0.0,0.0,0.0,0.0,0.0,0.0,2.0,0.0,0.0,0.0,0.0,0.0,4.0,10.0,0.0,0.0,0.0,0.0,0.0,0.0,0.0,0.0,0.0,0.0,0.0,21.0,16.0,49.780114,43.0,12.0,-15.6314,2.0,104.0,45.951669,951.06,948.0,2072.42597,0.0,601.9206,2.0,2.0,82.766234,2459.858,0.0,158.023217,-3.0,164.0,99.705748,-15.66,43.0,60.0,45.0,76.014147,-8.6207485,1,2.0,Medium
5.0,0.0,0.0,0.0,0.0,0.0,0.0,0.0,0.0,0.0,5.0,0.0,0.0,0.0,0.0,0.0,5.0,0.0,0.0,0.0,0.0,0.0,7.0,0.0,0.0,0.0,0.0,0.0,22.0,5.0,57.196003,49.0,5.0,20.4737,0.0,164.0,73.05814,832.1,1304.0,2744.5676270000004,0.0,881.6985,0.0,0.0,111.078032,3297.407,0.0,220.200895,0.0,223.0,145.461141,-16.330000000000002,49.0,59.0,94.0,125.15147,-8.546623,1,2.0,Medium
5.0,0.0,0.0,0.0,5.0,0.0,0.0,0.0,0.0,0.0,0.0,0.0,0.0,0.0,0.0,0.0,5.0,0.0,0.0,0.0,0.0,0.0,7.0,0.0,0.0,0.0,0.0,0.0,22.0,10.0,61.610963,44.0,10.0,20.7502,0.0,189.0,85.3082,808.15,1454.0,3265.783437,0.0,1002.827,0.0,0.0,112.39969200000002,3648.202,0.0,245.200895,5.0,248.0,167.771116,-16.330000000000002,44.0,59.0,99.0,126.771825,-8.658586,0,5.0,High
6.0,0.0,0.0,0.0,0.0,0.0,0.0,0.0,0.0,0.0,0.0,0.0,0.0,0.0,0.0,6.0,6.0,0.0,0.0,0.0,0.0,6.0,0.0,0.0,0.0,0.0,0.0,0.0,24.0,12.0,63.18762,54.0,6.0,4.163399999999999,0.0,138.0,58.42967999999999,1001.4,1188.0,2696.590548,0.0,776.9874,0.0,0.0,99.942036,3060.144,0.0,202.537074,0.0,204.0,131.275542,-17.7,54.0,66.0,48.0,90.310428,-8.599689,1,4.0,Medium
3.0,0.0,0.0,0.0,0.0,0.0,5.0,0.0,0.0,0.0,0.0,0.0,0.0,0.0,0.0,0.0,4.0,10.0,0.0,0.0,0.0,0.0,0.0,0.0,0.0,0.0,0.0,0.0,22.0,8.0,62.95708,44.0,8.0,12.256899999999998,0.0,155.0,69.741564,739.04,1222.0,2577.914904,0.0,830.2927999999999,0.0,0.0,95.401769,3067.324,0.0,201.288537,4.0,210.0,137.108968,-16.83,44.0,55.0,83.0,110.406088,-8.607614,0,5.0,High
0.0,0.0,0.0,0.0,6.0,0.0,0.0,0.0,0.0,0.0,0.0,0.0,0.0,0.0,0.0,4.0,6.0,0.0,0.0,0.0,0.0,0.0,5.0,0.0,0.0,0.0,0.0,0.0,21.0,10.0,74.87951100000001,46.0,6.0,15.380699999999996,0.0,174.0,77.53971899999999,742.84,1314.0,3011.141747,0.0,889.3024,0.0,0.0,96.550362,3224.4060000000004,0.0,209.01,0.0,226.0,148.88339000000002,-16.99,46.0,52.0,89.0,103.17849,-8.61911,1,3.0,Medium
0.0,0.0,0.0,0.0,0.0,0.0,0.0,5.0,0.0,3.0,0.0,0.0,0.0,0.0,0.0,0.0,10.0,3.0,0.0,0.0,0.0,0.0,0.0,0.0,0.0,0.0,0.0,0.0,21.0,8.0,64.19358399999999,45.0,8.0,-13.696700000000002,3.0,119.0,52.626933,753.8100000000001,984.0,2172.9023930000003,0.0,624.7186,3.0,3.0,82.699295,2458.888,0.0,149.19848299999998,-2.0,172.0,104.543623,-17.03,45.0,53.0,54.0,72.610072,-8.664257,1,3.0,Medium
0.0,0.0,0.0,4.0,0.0,0.0,0.0,0.0,0.0,0.0,3.0,0.0,0.0,0.0,0.0,4.0,10.0,0.0,0.0,0.0,0.0,0.0,0.0,0.0,0.0,0.0,0.0,0.0,21.0,8.0,68.90461299999998,49.0,4.0,-8.007100000000001,0.0,115.0,49.892254,816.97,966.0,2052.330327,0.0,607.1610000000001,0.0,0.0,84.60101800000001,2408.7320000000004,0.0,150.97,-6.0,168.0,101.34935,-17.03,49.0,53.0,61.0,77.092545,-8.562424,2,0.0,Low
6.0,0.0,0.0,0.0,0.0,0.0,5.0,0.0,0.0,0.0,0.0,0.0,0.0,0.0,0.0,5.0,5.0,0.0,0.0,0.0,0.0,0.0,0.0,0.0,0.0,0.0,0.0,0.0,21.0,16.0,50.00743999999999,47.0,11.0,-8.0806,0.0,126.0,57.255852,910.64,1110.0,2323.741069,0.0,725.3091,0.0,0.0,92.782533,2866.998,0.0,190.747074,6.0,190.0,120.794844,-15.489999999999998,47.0,64.0,68.0,101.793903,-8.706448,1,3.0,Medium
4.0,0.0,0.0,0.0,6.0,0.0,0.0,0.0,0.0,0.0,0.0,0.0,0.0,0.0,0.0,4.0,10.0,0.0,0.0,0.0,0.0,0.0,0.0,0.0,0.0,0.0,0.0,0.0,24.0,14.0,69.12543600000001,52.0,10.0,-6.463000000000001,0.0,150.0,65.96514,987.62,1256.0,2810.6565,0.0,817.8278,0.0,0.0,102.830524,3183.608,0.0,208.464716,0.0,216.0,138.583442,-18.36,52.0,66.0,70.0,97.583956,-8.722115,1,4.0,Medium
4.0,0.0,0.0,0.0,0.0,0.0,0.0,0.0,0.0,0.0,0.0,0.0,0.0,0.0,0.0,4.0,8.0,0.0,0.0,0.0,0.0,0.0,0.0,0.0,0.0,0.0,5.0,0.0,21.0,28.0,51.150416,76.0,4.0,-19.541,5.0,132.0,61.153429,1351.3200000000002,1252.0,3128.60276,0.0,743.6326,5.0,5.0,84.140422,3216.944,0.0,200.13829100000004,-4.0,216.0,125.511562,-16.950000000000003,76.0,84.0,62.0,93.207319,-8.7274475,2,0.0,Low
0.0,0.0,0.0,0.0,0.0,0.0,0.0,0.0,0.0,6.0,0.0,0.0,0.0,0.0,0.0,5.0,5.0,0.0,0.0,0.0,0.0,0.0,6.0,0.0,0.0,0.0,0.0,0.0,22.0,11.0,67.749828,55.0,6.0,9.1589,6.0,177.0,80.87691699999999,830.9200000000001,1372.0,3231.9643210000004,0.0,907.7222,6.0,6.0,92.766058,3397.374,0.0,208.396966,1.0,238.0,149.795805,-18.06,55.0,61.0,86.0,108.298524,-8.767173,1,3.0,Medium
5.0,0.0,0.0,0.0,0.0,0.0,0.0,0.0,0.0,4.0,0.0,0.0,0.0,0.0,0.0,8.0,5.0,0.0,0.0,0.0,0.0,0.0,0.0,0.0,0.0,0.0,0.0,0.0,22.0,17.0,51.488153,56.0,9.0,-9.6743,4.0,133.0,60.215833,1002.47,1176.0,2681.5697750000004,0.0,751.3937,4.0,4.0,89.412228,3030.591,0.0,192.065539,4.0,203.0,125.131331,-16.77,56.0,70.0,60.0,96.314389,-8.690086,1,4.0,Medium
0.0,0.0,0.0,0.0,0.0,0.0,6.0,0.0,0.0,3.0,0.0,0.0,0.0,0.0,0.0,3.0,9.0,0.0,0.0,0.0,0.0,0.0,0.0,0.0,0.0,0.0,0.0,0.0,21.0,12.0,65.674998,48.0,9.0,-14.5011,3.0,129.0,58.82445,805.1100000000001,1068.0,2332.656489,0.0,680.2857,3.0,3.0,81.184965,2664.186,0.0,163.038483,0.0,186.0,113.163441,-17.19,48.0,57.0,66.0,84.41261399999999,-8.718884,1,4.0,Medium
5.0,0.0,0.0,0.0,0.0,0.0,0.0,0.0,0.0,0.0,0.0,0.0,0.0,0.0,0.0,0.0,5.0,6.0,0.0,0.0,0.0,0.0,0.0,0.0,0.0,0.0,6.0,0.0,22.0,29.0,50.221775,80.0,5.0,-7.573500000000001,6.0,165.0,77.34573900000001,1382.23,1484.0,3721.557965,0.0,916.9397,6.0,6.0,94.17796,3795.307,0.0,239.277185,0.0,255.0,154.044815,-17.57,80.0,90.0,80.0,116.725717,-8.700401,1,3.0,Medium
0.0,0.0,3.0,0.0,0.0,0.0,0.0,0.0,0.0,0.0,3.0,0.0,0.0,0.0,0.0,0.0,10.0,0.0,0.0,6.0,0.0,0.0,0.0,0.0,0.0,0.0,0.0,0.0,22.0,6.0,63.03421899999999,44.0,6.0,-0.2386000000000017,0.0,114.0,47.970947,835.9100000000001,964.0,2045.864406,0.0,623.5704000000001,0.0,0.0,92.684427,2451.099,0.0,158.10688299999998,-7.0,167.0,104.012411,-16.75,44.0,53.0,49.0,76.45713699999999,-8.58713,2,0.0,Low
0.0,0.0,0.0,0.0,0.0,0.0,7.0,0.0,0.0,0.0,0.0,0.0,0.0,0.0,0.0,4.0,7.0,0.0,0.0,4.0,0.0,0.0,0.0,0.0,0.0,0.0,0.0,0.0,22.0,11.0,74.417969,48.0,7.0,-3.6134,0.0,136.0,60.392887,787.4100000000001,1102.0,2351.038439,0.0,718.5051,0.0,0.0,86.781043,2736.3770000000004,0.0,173.18,0.0,191.0,119.656285,-17.82,48.0,55.0,69.0,88.098465,-8.626994,1,4.0,Medium
0.0,0.0,0.0,0.0,5.0,0.0,0.0,0.0,0.0,0.0,0.0,0.0,0.0,0.0,0.0,6.0,5.0,0.0,5.0,0.0,0.0,0.0,0.0,0.0,0.0,0.0,0.0,0.0,21.0,11.0,71.30015900000001,48.0,5.0,6.815,0.0,146.0,64.43477,765.03,1152.0,2538.151705,0.0,762.8662999999999,0.0,0.0,91.66079,2848.633,0.0,181.97,0.0,199.0,126.888911,-17.029999999999998,48.0,53.0,73.0,91.969056,-8.61619,1,4.0,Medium
0.0,0.0,0.0,0.0,5.0,0.0,0.0,0.0,0.0,0.0,0.0,0.0,0.0,0.0,0.0,4.0,8.0,0.0,0.0,0.0,0.0,0.0,4.0,0.0,0.0,0.0,0.0,0.0,21.0,9.0,73.65759700000001,46.0,5.0,9.0958,0.0,156.0,68.769846,766.0600000000001,1200.0,2724.545793,0.0,798.7567,0.0,0.0,91.609354,2953.8810000000003,0.0,190.05,-3.0,207.0,133.856293,-16.95,46.0,51.0,78.0,92.006382,-8.633571,1,3.0,Medium
0.0,0.0,0.0,0.0,0.0,0.0,0.0,5.0,0.0,0.0,3.0,0.0,0.0,0.0,0.0,0.0,10.0,3.0,0.0,0.0,0.0,0.0,0.0,0.0,0.0,0.0,0.0,0.0,21.0,5.0,67.06140099999999,45.0,5.0,-8.5028,0.0,110.0,47.083782,740.4899999999999,918.0,1872.920984,0.0,581.1985,0.0,0.0,86.95099400000001,2290.6240000000003,0.0,143.09,-5.0,160.0,96.911713,-16.91,45.0,50.0,57.0,74.161057,-8.546058,2,0.0,Low
0.0,3.0,0.0,0.0,0.0,0.0,0.0,0.0,0.0,3.0,0.0,0.0,0.0,0.0,0.0,4.0,11.0,0.0,0.0,0.0,0.0,0.0,0.0,0.0,0.0,0.0,0.0,0.0,21.0,13.0,55.062853,46.0,9.0,-16.3731,3.0,105.0,46.172866,917.68,936.0,2087.9195750000003,0.0,583.6267,3.0,3.0,78.680375,2399.8830000000003,0.0,149.10702,-5.0,163.0,97.058354,-16.240000000000002,46.0,58.0,44.0,70.154671,-8.6710415,2,0.0,Low
0.0,0.0,0.0,0.0,0.0,0.0,4.0,0.0,0.0,3.0,0.0,0.0,0.0,0.0,0.0,4.0,0.0,11.0,0.0,0.0,0.0,0.0,0.0,0.0,0.0,0.0,0.0,0.0,22.0,11.0,69.85769300000001,51.0,7.0,16.9794,3.0,178.0,81.340589,718.29,1366.0,3063.391409,0.0,927.6641,3.0,3.0,91.587165,3374.5160000000005,0.0,212.288483,7.0,236.0,152.375288,-17.94,51.0,58.0,92.0,116.445971,-8.633989,1,4.0,Medium
5.0,0.0,0.0,0.0,0.0,0.0,0.0,0.0,0.0,0.0,0.0,0.0,0.0,0.0,0.0,4.0,5.0,0.0,0.0,0.0,0.0,0.0,0.0,0.0,0.0,0.0,8.0,0.0,22.0,41.0,48.697469,96.0,5.0,-22.7719,8.0,165.0,79.024385,1661.91,1576.0,4112.825847,0.0,935.2733,8.0,8.0,92.808096,4047.259,0.0,250.742615,0.0,271.0,157.98944699999998,-18.21,96.0,106.0,80.0,118.240085,-8.686738,1,1.0,Medium
0.0,0.0,0.0,0.0,0.0,0.0,0.0,0.0,0.0,12.0,0.0,0.0,0.0,0.0,0.0,3.0,5.0,0.0,0.0,0.0,0.0,0.0,2.0,0.0,0.0,0.0,0.0,0.0,22.0,15.0,58.570698,59.0,12.0,-10.2007,12.0,177.0,83.51668899999999,872.48,1420.0,3514.4544570000003,0.0,918.6228,12.0,12.0,85.514896,3545.4120000000003,0.0,206.453932,7.0,248.0,152.526743,-18.46,59.0,71.0,76.0,104.377656,-8.85278,1,4.0,Medium
0.0,0.0,0.0,0.0,0.0,0.0,6.0,0.0,0.0,0.0,6.0,0.0,0.0,0.0,0.0,6.0,5.0,0.0,0.0,0.0,0.0,0.0,0.0,0.0,0.0,0.0,0.0,0.0,23.0,12.0,75.007361,58.0,6.0,-2.4461000000000004,0.0,147.0,65.983036,877.4499999999999,1220.0,2489.692149,0.0,787.473,0.0,0.0,99.708714,3034.641,0.0,192.11,1.0,211.0,129.674374,-18.89,58.0,64.0,89.0,111.02249,-8.660561,1,4.0,Medium
4.0,0.0,0.0,0.0,0.0,0.0,0.0,0.0,0.0,3.0,0.0,0.0,0.0,0.0,4.0,0.0,0.0,11.0,0.0,0.0,0.0,0.0,0.0,0.0,0.0,0.0,0.0,0.0,22.0,15.0,56.682909,47.0,11.0,17.3418,3.0,170.0,77.220905,822.29,1350.0,3089.4810689999995,0.0,925.0805,3.0,3.0,95.785825,3404.2080000000005,0.0,220.273199,7.0,232.0,151.98442,-16.78,47.0,62.0,80.0,115.228595,-8.728822,1,4.0,Medium
0.0,0.0,0.0,4.0,0.0,0.0,0.0,0.0,0.0,0.0,0.0,0.0,0.0,0.0,0.0,4.0,10.0,0.0,0.0,0.0,0.0,0.0,4.0,0.0,0.0,0.0,0.0,0.0,22.0,8.0,74.66163,48.0,4.0,3.0249999999999986,0.0,142.0,62.377684,815.58,1120.0,2463.11679,0.0,730.53,0.0,0.0,91.821432,2769.4460000000004,0.0,176.3,-6.0,194.0,121.503736,-17.7,48.0,52.0,74.0,88.61010800000001,-8.611243,2,0.0,Low
6.0,0.0,0.0,0.0,0.0,0.0,0.0,0.0,0.0,0.0,0.0,0.0,0.0,0.0,0.0,4.0,12.0,2.0,0.0,0.0,0.0,0.0,0.0,0.0,0.0,0.0,0.0,0.0,24.0,10.0,58.658794,52.0,6.0,-10.1124,0.0,112.0,47.546914,1043.92,1020.0,2144.782262,0.0,639.9018,0.0,0.0,95.245964,2657.396,0.0,174.617074,-6.0,176.0,107.259434,-17.619999999999997,52.0,64.0,50.0,84.14752399999999,-8.537815,2,0.0,Low
0.0,0.0,3.0,0.0,0.0,0.0,4.0,0.0,0.0,0.0,0.0,0.0,0.0,0.0,0.0,5.0,0.0,9.0,0.0,0.0,0.0,0.0,0.0,0.0,0.0,0.0,0.0,0.0,21.0,15.0,60.393002,44.0,10.0,15.4009,0.0,159.0,72.360358,762.5300000000001,1260.0,2707.393066,0.0,865.0252,0.0,0.0,97.455485,3158.502,0.0,207.656883,7.0,216.0,141.452576,-16.2,44.0,57.0,87.0,115.843219,-8.701338,1,4.0,Medium
0.0,5.0,0.0,0.0,0.0,0.0,0.0,0.0,0.0,0.0,0.0,0.0,0.0,0.0,0.0,5.0,4.0,0.0,0.0,0.0,0.0,0.0,8.0,0.0,0.0,0.0,0.0,0.0,22.0,15.0,59.506737,44.0,10.0,19.468,0.0,168.0,75.575848,887.27,1328.0,2913.67764,0.0,911.876,0.0,0.0,105.747288,3349.603,0.0,224.200895,1.0,227.0,149.227975,-16.33,44.0,59.0,90.0,120.21296900000002,-8.667221,1,2.0,Medium
0.0,0.0,4.0,0.0,0.0,0.0,0.0,0.0,0.0,4.0,0.0,0.0,0.0,0.0,0.0,5.0,8.0,0.0,0.0,0.0,0.0,0.0,0.0,0.0,0.0,0.0,0.0,0.0,21.0,17.0,50.920421,47.0,12.0,-13.1184,4.0,122.0,55.323773,940.53,1068.0,2417.923776,0.0,684.3240000000001,4.0,4.0,89.31142399999999,2738.871,0.0,171.670488,0.0,185.0,113.104863,-16.11,47.0,63.0,55.0,85.982986,-8.696922,1,4.0,Medium
5.0,0.0,0.0,0.0,0.0,0.0,0.0,0.0,0.0,0.0,0.0,0.0,0.0,0.0,0.0,4.0,7.0,6.0,0.0,0.0,0.0,0.0,0.0,0.0,0.0,0.0,0.0,0.0,22.0,9.0,55.884645,48.0,5.0,3.1298999999999992,0.0,123.0,53.250913,894.53,1052.0,2249.176147,0.0,685.8297,0.0,0.0,90.102228,2704.285,0.0,178.24089500000002,-2.0,181.0,113.964691,-16.29,48.0,58.0,58.0,90.087551,-8.550027,1,3.0,Medium
4.0,0.0,0.0,0.0,5.0,0.0,0.0,0.0,0.0,0.0,0.0,0.0,0.0,0.0,0.0,3.0,10.0,0.0,0.0,0.0,0.0,0.0,0.0,0.0,0.0,0.0,0.0,0.0,22.0,12.0,61.814522,47.0,9.0,-7.368400000000001,0.0,132.0,57.807653,910.35,1116.0,2479.5231110000004,0.0,723.0943,0.0,0.0,93.528842,2839.136,0.0,186.124716,-1.0,192.0,122.605894,-16.7,47.0,60.0,61.0,86.87822,-8.707894,1,3.0,Medium
0.0,0.0,0.0,0.0,5.0,0.0,0.0,0.0,0.0,0.0,0.0,0.0,0.0,0.0,0.0,2.0,10.0,0.0,0.0,0.0,0.0,0.0,4.0,0.0,0.0,0.0,0.0,0.0,21.0,7.0,73.27910899999999,44.0,5.0,6.744399999999998,0.0,150.0,65.74678,753.26,1152.0,2601.4298390000004,0.0,763.4471000000001,0.0,0.0,90.573594,2835.7050000000004,0.0,182.13,-5.0,199.0,128.288139,-16.87,44.0,49.0,74.0,86.870902,-8.624416,1,1.0,Medium
0.0,0.0,3.0,0.0,4.0,0.0,0.0,0.0,0.0,0.0,0.0,0.0,0.0,0.0,0.0,0.0,10.0,0.0,0.0,4.0,0.0,0.0,0.0,0.0,0.0,0.0,0.0,0.0,21.0,10.0,62.30521,39.0,10.0,-2.2935000000000016,0.0,127.0,55.057357,799.6800000000001,1038.0,2322.500219,0.0,686.0382000000001,0.0,0.0,91.521655,2619.563,0.0,170.856883,-3.0,179.0,115.789005,-16.0,39.0,52.0,54.0,77.489968,-8.714689,1,3.0,Medium
2.0,0.0,0.0,0.0,3.0,0.0,0.0,0.0,0.0,0.0,0.0,0.0,0.0,0.0,0.0,4.0,12.0,0.0,0.0,0.0,0.0,0.0,0.0,0.0,0.0,0.0,0.0,0.0,21.0,9.0,63.784451,46.0,5.0,-10.5794,0.0,108.0,45.952184,867.7800000000001,928.0,2031.664831,0.0,581.0595,0.0,0.0,81.341022,2349.4750000000004,0.0,150.04235799999998,-7.0,161.0,98.26846100000002,-16.37,46.0,53.0,48.0,67.621192,-8.562494,2,0.0,Low
0.0,0.0,0.0,0.0,0.0,0.0,0.0,3.0,3.0,0.0,0.0,0.0,0.0,0.0,0.0,5.0,11.0,0.0,0.0,0.0,0.0,0.0,0.0,0.0,0.0,0.0,0.0,0.0,22.0,14.0,72.015597,46.0,9.0,-17.1445,0.0,111.0,48.421042,866.9200000000001,952.0,1989.119761,0.0,598.3943,0.0,0.0,84.595117,2378.694,0.0,148.18,-5.0,166.0,99.144546,-17.82,46.0,55.0,56.0,72.730074,-8.615972,2,0.0,Low
0.0,0.0,4.0,0.0,0.0,0.0,0.0,0.0,0.0,0.0,0.0,0.0,0.0,0.0,0.0,4.0,8.0,0.0,0.0,0.0,0.0,0.0,5.0,0.0,0.0,0.0,0.0,0.0,21.0,12.0,57.787931,42.0,8.0,7.310899999999997,0.0,136.0,60.150295,865.6200000000001,1106.0,2386.605551,0.0,738.2374,0.0,0.0,98.950626,2799.226,0.0,184.725844,-4.0,190.0,121.204304,-15.75,42.0,54.0,71.0,96.785554,-8.667305,1,1.0,Medium
0.0,5.0,0.0,0.0,0.0,0.0,0.0,0.0,0.0,0.0,0.0,0.0,0.0,0.0,0.0,3.0,4.0,0.0,0.0,0.0,0.0,0.0,10.0,0.0,0.0,0.0,0.0,0.0,22.0,13.0,60.147957000000005,42.0,10.0,25.9162,0.0,180.0,81.221308,846.81,1388.0,3048.256382,0.0,964.3164,0.0,0.0,109.86594,3485.929,0.0,234.280895,1.0,237.0,157.730889,-16.25,42.0,57.0,98.0,127.231817,-8.599978,1,4.0,Medium
0.0,0.0,4.0,0.0,0.0,0.0,0.0,0.0,0.0,0.0,2.0,0.0,0.0,0.0,0.0,4.0,11.0,0.0,0.0,0.0,0.0,0.0,0.0,0.0,0.0,0.0,0.0,0.0,21.0,12.0,54.89679699999999,44.0,8.0,-11.0285,0.0,99.0,42.450176,925.57,896.0,1849.379699,0.0,563.7524000000001,0.0,0.0,90.263536,2309.201,0.0,149.645844,-7.0,155.0,93.08577,-15.830000000000002,44.0,56.0,49.0,75.94148,-8.573992,2,0.0,Low
0.0,0.0,0.0,5.0,0.0,0.0,0.0,0.0,0.0,0.0,0.0,0.0,0.0,0.0,0.0,4.0,9.0,4.0,0.0,0.0,0.0,0.0,0.0,0.0,0.0,0.0,0.0,0.0,22.0,9.0,73.392752,48.0,5.0,-1.532100000000001,0.0,133.0,58.320459,806.19,1072.0,2350.801066,0.0,694.4187,0.0,0.0,87.37819200000001,2660.234,0.0,168.26000000000002,-4.0,186.0,115.788556,-17.74,48.0,53.0,67.0,83.480438,-8.609131,2,0.0,Low
0.0,0.0,6.0,0.0,0.0,0.0,0.0,0.0,0.0,0.0,5.0,0.0,0.0,0.0,0.0,0.0,7.0,0.0,0.0,0.0,0.0,0.0,3.0,0.0,0.0,0.0,0.0,0.0,21.0,12.0,48.746977,41.0,12.0,4.5779,0.0,134.0,59.97574499999999,877.9,1128.0,2311.183887,0.0,756.5728,0.0,0.0,110.513582,2891.179,0.0,193.423766,-1.0,193.0,123.779914,-15.29,41.0,59.0,77.0,110.302995,-8.722457,1,3.0,Medium
0.0,0.0,0.0,0.0,0.0,0.0,4.0,0.0,0.0,3.0,0.0,0.0,0.0,0.0,0.0,5.0,9.0,0.0,0.0,0.0,0.0,0.0,0.0,0.0,0.0,0.0,0.0,0.0,21.0,12.0,65.657828,50.0,7.0,-13.5857,3.0,123.0,55.320418,836.69,1032.0,2284.6713250000003,0.0,649.8679000000001,3.0,3.0,78.829187,2579.976000000001,0.0,157.038483,-2.0,180.0,108.074741,-17.189999999999998,50.0,57.0,60.0,78.882856,-8.68348,1,3.0,Medium
3.0,3.0,0.0,0.0,0.0,0.0,0.0,0.0,0.0,0.0,0.0,0.0,0.0,0.0,0.0,4.0,0.0,11.0,0.0,0.0,0.0,0.0,0.0,0.0,0.0,0.0,0.0,0.0,21.0,13.0,50.013355,43.0,9.0,18.6912,0.0,148.0,66.185368,807.46,1206.0,2618.794955,0.0,829.7348999999999,0.0,0.0,93.851666,3081.566,0.0,206.987074,6.0,206.0,136.127555,-15.250000000000002,43.0,58.0,74.0,111.172397,-8.664382,1,3.0,Medium
0.0,0.0,0.0,4.0,0.0,0.0,0.0,0.0,0.0,0.0,3.0,0.0,0.0,0.0,0.0,4.0,11.0,0.0,0.0,0.0,0.0,0.0,0.0,0.0,0.0,0.0,0.0,0.0,22.0,8.0,72.10941799999999,51.0,4.0,-9.0848,0.0,118.0,50.997426,857.1,994.0,2108.24373,0.0,622.365,0.0,0.0,87.811018,2479.7870000000003,0.0,155.18,-7.0,173.0,103.950304,-17.82,51.0,55.0,62.0,78.614071,-8.57489,2,0.0,Low
5.0,0.0,0.0,0.0,0.0,0.0,0.0,0.0,0.0,0.0,6.0,0.0,0.0,0.0,0.0,0.0,5.0,0.0,0.0,0.0,0.0,0.0,0.0,0.0,0.0,0.0,6.0,0.0,22.0,29.0,48.55019899999999,86.0,5.0,-14.4957,6.0,159.0,74.844855,1437.61,1484.0,3614.755361,0.0,898.7476999999999,6.0,6.0,101.284312,3807.139,0.0,239.037185,0.0,255.0,150.958403,-17.81,86.0,96.0,86.0,124.291321,-8.651463,1,2.0,Medium
0.0,0.0,0.0,5.0,0.0,0.0,0.0,0.0,0.0,0.0,4.0,0.0,0.0,0.0,0.0,0.0,4.0,0.0,8.0,0.0,0.0,0.0,0.0,0.0,0.0,0.0,0.0,0.0,21.0,5.0,67.202171,46.0,5.0,10.9752,0.0,146.0,65.468155,666.74,1140.0,2306.860979,0.0,763.3475000000001,0.0,0.0,101.75344,2817.643,0.0,180.05,1.0,197.0,124.964246,-16.95,46.0,51.0,86.0,107.349048,-8.547337,1,4.0,Medium
3.0,0.0,0.0,0.0,0.0,0.0,0.0,0.0,0.0,0.0,0.0,0.0,0.0,0.0,0.0,4.0,3.0,0.0,0.0,0.0,0.0,0.0,0.0,0.0,0.0,0.0,12.0,0.0,22.0,55.0,51.836483,120.0,3.0,-28.4665,12.0,195.0,95.727747,1976.49,1864.0,5120.562688999999,0.0,1085.2819,12.0,12.0,92.138168,4741.029,0.0,286.081117,0.0,321.0,183.59630500000003,-19.67,120.0,126.0,96.0,132.73281500000002,-8.728848,1,1.0,Medium
5.0,0.0,0.0,0.0,0.0,0.0,0.0,0.0,0.0,0.0,0.0,0.0,0.0,0.0,0.0,6.0,5.0,0.0,0.0,0.0,0.0,5.0,0.0,0.0,0.0,0.0,0.0,0.0,21.0,11.0,56.050399,48.0,5.0,3.567499999999999,0.0,121.0,51.308105000000005,881.03,1042.0,2364.6301700000004,0.0,680.3483,0.0,0.0,87.01291,2680.263,0.0,176.950895,0.0,179.0,114.78131600000002,-15.579999999999998,48.0,58.0,43.0,79.34795600000001,-8.577952,1,4.0,Medium
0.0,0.0,0.0,0.0,0.0,0.0,6.0,0.0,0.0,0.0,4.0,0.0,0.0,0.0,0.0,0.0,4.0,8.0,0.0,0.0,0.0,0.0,0.0,0.0,0.0,0.0,0.0,0.0,22.0,6.0,71.87026800000001,48.0,6.0,11.785799999999998,0.0,158.0,71.056766,697.48,1228.0,2527.86702,0.0,825.2662,0.0,0.0,96.513118,3031.972,0.0,194.22,2.0,212.0,135.661582,-17.78,48.0,54.0,92.0,112.63229,-8.481295,1,4.0,Medium
0.0,0.0,0.0,0.0,0.0,0.0,0.0,5.0,0.0,4.0,0.0,0.0,0.0,0.0,0.0,3.0,9.0,0.0,0.0,0.0,0.0,0.0,0.0,0.0,0.0,0.0,0.0,0.0,21.0,12.0,63.311453,49.0,9.0,-19.0216,4.0,120.0,53.787611000000005,814.3399999999999,1018.0,2297.157937,0.0,638.2037,4.0,4.0,82.189938,2551.9260000000004,0.0,153.07464399999998,0.0,178.0,106.837482,-17.23,49.0,58.0,54.0,74.037353,-8.701916,1,4.0,Medium
0.0,0.0,0.0,0.0,0.0,0.0,6.0,0.0,0.0,3.0,0.0,0.0,0.0,0.0,0.0,5.0,8.0,0.0,0.0,0.0,0.0,0.0,0.0,0.0,0.0,0.0,0.0,0.0,22.0,14.0,69.258291,52.0,9.0,-13.2274,3.0,138.0,62.952688,858.04,1144.0,2511.6858460000003,0.0,730.7993000000001,3.0,3.0,85.430725,2853.417,0.0,175.168483,1.0,199.0,121.332549,-18.06,52.0,61.0,71.0,91.06962,-8.739309,1,3.0,Medium
4.0,0.0,0.0,0.0,0.0,0.0,3.0,0.0,0.0,4.0,0.0,0.0,0.0,0.0,0.0,0.0,11.0,0.0,0.0,0.0,0.0,0.0,0.0,0.0,0.0,0.0,0.0,0.0,22.0,11.0,53.772493,48.0,11.0,-17.773000000000003,4.0,124.0,56.218911,909.29,1078.0,2376.754815,0.0,683.1743,4.0,4.0,87.972447,2765.893,0.0,173.30936,0.0,187.0,114.575281,-16.82,48.0,63.0,57.0,86.713649,-8.673875,1,4.0,Medium
0.0,0.0,8.0,0.0,0.0,0.0,0.0,0.0,0.0,0.0,4.0,0.0,0.0,0.0,0.0,0.0,8.0,4.0,0.0,0.0,0.0,0.0,0.0,0.0,0.0,0.0,0.0,0.0,24.0,16.0,51.023808,44.0,16.0,-0.1300000000000016,0.0,140.0,62.52464,1022.28,1216.0,2485.0778400000004,0.0,814.5024000000001,0.0,0.0,122.264344,3151.28,0.0,211.831688,0.0,208.0,133.257632,-17.12,44.0,68.0,76.0,117.993328,-8.693971,1,3.0,Medium
0.0,0.0,5.0,0.0,5.0,0.0,0.0,0.0,0.0,0.0,0.0,0.0,0.0,0.0,0.0,4.0,8.0,0.0,0.0,0.0,0.0,0.0,0.0,0.0,0.0,0.0,0.0,0.0,22.0,19.0,58.798961000000006,43.0,15.0,-5.530100000000001,0.0,143.0,64.06826099999999,944.56,1202.0,2667.5141040000003,0.0,799.6596999999999,0.0,0.0,105.239375,3059.012,0.0,202.604805,2.0,206.0,133.65297600000002,-16.490000000000002,43.0,63.0,70.0,99.440162,-8.753635,1,3.0,Medium
6.0,0.0,0.0,0.0,0.0,0.0,0.0,0.0,0.0,0.0,0.0,0.0,0.0,0.0,0.0,4.0,5.0,6.0,0.0,0.0,0.0,0.0,0.0,0.0,0.0,0.0,0.0,0.0,21.0,10.0,49.475035,46.0,6.0,5.054699999999999,0.0,123.0,53.841046,868.21,1056.0,2262.265565,0.0,696.1978,0.0,0.0,89.276276,2728.803,0.0,181.987074,1.0,181.0,115.632452,-15.250000000000002,46.0,58.0,59.0,93.622702,-8.589635,1,4.0,Medium
0.0,5.0,0.0,0.0,0.0,0.0,0.0,0.0,0.0,0.0,0.0,0.0,0.0,0.0,0.0,5.0,2.0,10.0,0.0,0.0,0.0,0.0,0.0,0.0,0.0,0.0,0.0,0.0,22.0,15.0,56.504545,44.0,10.0,14.1046,0.0,146.0,64.92586399999999,859.61,1196.0,2595.957636,0.0,815.646,0.0,0.0,94.28042,3043.025,0.0,202.200895,3.0,205.0,133.383403,-16.33,44.0,59.0,72.0,106.69504700000002,-8.669118,1,3.0,Medium
4.0,0.0,0.0,0.0,3.0,0.0,0.0,0.0,0.0,0.0,0.0,0.0,0.0,0.0,0.0,4.0,11.0,0.0,0.0,0.0,0.0,0.0,0.0,0.0,0.0,0.0,0.0,0.0,22.0,11.0,60.579646,48.0,7.0,-9.9629,0.0,117.0,50.447966,935.53,1020.0,2225.583876,0.0,647.4077,0.0,0.0,89.319118,2611.676,0.0,170.164716,-4.0,176.0,109.406845,-16.660000000000004,48.0,59.0,53.0,79.256072,-8.593908,2,0.0,Low
0.0,0.0,0.0,0.0,0.0,0.0,5.0,0.0,0.0,0.0,0.0,0.0,0.0,0.0,0.0,6.0,5.0,6.0,0.0,0.0,0.0,0.0,0.0,0.0,0.0,0.0,0.0,0.0,22.0,11.0,73.276303,50.0,5.0,4.835799999999999,0.0,144.0,64.115199,791.3299999999999,1150.0,2455.030791,0.0,757.5973,0.0,0.0,87.696593,2850.561,0.0,181.18,0.0,199.0,124.831405,-17.82,50.0,55.0,77.0,96.602741,-8.577109,1,4.0,Medium
0.0,3.0,0.0,0.0,0.0,0.0,5.0,0.0,0.0,0.0,0.0,0.0,0.0,0.0,0.0,11.0,2.0,0.0,0.0,0.0,0.0,0.0,0.0,0.0,0.0,0.0,0.0,0.0,21.0,22.0,60.757319,50.0,11.0,-4.8487,0.0,135.0,61.571397,916.01,1158.0,2486.080468,0.0,760.6737,0.0,0.0,88.737669,2931.855,0.0,190.638537,6.0,199.0,124.968414,-16.479999999999997,50.0,64.0,74.0,102.030312,-8.781155,1,3.0,Medium
5.0,0.0,0.0,0.0,0.0,0.0,0.0,0.0,0.0,0.0,0.0,0.0,0.0,0.0,0.0,0.0,5.0,0.0,0.0,0.0,0.0,0.0,6.0,0.0,0.0,0.0,5.0,0.0,21.0,25.0,50.247759,72.0,5.0,3.0021000000000004,5.0,177.0,82.80818,1256.5500000000002,1512.0,3724.457761,0.0,961.8355,5.0,5.0,99.916186,3839.671,0.0,246.25447000000003,0.0,259.0,160.857173,-16.54,72.0,82.0,92.0,124.45602,-8.715714,1,3.0,Medium
5.0,0.0,0.0,0.0,0.0,0.0,0.0,0.0,0.0,0.0,0.0,0.0,0.0,0.0,4.0,9.0,0.0,3.0,0.0,0.0,0.0,0.0,0.0,0.0,0.0,0.0,0.0,0.0,21.0,22.0,54.495796,51.0,9.0,5.684399999999999,0.0,136.0,60.695594,964.69,1174.0,2625.647515,0.0,779.6707,0.0,0.0,90.253458,3003.7650000000003,0.0,198.670895,5.0,201.0,128.1365,-15.86,51.0,65.0,66.0,101.03226,-8.753462,0,5.0,High
5.0,0.0,0.0,0.0,0.0,0.0,0.0,0.0,0.0,3.0,0.0,0.0,0.0,0.0,0.0,4.0,12.0,0.0,0.0,0.0,0.0,0.0,0.0,0.0,0.0,0.0,0.0,0.0,24.0,12.0,58.267658,55.0,8.0,-16.631,3.0,120.0,52.54673,1057.29,1084.0,2393.665426,0.0,674.2308,3.0,3.0,93.078471,2807.146,0.0,177.649378,-4.0,188.0,113.123393,-18.11,55.0,68.0,51.0,84.832603,-8.625673,2,0.0,Low
3.0,0.0,0.0,0.0,3.0,0.0,0.0,0.0,0.0,0.0,0.0,0.0,0.0,0.0,0.0,0.0,9.0,0.0,0.0,0.0,0.0,0.0,6.0,0.0,0.0,0.0,0.0,0.0,21.0,6.0,62.881794,42.0,6.0,11.9637,0.0,153.0,67.606935,773.01,1188.0,2627.519832,0.0,799.2624000000001,0.0,0.0,97.116786,2972.202,0.0,196.158537,-3.0,204.0,133.61407200000002,-15.96,42.0,51.0,78.0,98.869893,-8.644163,1,3.0,Medium
0.0,5.0,0.0,0.0,0.0,0.0,0.0,0.0,0.0,0.0,0.0,0.0,0.0,0.0,0.0,4.0,10.0,3.0,0.0,0.0,0.0,0.0,0.0,0.0,0.0,0.0,0.0,0.0,22.0,14.0,55.561653,43.0,10.0,-7.955600000000002,0.0,108.0,46.597447,950.02,962.0,2035.258513,0.0,619.6522,0.0,0.0,87.35699400000001,2485.936,0.0,163.240895,-5.0,166.0,102.291536,-16.29,43.0,58.0,49.0,79.55773400000001,-8.58502,2,0.0,Low
0.0,0.0,5.0,0.0,0.0,0.0,0.0,0.0,3.0,0.0,0.0,0.0,0.0,0.0,0.0,5.0,8.0,0.0,0.0,0.0,0.0,0.0,0.0,0.0,0.0,0.0,0.0,0.0,21.0,21.0,52.816587,39.0,16.0,-11.8292,0.0,116.0,52.419481000000005,938.01,1024.0,2141.067325,0.0,673.5002,0.0,0.0,95.815552,2631.302,0.0,173.43480499999998,0.0,176.0,110.138818,-15.66,39.0,60.0,61.0,91.009513,-8.689905,1,2.0,Medium
0.0,0.0,5.0,3.0,0.0,0.0,0.0,0.0,0.0,0.0,0.0,0.0,0.0,0.0,0.0,4.0,12.0,0.0,0.0,0.0,0.0,0.0,0.0,0.0,0.0,0.0,0.0,0.0,24.0,17.0,62.667917,47.0,13.0,-13.786700000000002,0.0,125.0,55.111092,1043.6,1102.0,2344.148348,0.0,709.1563,0.0,0.0,106.456181,2830.4120000000003,0.0,185.104805,-4.0,190.0,117.650297,-17.990000000000002,47.0,65.0,62.0,92.426184,-8.660083,1,1.0,Medium
5.0,0.0,0.0,0.0,0.0,0.0,0.0,0.0,0.0,0.0,0.0,0.0,0.0,0.0,0.0,4.0,4.0,0.0,0.0,0.0,0.0,0.0,8.0,0.0,0.0,0.0,0.0,0.0,21.0,9.0,56.112688,46.0,5.0,21.505,0.0,162.0,72.405373,826.74,1276.0,2796.20626,0.0,868.7637,0.0,0.0,102.019408,3224.38,0.0,216.030895,1.0,218.0,143.384189,-15.5,46.0,56.0,87.0,116.123703,-8.566866,1,4.0,Medium
0.0,0.0,0.0,0.0,6.0,0.0,0.0,0.0,0.0,0.0,5.0,0.0,0.0,0.0,0.0,5.0,6.0,0.0,0.0,0.0,0.0,0.0,0.0,0.0,0.0,0.0,0.0,0.0,22.0,11.0,74.86963,54.0,6.0,2.6287000000000003,0.0,155.0,68.413099,835.52,1246.0,2751.903607,0.0,815.0112,0.0,0.0,97.88956199999998,3083.869,0.0,196.98,0.0,215.0,136.738591,-18.02,54.0,60.0,82.0,100.736301,-8.684909,1,4.0,Medium
0.0,0.0,3.0,0.0,0.0,0.0,0.0,0.0,0.0,0.0,0.0,0.0,0.0,0.0,0.0,5.0,10.0,4.0,0.0,0.0,0.0,0.0,0.0,0.0,0.0,0.0,0.0,0.0,22.0,11.0,62.268171,46.0,6.0,-3.4663000000000013,0.0,113.0,48.399274,909.37,970.0,2064.5748430000003,0.0,621.3894,0.0,0.0,89.307019,2469.07,0.0,159.026883,-7.0,168.0,102.519972,-16.83,46.0,55.0,53.0,78.48457400000001,-8.567768,2,0.0,Low
5.0,4.0,0.0,0.0,0.0,0.0,0.0,0.0,0.0,3.0,0.0,0.0,0.0,0.0,0.0,0.0,12.0,0.0,0.0,0.0,0.0,0.0,0.0,0.0,0.0,0.0,0.0,0.0,24.0,16.0,44.691462,47.0,16.0,-19.6534,3.0,120.0,53.724834,1098.13,1116.0,2423.444802,0.0,714.1028,3.0,3.0,100.543143,2949.15,0.0,193.634094,0.0,192.0,119.428949,-16.950000000000003,47.0,72.0,51.0,94.788351,-8.62162,0,5.0,High
0.0,0.0,5.0,0.0,0.0,0.0,0.0,0.0,0.0,0.0,6.0,0.0,0.0,0.0,0.0,6.0,5.0,0.0,0.0,0.0,0.0,0.0,0.0,0.0,0.0,0.0,0.0,0.0,22.0,16.0,54.591557,51.0,10.0,-1.6254000000000008,0.0,128.0,56.826865000000005,976.71,1130.0,2322.919692,0.0,736.2858000000001,0.0,0.0,107.05294499999998,2899.5080000000003,0.0,190.484805,0.0,194.0,120.440723,-16.61,51.0,66.0,73.0,107.72616,-8.682241,1,4.0,Medium
0.0,0.0,0.0,0.0,0.0,0.0,6.0,0.0,0.0,0.0,4.0,0.0,0.0,0.0,0.0,0.0,8.0,0.0,0.0,0.0,0.0,0.0,3.0,0.0,0.0,0.0,0.0,0.0,21.0,6.0,69.33371299999999,46.0,6.0,2.1949,0.0,142.0,63.73508699999999,726.5,1122.0,2288.048637,0.0,737.8711999999999,0.0,0.0,93.714112,2773.526,0.0,177.01,-2.0,194.0,121.81547,-16.99,46.0,52.0,85.0,101.262744,-8.604405,1,3.0,Medium
0.0,5.0,0.0,0.0,0.0,0.0,4.0,0.0,0.0,3.0,0.0,0.0,0.0,0.0,0.0,0.0,10.0,0.0,0.0,0.0,0.0,0.0,0.0,0.0,0.0,0.0,0.0,0.0,22.0,17.0,51.892388,42.0,17.0,-18.4414,3.0,126.0,57.89822,927.87,1100.0,2377.8089480000003,0.0,714.9119000000001,3.0,3.0,91.370027,2828.536,0.0,181.229378,2.0,190.0,118.55764,-16.53,42.0,64.0,61.0,92.849067,-8.670886,1,2.0,Medium
0.0,0.0,0.0,0.0,0.0,0.0,0.0,3.0,0.0,0.0,4.0,0.0,0.0,0.0,0.0,0.0,10.0,0.0,0.0,4.0,0.0,0.0,0.0,0.0,0.0,0.0,0.0,0.0,21.0,3.0,68.35783699999999,46.0,3.0,-5.131900000000002,0.0,107.0,44.765816,740.84,894.0,1858.644324,0.0,563.3051,0.0,0.0,84.32543,2232.496,0.0,139.13,-7.0,156.0,94.480945,-16.87,46.0,49.0,50.0,68.481083,-8.451747,2,0.0,Low
0.0,0.0,0.0,4.0,0.0,0.0,0.0,0.0,0.0,4.0,0.0,0.0,0.0,0.0,0.0,4.0,9.0,0.0,0.0,0.0,0.0,0.0,0.0,0.0,0.0,0.0,0.0,0.0,21.0,12.0,64.909925,50.0,8.0,-13.1025,4.0,131.0,59.26872,830.13,1084.0,2505.810983,0.0,687.6328000000001,4.0,4.0,81.031556,2706.1990000000005,0.0,164.07464399999998,-1.0,189.0,115.054798,-17.23,50.0,58.0,61.0,79.79543800000002,-8.738329,1,3.0,Medium
0.0,6.0,0.0,0.0,6.0,0.0,0.0,0.0,0.0,0.0,0.0,0.0,0.0,0.0,0.0,0.0,5.0,5.0,0.0,0.0,0.0,0.0,0.0,0.0,0.0,0.0,0.0,0.0,22.0,18.0,56.08756,38.0,18.0,5.0393,0.0,163.0,73.775858,857.03,1318.0,2947.132818,0.0,907.634,0.0,0.0,103.68249,3346.103,0.0,225.117074,7.0,225.0,151.55301200000002,-16.119999999999997,38.0,62.0,79.0,111.932993,-8.784289,1,3.0,Medium
5.0,0.0,0.0,0.0,0.0,0.0,0.0,0.0,0.0,0.0,0.0,0.0,0.0,0.0,0.0,3.0,9.0,4.0,0.0,0.0,0.0,0.0,0.0,0.0,0.0,0.0,0.0,0.0,21.0,8.0,52.275268,45.0,5.0,-2.935100000000001,0.0,107.0,45.829384,875.6600000000001,940.0,1989.093011,0.0,602.0169000000001,0.0,0.0,84.54419200000001,2431.856,0.0,160.070895,-4.0,162.0,100.49172,-15.46,45.0,55.0,49.0,78.978407,-8.526208,1,2.0,Medium
6.0,0.0,0.0,0.0,0.0,0.0,0.0,0.0,0.0,5.0,0.0,0.0,0.0,0.0,0.0,5.0,6.0,0.0,0.0,0.0,0.0,0.0,0.0,0.0,0.0,0.0,0.0,0.0,22.0,16.0,46.588745,54.0,11.0,-12.2558,5.0,134.0,61.209854,996.92,1188.0,2719.3979120000004,0.0,760.9531000000001,5.0,5.0,90.924873,3078.103,0.0,195.137879,5.0,205.0,127.121353,-16.479999999999997,54.0,71.0,59.0,97.921724,-8.688843,1,3.0,Medium
0.0,0.0,3.0,0.0,0.0,0.0,0.0,0.0,0.0,0.0,0.0,0.0,0.0,0.0,0.0,5.0,12.0,2.0,0.0,0.0,0.0,0.0,0.0,0.0,0.0,0.0,0.0,0.0,22.0,11.0,62.052843,46.0,6.0,-9.4333,0.0,103.0,43.59445,937.03,910.0,1921.963087,0.0,570.4354,0.0,0.0,87.476863,2326.784,0.0,149.026883,-9.0,158.0,94.432032,-16.83,46.0,55.0,47.0,71.464696,-8.577804,2,0.0,Low
6.0,0.0,0.0,0.0,0.0,0.0,0.0,0.0,0.0,0.0,0.0,0.0,0.0,0.0,0.0,0.0,6.0,0.0,0.0,0.0,0.0,0.0,0.0,0.0,0.0,0.0,5.0,5.0,22.0,51.0,43.13344,99.0,11.0,-32.7133,10.0,169.0,83.241164,1835.2200000000005,1658.0,4343.817012,0.0,977.9711,10.0,10.0,95.16705299999998,4273.883,0.0,263.498889,0.0,285.0,164.039508,-18.28,99.0,116.0,84.0,124.62753899999998,-8.707295,1,1.0,Medium
4.0,3.0,0.0,0.0,4.0,0.0,0.0,0.0,0.0,0.0,0.0,0.0,0.0,0.0,0.0,0.0,11.0,0.0,0.0,0.0,0.0,0.0,0.0,0.0,0.0,0.0,0.0,0.0,22.0,14.0,50.920315,41.0,14.0,-11.5203,0.0,123.0,54.255621,950.37,1080.0,2344.109037,0.0,706.3276,0.0,0.0,96.763544,2802.365,0.0,188.153253,0.0,185.0,119.343498,-15.79,41.0,62.0,56.0,89.250087,-8.66003,1,3.0,Medium
0.0,0.0,3.0,0.0,0.0,0.0,0.0,0.0,0.0,0.0,5.0,0.0,0.0,0.0,0.0,4.0,10.0,0.0,0.0,0.0,0.0,0.0,0.0,0.0,0.0,0.0,0.0,0.0,22.0,10.0,60.793611,50.0,6.0,-7.427000000000001,0.0,110.0,47.20608299999999,935.29,976.0,1985.3205740000003,0.0,614.0516,0.0,0.0,95.626177,2490.985,0.0,159.866883,-7.0,169.0,101.207855,-16.990000000000002,50.0,59.0,59.0,85.731443,-8.528001,2,0.0,Low
0.0,0.0,0.0,0.0,5.0,0.0,0.0,0.0,0.0,3.0,0.0,0.0,0.0,0.0,0.0,4.0,11.0,0.0,0.0,0.0,0.0,0.0,0.0,0.0,0.0,0.0,0.0,0.0,23.0,12.0,74.647178,53.0,8.0,-10.3633,3.0,147.0,65.143083,901.16,1196.0,2781.4809480000004,0.0,764.5198,3.0,3.0,89.767241,2974.596,0.0,183.458483,-3.0,208.0,129.13667900000002,-18.770000000000003,53.0,61.0,65.0,83.50241199999999,-8.775531,1,1.0,Medium
5.0,0.0,0.0,0.0,0.0,0.0,0.0,0.0,0.0,0.0,0.0,0.0,0.0,0.0,0.0,4.0,8.0,0.0,0.0,0.0,0.0,0.0,4.0,0.0,0.0,0.0,0.0,0.0,21.0,9.0,54.073272,46.0,5.0,3.9057999999999993,0.0,126.0,55.068321,882.0600000000001,1060.0,2280.8168680000003,0.0,693.2637,0.0,0.0,91.710584,2715.376,0.0,180.03089500000002,-3.0,182.0,115.242053,-15.5,46.0,56.0,63.0,91.815047,-8.580365,1,3.0,Medium
0.0,0.0,0.0,0.0,0.0,0.0,6.0,0.0,0.0,0.0,0.0,0.0,0.0,0.0,0.0,4.0,6.0,0.0,0.0,0.0,0.0,5.0,0.0,0.0,0.0,0.0,0.0,0.0,21.0,10.0,72.88291000000001,46.0,6.0,1.2885999999999989,0.0,136.0,59.389808,742.84,1086.0,2409.803465,0.0,714.3604,0.0,0.0,84.23152400000001,2691.38,0.0,171.01,0.0,188.0,119.840149,-16.99,46.0,52.0,59.0,80.924805,-8.621217,1,4.0,Medium
0.0,4.0,0.0,0.0,0.0,0.0,0.0,0.0,0.0,0.0,0.0,0.0,0.0,0.0,0.0,11.0,3.0,4.0,0.0,0.0,0.0,0.0,0.0,0.0,0.0,0.0,0.0,0.0,22.0,19.0,60.19883,51.0,8.0,2.8377,0.0,131.0,57.774531,964.38,1128.0,2468.467409,0.0,741.0899999999999,0.0,0.0,89.513184,2876.106,0.0,188.004716,1.0,194.0,121.463579,-16.82,51.0,63.0,64.0,95.985176,-8.667329,0,5.0,High
0.0,0.0,3.0,0.0,0.0,0.0,0.0,0.0,0.0,0.0,3.0,0.0,0.0,0.0,0.0,0.0,11.0,4.0,0.0,0.0,0.0,0.0,0.0,0.0,0.0,0.0,0.0,0.0,21.0,6.0,57.60435,42.0,6.0,-2.777700000000002,0.0,107.0,45.693231,823.44,912.0,1861.3878870000003,0.0,585.2464,0.0,0.0,89.806029,2321.92,0.0,149.896883,-8.0,158.0,96.587337,-15.96,42.0,51.0,54.0,78.436967,-8.570255,2,0.0,Low
0.0,0.0,0.0,0.0,5.0,0.0,0.0,0.0,0.0,0.0,5.0,0.0,0.0,0.0,0.0,0.0,5.0,0.0,0.0,0.0,0.0,0.0,7.0,0.0,0.0,0.0,0.0,0.0,22.0,5.0,76.780328,49.0,5.0,25.6637,0.0,194.0,86.75966499999998,716.1,1444.0,3188.296552,0.0,987.1915,0.0,0.0,110.976802,3535.9120000000003,0.0,230.22,0.0,248.0,164.075381,-17.78,49.0,54.0,109.0,125.342805,-8.463622,1,3.0,Medium
0.0,0.0,0.0,0.0,5.0,0.0,0.0,0.0,0.0,0.0,0.0,0.0,0.0,0.0,0.0,4.0,5.0,8.0,0.0,0.0,0.0,0.0,0.0,0.0,0.0,0.0,0.0,0.0,22.0,9.0,75.684298,48.0,5.0,14.2869,0.0,163.0,71.757262,750.87,1252.0,2835.5168280000003,0.0,842.2767,0.0,0.0,91.831154,3085.076,0.0,198.26,0.0,216.0,140.666871,-17.74,48.0,53.0,79.0,97.298764,-8.542155,1,4.0,Medium
5.0,0.0,0.0,0.0,0.0,0.0,5.0,0.0,0.0,4.0,0.0,0.0,0.0,0.0,0.0,7.0,0.0,0.0,0.0,0.0,0.0,0.0,0.0,0.0,0.0,0.0,0.0,0.0,21.0,21.0,49.083249,53.0,14.0,-6.1823,4.0,157.0,73.91687300000001,908.99,1334.0,2991.8511900000003,0.0,882.8534000000001,4.0,4.0,94.163193,3406.413,0.0,218.695539,14.0,229.0,146.38843500000002,-16.14,53.0,72.0,82.0,118.88821800000002,-8.789037,1,4.0,Medium
6.0,0.0,0.0,0.0,0.0,0.0,0.0,0.0,0.0,6.0,0.0,0.0,0.0,0.0,0.0,5.0,5.0,0.0,0.0,0.0,0.0,0.0,0.0,0.0,0.0,0.0,0.0,0.0,22.0,17.0,45.461874,55.0,12.0,-12.1573,6.0,141.0,65.043169,996.76,1240.0,2872.897159000001,0.0,797.9048,6.0,6.0,91.60711,3207.306,0.0,202.13404,7.0,214.0,133.194891,-16.56,55.0,73.0,62.0,102.175602,-8.721331,1,4.0,Medium
6.0,0.0,0.0,0.0,0.0,0.0,0.0,0.0,0.0,0.0,0.0,0.0,0.0,0.0,0.0,4.0,6.0,0.0,0.0,0.0,0.0,0.0,6.0,0.0,0.0,0.0,0.0,0.0,22.0,10.0,55.09298,48.0,6.0,12.4748,0.0,150.0,66.53732399999998,908.34,1228.0,2663.427788,0.0,821.7898,0.0,0.0,102.459044,3136.5060000000003,0.0,210.197074,0.0,210.0,136.18279,-16.04,48.0,60.0,78.0,110.547578,-8.633145,1,4.0,Medium
0.0,0.0,4.0,0.0,4.0,0.0,0.0,0.0,0.0,0.0,0.0,0.0,0.0,0.0,0.0,4.0,10.0,0.0,0.0,0.0,0.0,0.0,0.0,0.0,0.0,0.0,0.0,0.0,22.0,16.0,61.291706,44.0,12.0,-8.2254,0.0,130.0,57.326592000000005,937.34,1104.0,2429.2766380000003,0.0,720.7492,0.0,0.0,98.729804,2807.1220000000003,0.0,183.775844,-2.0,190.0,120.59384,-16.700000000000003,44.0,60.0,62.0,88.30103600000001,-8.722492,1,2.0,Medium
0.0,0.0,4.0,0.0,0.0,0.0,5.0,0.0,0.0,0.0,0.0,0.0,0.0,0.0,0.0,2.0,10.0,0.0,0.0,0.0,0.0,0.0,0.0,0.0,0.0,0.0,0.0,0.0,21.0,15.0,55.849318,40.0,13.0,-13.4495,0.0,115.0,51.773659,875.02,998.0,2047.0056520000005,0.0,647.8713,0.0,0.0,93.507681,2550.76,0.0,166.605844,-1.0,172.0,107.100615,-15.87,40.0,57.0,62.0,87.927349,-8.644215,1,2.0,Medium
0.0,4.0,0.0,0.0,0.0,0.0,0.0,0.0,0.0,3.0,0.0,0.0,0.0,0.0,0.0,5.0,10.0,0.0,0.0,0.0,0.0,0.0,0.0,0.0,0.0,0.0,0.0,0.0,22.0,16.0,55.25209699999999,48.0,11.0,-15.855,3.0,114.0,50.59563,980.82,1020.0,2274.393776,0.0,644.1083000000001,3.0,3.0,84.792303,2624.615,0.0,165.23319899999998,-3.0,177.0,106.803851,-16.82,48.0,63.0,49.0,79.300614,-8.656071,1,2.0,Medium
0.0,0.0,0.0,3.0,0.0,0.0,0.0,0.0,0.0,3.0,0.0,0.0,0.0,0.0,0.0,4.0,12.0,0.0,0.0,0.0,0.0,0.0,0.0,0.0,0.0,0.0,0.0,0.0,22.0,10.0,68.901719,51.0,6.0,-15.3868,3.0,120.0,52.870398,879.8100000000001,1012.0,2290.374983,0.0,628.4044,3.0,3.0,81.354047,2532.831,0.0,153.328483,-6.0,177.0,105.331138,-17.9,51.0,57.0,54.0,71.923856,-8.675187,2,0.0,Low
6.0,0.0,0.0,0.0,0.0,0.0,0.0,0.0,0.0,0.0,0.0,0.0,0.0,0.0,0.0,4.0,5.0,0.0,0.0,0.0,0.0,0.0,7.0,0.0,0.0,0.0,0.0,0.0,22.0,10.0,55.602834,48.0,6.0,16.8746,0.0,159.0,70.87158699999999,894.51,1282.0,2792.275136,0.0,865.6648,0.0,0.0,105.03625,3263.757,0.0,219.197074,1.0,219.0,143.218324,-16.040000000000003,48.0,60.0,84.0,116.624742,-8.611668,1,4.0,Medium
0.0,3.0,0.0,0.0,0.0,0.0,5.0,0.0,0.0,0.0,0.0,0.0,0.0,0.0,0.0,4.0,9.0,0.0,0.0,0.0,0.0,0.0,0.0,0.0,0.0,0.0,0.0,0.0,21.0,15.0,59.432611,43.0,11.0,-13.078600000000002,0.0,114.0,50.990666,871.21,990.0,2055.174629,0.0,637.0901,0.0,0.0,85.112509,2518.2390000000005,0.0,162.918537,-1.0,171.0,105.479875,-16.2,43.0,57.0,60.0,84.05613199999999,-8.618166,1,2.0,Medium
0.0,0.0,0.0,0.0,0.0,0.0,0.0,3.0,0.0,4.0,0.0,0.0,0.0,0.0,0.0,0.0,9.0,5.0,0.0,0.0,0.0,0.0,0.0,0.0,0.0,0.0,0.0,0.0,21.0,7.0,63.301921,46.0,7.0,-7.506800000000002,4.0,128.0,56.980616,744.77,1036.0,2339.291174,0.0,665.3649,4.0,4.0,81.012748,2584.099,0.0,156.274644,-2.0,181.0,110.876675,-17.03,46.0,53.0,57.0,76.937198,-8.700424,1,3.0,Medium
5.0,0.0,0.0,0.0,0.0,0.0,0.0,0.0,0.0,0.0,0.0,0.0,0.0,0.0,0.0,4.0,8.0,5.0,0.0,0.0,0.0,0.0,0.0,0.0,0.0,0.0,0.0,0.0,22.0,9.0,55.776981,48.0,5.0,0.1463999999999998,0.0,118.0,50.848501,908.36,1022.0,2177.870269,0.0,660.3526999999999,0.0,0.0,89.18715,2633.142,0.0,173.24089500000002,-3.0,176.0,109.920721,-16.29,48.0,58.0,55.0,86.577612,-8.543241,1,3.0,Medium
0.0,3.0,0.0,0.0,0.0,0.0,2.0,0.0,0.0,0.0,0.0,0.0,0.0,0.0,0.0,12.0,5.0,0.0,0.0,0.0,0.0,0.0,0.0,0.0,0.0,0.0,0.0,0.0,22.0,20.0,63.557881,53.0,8.0,-6.9047,0.0,123.0,54.397455,990.71,1084.0,2346.900171,0.0,694.9414,0.0,0.0,87.378242,2758.419,0.0,177.928537,0.0,187.0,114.368164,-17.189999999999998,53.0,64.0,62.0,90.121721,-8.630213,1,4.0,Medium
0.0,0.0,0.0,0.0,0.0,0.0,3.0,3.0,0.0,0.0,0.0,0.0,0.0,0.0,0.0,4.0,12.0,0.0,0.0,0.0,0.0,0.0,0.0,0.0,0.0,0.0,0.0,0.0,22.0,10.0,71.826353,48.0,6.0,-17.0392,0.0,108.0,46.577247,852.1200000000001,928.0,1927.561784,0.0,574.5874,0.0,0.0,84.077237,2322.558,0.0,144.21999999999997,-6.0,162.0,96.08521600000002,-17.78,48.0,54.0,54.0,70.162334,-8.564842,2,0.0,Low
0.0,0.0,0.0,0.0,5.0,0.0,0.0,0.0,0.0,3.0,0.0,0.0,0.0,0.0,0.0,4.0,9.0,0.0,0.0,0.0,0.0,0.0,0.0,0.0,0.0,0.0,0.0,0.0,21.0,12.0,68.237568,49.0,8.0,-8.2079,3.0,141.0,62.932739,820.9000000000001,1140.0,2669.6541420000003,0.0,734.1118,3.0,3.0,83.347241,2832.486,0.0,175.038483,-1.0,198.0,123.934771,-17.19,49.0,57.0,63.0,80.45936,-8.765611,1,3.0,Medium
0.0,0.0,0.0,0.0,0.0,0.0,0.0,5.0,0.0,0.0,0.0,0.0,0.0,0.0,0.0,5.0,5.0,0.0,0.0,6.0,0.0,0.0,0.0,0.0,0.0,0.0,0.0,0.0,21.0,10.0,70.853145,47.0,5.0,-1.513399999999999,0.0,122.0,52.259609,744.8,1002.0,2220.063531,0.0,650.7345,0.0,0.0,83.82545999999999,2495.986,0.0,157.01,0.0,174.0,109.111484,-16.990000000000002,47.0,52.0,52.0,72.69572099999999,-8.568224,1,4.0,Medium
5.0,0.0,0.0,0.0,0.0,0.0,0.0,0.0,0.0,0.0,0.0,0.0,0.0,0.0,0.0,5.0,4.0,0.0,0.0,0.0,0.0,0.0,8.0,0.0,0.0,0.0,0.0,0.0,22.0,10.0,59.506737,49.0,5.0,21.603,0.0,168.0,75.022078,873.27,1328.0,2913.67764,0.0,901.6225,0.0,0.0,105.747288,3354.523,0.0,224.200895,1.0,227.0,148.76922000000002,-16.33,49.0,59.0,90.0,120.21296900000002,-8.561724,1,3.0,Medium
0.0,0.0,0.0,0.0,0.0,0.0,4.0,0.0,0.0,0.0,3.0,0.0,0.0,0.0,0.0,4.0,11.0,0.0,0.0,0.0,0.0,0.0,0.0,0.0,0.0,0.0,0.0,0.0,22.0,8.0,71.54120599999999,51.0,4.0,-10.6452,0.0,114.0,49.370906,857.1,970.0,1979.045342,0.0,603.897,0.0,0.0,85.773006,2423.679,0.0,151.18,-7.0,169.0,100.259708,-17.82,51.0,55.0,62.0,79.387627,-8.546201,2,0.0,Low
0.0,4.0,0.0,0.0,0.0,0.0,5.0,0.0,0.0,0.0,0.0,0.0,0.0,0.0,0.0,3.0,9.0,0.0,0.0,0.0,0.0,0.0,0.0,0.0,0.0,0.0,0.0,0.0,21.0,16.0,56.038562,41.0,13.0,-13.8342,0.0,114.0,51.285192,881.4200000000001,998.0,2062.619473,0.0,647.0581000000001,0.0,0.0,86.978677,2553.74,0.0,166.914716,0.0,172.0,107.056264,-15.91,41.0,58.0,60.0,86.54506900000001,-8.638954,1,3.0,Medium
0.0,5.0,0.0,0.0,0.0,0.0,0.0,0.0,0.0,0.0,0.0,0.0,0.0,0.0,0.0,0.0,3.0,7.0,0.0,0.0,0.0,0.0,0.0,0.0,0.0,0.0,7.0,0.0,22.0,38.0,49.511790000000005,81.0,10.0,-7.725099999999999,7.0,179.0,85.325414,1467.95,1602.0,4079.299464,0.0,1002.9584,7.0,7.0,96.11758,4082.759,0.0,257.0899,2.0,275.0,167.08361200000002,-17.810000000000002,81.0,96.0,88.0,126.387177,-8.702857,1,3.0,Medium
0.0,0.0,0.0,0.0,0.0,0.0,0.0,0.0,0.0,10.0,4.0,0.0,0.0,0.0,0.0,5.0,5.0,0.0,0.0,0.0,0.0,0.0,0.0,0.0,0.0,0.0,0.0,0.0,24.0,15.0,65.90910199999999,67.0,10.0,-11.6821,10.0,173.0,80.35733499999999,975.12,1432.0,3398.7258030000007,0.0,912.467,10.0,10.0,94.84965,3585.2500000000005,0.0,210.64161,5.0,250.0,151.196933,-20.12,67.0,77.0,80.0,110.977596,-8.793925,1,1.0,Medium
0.0,0.0,4.0,2.0,0.0,0.0,0.0,0.0,0.0,0.0,0.0,0.0,0.0,0.0,0.0,5.0,10.0,0.0,0.0,0.0,0.0,0.0,0.0,0.0,0.0,0.0,0.0,0.0,21.0,15.0,56.107669,43.0,10.0,-11.2962,0.0,108.0,47.330871,922.39,956.0,2039.6271,0.0,611.4786000000001,0.0,0.0,90.99302,2452.4990000000003,0.0,159.605844,-4.0,165.0,101.312863,-15.87,43.0,57.0,53.0,79.245934,-8.595869,1,1.0,Medium
4.0,0.0,0.0,0.0,0.0,0.0,0.0,0.0,4.0,0.0,0.0,0.0,0.0,0.0,0.0,4.0,9.0,0.0,0.0,0.0,0.0,0.0,0.0,0.0,0.0,0.0,0.0,0.0,21.0,16.0,56.029977,42.0,12.0,-13.3765,0.0,111.0,49.533176,897.21,980.0,2038.626891,0.0,631.8492,0.0,0.0,85.800788,2511.635,0.0,163.914716,-1.0,169.0,104.511914,-15.91,42.0,58.0,57.0,83.78019,-8.603186,1,2.0,Medium
5.0,0.0,0.0,0.0,0.0,0.0,0.0,0.0,0.0,0.0,0.0,0.0,0.0,0.0,0.0,0.0,5.0,0.0,0.0,0.0,0.0,0.0,0.0,0.0,6.0,0.0,5.0,0.0,21.0,25.0,45.861213,72.0,5.0,10.888499999999995,5.0,195.0,92.77729399999998,1256.5500000000002,1620.0,3740.058301,0.0,1045.3615,5.0,5.0,144.060424,4092.157,0.0,264.25447,0.0,277.0,171.313013,-16.54,72.0,82.0,122.0,158.51835599999998,-8.623563,1,4.0,Medium
0.0,0.0,0.0,5.0,0.0,0.0,5.0,0.0,0.0,0.0,0.0,0.0,0.0,0.0,0.0,4.0,7.0,0.0,0.0,0.0,0.0,0.0,0.0,0.0,0.0,0.0,0.0,0.0,21.0,14.0,70.74643599999999,46.0,10.0,-8.7984,0.0,140.0,63.923384,774.4300000000001,1134.0,2437.416946,0.0,741.6252000000001,0.0,0.0,88.98672499999999,2810.572,0.0,178.85,3.0,196.0,123.653857,-17.15,46.0,56.0,79.0,94.582251,-8.729933,1,3.0,Medium
0.0,0.0,0.0,4.0,0.0,0.0,0.0,0.0,0.0,0.0,0.0,0.0,0.0,0.0,0.0,4.0,11.0,2.0,0.0,0.0,0.0,0.0,0.0,0.0,0.0,0.0,0.0,0.0,21.0,8.0,69.63273699999999,46.0,4.0,-7.5295,0.0,113.0,48.740284,803.11,936.0,2034.425751,0.0,590.78,0.0,0.0,80.13276400000001,2331.673,0.0,146.09,-7.0,163.0,98.848586,-16.910000000000004,46.0,50.0,55.0,69.799804,-8.540766,2,0.0,Low
3.0,3.0,0.0,0.0,0.0,0.0,0.0,0.0,0.0,4.0,0.0,0.0,0.0,0.0,0.0,0.0,11.0,0.0,0.0,0.0,0.0,0.0,0.0,0.0,0.0,0.0,0.0,0.0,21.0,13.0,43.56459099999999,43.0,13.0,-18.436100000000003,4.0,109.0,49.045964,933.35,988.0,2202.195377,0.0,626.6755,4.0,4.0,84.443236,2579.453,0.0,164.131718,-1.0,171.0,104.801729,-15.410000000000002,43.0,62.0,45.0,79.30762,-8.650698,1,2.0,Medium
0.0,0.0,0.0,0.0,8.0,0.0,0.0,0.0,0.0,0.0,0.0,0.0,0.0,0.0,0.0,3.0,8.0,0.0,0.0,0.0,0.0,0.0,4.0,0.0,0.0,0.0,0.0,0.0,23.0,11.0,82.014143,49.0,8.0,11.419999999999998,0.0,186.0,82.775487,811.75,1412.0,3248.06044,0.0,951.522,0.0,0.0,104.60288,3466.7250000000004,0.0,224.39,0.0,243.0,160.24881299999998,-18.61,49.0,57.0,93.0,107.766526,-8.634935,1,4.0,Medium
0.0,0.0,0.0,0.0,0.0,0.0,5.0,0.0,0.0,0.0,0.0,0.0,0.0,0.0,0.0,3.0,10.0,4.0,0.0,0.0,0.0,0.0,0.0,0.0,0.0,0.0,0.0,0.0,22.0,8.0,72.49324299999999,47.0,5.0,-4.658300000000001,0.0,125.0,54.775776,799.79,1018.0,2127.745104,0.0,653.6789,0.0,0.0,84.31279700000002,2531.011,0.0,159.3,-5.0,177.0,108.391234,-17.7,47.0,52.0,65.0,81.879643,-8.584461,2,0.0,Low
0.0,0.0,3.0,0.0,0.0,0.0,4.0,0.0,0.0,0.0,0.0,0.0,0.0,0.0,0.0,4.0,11.0,0.0,0.0,0.0,0.0,0.0,0.0,0.0,0.0,0.0,0.0,0.0,22.0,14.0,62.439587,45.0,10.0,-13.704,0.0,114.0,50.332289,920.73,994.0,2059.99559,0.0,633.2814000000001,0.0,0.0,91.911903,2530.182,0.0,162.906883,-4.0,172.0,104.873723,-16.950000000000003,45.0,58.0,59.0,83.20755399999999,-8.613695,1,1.0,Medium
0.0,0.0,5.0,0.0,0.0,0.0,0.0,0.0,0.0,0.0,4.0,0.0,0.0,0.0,0.0,0.0,9.0,0.0,0.0,4.0,0.0,0.0,0.0,0.0,0.0,0.0,0.0,0.0,22.0,10.0,55.568437,43.0,10.0,-1.9720000000000013,0.0,118.0,50.974599,892.19,1022.0,2122.418694,0.0,668.8190000000001,0.0,0.0,101.965865,2627.214,0.0,172.80480500000002,-4.0,176.0,110.677125,-16.29,43.0,58.0,57.0,89.803574,-8.637279,1,1.0,Medium
0.0,6.0,0.0,0.0,0.0,0.0,0.0,0.0,0.0,0.0,0.0,0.0,0.0,0.0,0.0,5.0,6.0,0.0,0.0,0.0,0.0,0.0,5.0,0.0,0.0,0.0,0.0,0.0,22.0,17.0,54.77237,43.0,12.0,6.688699999999997,0.0,144.0,64.37911799999999,945.37,1198.0,2596.138417,0.0,807.8738000000001,0.0,0.0,100.399718,3062.4390000000003,0.0,205.157074,0.0,205.0,132.48183899999998,-16.08,43.0,61.0,74.0,107.038154,-8.731984,1,3.0,Medium
0.0,0.0,5.0,0.0,0.0,0.0,0.0,0.0,0.0,0.0,0.0,0.0,0.0,0.0,0.0,3.0,10.0,3.0,0.0,0.0,0.0,0.0,0.0,0.0,0.0,0.0,0.0,0.0,21.0,13.0,52.167604,40.0,10.0,-6.103100000000001,0.0,107.0,46.48074199999999,903.49,940.0,1975.217328,0.0,609.8784,0.0,0.0,92.43771900000002,2425.9280000000003,0.0,159.63480499999997,-5.0,162.0,100.44204,-15.46,40.0,55.0,51.0,80.405993,-8.611703,1,1.0,Medium
0.0,0.0,0.0,0.0,0.0,0.0,6.0,0.0,0.0,0.0,5.0,0.0,0.0,0.0,0.0,0.0,5.0,0.0,0.0,0.0,5.0,0.0,0.0,0.0,0.0,0.0,0.0,0.0,21.0,6.0,70.29116400000001,47.0,6.0,3.7843,0.0,139.0,61.23851599999999,694.24,1110.0,2272.285352,0.0,732.8812,0.0,0.0,97.406464,2750.468,0.0,174.97000000000003,1.0,192.0,121.738436,-17.029999999999998,47.0,53.0,71.0,93.530845,-8.600168,1,4.0,Medium
0.0,0.0,0.0,0.0,0.0,0.0,5.0,0.0,0.0,0.0,0.0,0.0,0.0,0.0,0.0,4.0,4.0,8.0,0.0,0.0,0.0,0.0,0.0,0.0,0.0,0.0,0.0,0.0,21.0,9.0,69.908338,46.0,5.0,9.5291,0.0,145.0,64.791785,710.74,1134.0,2418.61319,0.0,758.0377,0.0,0.0,85.280989,2803.616,0.0,179.05,1.0,196.0,124.750237,-16.95,46.0,51.0,78.0,96.965613,-8.542354,1,4.0,Medium
3.0,0.0,0.0,0.0,4.0,0.0,0.0,0.0,0.0,0.0,0.0,0.0,0.0,0.0,0.0,0.0,4.0,10.0,0.0,0.0,0.0,0.0,0.0,0.0,0.0,0.0,0.0,0.0,21.0,7.0,61.61137,42.0,7.0,17.285,0.0,158.0,70.061087,708.3,1224.0,2725.24313,0.0,837.4531,0.0,0.0,93.168132,3063.4,0.0,202.118537,3.0,210.0,139.832131,-16.0,42.0,52.0,77.0,102.601243,-8.548609,1,4.0,Medium
0.0,5.0,0.0,0.0,0.0,0.0,0.0,0.0,0.0,0.0,4.0,0.0,0.0,0.0,0.0,0.0,10.0,2.0,0.0,0.0,0.0,0.0,0.0,0.0,0.0,0.0,0.0,0.0,21.0,10.0,50.80848,41.0,10.0,-7.245000000000001,0.0,104.0,44.986123000000006,879.72,928.0,1875.8291,0.0,598.132,0.0,0.0,89.558276,2399.8460000000005,0.0,158.030895,-5.0,160.0,98.628576,-15.5,41.0,56.0,53.0,83.33880099999999,-8.569453,1,1.0,Medium
0.0,0.0,0.0,0.0,0.0,0.0,0.0,0.0,0.0,0.0,3.0,0.0,0.0,0.0,0.0,3.0,6.0,0.0,0.0,0.0,0.0,0.0,12.0,0.0,0.0,0.0,0.0,0.0,24.0,3.0,83.088504,54.0,0.0,35.9493,0.0,201.0,89.02667699999999,802.5600000000001,1482.0,3233.280111,0.0,1011.6954,0.0,0.0,115.818522,3628.941,0.0,235.8,-6.0,255.0,165.790239,-19.2,54.0,54.0,114.0,131.45843100000002,-8.337892,1,1.0,Medium
0.0,4.0,0.0,0.0,0.0,0.0,0.0,0.0,0.0,0.0,0.0,0.0,0.0,0.0,4.0,0.0,10.0,3.0,0.0,0.0,0.0,0.0,0.0,0.0,0.0,0.0,0.0,0.0,21.0,16.0,55.99740499999999,38.0,12.0,-7.452000000000002,0.0,106.0,45.839508,904.48,926.0,2002.622901,0.0,603.4082,0.0,0.0,83.20849000000001,2372.4640000000004,0.0,155.074716,-6.0,160.0,99.178096,-15.75,38.0,54.0,46.0,72.86592300000001,-8.649148,2,0.0,Low
0.0,0.0,4.0,0.0,0.0,0.0,0.0,0.0,0.0,0.0,0.0,0.0,0.0,0.0,0.0,4.0,11.0,0.0,0.0,3.0,0.0,0.0,0.0,0.0,0.0,0.0,0.0,0.0,22.0,12.0,59.771326,44.0,8.0,-7.990400000000002,0.0,106.0,44.975248,933.41,936.0,2005.175528,0.0,596.5804,0.0,0.0,90.938951,2405.374,0.0,155.935844,-7.0,162.0,99.127588,-16.540000000000003,44.0,56.0,45.0,73.19045999999999,-8.607334,2,0.0,Low
0.0,0.0,4.0,0.0,0.0,0.0,4.0,0.0,0.0,0.0,0.0,0.0,0.0,0.0,0.0,5.0,9.0,0.0,0.0,0.0,0.0,0.0,0.0,0.0,0.0,0.0,0.0,0.0,22.0,17.0,59.424026,45.0,12.0,-11.7181,0.0,121.0,54.149881,943.74,1056.0,2202.042427,0.0,683.176,0.0,0.0,96.575552,2697.8860000000004,0.0,175.735844,-1.0,182.0,112.725373,-16.74,45.0,61.0,64.0,91.819476,-8.659653,1,3.0,Medium
0.0,0.0,5.0,0.0,0.0,0.0,0.0,0.0,0.0,0.0,0.0,0.0,0.0,0.0,0.0,4.0,9.0,0.0,0.0,4.0,0.0,0.0,0.0,0.0,0.0,0.0,0.0,0.0,22.0,14.0,57.009141,43.0,10.0,-4.588400000000002,0.0,114.0,49.078339,936.19,998.0,2154.628826,0.0,649.6582000000001,0.0,0.0,95.639505,2571.1060000000007,0.0,168.80480500000002,-4.0,172.0,107.695161,-16.29,43.0,58.0,49.0,80.991042,-8.640831,2,0.0,Low
0.0,0.0,3.0,0.0,0.0,0.0,0.0,0.0,0.0,0.0,0.0,0.0,0.0,0.0,0.0,4.0,3.0,11.0,0.0,0.0,0.0,0.0,0.0,0.0,0.0,0.0,0.0,0.0,21.0,10.0,59.62777,43.0,6.0,17.3202,0.0,142.0,62.599453,766.03,1128.0,2446.244609,0.0,766.8696,0.0,0.0,91.98468499999998,2836.928,0.0,185.856883,0.0,194.0,125.442731,-16.0,43.0,52.0,71.0,98.964881,-8.558416,1,3.0,Medium
0.0,0.0,5.0,0.0,0.0,0.0,0.0,0.0,0.0,3.0,0.0,0.0,0.0,0.0,0.0,4.0,12.0,0.0,0.0,0.0,0.0,0.0,0.0,0.0,0.0,0.0,0.0,0.0,24.0,17.0,58.267658,50.0,13.0,-16.8155,3.0,125.0,55.6005,1071.29,1114.0,2451.095621,0.0,707.5693,3.0,3.0,101.887076,2872.361,0.0,182.213288,-4.0,193.0,117.117683,-18.11,50.0,68.0,56.0,89.770128,-8.660457,1,1.0,Medium
0.0,0.0,5.0,0.0,0.0,0.0,0.0,0.0,0.0,0.0,3.0,0.0,0.0,0.0,0.0,0.0,10.0,4.0,0.0,0.0,0.0,0.0,0.0,0.0,0.0,0.0,0.0,0.0,22.0,10.0,54.399545,42.0,10.0,-2.235000000000002,0.0,118.0,51.410521,896.79,1016.0,2078.27901,0.0,664.9300000000001,0.0,0.0,101.307567,2610.207,0.0,171.84480499999998,-5.0,175.0,109.323437,-16.25,42.0,57.0,61.0,92.046857,-8.632954,1,1.0,Medium
0.0,0.0,0.0,0.0,0.0,0.0,0.0,0.0,0.0,0.0,0.0,0.0,0.0,0.0,0.0,4.0,8.0,0.0,0.0,0.0,0.0,0.0,0.0,0.0,0.0,0.0,5.0,5.0,22.0,49.0,63.119246,103.0,5.0,-33.0931,10.0,163.0,79.115466,1777.96,1562.0,4176.031994,0.0,895.1577,10.0,10.0,82.934285,3936.797000000001,0.0,231.601815,-8.0,271.0,149.563526,-19.94,103.0,108.0,80.0,104.558437,-8.76017,2,0.0,Low
0.0,0.0,3.0,0.0,0.0,0.0,0.0,0.0,5.0,0.0,0.0,0.0,0.0,0.0,0.0,4.0,9.0,0.0,0.0,0.0,0.0,0.0,0.0,0.0,0.0,0.0,0.0,0.0,21.0,20.0,59.432611,38.0,16.0,-14.0433,0.0,117.0,53.044436,885.21,1008.0,2089.632746,0.0,661.1946,0.0,0.0,90.397672,2555.4000000000005,0.0,165.656883,-1.0,174.0,108.059951,-16.2,38.0,57.0,63.0,87.01864700000002,-8.683577,1,1.0,Medium
0.0,0.0,4.0,0.0,0.0,0.0,0.0,0.0,0.0,0.0,4.0,0.0,0.0,0.0,0.0,4.0,10.0,0.0,0.0,0.0,0.0,0.0,0.0,0.0,0.0,0.0,0.0,0.0,22.0,12.0,57.759738,48.0,8.0,-8.4466,0.0,110.0,47.526544,956.5,984.0,2012.30399,0.0,623.8464000000001,0.0,0.0,97.672476,2526.4860000000003,0.0,163.775844,-6.0,170.0,102.74586,-16.700000000000003,48.0,60.0,58.0,87.004752,-8.558057,2,0.0,Low
0.0,0.0,0.0,0.0,5.0,0.0,0.0,0.0,0.0,0.0,0.0,0.0,0.0,0.0,4.0,2.0,0.0,10.0,0.0,0.0,0.0,0.0,0.0,0.0,0.0,0.0,0.0,0.0,21.0,15.0,73.509061,44.0,9.0,23.529,0.0,180.0,80.633272,707.0799999999999,1356.0,3137.611747,0.0,939.9190999999998,0.0,0.0,92.932614,3326.655,0.0,215.97000000000003,5.0,233.0,155.56999100000002,-17.03,44.0,53.0,88.0,107.818988,-8.582196,1,2.0,Medium
5.0,0.0,0.0,0.0,0.0,0.0,0.0,0.0,0.0,0.0,5.0,0.0,0.0,0.0,0.0,5.0,6.0,0.0,0.0,0.0,0.0,0.0,0.0,0.0,0.0,0.0,0.0,0.0,21.0,10.0,51.36843999999999,52.0,5.0,-3.3687000000000005,0.0,113.0,49.170792,920.78,1018.0,2094.512673,0.0,647.6435,0.0,0.0,92.41699,2631.035,0.0,172.79089499999998,-1.0,175.0,107.531834,-15.74,52.0,62.0,61.0,93.928496,-8.52847,1,3.0,Medium
0.0,6.0,0.0,0.0,0.0,0.0,0.0,0.0,0.0,0.0,3.0,0.0,0.0,0.0,0.0,4.0,8.0,0.0,0.0,0.0,0.0,0.0,0.0,0.0,0.0,0.0,0.0,0.0,21.0,16.0,48.316255,43.0,12.0,-9.9189,0.0,105.0,46.047892,954.19,966.0,1994.946629,0.0,622.975,0.0,0.0,90.084218,2515.386,0.0,166.867074,-2.0,166.0,102.507842,-15.37,43.0,61.0,53.0,86.87568699999999,-8.589942,1,3.0,Medium
0.0,0.0,5.0,0.0,0.0,0.0,0.0,0.0,0.0,4.0,0.0,0.0,0.0,0.0,0.0,3.0,12.0,0.0,0.0,0.0,0.0,0.0,0.0,0.0,0.0,0.0,0.0,0.0,24.0,17.0,56.951543,50.0,14.0,-17.8927,4.0,129.0,57.922282,1064.73,1142.0,2543.036891,0.0,726.8662,4.0,4.0,102.051433,2942.476000000001,0.0,185.249449,-3.0,198.0,120.407144,-18.15,50.0,69.0,57.0,91.456266,-8.663818,1,2.0,Medium
4.0,3.0,0.0,0.0,0.0,0.0,0.0,0.0,0.0,0.0,0.0,0.0,0.0,0.0,0.0,4.0,11.0,0.0,0.0,0.0,0.0,0.0,0.0,0.0,0.0,0.0,0.0,0.0,22.0,14.0,48.82905099999999,45.0,10.0,-14.3579,0.0,99.0,42.559313,1013.53,936.0,1959.346521,0.0,590.264,0.0,0.0,89.379856,2465.621,0.0,164.153253,-4.0,161.0,98.513554,-15.79,45.0,62.0,44.0,79.141271,-8.558677,1,1.0,Medium
6.0,0.0,0.0,0.0,0.0,0.0,0.0,0.0,0.0,0.0,5.0,0.0,0.0,0.0,0.0,5.0,6.0,0.0,0.0,0.0,0.0,0.0,0.0,0.0,0.0,0.0,0.0,0.0,22.0,11.0,51.36843999999999,54.0,6.0,-3.5993000000000004,0.0,119.0,51.97126899999999,974.72,1078.0,2219.428897,0.0,688.4196000000001,0.0,0.0,98.011038,2797.663,0.0,184.957074,0.0,185.0,114.401503,-16.28,54.0,66.0,64.0,100.506699,-8.553027,1,4.0,Medium
0.0,0.0,0.0,0.0,0.0,0.0,0.0,0.0,0.0,4.0,0.0,0.0,0.0,0.0,0.0,0.0,5.0,0.0,0.0,0.0,0.0,0.0,6.0,0.0,6.0,0.0,0.0,0.0,21.0,4.0,64.525123,46.0,4.0,38.4463,4.0,217.0,100.522142,676.1299999999999,1552.0,3349.9471670000003,0.0,1077.1168,4.0,4.0,145.209658,3788.465,0.0,242.39464400000003,-1.0,267.0,173.796434,-16.91,46.0,50.0,135.0,155.95586200000002,-8.556286,1,3.0,Medium
0.0,4.0,0.0,0.0,0.0,0.0,0.0,0.0,0.0,0.0,0.0,0.0,0.0,0.0,3.0,4.0,11.0,0.0,0.0,0.0,0.0,0.0,0.0,0.0,0.0,0.0,0.0,0.0,22.0,18.0,59.33801199999999,44.0,11.0,-13.9146,0.0,102.0,43.73372,1002.5,930.0,2006.222448,0.0,588.4999,0.0,0.0,84.86551,2394.311,0.0,155.164716,-7.0,161.0,97.037376,-16.660000000000004,44.0,59.0,44.0,71.589254,-8.633179,2,0.0,Low
0.0,0.0,5.0,0.0,0.0,0.0,5.0,0.0,0.0,0.0,0.0,0.0,0.0,0.0,0.0,3.0,8.0,0.0,0.0,0.0,0.0,0.0,0.0,0.0,0.0,0.0,0.0,0.0,21.0,18.0,52.833757,40.0,15.0,-11.4636,0.0,122.0,55.591251,898.03,1060.0,2189.052489,0.0,697.7659000000001,0.0,0.0,98.17132999999998,2718.464,0.0,179.43480499999998,2.0,182.0,114.952265,-15.66,40.0,60.0,67.0,96.539271,-8.705701,1,3.0,Medium
6.0,0.0,0.0,0.0,0.0,0.0,4.0,0.0,0.0,0.0,0.0,0.0,0.0,0.0,0.0,4.0,10.0,0.0,0.0,0.0,0.0,0.0,0.0,0.0,0.0,0.0,0.0,0.0,24.0,14.0,59.234782,52.0,10.0,-13.207400000000002,0.0,126.0,55.796286,1034.02,1128.0,2344.372742,0.0,720.4026000000001,0.0,0.0,100.198884,2919.882,0.0,192.457074,0.0,194.0,120.485202,-17.78,52.0,68.0,64.0,98.458122,-8.574396,1,3.0,Medium
0.0,5.0,0.0,0.0,0.0,0.0,0.0,0.0,0.0,0.0,0.0,0.0,0.0,0.0,0.0,5.0,8.0,0.0,0.0,0.0,0.0,0.0,0.0,0.0,0.0,0.0,4.0,0.0,22.0,31.0,52.157309,68.0,10.0,-19.7308,4.0,132.0,60.995716,1340.11,1248.0,3028.64134,0.0,762.0288,4.0,4.0,89.227808,3216.511,0.0,203.451755,-3.0,215.0,127.08799100000002,-17.29,68.0,83.0,62.0,96.201741,-8.697373,2,0.0,Low
0.0,8.0,0.0,0.0,0.0,0.0,0.0,0.0,0.0,0.0,0.0,0.0,0.0,0.0,0.0,3.0,8.0,3.0,0.0,0.0,0.0,0.0,0.0,0.0,0.0,0.0,0.0,0.0,22.0,19.0,45.757994,39.0,16.0,-7.871,0.0,114.0,50.504091,993.45,1034.0,2180.708999,0.0,684.8657999999999,0.0,0.0,93.99125800000002,2710.615,0.0,183.149432,0.0,177.0,112.588857,-15.5,39.0,63.0,53.0,92.160025,-8.635323,1,3.0,Medium
5.0,0.0,0.0,0.0,0.0,3.0,0.0,0.0,0.0,0.0,0.0,0.0,0.0,0.0,0.0,5.0,8.0,0.0,0.0,0.0,0.0,0.0,0.0,0.0,0.0,0.0,0.0,0.0,21.0,13.0,52.800339,47.0,8.0,-11.534,0.0,108.0,46.889376,915.61,976.0,2115.758388,0.0,620.1586,0.0,0.0,89.10825499999999,2526.958,0.0,165.870895,0.0,168.0,104.394583,-15.66,47.0,60.0,50.0,80.22686,-8.545764,1,4.0,Medium
0.0,3.0,0.0,0.0,0.0,0.0,0.0,0.0,0.0,0.0,0.0,0.0,0.0,0.0,0.0,4.0,9.0,5.0,0.0,0.0,0.0,0.0,0.0,0.0,0.0,0.0,0.0,0.0,21.0,10.0,58.981786,43.0,6.0,-1.751100000000001,0.0,109.0,46.684981,849.01,930.0,1983.951224,0.0,600.1566,0.0,0.0,81.20905400000001,2367.9890000000005,0.0,153.118537,-6.0,161.0,99.05759,-16.0,43.0,52.0,50.0,74.942732,-8.533751,2,0.0,Low
0.0,0.0,3.0,0.0,0.0,0.0,0.0,0.0,0.0,0.0,2.0,0.0,0.0,0.0,0.0,5.0,11.0,0.0,0.0,0.0,0.0,0.0,0.0,0.0,0.0,0.0,0.0,0.0,21.0,11.0,58.290846,46.0,6.0,-10.663,0.0,98.0,41.65565,915.36,882.0,1830.448816,0.0,549.1674,0.0,0.0,86.635647,2259.673,0.0,144.736883,-8.0,153.0,90.802274,-16.12,46.0,55.0,48.0,72.46503799999999,-8.552779,2,0.0,Low
0.0,0.0,0.0,0.0,0.0,0.0,6.0,0.0,0.0,0.0,0.0,0.0,0.0,0.0,0.0,4.0,6.0,0.0,0.0,0.0,0.0,0.0,5.0,0.0,0.0,0.0,0.0,0.0,21.0,10.0,71.79412500000001,46.0,6.0,8.378099999999998,0.0,156.0,70.507353,742.84,1206.0,2577.953465,0.0,806.4603999999999,0.0,0.0,92.542164,2971.92,0.0,191.01,0.0,208.0,132.90457400000005,-16.99,46.0,52.0,89.0,104.60454,-8.615602,1,4.0,Medium
4.0,0.0,0.0,0.0,0.0,0.0,0.0,0.0,0.0,0.0,2.0,0.0,0.0,0.0,0.0,4.0,11.0,0.0,0.0,0.0,0.0,0.0,0.0,0.0,0.0,0.0,0.0,0.0,21.0,8.0,54.89679699999999,48.0,4.0,-10.8809,0.0,95.0,40.00716,914.37,872.0,1803.435543,0.0,537.0816,0.0,0.0,83.216652,2257.029,0.0,145.994716,-7.0,151.0,89.890338,-15.830000000000002,48.0,56.0,45.0,71.99146,-8.470785,2,0.0,Low
0.0,3.0,0.0,0.0,0.0,0.0,5.0,0.0,0.0,0.0,0.0,0.0,0.0,0.0,0.0,6.0,8.0,0.0,0.0,0.0,0.0,0.0,0.0,0.0,0.0,0.0,0.0,0.0,22.0,17.0,63.015904000000006,47.0,11.0,-11.8049,0.0,123.0,55.118904,924.14,1066.0,2234.203986,0.0,687.6037000000001,0.0,0.0,89.358269,2707.47,0.0,175.048537,0.0,184.0,113.648983,-17.07,47.0,61.0,65.0,90.713138,-8.669094,1,4.0,Medium
3.0,0.0,0.0,0.0,0.0,0.0,0.0,0.0,0.0,4.0,0.0,0.0,0.0,0.0,5.0,10.0,0.0,0.0,0.0,0.0,0.0,0.0,0.0,0.0,0.0,0.0,0.0,0.0,22.0,27.0,59.767161,58.0,12.0,-3.3311,4.0,153.0,70.09756900000001,1033.65,1310.0,3089.820737,0.0,857.0616,4.0,4.0,90.076222,3318.276,0.0,208.873181,7.0,226.0,140.89241499999997,-17.549999999999997,58.0,73.0,70.0,104.033205,-8.807938,1,3.0,Medium
3.0,0.0,0.0,0.0,0.0,0.0,0.0,0.0,0.0,0.0,0.0,0.0,0.0,0.0,0.0,4.0,3.0,12.0,0.0,0.0,0.0,0.0,0.0,0.0,0.0,0.0,0.0,0.0,22.0,7.0,62.940239,48.0,3.0,19.3367,0.0,147.0,64.274775,783.9300000000001,1168.0,2539.005773,0.0,787.5475,0.0,0.0,90.8246,2939.9970000000003,0.0,192.328537,0.0,201.0,129.691081,-16.79,48.0,54.0,72.0,101.033831,-8.443942,1,4.0,Medium
8.0,0.0,0.0,0.0,0.0,0.0,0.0,0.0,0.0,0.0,0.0,0.0,0.0,0.0,0.0,3.0,8.0,0.0,0.0,0.0,0.0,0.0,3.0,0.0,0.0,0.0,0.0,0.0,22.0,11.0,46.964564,47.0,8.0,-0.206100000000001,0.0,126.0,55.413612,971.05,1106.0,2353.333409,0.0,723.6542000000001,0.0,0.0,98.977642,2886.811,0.0,195.149432,0.0,189.0,120.829541,-15.5,47.0,63.0,62.0,99.8617,-8.629769,1,4.0,Medium
5.0,0.0,0.0,0.0,0.0,0.0,0.0,0.0,0.0,0.0,0.0,0.0,0.0,0.0,0.0,5.0,4.0,8.0,0.0,0.0,0.0,0.0,0.0,0.0,0.0,0.0,0.0,0.0,22.0,10.0,56.289217,49.0,5.0,10.2726,0.0,136.0,59.56726999999999,873.27,1136.0,2453.34588,0.0,754.4385,0.0,0.0,92.450264,2905.659,0.0,192.200895,1.0,195.0,124.836708,-16.33,49.0,59.0,66.0,99.675169,-8.577121,1,4.0,Medium
0.0,0.0,0.0,0.0,0.0,0.0,0.0,5.0,0.0,4.0,0.0,0.0,0.0,0.0,0.0,0.0,10.0,0.0,0.0,3.0,0.0,0.0,0.0,0.0,0.0,0.0,0.0,0.0,22.0,9.0,67.27638599999999,48.0,9.0,-15.851,4.0,126.0,55.749280000000006,793.78,1046.0,2375.290723,0.0,662.9573,4.0,4.0,85.51065299999999,2617.065,0.0,157.404644,-1.0,183.0,111.586205,-17.9,48.0,57.0,52.0,73.124859,-8.697675,1,2.0,Medium
0.0,0.0,0.0,0.0,6.0,0.0,0.0,0.0,0.0,0.0,0.0,0.0,0.0,0.0,0.0,4.0,5.0,0.0,0.0,0.0,0.0,0.0,6.0,0.0,0.0,0.0,0.0,0.0,21.0,10.0,75.389365,46.0,6.0,19.7805,0.0,183.0,81.873982,729.01,1368.0,3139.989095,0.0,933.1774,0.0,0.0,99.127568,3351.657,0.0,218.01,1.0,235.0,155.918924,-16.990000000000002,46.0,52.0,95.0,109.255654,-8.574464,1,3.0,Medium
0.0,4.0,0.0,0.0,0.0,0.0,0.0,0.0,0.0,0.0,0.0,0.0,0.0,0.0,0.0,4.0,11.0,2.0,0.0,0.0,0.0,0.0,0.0,0.0,0.0,0.0,0.0,0.0,21.0,12.0,55.45398899999999,42.0,8.0,-10.2815,0.0,97.0,41.283804,907.11,872.0,1839.0364110000005,0.0,551.3484,0.0,0.0,80.847868,2249.1490000000003,0.0,146.07471600000002,-7.0,151.0,91.286146,-15.750000000000002,42.0,54.0,43.0,69.46959199999999,-8.56199,2,0.0,Low
7.0,0.0,0.0,0.0,0.0,0.0,0.0,0.0,0.0,0.0,0.0,0.0,0.0,0.0,0.0,5.0,5.0,0.0,0.0,5.0,0.0,0.0,0.0,0.0,0.0,0.0,0.0,0.0,22.0,12.0,51.231395,49.0,7.0,1.0577999999999994,0.0,122.0,52.723744,942.38,1080.0,2365.726688,0.0,705.9567000000001,0.0,0.0,92.671661,2813.241,0.0,188.113253,2.0,185.0,118.522378,-15.829999999999998,49.0,63.0,51.0,90.491011,-8.580335,1,4.0,Medium
0.0,0.0,4.0,0.0,0.0,0.0,0.0,0.0,0.0,0.0,3.0,0.0,0.0,0.0,0.0,0.0,10.0,0.0,0.0,4.0,0.0,0.0,0.0,0.0,0.0,0.0,0.0,0.0,21.0,8.0,55.739369,41.0,8.0,-3.5343000000000018,0.0,107.0,45.57777,840.0500000000001,926.0,1932.510987,0.0,598.9302,0.0,0.0,92.510626,2374.428,0.0,154.765844,-6.0,160.0,99.47903,-15.71,41.0,53.0,49.0,77.466993,-8.604546,2,0.0,Low
2.0,0.0,0.0,0.0,0.0,0.0,0.0,0.0,0.0,18.0,0.0,0.0,0.0,0.0,0.0,2.0,2.0,0.0,0.0,0.0,0.0,0.0,0.0,0.0,0.0,0.0,0.0,0.0,24.0,22.0,50.60052,68.0,20.0,-20.0462,18.0,210.0,101.93747400000002,1000.66,1720.0,4366.029714,0.0,1116.4804,18.0,18.0,95.124122,4340.295999999999,0.0,250.803256,18.0,300.0,185.852164,-19.980000000000004,68.0,90.0,86.0,128.335262,-8.869312,1,4.0,Medium
5.0,0.0,0.0,3.0,0.0,0.0,0.0,0.0,0.0,0.0,0.0,0.0,0.0,0.0,0.0,5.0,8.0,0.0,0.0,0.0,0.0,0.0,0.0,0.0,0.0,0.0,0.0,0.0,21.0,13.0,53.242746,47.0,8.0,-9.1934,0.0,114.0,50.253339,915.61,1012.0,2180.535921,0.0,647.8606,0.0,0.0,88.53545599999998,2611.12,0.0,171.870895,0.0,174.0,108.637222,-15.66,47.0,60.0,56.0,85.491821,-8.581793,1,4.0,Medium
3.0,0.0,0.0,0.0,0.0,0.0,0.0,0.0,0.0,0.0,0.0,0.0,0.0,0.0,0.0,0.0,2.0,0.0,0.0,0.0,0.0,5.0,11.0,0.0,0.0,0.0,0.0,0.0,21.0,3.0,66.932939,42.0,3.0,43.2169,0.0,196.0,86.52519,662.88,1428.0,3274.597494,0.0,1005.9003,0.0,0.0,107.4868,3534.35,0.0,236.278537,1.0,244.0,166.930298,-15.840000000000002,42.0,48.0,93.0,120.676966,-8.347825,1,4.0,Medium
3.0,0.0,0.0,0.0,0.0,0.0,3.0,0.0,0.0,0.0,0.0,0.0,0.0,0.0,0.0,0.0,6.0,9.0,0.0,0.0,0.0,0.0,0.0,0.0,0.0,0.0,0.0,0.0,21.0,6.0,59.248953,42.0,6.0,8.9151,0.0,135.0,59.706882,731.5200000000001,1080.0,2279.594505,0.0,723.8843999999999,0.0,0.0,87.885153,2722.74,0.0,178.158537,0.0,186.0,119.80719,-15.96,42.0,51.0,69.0,94.709385,-8.567892,1,3.0,Medium
0.0,0.0,4.0,0.0,0.0,0.0,0.0,0.0,0.0,0.0,0.0,0.0,0.0,0.0,0.0,4.0,10.0,5.0,0.0,0.0,0.0,0.0,0.0,0.0,0.0,0.0,0.0,0.0,23.0,12.0,62.186591,46.0,8.0,-1.926000000000002,0.0,122.0,52.701384,945.88,1042.0,2210.725007,0.0,676.6554000000001,0.0,0.0,97.059986,2660.7960000000003,0.0,173.145844,-6.0,180.0,111.448392,-17.330000000000002,46.0,58.0,58.0,86.992481,-8.627132,2,0.0,Low
5.0,0.0,0.0,0.0,0.0,0.0,0.0,0.0,0.0,0.0,0.0,0.0,0.0,0.0,0.0,5.0,4.0,0.0,0.0,0.0,0.0,0.0,0.0,0.0,8.0,0.0,0.0,0.0,22.0,10.0,53.658009,49.0,5.0,32.1182,0.0,192.0,88.31423,873.27,1472.0,2934.47836,0.0,1012.9905,0.0,0.0,164.606272,3691.171,0.0,248.200895,1.0,251.0,162.71034,-16.33,49.0,59.0,130.0,165.629417,-8.584776,1,4.0,Medium
4.0,0.0,0.0,0.0,0.0,0.0,0.0,0.0,0.0,0.0,0.0,0.0,0.0,0.0,0.0,4.0,2.0,11.0,0.0,0.0,0.0,0.0,0.0,0.0,0.0,0.0,0.0,0.0,21.0,8.0,56.422965000000005,46.0,4.0,18.278,0.0,142.0,62.462496,771.44,1142.0,2480.789313,0.0,772.4386,0.0,0.0,89.08357000000001,2893.3720000000003,0.0,191.074716,2.0,196.0,127.314872,-15.750000000000002,46.0,54.0,70.0,101.059043,-8.520681,1,4.0,Medium
6.0,0.0,0.0,0.0,0.0,0.0,0.0,0.0,0.0,0.0,0.0,0.0,0.0,0.0,0.0,4.0,10.0,1.0,0.0,0.0,0.0,0.0,0.0,0.0,0.0,0.0,0.0,0.0,21.0,10.0,48.936715,46.0,6.0,-9.862800000000002,0.0,98.0,41.82898599999999,937.36,906.0,1905.736175,0.0,568.8128000000002,0.0,0.0,84.700886,2373.088,0.0,156.987074,-4.0,156.0,95.412602,-15.25,46.0,58.0,44.0,76.07300699999999,-8.524841,1,2.0,Medium
2.0,0.0,0.0,0.0,0.0,0.0,6.0,0.0,0.0,0.0,0.0,0.0,0.0,0.0,0.0,4.0,9.0,0.0,0.0,0.0,0.0,0.0,0.0,0.0,0.0,0.0,0.0,0.0,21.0,12.0,62.835245,46.0,8.0,-11.9267,0.0,117.0,52.226648,839.61,1000.0,2071.722367,0.0,638.2296,0.0,0.0,84.42423000000001,2526.811,0.0,161.92235799999995,-1.0,173.0,106.264334,-16.49,46.0,56.0,63.0,84.332074,-8.607565,1,3.0,Medium
5.0,0.0,0.0,0.0,8.0,0.0,0.0,0.0,0.0,0.0,0.0,0.0,0.0,0.0,0.0,6.0,3.0,0.0,0.0,0.0,0.0,0.0,0.0,0.0,0.0,0.0,0.0,0.0,22.0,19.0,61.313629,50.0,13.0,2.6611,0.0,171.0,77.34438700000001,915.19,1400.0,3206.445681,0.0,941.6429,0.0,0.0,104.55793599999998,3541.795,0.0,235.840895,10.0,239.0,159.201529,-16.69,50.0,68.0,84.0,114.922949,-8.787391,1,3.0,Medium
0.0,0.0,6.0,0.0,0.0,0.0,0.0,0.0,0.0,0.0,0.0,0.0,0.0,0.0,0.0,5.0,11.0,1.0,0.0,0.0,0.0,0.0,0.0,0.0,0.0,0.0,0.0,0.0,23.0,17.0,55.535569,45.0,12.0,-11.063900000000002,0.0,113.0,49.215387,1040.82,1022.0,2148.037192,0.0,656.8818000000001,0.0,0.0,102.209092,2652.544,0.0,174.84376600000002,-5.0,176.0,108.191735,-16.87,45.0,63.0,54.0,87.60882899999999,-8.63012,1,1.0,Medium
0.0,0.0,0.0,0.0,5.0,0.0,0.0,0.0,0.0,0.0,0.0,0.0,0.0,0.0,0.0,7.0,5.0,5.0,0.0,0.0,0.0,0.0,0.0,0.0,0.0,0.0,0.0,0.0,22.0,12.0,75.92903799999999,51.0,5.0,8.863499999999998,0.0,157.0,69.084625,811.5600000000001,1234.0,2806.2731250000006,0.0,818.8100999999999,0.0,0.0,90.63956,3048.911,0.0,195.14,0.0,213.0,136.88719200000003,-17.86,51.0,56.0,76.0,94.472167,-8.600914,1,4.0,Medium
0.0,0.0,0.0,0.0,0.0,0.0,6.0,0.0,0.0,0.0,0.0,0.0,0.0,0.0,0.0,4.0,8.0,0.0,0.0,0.0,0.0,4.0,0.0,0.0,0.0,0.0,0.0,0.0,22.0,10.0,75.360104,48.0,6.0,-2.771000000000001,0.0,134.0,58.384226,796.8000000000001,1084.0,2370.4995200000003,0.0,704.1094,0.0,0.0,86.52644600000002,2691.292,0.0,170.22,-2.0,188.0,118.018454,-17.78,48.0,54.0,60.0,81.10511400000001,-8.625643,1,3.0,Medium
0.0,4.0,0.0,0.0,0.0,0.0,0.0,0.0,0.0,3.0,4.0,0.0,0.0,0.0,0.0,11.0,0.0,0.0,0.0,0.0,0.0,0.0,0.0,0.0,0.0,0.0,0.0,0.0,22.0,22.0,55.703833,58.0,11.0,-1.4815999999999996,3.0,148.0,67.60722,1000.82,1284.0,2857.763414,0.0,839.8171000000001,3.0,3.0,96.297463,3271.603,0.0,208.833199,7.0,221.0,137.626585,-17.22,58.0,73.0,77.0,113.790546,-8.777188,1,1.0,Medium
3.0,0.0,0.0,0.0,0.0,0.0,0.0,0.0,0.0,0.0,0.0,0.0,0.0,0.0,0.0,6.0,5.0,0.0,0.0,0.0,0.0,0.0,8.0,0.0,0.0,0.0,0.0,0.0,22.0,9.0,66.105591,50.0,3.0,21.0845,0.0,165.0,73.143001,852.05,1288.0,2837.229975,0.0,868.1331,0.0,0.0,101.497072,3222.465,0.0,212.248537,-2.0,221.0,143.015867,-16.87,50.0,56.0,88.0,112.667355,-8.519529,1,1.0,Medium
0.0,0.0,0.0,0.0,7.0,0.0,0.0,0.0,0.0,0.0,4.0,0.0,0.0,0.0,0.0,4.0,7.0,0.0,0.0,0.0,0.0,0.0,0.0,0.0,0.0,0.0,0.0,0.0,22.0,11.0,75.56337799999999,52.0,7.0,1.5082999999999984,0.0,157.0,69.351578,824.3299999999999,1252.0,2794.588792,0.0,821.5821,0.0,0.0,97.636014,3094.9400000000005,0.0,198.02,0.0,216.0,138.41650900000002,-17.98,52.0,59.0,81.0,98.492632,-8.707519,1,4.0,Medium
0.0,0.0,0.0,0.0,0.0,0.0,8.0,0.0,0.0,0.0,4.0,0.0,0.0,0.0,0.0,5.0,4.0,0.0,0.0,0.0,0.0,0.0,0.0,0.0,0.0,0.0,0.0,0.0,21.0,13.0,69.146029,51.0,8.0,-3.69,0.0,142.0,64.81706100000001,781.2099999999999,1164.0,2380.397596,0.0,760.2476,0.0,0.0,91.963432,2889.599,0.0,183.73,4.0,201.0,125.28610700000002,-17.27,51.0,59.0,87.0,106.53519,-8.708189,1,4.0,Medium
4.0,0.0,0.0,3.0,0.0,0.0,4.0,0.0,0.0,0.0,0.0,0.0,0.0,0.0,0.0,0.0,11.0,0.0,0.0,0.0,0.0,0.0,0.0,0.0,0.0,0.0,0.0,0.0,22.0,11.0,59.497452,44.0,11.0,-14.1247,0.0,123.0,55.15973699999999,872.37,1056.0,2201.858854,0.0,680.6733,0.0,0.0,93.555084,2695.934,0.0,176.164716,0.0,182.0,114.362784,-16.660000000000004,44.0,59.0,65.0,90.448446,-8.647307,1,3.0,Medium
0.0,0.0,0.0,0.0,0.0,0.0,0.0,5.0,0.0,0.0,4.0,0.0,0.0,0.0,0.0,4.0,9.0,0.0,0.0,0.0,0.0,0.0,0.0,0.0,0.0,0.0,0.0,0.0,22.0,9.0,70.529258,52.0,5.0,-11.9984,0.0,114.0,49.013448,843.11,982.0,2014.654105,0.0,613.0357,0.0,0.0,91.58675,2457.717,0.0,153.10000000000002,-4.0,171.0,102.046633,-17.9,52.0,57.0,61.0,80.19459900000001,-8.561037,1,1.0,Medium
0.0,0.0,0.0,0.0,0.0,0.0,0.0,4.0,0.0,0.0,0.0,0.0,0.0,0.0,0.0,4.0,9.0,5.0,0.0,0.0,0.0,0.0,0.0,0.0,0.0,0.0,0.0,0.0,22.0,8.0,71.761246,48.0,4.0,-4.337900000000001,0.0,119.0,50.940888,801.75,982.0,2092.300608,0.0,627.011,0.0,0.0,85.66479000000001,2447.833,0.0,153.3,-5.0,171.0,104.233998,-17.7,48.0,52.0,57.0,75.187487,-8.5519285,2,0.0,Low
3.0,0.0,0.0,0.0,3.0,0.0,0.0,0.0,0.0,0.0,0.0,0.0,0.0,0.0,0.0,0.0,4.0,11.0,0.0,0.0,0.0,0.0,0.0,0.0,0.0,0.0,0.0,0.0,21.0,6.0,61.006974,42.0,6.0,18.3834,0.0,154.0,68.027889,703.86,1194.0,2638.800402,0.0,816.2594,0.0,0.0,91.719408,2991.269,0.0,197.158537,2.0,205.0,135.884538,-15.96,42.0,51.0,75.0,101.016238,-8.499496,1,4.0,Medium
0.0,0.0,0.0,3.0,0.0,0.0,0.0,0.0,0.0,5.0,0.0,0.0,0.0,0.0,0.0,5.0,9.0,0.0,0.0,0.0,0.0,0.0,0.0,0.0,0.0,0.0,0.0,0.0,22.0,13.0,66.837221,54.0,8.0,-14.0141,5.0,137.0,62.04856100000001,885.8900000000001,1140.0,2658.931454,0.0,719.9626000000001,5.0,5.0,83.236401,2850.3250000000007,0.0,171.280805,-1.0,199.0,120.262291,-18.1,54.0,62.0,62.0,82.99935200000002,-8.752078,1,3.0,Medium
4.0,0.0,0.0,0.0,0.0,0.0,0.0,0.0,0.0,3.0,0.0,0.0,0.0,0.0,4.0,0.0,11.0,0.0,0.0,0.0,0.0,0.0,0.0,0.0,0.0,0.0,0.0,0.0,22.0,15.0,55.498605,47.0,11.0,-15.4767,3.0,115.0,50.794373,974.42,1020.0,2305.116411,0.0,644.8335000000001,3.0,3.0,85.719967,2621.635,0.0,165.273199,-4.0,177.0,107.50075,-16.78,47.0,62.0,47.0,76.619266,-8.680747,2,0.0,Low
5.0,0.0,0.0,0.0,0.0,0.0,0.0,0.0,0.0,5.0,0.0,0.0,0.0,0.0,0.0,1.0,10.0,0.0,0.0,0.0,0.0,0.0,0.0,0.0,0.0,0.0,0.0,0.0,21.0,11.0,45.831769,48.0,10.0,-16.728,5.0,116.0,52.363245000000006,917.38,1032.0,2348.24978,0.0,649.5578,5.0,5.0,83.25930500000001,2675.123,0.0,167.1317,0.0,179.0,109.115376,-15.78,48.0,63.0,48.0,81.07256100000001,-8.679689,0,5.0,High
3.0,0.0,0.0,0.0,4.0,0.0,0.0,0.0,0.0,0.0,0.0,0.0,0.0,0.0,0.0,6.0,8.0,0.0,0.0,0.0,0.0,0.0,0.0,0.0,0.0,0.0,0.0,0.0,21.0,13.0,61.670194,48.0,7.0,-5.495800000000001,0.0,126.0,55.106165,885.0,1068.0,2381.532212,0.0,688.6119000000001,0.0,0.0,87.12463199999999,2706.498,0.0,175.878537,-1.0,184.0,116.096893,-16.24,48.0,58.0,59.0,82.908293,-8.6550045,1,3.0,Medium
2.0,2.0,0.0,0.0,0.0,0.0,0.0,0.0,0.0,0.0,0.0,0.0,0.0,0.0,0.0,4.0,13.0,0.0,0.0,0.0,0.0,0.0,0.0,0.0,0.0,0.0,0.0,0.0,21.0,10.0,55.23866099999999,44.0,6.0,-15.3945,0.0,87.0,36.257472,929.17,812.0,1696.424655,0.0,496.293,0.0,0.0,79.01771199999999,2108.831,0.0,136.074716,-9.0,141.0,83.01470400000001,-15.75,44.0,54.0,37.0,62.449714,-8.550623,1,1.0,Medium
0.0,0.0,0.0,0.0,0.0,0.0,0.0,4.0,0.0,0.0,0.0,0.0,0.0,0.0,0.0,4.0,2.0,11.0,0.0,0.0,0.0,0.0,0.0,0.0,0.0,0.0,0.0,0.0,21.0,8.0,69.202425,46.0,4.0,14.6408,0.0,146.0,64.25018800000001,678.64,1134.0,2464.222473,0.0,764.669,0.0,0.0,87.945258,2803.6360000000004,0.0,179.09,2.0,196.0,125.896864,-16.91,46.0,50.0,74.0,94.725595,-8.467279,1,4.0,Medium
0.0,0.0,0.0,0.0,4.0,0.0,0.0,0.0,0.0,2.0,0.0,0.0,0.0,0.0,0.0,4.0,11.0,0.0,0.0,0.0,0.0,0.0,0.0,0.0,0.0,0.0,0.0,0.0,21.0,10.0,68.652379,48.0,6.0,-10.1915,2.0,125.0,54.663814,830.45,1028.0,2358.406289,0.0,650.4894,2.0,2.0,80.301202,2560.009,0.0,158.082322,-5.0,179.0,109.86967,-17.07,48.0,54.0,55.0,71.110538,-8.680314,2,0.0,Low
0.0,0.0,5.0,0.0,0.0,0.0,0.0,0.0,0.0,4.0,0.0,0.0,0.0,0.0,0.0,0.0,9.0,3.0,0.0,0.0,0.0,0.0,0.0,0.0,0.0,0.0,0.0,0.0,21.0,14.0,47.092388,41.0,14.0,-9.236200000000002,4.0,126.0,57.279403,883.65,1076.0,2404.540385,0.0,704.7208,4.0,4.0,93.613027,2765.476000000001,0.0,175.73944899999998,0.0,186.0,116.383961,-15.66,41.0,60.0,57.0,89.71828499999998,-8.704574,1,3.0,Medium
5.0,0.0,0.0,0.0,0.0,0.0,0.0,0.0,0.0,3.0,0.0,0.0,0.0,0.0,0.0,6.0,8.0,0.0,0.0,0.0,0.0,0.0,0.0,0.0,0.0,0.0,0.0,0.0,22.0,14.0,52.236536,53.0,8.0,-12.124200000000002,3.0,120.0,53.359452000000005,989.83,1076.0,2404.954574,0.0,679.1324,3.0,3.0,87.694231,2783.212,0.0,177.149378,0.0,186.0,113.489639,-16.61,53.0,66.0,53.0,86.925031,-8.638137,1,4.0,Medium
3.0,0.0,0.0,0.0,0.0,0.0,0.0,0.0,0.0,3.0,0.0,0.0,0.0,0.0,0.0,0.0,4.0,12.0,0.0,0.0,0.0,0.0,0.0,0.0,0.0,0.0,0.0,0.0,22.0,6.0,58.80265,47.0,6.0,14.929399999999998,3.0,156.0,69.728588,757.85,1228.0,2753.271606,0.0,827.7834,3.0,3.0,90.799791,3091.254,0.0,197.47702,2.0,212.0,136.775387,-16.87,47.0,56.0,73.0,103.524505,-8.6257715,1,4.0,Medium
0.0,0.0,0.0,0.0,0.0,0.0,0.0,0.0,0.0,0.0,0.0,0.0,0.0,0.0,0.0,6.0,4.0,6.0,0.0,0.0,0.0,0.0,0.0,0.0,0.0,0.0,6.0,0.0,22.0,30.0,67.381264,86.0,0.0,-4.7548,6.0,168.0,77.938412,1351.58,1468.0,3745.891722,0.0,895.008,6.0,6.0,85.365,3671.97,0.0,223.25629,-4.0,254.0,149.40570200000002,-19.06,86.0,86.0,82.0,106.848772,-8.756829,2,0.0,Low
0.0,0.0,3.0,0.0,0.0,0.0,0.0,0.0,0.0,3.0,0.0,0.0,0.0,0.0,4.0,11.0,0.0,0.0,0.0,0.0,0.0,0.0,0.0,0.0,0.0,0.0,0.0,0.0,21.0,28.0,57.580289,53.0,13.0,-2.4241,3.0,145.0,66.453021,999.28,1242.0,2891.796051,0.0,818.2633000000001,3.0,3.0,91.107762,3144.1040000000003,0.0,199.405366,6.0,214.0,133.652502,-16.68,53.0,69.0,69.0,101.248718,-8.812784,1,3.0,Medium
0.0,0.0,0.0,5.0,0.0,0.0,0.0,3.0,0.0,0.0,0.0,0.0,0.0,0.0,0.0,3.0,12.0,0.0,0.0,0.0,0.0,0.0,0.0,0.0,0.0,0.0,0.0,0.0,23.0,11.0,75.94783699999999,49.0,8.0,-15.9061,0.0,125.0,54.731134,867.07,1046.0,2254.516313,0.0,660.949,0.0,0.0,92.70841,2607.0460000000003,0.0,163.39,-4.0,182.0,111.172192,-18.61,49.0,57.0,63.0,78.814413,-8.666225,2,0.0,Low
0.0,0.0,3.0,0.0,4.0,0.0,0.0,0.0,0.0,0.0,0.0,0.0,0.0,0.0,0.0,5.0,10.0,0.0,0.0,0.0,0.0,0.0,0.0,0.0,0.0,0.0,0.0,0.0,22.0,15.0,64.685755,46.0,10.0,-7.8599,0.0,129.0,56.532066,927.13,1090.0,2410.3457550000003,0.0,706.1641999999999,0.0,0.0,95.101915,2757.594,0.0,178.866883,-3.0,188.0,118.310344,-16.990000000000002,46.0,59.0,61.0,84.824594,-8.715094,1,3.0,Medium
0.0,0.0,0.0,3.0,0.0,0.0,0.0,0.0,0.0,0.0,0.0,0.0,0.0,0.0,0.0,4.0,9.0,0.0,0.0,0.0,0.0,0.0,6.0,0.0,0.0,0.0,0.0,0.0,22.0,7.0,75.341456,48.0,3.0,10.7165,0.0,153.0,67.376031,797.31,1180.0,2602.96133,0.0,780.7993,0.0,0.0,94.770572,2908.728,0.0,186.34,-6.0,204.0,129.32372800000002,-17.66,48.0,51.0,81.0,95.625206,-8.572425,2,0.0,Low
10.0,0.0,0.0,0.0,0.0,0.0,0.0,0.0,0.0,0.0,0.0,0.0,0.0,0.0,0.0,1.0,10.0,1.0,0.0,0.0,0.0,0.0,0.0,0.0,0.0,0.0,0.0,0.0,22.0,11.0,38.754568,45.0,10.0,-11.079200000000002,0.0,104.0,45.180779,1013.53,990.0,2052.9869310000004,0.0,633.3408,0.0,0.0,95.893438,2649.171,0.0,181.14179,0.0,169.0,106.736185,-14.920000000000002,45.0,65.0,47.0,90.118021,-8.552779,1,4.0,Medium
0.0,0.0,0.0,0.0,5.0,0.0,0.0,0.0,0.0,0.0,8.0,0.0,0.0,0.0,0.0,4.0,5.0,0.0,0.0,0.0,0.0,0.0,0.0,0.0,0.0,0.0,0.0,0.0,22.0,9.0,73.45553,56.0,5.0,5.057299999999998,0.0,155.0,68.42275,824.7099999999999,1252.0,2693.1133560000003,0.0,818.0206999999999,0.0,0.0,101.30629,3100.8520000000003,0.0,197.94,0.0,216.0,136.551655,-18.06,56.0,61.0,87.0,107.386236,-8.596655,1,4.0,Medium
3.0,2.0,0.0,0.0,0.0,0.0,0.0,0.0,0.0,0.0,4.0,0.0,0.0,0.0,0.0,0.0,12.0,0.0,0.0,0.0,0.0,0.0,0.0,0.0,0.0,0.0,0.0,0.0,21.0,7.0,50.593152,44.0,7.0,-11.931,0.0,94.0,39.849037,898.98,868.0,1733.217344,0.0,541.0259,0.0,0.0,87.72811999999999,2260.512,0.0,148.030895,-7.0,150.0,90.265383,-15.5,44.0,56.0,47.0,76.318923,-8.533823,2,0.0,Low
3.0,0.0,0.0,0.0,0.0,0.0,0.0,0.0,0.0,0.0,0.0,0.0,0.0,0.0,0.0,10.0,3.0,0.0,0.0,0.0,0.0,0.0,6.0,0.0,0.0,0.0,0.0,0.0,22.0,13.0,65.842859,54.0,3.0,16.9877,0.0,159.0,70.520607,905.31,1276.0,2825.767187,0.0,851.0023000000001,0.0,0.0,98.41418,3204.315,0.0,210.08853700000003,0.0,219.0,140.081107,-17.03,54.0,60.0,84.0,110.783987,-8.5699835,1,2.0,Medium
0.0,0.0,0.0,0.0,0.0,0.0,0.0,5.0,0.0,0.0,0.0,0.0,0.0,0.0,3.0,0.0,10.0,0.0,3.0,0.0,0.0,0.0,0.0,0.0,0.0,0.0,0.0,0.0,21.0,11.0,67.727845,42.0,8.0,-11.7509,0.0,107.0,46.05666600000001,781.89,900.0,1875.899018,0.0,572.914,0.0,0.0,86.139848,2245.591,0.0,140.09,-5.0,157.0,94.793275,-16.91,42.0,50.0,51.0,68.418145,-8.5650215,2,0.0,Low
0.0,0.0,0.0,6.0,0.0,0.0,0.0,0.0,0.0,0.0,0.0,0.0,0.0,0.0,0.0,0.0,6.0,0.0,0.0,0.0,0.0,0.0,0.0,0.0,0.0,0.0,5.0,5.0,22.0,51.0,64.401562,99.0,11.0,-31.1473,10.0,193.0,95.09040799999998,1696.02,1754.0,4636.901022,0.0,1049.4227,10.0,10.0,94.094397,4391.765,0.0,263.521815,0.0,303.0,175.933674,-20.02,99.0,110.0,102.0,125.122857,-8.662078,1,1.0,Medium
0.0,0.0,0.0,0.0,0.0,0.0,0.0,0.0,8.0,0.0,3.0,0.0,0.0,0.0,0.0,0.0,8.0,3.0,0.0,0.0,0.0,0.0,0.0,0.0,0.0,0.0,0.0,0.0,22.0,16.0,71.898538,39.0,16.0,-6.941500000000001,0.0,141.0,64.47223799999999,774.85,1132.0,2288.933304,0.0,757.5692,0.0,0.0,93.229796,2797.656,0.0,178.18,0.0,196.0,123.303026,-17.82,39.0,55.0,83.0,100.97696,-8.721723,1,1.0,Medium
4.0,0.0,0.0,0.0,0.0,0.0,0.0,0.0,0.0,0.0,0.0,0.0,0.0,0.0,0.0,8.0,2.0,8.0,0.0,0.0,0.0,0.0,0.0,0.0,0.0,0.0,0.0,0.0,22.0,12.0,60.061754,52.0,4.0,12.9526,0.0,142.0,62.406564,878.66,1176.0,2569.01699,0.0,781.8308,0.0,0.0,91.619856,2987.3500000000004,0.0,196.124716,2.0,202.0,128.920224,-16.700000000000003,52.0,60.0,70.0,102.321712,-8.578551,1,4.0,Medium
0.0,0.0,0.0,0.0,8.0,0.0,0.0,0.0,0.0,0.0,0.0,0.0,0.0,0.0,0.0,4.0,4.0,0.0,0.0,0.0,0.0,0.0,6.0,0.0,0.0,0.0,0.0,0.0,22.0,12.0,80.01829000000001,48.0,8.0,22.473,0.0,204.0,91.850374,750.3599999999999,1516.0,3511.39971,0.0,1041.7228,0.0,0.0,107.065172,3709.26,0.0,242.14,4.0,260.0,174.503004,-17.86,48.0,56.0,106.0,120.967068,-8.585609,0,5.0,High
0.0,0.0,0.0,0.0,0.0,0.0,0.0,4.0,0.0,0.0,0.0,0.0,0.0,0.0,0.0,4.0,11.0,2.0,0.0,0.0,0.0,0.0,0.0,0.0,0.0,0.0,0.0,0.0,21.0,8.0,68.233449,46.0,4.0,-12.2107,0.0,101.0,42.62848,803.11,864.0,1822.469571,0.0,535.376,0.0,0.0,79.709556,2163.349,0.0,134.09,-7.0,151.0,89.50113400000001,-16.910000000000004,46.0,50.0,47.0,63.136144,-8.453616,2,0.0,Low
0.0,3.0,0.0,0.0,0.0,0.0,2.0,0.0,0.0,0.0,0.0,0.0,0.0,0.0,0.0,5.0,11.0,0.0,0.0,0.0,0.0,0.0,0.0,0.0,0.0,0.0,0.0,0.0,21.0,13.0,59.02836799999999,44.0,8.0,-14.0569,0.0,99.0,42.711552,905.78,888.0,1860.080929,0.0,556.1538,0.0,0.0,80.543082,2273.748,0.0,145.998537,-6.0,154.0,92.278671,-16.12,44.0,55.0,47.0,70.626015,-8.553235,2,0.0,Low
4.0,0.0,0.0,0.0,0.0,0.0,0.0,0.0,0.0,0.0,0.0,0.0,0.0,0.0,0.0,4.0,2.0,0.0,0.0,0.0,0.0,0.0,0.0,0.0,12.0,0.0,0.0,0.0,22.0,8.0,55.788622,48.0,4.0,52.9522,0.0,234.0,109.09052,797.74,1704.0,3329.707314,0.0,1200.9476,0.0,0.0,201.44266,4213.838,0.0,284.284716,2.0,290.0,190.770244,-16.54,48.0,56.0,170.0,205.02188,-8.463069,0,5.0,High
5.0,0.0,0.0,0.0,0.0,0.0,0.0,0.0,0.0,0.0,6.0,0.0,0.0,0.0,0.0,5.0,5.0,0.0,0.0,0.0,0.0,0.0,0.0,0.0,0.0,0.0,0.0,0.0,21.0,10.0,51.197508,53.0,5.0,-1.5389000000000008,0.0,117.0,51.15639,916.18,1048.0,2148.018117,0.0,670.0885,0.0,0.0,94.51646,2704.15,0.0,177.750895,0.0,180.0,111.06140200000002,-15.779999999999998,53.0,63.0,65.0,98.699369,-8.545569,1,4.0,Medium
0.0,0.0,5.0,0.0,0.0,0.0,0.0,0.0,0.0,4.0,0.0,0.0,0.0,0.0,0.0,4.0,9.0,0.0,0.0,0.0,0.0,0.0,0.0,0.0,0.0,0.0,0.0,0.0,22.0,18.0,50.731177,47.0,14.0,-14.5616,4.0,126.0,57.223471,990.87,1110.0,2492.768062,0.0,714.113,4.0,4.0,96.149313,2859.4540000000006,0.0,180.789449,0.0,192.0,117.989313,-16.61,47.0,66.0,57.0,90.980954,-8.676773,1,3.0,Medium
0.0,0.0,4.0,0.0,0.0,0.0,0.0,0.0,0.0,3.0,0.0,0.0,0.0,0.0,0.0,7.0,7.0,0.0,0.0,0.0,0.0,0.0,0.0,0.0,0.0,0.0,0.0,0.0,21.0,18.0,52.42578,48.0,11.0,-10.8655,3.0,121.0,54.513524,953.49,1064.0,2387.540483,0.0,682.6819,3.0,3.0,89.664947,2727.844,0.0,172.594327,0.0,184.0,112.599479,-16.11,48.0,63.0,56.0,86.86458800000001,-8.690977,1,4.0,Medium
0.0,0.0,0.0,6.0,0.0,0.0,0.0,0.0,0.0,0.0,0.0,0.0,0.0,0.0,0.0,4.0,8.0,3.0,0.0,0.0,0.0,0.0,0.0,0.0,0.0,0.0,0.0,0.0,21.0,10.0,70.420165,46.0,6.0,-2.3298000000000005,0.0,132.0,58.483054,770.5,1062.0,2341.431941,0.0,691.2184000000001,0.0,0.0,85.45838599999999,2633.2560000000003,0.0,167.01,-2.0,184.0,115.39470799999998,-16.99,46.0,52.0,68.0,83.588203,-8.634688,1,3.0,Medium
0.0,0.0,0.0,0.0,0.0,0.0,0.0,5.0,0.0,0.0,0.0,0.0,0.0,0.0,0.0,3.0,9.0,4.0,0.0,0.0,0.0,0.0,0.0,0.0,0.0,0.0,0.0,0.0,21.0,8.0,68.249593,45.0,5.0,-7.481600000000001,0.0,112.0,48.063999,759.6600000000001,930.0,1968.384461,0.0,592.3049000000001,0.0,0.0,83.12130200000001,2319.686,0.0,145.09,-4.0,162.0,98.71921,-16.91,45.0,50.0,54.0,71.061597,-8.530901,2,0.0,Low
0.0,0.0,2.0,0.0,0.0,0.0,0.0,0.0,0.0,4.0,0.0,0.0,0.0,0.0,0.0,4.0,11.0,0.0,0.0,0.0,0.0,0.0,0.0,0.0,0.0,0.0,0.0,0.0,21.0,12.0,57.140787,48.0,8.0,-15.9145,4.0,111.0,49.200122,900.91,968.0,2195.3880790000003,0.0,602.1896,4.0,4.0,80.502006,2462.551,0.0,149.972566,-5.0,169.0,100.18564,-16.57,48.0,58.0,47.0,71.326882,-8.71217,2,0.0,Low
0.0,0.0,0.0,0.0,0.0,0.0,0.0,0.0,0.0,6.0,0.0,0.0,0.0,0.0,0.0,6.0,4.0,0.0,0.0,0.0,0.0,0.0,6.0,0.0,0.0,0.0,0.0,0.0,22.0,12.0,67.93907200000001,56.0,6.0,10.334600000000002,6.0,180.0,82.38845,837.3199999999999,1396.0,3293.522298,0.0,925.377,6.0,6.0,93.283938,3456.4620000000004,0.0,212.356966,2.0,242.0,152.579882,-18.1,56.0,62.0,88.0,110.866264,-8.765577,1,4.0,Medium
0.0,0.0,0.0,0.0,6.0,0.0,0.0,0.0,0.0,0.0,1.0,0.0,0.0,0.0,0.0,4.0,11.0,0.0,0.0,0.0,0.0,0.0,0.0,0.0,0.0,0.0,0.0,0.0,22.0,10.0,75.364114,49.0,6.0,-5.8662,0.0,136.0,58.959174,847.52,1102.0,2476.323854,0.0,707.5764,0.0,0.0,88.97380199999999,2732.3210000000004,0.0,173.18,-5.0,191.0,119.836242,-17.82,49.0,55.0,64.0,79.085069,-8.655919,2,0.0,Low
2.0,0.0,0.0,0.0,0.0,0.0,0.0,0.0,0.0,4.0,0.0,0.0,0.0,0.0,0.0,4.0,11.0,0.0,0.0,0.0,0.0,0.0,0.0,0.0,0.0,0.0,0.0,0.0,21.0,10.0,57.140787,50.0,6.0,-15.840700000000002,4.0,109.0,47.978614,895.31,956.0,2172.416001,0.0,588.8542,4.0,4.0,76.978564,2436.465,0.0,148.147002,-5.0,167.0,98.587924,-16.57,50.0,58.0,45.0,69.351872,-8.667318,2,0.0,Low
0.0,0.0,5.0,0.0,0.0,0.0,0.0,0.0,0.0,0.0,0.0,0.0,0.0,0.0,0.0,6.0,5.0,5.0,0.0,0.0,0.0,0.0,0.0,0.0,0.0,0.0,0.0,0.0,21.0,16.0,52.950664,43.0,10.0,3.390999999999999,0.0,126.0,55.820165,895.03,1072.0,2302.503015,0.0,713.7968,0.0,0.0,95.821515,2745.478,0.0,181.514805,0.0,184.0,116.882211,-15.579999999999998,43.0,58.0,63.0,95.129091,-8.683123,1,3.0,Medium
0.0,0.0,0.0,0.0,0.0,0.0,0.0,0.0,0.0,6.0,0.0,0.0,0.0,0.0,0.0,3.0,6.0,0.0,0.0,0.0,0.0,0.0,6.0,0.0,0.0,0.0,0.0,0.0,21.0,9.0,64.166535,51.0,6.0,7.885200000000001,6.0,168.0,76.748679,777.99,1296.0,3052.934964,0.0,857.2086,6.0,6.0,88.520298,3208.143,0.0,196.266966,0.0,225.0,141.626697,-17.189999999999998,51.0,57.0,81.0,101.641518,-8.773015,1,3.0,Medium
0.0,0.0,6.0,0.0,0.0,0.0,0.0,0.0,0.0,0.0,0.0,0.0,0.0,0.0,0.0,5.0,8.0,2.0,0.0,0.0,0.0,0.0,0.0,0.0,0.0,0.0,0.0,0.0,21.0,17.0,49.233623,41.0,12.0,-5.925000000000001,0.0,112.0,49.407455,946.73,996.0,2107.516264,0.0,651.9508,0.0,0.0,96.70417,2581.577,0.0,171.423766,-2.0,171.0,107.033797,-15.29,41.0,59.0,55.0,88.07571599999999,-8.651684,1,3.0,Medium
0.0,0.0,0.0,3.0,0.0,0.0,0.0,0.0,0.0,0.0,0.0,0.0,0.0,0.0,0.0,5.0,9.0,4.0,0.0,0.0,0.0,0.0,0.0,0.0,0.0,0.0,0.0,0.0,21.0,8.0,69.697427,47.0,3.0,-1.494900000000002,0.0,119.0,51.386462,791.24,972.0,2120.745328,0.0,621.9081000000001,0.0,0.0,80.27552800000001,2417.827,0.0,152.09,-6.0,169.0,103.469527,-16.91,47.0,50.0,58.0,74.248192,-8.543489,2,0.0,Low
11.0,0.0,2.0,0.0,0.0,0.0,0.0,0.0,0.0,4.0,0.0,0.0,0.0,0.0,0.0,4.0,0.0,0.0,0.0,0.0,0.0,0.0,0.0,0.0,0.0,0.0,0.0,0.0,21.0,23.0,21.887932,48.0,19.0,-6.5964,4.0,144.0,67.848477,1052.82,1320.0,2954.41911,0.0,883.4827,4.0,4.0,106.726534,3513.8540000000003,0.0,237.490535,17.0,224.0,147.141505,-13.82,48.0,80.0,69.0,126.950329,-8.748194,1,4.0,Medium
0.0,0.0,3.0,0.0,0.0,0.0,0.0,0.0,0.0,0.0,0.0,0.0,0.0,0.0,0.0,4.0,8.0,7.0,0.0,0.0,0.0,0.0,0.0,0.0,0.0,0.0,0.0,0.0,22.0,10.0,62.401919,45.0,6.0,4.308499999999999,0.0,125.0,54.094977,861.4800000000001,1036.0,2216.9345,0.0,680.1656,0.0,0.0,91.534373,2623.411,0.0,170.066883,-5.0,179.0,111.867805,-16.79,45.0,54.0,60.0,86.446651,-8.576069,2,0.0,Low
0.0,0.0,0.0,0.0,0.0,0.0,6.0,0.0,0.0,0.0,0.0,0.0,0.0,0.0,0.0,0.0,6.0,0.0,0.0,0.0,0.0,0.0,6.0,0.0,0.0,0.0,6.0,0.0,24.0,30.0,76.255524,84.0,6.0,-1.1586,6.0,216.0,102.251958,1337.1,1776.0,4346.922839999999,0.0,1127.0574,6.0,6.0,108.825102,4403.357999999999,0.0,273.67629,0.0,306.0,187.82309400000003,-20.64,84.0,90.0,120.0,141.88444800000002,-8.622616,1,2.0,Medium
0.0,0.0,0.0,0.0,0.0,0.0,6.0,0.0,0.0,0.0,0.0,0.0,0.0,0.0,0.0,5.0,9.0,2.0,0.0,0.0,0.0,0.0,0.0,0.0,0.0,0.0,0.0,0.0,22.0,11.0,72.854232,49.0,6.0,-7.555900000000001,0.0,127.0,56.257567,830.86,1048.0,2193.799861,0.0,670.8982,0.0,0.0,85.21417000000001,2608.0940000000005,0.0,164.18,-3.0,182.0,111.199875,-17.82,49.0,55.0,68.0,85.327864,-8.613505,1,3.0,Medium
0.0,0.0,3.0,0.0,0.0,0.0,0.0,0.0,0.0,3.0,0.0,0.0,0.0,0.0,0.0,0.0,4.0,12.0,0.0,0.0,0.0,0.0,0.0,0.0,0.0,0.0,0.0,0.0,22.0,9.0,58.80265,44.0,9.0,14.818699999999998,3.0,159.0,71.56085,766.25,1246.0,2787.729723,0.0,847.7864999999999,3.0,3.0,96.084954,3130.383,0.0,200.215366,2.0,215.0,139.171961,-16.87,44.0,56.0,76.0,106.48702,-8.689255,0,6.0,High
2.0,0.0,0.0,0.0,0.0,0.0,0.0,0.0,0.0,0.0,0.0,0.0,0.0,0.0,0.0,4.0,2.0,13.0,0.0,0.0,0.0,0.0,0.0,0.0,0.0,0.0,0.0,0.0,21.0,6.0,63.047903000000005,46.0,2.0,22.5508,0.0,146.0,63.87671,716.1600000000001,1138.0,2485.395427,0.0,772.2484,0.0,0.0,86.14563000000001,2844.512,0.0,185.162358,0.0,196.0,126.865382,-16.25,46.0,50.0,72.0,97.965567,-8.374902,1,4.0,Medium
0.0,0.0,0.0,0.0,0.0,0.0,0.0,6.0,0.0,0.0,0.0,0.0,0.0,0.0,0.0,2.0,8.0,0.0,0.0,0.0,0.0,0.0,5.0,0.0,0.0,0.0,0.0,0.0,21.0,8.0,70.169023,44.0,6.0,1.3454999999999977,0.0,138.0,60.756361,730.04,1086.0,2330.700823,0.0,715.7468,0.0,0.0,93.92861,2685.42,0.0,171.09,-2.0,188.0,118.851136,-16.91,44.0,50.0,73.0,88.31323599999999,-8.634603,1,3.0,Medium
0.0,0.0,5.0,0.0,0.0,0.0,4.0,0.0,0.0,0.0,0.0,0.0,0.0,0.0,0.0,5.0,8.0,0.0,0.0,0.0,0.0,0.0,0.0,0.0,0.0,0.0,0.0,0.0,22.0,19.0,56.219221,44.0,14.0,-10.9079,0.0,125.0,56.45594,960.35,1094.0,2282.531287,0.0,715.4158,0.0,0.0,100.721321,2806.502,0.0,184.604805,1.0,188.0,117.792946,-16.49,44.0,63.0,67.0,97.863658,-8.6948,1,1.0,Medium
6.0,4.0,0.0,0.0,0.0,0.0,0.0,0.0,0.0,0.0,0.0,0.0,0.0,0.0,0.0,2.0,10.0,0.0,0.0,0.0,0.0,0.0,0.0,0.0,0.0,0.0,0.0,0.0,22.0,16.0,38.836148,42.0,14.0,-14.595,0.0,102.0,44.732916,1044.96,984.0,2043.23903,0.0,633.7214,0.0,0.0,95.49624,2633.1800000000003,0.0,180.10179,0.0,168.0,105.843296,-14.96,42.0,66.0,46.0,89.175822,-8.5781355,1,3.0,Medium
0.0,0.0,0.0,3.0,0.0,0.0,2.0,0.0,0.0,0.0,0.0,0.0,0.0,0.0,0.0,12.0,5.0,0.0,0.0,0.0,0.0,0.0,0.0,0.0,0.0,0.0,0.0,0.0,22.0,17.0,74.191942,56.0,5.0,-4.8407,0.0,135.0,59.989815,912.71,1132.0,2493.442176,0.0,724.5151000000001,0.0,0.0,86.84191399999999,2820.312,0.0,177.94,0.0,196.0,120.039994,-18.06,56.0,61.0,71.0,90.36938,-8.663109,1,4.0,Medium
0.0,0.0,3.0,0.0,0.0,0.0,0.0,0.0,0.0,2.0,0.0,0.0,0.0,0.0,0.0,5.0,11.0,0.0,0.0,0.0,0.0,0.0,0.0,0.0,0.0,0.0,0.0,0.0,21.0,13.0,56.37896799999999,46.0,8.0,-14.125600000000002,2.0,104.0,45.351084,924.24,926.0,2030.436422,0.0,578.1808000000001,2.0,2.0,83.801181,2371.849,0.0,148.809205,-6.0,161.0,95.890214,-16.200000000000003,46.0,57.0,46.0,71.431048,-8.640545,2,0.0,Low
6.0,0.0,0.0,0.0,0.0,0.0,0.0,0.0,0.0,0.0,0.0,0.0,0.0,0.0,0.0,0.0,6.0,0.0,0.0,0.0,0.0,0.0,5.0,0.0,0.0,0.0,5.0,0.0,22.0,26.0,49.737905000000005,74.0,6.0,-1.6283000000000012,5.0,174.0,81.274394,1324.3200000000002,1518.0,3720.526637,0.0,958.7366,5.0,5.0,102.933028,3879.048,0.0,249.42064900000003,0.0,260.0,160.691308,-17.08,74.0,86.0,89.0,124.957059,-8.695501,1,3.0,Medium
0.0,0.0,0.0,0.0,0.0,0.0,0.0,4.0,0.0,4.0,0.0,0.0,0.0,0.0,0.0,0.0,9.0,0.0,0.0,0.0,0.0,0.0,0.0,0.0,0.0,0.0,4.0,0.0,21.0,24.0,59.483065,70.0,8.0,-26.4869,8.0,143.0,67.204756,1146.73,1268.0,3193.365379,0.0,762.7624000000001,8.0,8.0,82.63499600000002,3186.4390000000003,0.0,187.485504,-1.0,221.0,128.715326,-18.03,70.0,78.0,65.0,87.466902,-8.746441,1,2.0,Medium
2.0,0.0,0.0,0.0,0.0,0.0,0.0,0.0,0.0,4.0,0.0,0.0,0.0,0.0,4.0,11.0,0.0,0.0,0.0,0.0,0.0,0.0,0.0,0.0,0.0,0.0,0.0,0.0,21.0,25.0,59.658223,57.0,10.0,-3.0620000000000003,4.0,146.0,66.758769,976.91,1244.0,2941.83436,0.0,809.6398,4.0,4.0,84.120788,3138.6050000000005,0.0,195.707002,6.0,215.0,133.060751,-17.009999999999998,57.0,69.0,67.0,97.483404,-8.797806,1,4.0,Medium
0.0,0.0,0.0,0.0,0.0,0.0,6.0,0.0,0.0,0.0,1.0,0.0,0.0,0.0,0.0,5.0,12.0,0.0,0.0,0.0,0.0,0.0,0.0,0.0,0.0,0.0,0.0,0.0,24.0,11.0,78.87758199999999,54.0,6.0,-13.8485,0.0,127.0,55.648685,934.18,1074.0,2216.520355,0.0,672.7972,0.0,0.0,91.903484,2681.0330000000004,0.0,167.56,-6.0,187.0,111.843411,-19.44,54.0,60.0,68.0,86.12191100000001,-8.622621,2,0.0,Low
3.0,0.0,0.0,0.0,0.0,0.0,0.0,0.0,0.0,0.0,0.0,0.0,0.0,0.0,0.0,5.0,3.0,0.0,0.0,0.0,0.0,0.0,0.0,0.0,10.0,0.0,0.0,0.0,21.0,8.0,56.42034,47.0,3.0,42.9301,0.0,207.0,95.810012,777.86,1524.0,3003.454191,0.0,1062.2343,0.0,0.0,176.49733399999997,3767.634,0.0,252.078537,0.0,260.0,169.128304,-16.04,47.0,53.0,147.0,177.50297700000002,-8.495906,1,4.0,Medium
0.0,5.0,0.0,0.0,0.0,0.0,5.0,0.0,0.0,0.0,2.0,0.0,0.0,0.0,0.0,0.0,10.0,0.0,0.0,0.0,0.0,0.0,0.0,0.0,0.0,0.0,0.0,0.0,22.0,15.0,55.12896599999999,41.0,15.0,-14.3593,0.0,119.0,53.63302,909.76,1046.0,2109.872654,0.0,681.8105,0.0,0.0,95.218025,2688.35,0.0,177.120895,0.0,180.0,112.724589,-16.41,41.0,61.0,65.0,94.96179800000002,-8.625172,1,3.0,Medium
0.0,0.0,0.0,0.0,0.0,0.0,0.0,5.0,0.0,0.0,0.0,0.0,0.0,0.0,0.0,5.0,5.0,6.0,0.0,0.0,0.0,0.0,0.0,0.0,0.0,0.0,0.0,0.0,21.0,10.0,68.843409,47.0,5.0,0.8368000000000002,0.0,128.0,55.891889,744.8,1038.0,2234.112171,0.0,678.5685,0.0,0.0,85.987218,2580.148,0.0,163.01,0.0,180.0,112.375304,-16.990000000000002,47.0,52.0,64.0,83.216955,-8.589355,1,4.0,Medium
6.0,0.0,0.0,0.0,0.0,0.0,0.0,0.0,0.0,0.0,0.0,0.0,0.0,0.0,0.0,0.0,5.0,0.0,0.0,0.0,0.0,0.0,8.0,0.0,0.0,0.0,2.0,0.0,21.0,14.0,50.515609000000005,54.0,6.0,15.649099999999995,2.0,171.0,78.10153199999999,986.05,1388.0,3191.8484150000004,0.0,924.293,2.0,2.0,104.38102,3526.059,0.0,233.77250400000003,1.0,237.0,153.58874,-15.570000000000002,54.0,66.0,91.0,123.212462,-8.711361,1,4.0,Medium
0.0,0.0,0.0,0.0,0.0,0.0,4.0,0.0,0.0,4.0,0.0,0.0,0.0,0.0,0.0,4.0,10.0,0.0,0.0,0.0,0.0,0.0,0.0,0.0,0.0,0.0,0.0,0.0,22.0,12.0,67.54651799999999,52.0,8.0,-15.7406,4.0,130.0,58.747372,870.26,1088.0,2432.525998,0.0,684.3688,4.0,4.0,82.203544,2721.146,0.0,164.284644,-2.0,190.0,113.965156,-18.02,52.0,60.0,62.0,82.09052,-8.722019,1,3.0,Medium
0.0,0.0,0.0,0.0,0.0,0.0,4.0,0.0,0.0,0.0,4.0,0.0,0.0,0.0,0.0,0.0,10.0,3.0,0.0,0.0,0.0,0.0,0.0,0.0,0.0,0.0,0.0,0.0,21.0,4.0,67.73148499999999,46.0,4.0,-3.490000000000002,0.0,118.0,51.412436,745.28,966.0,1944.323109,0.0,616.9498,0.0,0.0,85.33619000000002,2402.8160000000003,0.0,151.09,-6.0,168.0,102.183924,-16.91,46.0,50.0,66.0,82.89583099999999,-8.551652,2,0.0,Low
0.0,0.0,4.0,0.0,0.0,0.0,0.0,0.0,0.0,4.0,0.0,0.0,0.0,0.0,0.0,4.0,11.0,0.0,0.0,0.0,0.0,0.0,0.0,0.0,0.0,0.0,0.0,0.0,23.0,16.0,57.140787,50.0,12.0,-16.4495,4.0,125.0,56.022584,1014.39,1100.0,2468.192605,0.0,697.0772000000001,4.0,4.0,95.213544,2821.893,0.0,176.130488,-3.0,191.0,115.52269400000002,-17.650000000000002,50.0,66.0,55.0,86.45829799999998,-8.68479,1,2.0,Medium
0.0,0.0,6.0,2.0,0.0,0.0,0.0,0.0,0.0,0.0,0.0,0.0,0.0,0.0,0.0,4.0,9.0,0.0,0.0,0.0,0.0,0.0,0.0,0.0,0.0,0.0,0.0,0.0,21.0,18.0,49.508815,40.0,14.0,-10.8515,0.0,113.0,50.431456,949.21,1008.0,2139.046843,0.0,658.3034,0.0,0.0,98.766678,2610.643,0.0,173.38376599999998,-1.0,173.0,108.663932,-15.330000000000002,40.0,60.0,57.0,88.766558,-8.658431,1,2.0,Medium
4.0,0.0,0.0,0.0,0.0,0.0,0.0,0.0,0.0,0.0,0.0,0.0,0.0,0.0,0.0,1.0,4.0,0.0,0.0,0.0,0.0,0.0,12.0,0.0,0.0,0.0,0.0,0.0,21.0,5.0,60.789177,43.0,4.0,34.730000000000004,0.0,186.0,83.51252099999999,738.41,1388.0,3057.9189,0.0,965.7272,0.0,0.0,108.390544,3460.547,0.0,232.19471600000003,0.0,237.0,158.90537899999998,-15.63,43.0,51.0,103.0,127.672462,-8.446314,1,2.0,Medium
0.0,4.0,0.0,0.0,0.0,0.0,3.0,0.0,0.0,0.0,0.0,0.0,0.0,0.0,0.0,4.0,11.0,0.0,0.0,0.0,0.0,0.0,0.0,0.0,0.0,0.0,0.0,0.0,22.0,15.0,59.036953,44.0,11.0,-15.1722,0.0,108.0,47.374799,946.73,966.0,2008.989735,0.0,614.1895000000001,0.0,0.0,87.315019,2481.497,0.0,161.164716,-4.0,167.0,101.784441,-16.660000000000004,44.0,59.0,53.0,79.969097,-8.573796,1,1.0,Medium
0.0,0.0,5.0,0.0,0.0,0.0,0.0,0.0,0.0,0.0,5.0,0.0,0.0,0.0,0.0,0.0,8.0,0.0,0.0,0.0,0.0,0.0,0.0,0.0,0.0,0.0,4.0,0.0,22.0,26.0,50.356429000000006,68.0,10.0,-14.5098,4.0,142.0,65.866041,1285.11,1308.0,3045.80887,0.0,809.0648,4.0,4.0,105.944363,3356.781,0.0,213.015665,-3.0,225.0,134.350981,-17.29,68.0,83.0,77.0,112.154931,-8.694157,1,1.0,Medium
0.0,0.0,0.0,0.0,0.0,0.0,0.0,5.0,0.0,0.0,0.0,0.0,0.0,0.0,0.0,0.0,6.0,0.0,0.0,0.0,0.0,0.0,6.0,0.0,0.0,0.0,5.0,0.0,22.0,25.0,69.42688899999999,74.0,5.0,-2.6221,5.0,185.0,86.147967,1180.68,1530.0,3759.662614,0.0,967.3275,5.0,5.0,101.703296,3798.556,0.0,235.48357500000003,-1.0,264.0,161.68561699999998,-18.78,74.0,79.0,98.0,118.060736,-8.780725,1,1.0,Medium
5.0,0.0,0.0,0.0,0.0,0.0,0.0,0.0,0.0,2.0,0.0,0.0,0.0,0.0,0.0,6.0,9.0,0.0,0.0,0.0,0.0,0.0,0.0,0.0,0.0,0.0,0.0,0.0,22.0,13.0,53.363407,52.0,7.0,-12.2227,2.0,113.0,49.526137,989.99,1024.0,2251.455327,0.0,642.1807,2.0,2.0,87.011994,2654.009,0.0,170.15321699999998,-2.0,177.0,107.416101,-16.53,52.0,64.0,50.0,82.671153,-8.589771,1,3.0,Medium
0.0,0.0,3.0,0.0,0.0,0.0,0.0,0.0,0.0,4.0,0.0,0.0,0.0,0.0,0.0,3.0,11.0,0.0,0.0,0.0,0.0,0.0,0.0,0.0,0.0,0.0,0.0,0.0,21.0,13.0,53.74673799999999,46.0,10.0,-16.28,4.0,112.0,49.994648,911.12,982.0,2214.3189620000003,0.0,616.7746000000001,4.0,4.0,84.129895,2512.079,0.0,154.881527,-4.0,171.0,102.469136,-16.28,46.0,59.0,48.0,74.80332399999999,-8.706366,2,0.0,Low
0.0,0.0,0.0,0.0,0.0,0.0,6.0,0.0,0.0,1.0,0.0,0.0,0.0,0.0,0.0,3.0,12.0,0.0,0.0,0.0,0.0,0.0,0.0,0.0,0.0,0.0,0.0,0.0,22.0,10.0,71.133545,48.0,7.0,-15.7758,1.0,118.0,52.262992,845.5600000000001,992.0,2081.571398,0.0,621.5863,1.0,1.0,83.030491,2476.835,0.0,153.25616099999996,-5.0,173.0,103.617319,-17.82,48.0,55.0,61.0,77.426384,-8.645947,2,0.0,Low
0.0,0.0,0.0,0.0,6.0,0.0,0.0,0.0,0.0,0.0,0.0,0.0,0.0,0.0,0.0,4.0,5.0,7.0,0.0,0.0,0.0,0.0,0.0,0.0,0.0,0.0,0.0,0.0,22.0,10.0,76.28869399999999,48.0,6.0,13.1885,0.0,167.0,73.79046,755.3100000000001,1282.0,2921.959556,0.0,863.4703999999999,0.0,0.0,93.279878,3157.2070000000003,0.0,203.22,1.0,221.0,144.614464,-17.78,48.0,54.0,81.0,98.883769,-8.576183,1,4.0,Medium
6.0,0.0,0.0,0.0,0.0,0.0,0.0,0.0,6.0,0.0,0.0,0.0,0.0,0.0,0.0,4.0,6.0,0.0,0.0,0.0,0.0,0.0,0.0,0.0,0.0,0.0,0.0,0.0,22.0,22.0,53.22083000000001,42.0,18.0,-12.178,0.0,132.0,60.77756399999999,951.78,1156.0,2403.647054,0.0,768.0262,0.0,0.0,97.170422,2974.254,0.0,197.957074,6.0,198.0,126.490654,-16.28,42.0,66.0,72.0,106.080308,-8.730602,1,1.0,Medium
0.0,0.0,3.0,0.0,4.0,0.0,0.0,0.0,0.0,0.0,0.0,0.0,0.0,0.0,0.0,4.0,10.0,0.0,0.0,0.0,0.0,0.0,0.0,0.0,0.0,0.0,0.0,0.0,21.0,14.0,61.291706,43.0,10.0,-7.9579,0.0,123.0,53.915361,880.6,1038.0,2292.8743750000003,0.0,673.3054,0.0,0.0,91.374035,2627.451,0.0,170.696883,-3.0,179.0,112.925313,-16.16,43.0,56.0,58.0,80.73532800000001,-8.699551,1,3.0,Medium
0.0,0.0,5.0,0.0,0.0,0.0,3.0,0.0,0.0,0.0,0.0,0.0,0.0,0.0,0.0,5.0,8.0,0.0,0.0,0.0,0.0,0.0,0.0,0.0,0.0,0.0,0.0,0.0,21.0,18.0,52.816587,42.0,13.0,-10.5482,0.0,116.0,52.087219000000005,929.61,1024.0,2141.067325,0.0,667.3480999999999,0.0,0.0,95.815552,2634.254,0.0,173.43480499999998,0.0,176.0,109.863565,-15.66,42.0,60.0,61.0,91.009513,-8.667934,1,3.0,Medium
0.0,0.0,3.0,0.0,0.0,5.0,0.0,0.0,0.0,0.0,0.0,0.0,0.0,0.0,0.0,5.0,8.0,0.0,0.0,0.0,0.0,0.0,0.0,0.0,0.0,0.0,0.0,0.0,21.0,16.0,59.594775,44.0,11.0,-12.6831,0.0,115.0,50.428744,877.6099999999999,1002.0,2204.726153,0.0,645.5109,0.0,0.0,94.417732,2549.273,0.0,164.616883,0.0,173.0,107.927453,-16.24,44.0,58.0,55.0,79.84450700000001,-8.643855,1,3.0,Medium
4.0,0.0,0.0,0.0,0.0,0.0,0.0,0.0,0.0,12.0,0.0,0.0,0.0,0.0,0.0,4.0,4.0,0.0,0.0,0.0,0.0,0.0,0.0,0.0,0.0,0.0,0.0,0.0,24.0,20.0,51.330624,64.0,16.0,-16.5916,12.0,180.0,85.35126,1042.04,1520.0,3706.155828,0.0,981.224,12.0,12.0,96.834556,3874.400000000001,0.0,232.658648,12.0,264.0,163.51652,-19.08,64.0,84.0,76.0,118.060828,-8.8058605,1,3.0,Medium
0.0,0.0,0.0,0.0,0.0,0.0,5.0,0.0,0.0,0.0,4.0,0.0,0.0,0.0,0.0,4.0,8.0,0.0,0.0,0.0,0.0,0.0,0.0,0.0,0.0,0.0,0.0,0.0,21.0,9.0,68.363298,50.0,5.0,-7.019700000000001,0.0,121.0,53.514881,802.98,1014.0,2062.187942,0.0,644.0017,0.0,0.0,86.35824500000001,2526.932,0.0,158.89,-3.0,176.0,106.516749,-17.11,50.0,55.0,70.0,87.96959299999999,-8.578201,1,3.0,Medium
0.0,0.0,4.0,0.0,0.0,0.0,0.0,0.0,0.0,0.0,0.0,0.0,0.0,0.0,4.0,10.0,0.0,4.0,0.0,0.0,0.0,0.0,0.0,0.0,0.0,0.0,0.0,0.0,22.0,26.0,61.202314,50.0,12.0,7.771199999999999,0.0,148.0,66.462422,994.78,1248.0,2791.366108,0.0,839.1052,0.0,0.0,99.559252,3161.65,0.0,207.53584400000005,4.0,214.0,136.49221799999998,-16.939999999999998,50.0,66.0,74.0,107.524808,-8.786478,0,5.0,High
0.0,0.0,8.0,0.0,0.0,0.0,0.0,0.0,0.0,0.0,0.0,0.0,0.0,0.0,0.0,4.0,8.0,0.0,0.0,0.0,0.0,0.0,2.0,0.0,0.0,0.0,0.0,0.0,22.0,20.0,46.643954,40.0,16.0,-3.725400000000002,0.0,128.0,57.476914,1013.68,1124.0,2377.93235,0.0,750.7756,0.0,0.0,111.012084,2922.992,0.0,197.41168800000003,0.0,192.0,122.968948,-15.54,40.0,64.0,66.0,104.252316,-8.726561,1,4.0,Medium
3.0,0.0,0.0,0.0,0.0,0.0,2.0,0.0,0.0,0.0,0.0,0.0,0.0,0.0,0.0,0.0,5.0,11.0,0.0,0.0,0.0,0.0,0.0,0.0,0.0,0.0,0.0,0.0,21.0,5.0,59.266452,42.0,5.0,14.164099999999998,0.0,139.0,61.248157,713.25,1098.0,2336.655702,0.0,741.9747,0.0,0.0,88.01954,2763.833,0.0,181.198537,0.0,189.0,122.566703,-15.920000000000002,42.0,50.0,70.0,96.396644,-8.496366,1,3.0,Medium
0.0,0.0,0.0,0.0,0.0,0.0,4.0,0.0,0.0,0.0,0.0,0.0,0.0,0.0,0.0,4.0,9.0,4.0,0.0,0.0,0.0,0.0,0.0,0.0,0.0,0.0,0.0,0.0,21.0,8.0,69.279853,46.0,4.0,-3.1229000000000022,0.0,119.0,51.918588,775.45,972.0,2047.839119,0.0,623.2660000000001,0.0,0.0,79.924908,2417.851,0.0,152.09,-5.0,169.0,103.24593,-16.91,46.0,50.0,61.0,77.593238,-8.551194,2,0.0,Low
4.0,0.0,0.0,0.0,0.0,0.0,0.0,0.0,0.0,0.0,0.0,0.0,0.0,0.0,0.0,0.0,8.0,0.0,0.0,0.0,0.0,0.0,6.0,0.0,0.0,0.0,4.0,0.0,22.0,20.0,57.475018000000006,68.0,4.0,2.077400000000001,4.0,168.0,77.194554,1197.32,1420.0,3424.932722,0.0,901.1792,4.0,4.0,99.717596,3593.924,0.0,229.695576,-4.0,244.0,150.65334,-17.34,68.0,76.0,86.0,114.769348,-8.742253,1,1.0,Medium
8.0,0.0,0.0,0.0,0.0,0.0,0.0,0.0,0.0,0.0,2.0,0.0,0.0,0.0,0.0,4.0,8.0,0.0,0.0,0.0,0.0,0.0,0.0,0.0,0.0,0.0,0.0,0.0,22.0,12.0,45.282382,50.0,8.0,-8.570200000000002,0.0,110.0,47.893552,1009.74,1028.0,2135.36023,0.0,654.5740000000001,0.0,0.0,95.962844,2710.376,0.0,182.029432,0.0,176.0,109.566152,-15.62,50.0,66.0,54.0,93.739694,-8.542651,1,4.0,Medium
0.0,0.0,9.0,0.0,0.0,0.0,0.0,0.0,0.0,0.0,1.0,0.0,0.0,0.0,0.0,4.0,9.0,0.0,0.0,0.0,0.0,0.0,0.0,0.0,0.0,0.0,0.0,0.0,23.0,22.0,45.453314,42.0,18.0,-10.962700000000002,0.0,121.0,54.205217,1093.48,1112.0,2310.145361,0.0,732.9144000000001,0.0,0.0,115.312911,2921.276,0.0,197.450649,0.0,190.0,120.095975,-16.12,42.0,69.0,62.0,104.434569,-8.674747,1,1.0,Medium
0.0,0.0,3.0,0.0,0.0,0.0,0.0,0.0,0.0,0.0,0.0,0.0,0.0,0.0,0.0,4.0,10.0,0.0,0.0,5.0,0.0,0.0,0.0,0.0,0.0,0.0,0.0,0.0,22.0,10.0,63.861371,45.0,6.0,-3.6170000000000018,0.0,110.0,46.263253,889.1400000000001,946.0,2062.615544,0.0,606.0166,0.0,0.0,87.90275199999999,2410.99,0.0,155.06688300000002,-7.0,164.0,101.060015,-16.79,45.0,54.0,44.0,70.659078,-8.563048,2,0.0,Low
0.0,0.0,3.0,0.0,0.0,0.0,4.0,0.0,0.0,0.0,0.0,0.0,0.0,0.0,0.0,7.0,8.0,0.0,0.0,0.0,0.0,0.0,0.0,0.0,0.0,0.0,0.0,0.0,22.0,17.0,63.007319,48.0,10.0,-10.1769,0.0,123.0,54.866888,939.93,1066.0,2244.6695210000003,0.0,686.2458000000001,0.0,0.0,93.465543,2707.446,0.0,174.786883,-1.0,184.0,113.225954,-17.07,48.0,61.0,65.0,90.910774,-8.658395,1,3.0,Medium
0.0,0.0,0.0,6.0,0.0,0.0,0.0,0.0,0.0,0.0,0.0,0.0,0.0,0.0,0.0,6.0,5.0,0.0,0.0,0.0,0.0,0.0,5.0,0.0,0.0,0.0,0.0,0.0,22.0,12.0,76.229736,50.0,6.0,11.992399999999998,0.0,171.0,77.07537099999999,795.77,1318.0,2950.780404,0.0,884.6759999999999,0.0,0.0,99.844942,3245.313,0.0,209.14,1.0,227.0,146.609576,-17.86,50.0,56.0,94.0,110.101212,-8.63209,1,3.0,Medium
5.0,0.0,0.0,0.0,0.0,0.0,0.0,0.0,0.0,4.0,0.0,0.0,0.0,0.0,0.0,0.0,5.0,7.0,0.0,0.0,0.0,0.0,0.0,0.0,0.0,0.0,0.0,0.0,21.0,9.0,47.523044,46.0,9.0,2.882299999999999,4.0,141.0,63.835281,814.33,1166.0,2632.3337020000004,0.0,773.2902999999999,4.0,4.0,88.464734,2984.833,0.0,191.175539,4.0,201.0,128.565551,-15.66,46.0,60.0,64.0,98.820516,-8.740645,0,5.0,High
0.0,0.0,0.0,0.0,5.0,0.0,0.0,0.0,0.0,0.0,0.0,0.0,0.0,0.0,0.0,4.0,5.0,7.0,0.0,0.0,0.0,0.0,0.0,0.0,0.0,0.0,0.0,0.0,21.0,9.0,72.37182899999999,46.0,5.0,12.3811,0.0,155.0,68.249678,724.57,1194.0,2708.297547,0.0,801.5957000000001,0.0,0.0,87.706076,2942.878,0.0,189.05,0.0,206.0,134.021947,-16.95,46.0,51.0,75.0,92.267299,-8.569303,1,4.0,Medium
0.0,0.0,0.0,0.0,0.0,0.0,5.0,0.0,0.0,0.0,0.0,0.0,0.0,0.0,4.0,0.0,5.0,7.0,0.0,0.0,0.0,0.0,0.0,0.0,0.0,0.0,0.0,0.0,21.0,13.0,70.236426,42.0,9.0,6.3916,0.0,144.0,64.542665,735.77,1128.0,2439.587924,0.0,759.1434999999999,0.0,0.0,85.811455,2784.645,0.0,178.05,0.0,195.0,124.554247,-16.95,42.0,51.0,75.0,93.342066,-8.641963,1,3.0,Medium
0.0,0.0,0.0,0.0,0.0,0.0,5.0,0.0,0.0,0.0,0.0,0.0,0.0,0.0,0.0,0.0,8.0,0.0,0.0,0.0,0.0,0.0,4.0,0.0,0.0,0.0,4.0,0.0,21.0,21.0,67.05887,66.0,5.0,-5.442900000000002,4.0,165.0,76.957381,1082.66,1366.0,3263.066134,0.0,860.2553,4.0,4.0,90.295837,3392.04,0.0,210.46086000000005,-3.0,236.0,143.548593,-17.75,66.0,71.0,90.0,107.529881,-8.78459,1,2.0,Medium
0.0,0.0,2.0,0.0,0.0,0.0,0.0,0.0,0.0,4.0,0.0,0.0,0.0,0.0,0.0,5.0,11.0,0.0,0.0,0.0,0.0,0.0,0.0,0.0,0.0,0.0,0.0,0.0,22.0,13.0,60.534836,51.0,8.0,-15.8165,4.0,117.0,51.816827,947.44,1020.0,2312.859459,0.0,635.0484,4.0,4.0,84.229886,2592.694,0.0,158.142566,-5.0,178.0,105.570671,-17.400000000000002,51.0,61.0,50.0,75.416148,-8.715861,2,0.0,Low
0.0,0.0,4.0,0.0,0.0,0.0,0.0,0.0,0.0,0.0,0.0,0.0,0.0,0.0,0.0,4.0,9.0,0.0,4.0,0.0,0.0,0.0,0.0,0.0,0.0,0.0,0.0,0.0,21.0,12.0,54.681453,42.0,8.0,-4.314500000000002,0.0,107.0,46.462108,879.45,932.0,1907.072291,0.0,602.3024,0.0,0.0,93.524196,2391.435,0.0,155.725844,-5.0,161.0,98.511914,-15.75,42.0,54.0,53.0,81.708414,-8.574942,1,1.0,Medium
0.0,0.0,0.0,0.0,0.0,0.0,6.0,0.0,0.0,0.0,4.0,0.0,0.0,0.0,0.0,0.0,9.0,3.0,0.0,0.0,0.0,0.0,0.0,0.0,0.0,0.0,0.0,0.0,22.0,6.0,71.33194800000001,48.0,6.0,-3.1317000000000004,0.0,133.0,59.044706000000005,766.63,1078.0,2171.33763,0.0,697.8812,0.0,0.0,91.937728,2676.257,0.0,169.21999999999997,-3.0,187.0,115.441732,-17.78,48.0,54.0,77.0,95.082595,-8.592731,1,3.0,Medium
0.0,0.0,4.0,0.0,0.0,4.0,0.0,0.0,0.0,0.0,6.0,0.0,0.0,0.0,0.0,0.0,8.0,0.0,0.0,0.0,0.0,0.0,0.0,0.0,0.0,0.0,0.0,0.0,22.0,12.0,57.43055,46.0,12.0,-8.1782,0.0,126.0,55.64704,884.1400000000001,1092.0,2258.11355,0.0,711.104,0.0,0.0,109.384716,2785.028,0.0,181.695844,0.0,188.0,118.01614,-16.78,46.0,62.0,70.0,99.81251,-8.663624,0,5.0,High
0.0,0.0,3.0,0.0,0.0,0.0,0.0,0.0,0.0,4.0,0.0,0.0,0.0,0.0,0.0,5.0,12.0,0.0,0.0,0.0,0.0,0.0,0.0,0.0,0.0,0.0,0.0,0.0,24.0,15.0,63.73964099999999,54.0,10.0,-17.1617,4.0,127.0,56.33323,1044.31,1114.0,2505.175125,0.0,697.6962,4.0,4.0,94.795655,2843.42,0.0,175.43152700000002,-5.0,194.0,115.840152,-18.73,54.0,67.0,55.0,84.503382,-8.698929,2,0.0,Low
0.0,0.0,0.0,0.0,0.0,0.0,6.0,0.0,0.0,0.0,0.0,0.0,0.0,0.0,4.0,8.0,0.0,3.0,0.0,0.0,0.0,0.0,0.0,0.0,0.0,0.0,0.0,0.0,21.0,22.0,71.517551,50.0,10.0,4.5812,0.0,154.0,70.28882999999999,832.9,1242.0,2732.378787,0.0,831.3376000000001,0.0,0.0,87.98995200000002,3073.9700000000003,0.0,196.69,6.0,214.0,135.97941,-17.31,50.0,60.0,84.0,105.176849,-8.764332,1,3.0,Medium
0.0,0.0,0.0,0.0,0.0,0.0,0.0,5.0,0.0,0.0,5.0,0.0,0.0,0.0,0.0,0.0,5.0,0.0,0.0,0.0,0.0,0.0,0.0,0.0,0.0,0.0,6.0,0.0,21.0,29.0,61.490651,83.0,5.0,-19.7943,6.0,157.0,73.9887,1286.08,1416.0,3484.627964,0.0,851.3867,6.0,6.0,94.551952,3550.799,0.0,214.88629,0.0,245.0,143.055371,-18.43,83.0,88.0,86.0,110.082112,-8.69651,1,2.0,Medium
0.0,0.0,3.0,0.0,0.0,0.0,0.0,0.0,0.0,2.0,0.0,0.0,0.0,0.0,0.0,12.0,5.0,0.0,0.0,0.0,0.0,0.0,0.0,0.0,0.0,0.0,0.0,0.0,22.0,20.0,60.908481,55.0,8.0,-6.9734,2.0,128.0,57.036987,1009.17,1122.0,2517.255664,0.0,716.9684,2.0,2.0,90.636341,2856.52,0.0,180.739205,0.0,194.0,117.97970700000002,-17.27,55.0,66.0,61.0,90.926754,-8.680316,1,4.0,Medium
0.0,0.0,0.0,0.0,5.0,0.0,0.0,0.0,0.0,0.0,4.0,0.0,0.0,0.0,0.0,5.0,7.0,0.0,0.0,0.0,0.0,0.0,0.0,0.0,0.0,0.0,0.0,0.0,21.0,10.0,71.12369699999999,51.0,5.0,-0.0085000000000006,0.0,139.0,60.88671900000001,809.3800000000001,1128.0,2484.7361540000006,0.0,730.6915,0.0,0.0,90.21629,2796.425,0.0,177.85,-2.0,195.0,122.616506,-17.15,51.0,56.0,72.0,89.348958,-8.631808,1,3.0,Medium
0.0,5.0,0.0,0.0,0.0,0.0,0.0,0.0,0.0,3.0,0.0,0.0,0.0,0.0,0.0,0.0,5.0,8.0,0.0,0.0,0.0,0.0,0.0,0.0,0.0,0.0,0.0,0.0,21.0,13.0,48.757579,40.0,13.0,3.632299999999999,3.0,139.0,62.95814800000001,814.66,1144.0,2550.1403330000003,0.0,772.0690999999999,3.0,3.0,88.697575,2921.853,0.0,189.179378,3.0,197.0,126.994738,-15.580000000000002,40.0,58.0,64.0,98.076577,-8.742412,1,3.0,Medium
0.0,0.0,0.0,0.0,0.0,0.0,0.0,6.0,0.0,0.0,0.0,0.0,0.0,0.0,0.0,4.0,6.0,6.0,0.0,0.0,0.0,0.0,0.0,0.0,0.0,0.0,0.0,0.0,22.0,10.0,71.84903,48.0,6.0,-1.4787999999999997,0.0,132.0,57.627756,769.1400000000001,1072.0,2293.328708,0.0,699.7474,0.0,0.0,90.77880799999998,2665.254,0.0,168.21999999999997,0.0,186.0,116.106394,-17.78,48.0,54.0,66.0,85.644056,-8.606128,1,4.0,Medium
0.0,0.0,2.0,0.0,0.0,0.0,3.0,0.0,0.0,0.0,0.0,0.0,0.0,0.0,0.0,5.0,11.0,0.0,0.0,0.0,0.0,0.0,0.0,0.0,0.0,0.0,0.0,0.0,21.0,12.0,62.43100199999999,45.0,7.0,-12.9788,0.0,104.0,45.169042,879.78,910.0,1899.600745,0.0,570.6287000000001,0.0,0.0,83.378245,2308.406,0.0,146.827922,-6.0,158.0,94.660846,-16.41,45.0,54.0,52.0,72.87696700000001,-8.556681,2,0.0,Low
0.0,0.0,0.0,0.0,0.0,0.0,6.0,0.0,0.0,2.0,0.0,0.0,0.0,0.0,0.0,4.0,11.0,0.0,0.0,0.0,0.0,0.0,0.0,0.0,0.0,0.0,0.0,0.0,23.0,12.0,73.400723,52.0,8.0,-15.579300000000002,2.0,131.0,58.71301199999999,891.9300000000001,1096.0,2352.542025,0.0,691.3968000000001,2.0,2.0,87.44060800000001,2736.181,0.0,168.422322,-3.0,191.0,115.075888,-18.73,52.0,60.0,67.0,85.76952800000001,-8.707861,1,1.0,Medium
0.0,0.0,0.0,0.0,0.0,0.0,0.0,5.0,0.0,0.0,0.0,0.0,0.0,0.0,0.0,5.0,8.0,3.0,0.0,0.0,0.0,0.0,0.0,0.0,0.0,0.0,0.0,0.0,21.0,10.0,68.52041700000001,47.0,5.0,-8.1137,0.0,113.0,48.684653,786.2900000000001,948.0,2020.194537,0.0,602.1374999999999,0.0,0.0,83.241984,2366.719,0.0,148.01,-3.0,165.0,100.243394,-16.99,47.0,52.0,55.0,72.687138,-8.552671,1,3.0,Medium
0.0,0.0,6.0,0.0,0.0,0.0,5.0,0.0,0.0,0.0,0.0,0.0,0.0,0.0,0.0,4.0,6.0,0.0,0.0,0.0,0.0,0.0,0.0,0.0,0.0,0.0,0.0,0.0,21.0,21.0,49.818196,40.0,17.0,-9.4777,0.0,129.0,59.408843,921.04,1122.0,2331.099326,0.0,747.6605000000001,0.0,0.0,102.834979,2886.168,0.0,192.263766,5.0,192.0,122.80391500000002,-15.45,40.0,63.0,72.0,105.151193,-8.745516,1,3.0,Medium
0.0,0.0,3.0,0.0,0.0,0.0,0.0,0.0,0.0,0.0,5.0,0.0,0.0,0.0,0.0,0.0,3.0,10.0,0.0,0.0,0.0,0.0,0.0,0.0,0.0,0.0,0.0,0.0,21.0,6.0,57.90847,44.0,6.0,18.7829,0.0,145.0,64.07889899999999,731.26,1152.0,2396.2340430000004,0.0,782.9984,0.0,0.0,99.495437,2895.008,0.0,189.816883,0.0,198.0,127.910293,-16.04,44.0,53.0,80.0,109.038347,-8.534418,1,3.0,Medium
0.0,0.0,0.0,0.0,0.0,0.0,4.0,0.0,0.0,3.0,0.0,0.0,0.0,0.0,4.0,0.0,11.0,0.0,0.0,0.0,0.0,0.0,0.0,0.0,0.0,0.0,0.0,0.0,22.0,15.0,69.109141,47.0,11.0,-15.993100000000002,3.0,127.0,57.067349,881.62,1060.0,2371.3073630000004,0.0,673.9999,3.0,3.0,82.966851,2644.115,0.0,161.288483,-4.0,185.0,111.739598,-17.94,47.0,58.0,59.0,77.72303399999998,-8.72029,2,0.0,Low
0.0,0.0,5.0,0.0,0.0,0.0,0.0,0.0,0.0,3.0,0.0,0.0,0.0,0.0,0.0,3.0,11.0,0.0,0.0,0.0,0.0,0.0,0.0,0.0,0.0,0.0,0.0,0.0,22.0,16.0,51.668804,45.0,13.0,-15.8358,3.0,116.0,51.878623000000005,984.63,1034.0,2277.710838,0.0,659.5065000000001,3.0,3.0,94.949196,2671.163,0.0,169.83328799999998,-3.0,179.0,109.131698,-16.490000000000002,45.0,63.0,52.0,84.159336,-8.67569,1,3.0,Medium
6.0,0.0,0.0,0.0,0.0,0.0,0.0,0.0,0.0,0.0,0.0,0.0,0.0,0.0,0.0,3.0,7.0,0.0,0.0,0.0,0.0,0.0,5.0,0.0,0.0,0.0,0.0,0.0,21.0,9.0,51.189077,45.0,6.0,7.976999999999997,0.0,135.0,59.586356,875.6400000000001,1122.0,2417.10906,0.0,745.056,0.0,0.0,96.153958,2879.112,0.0,193.027074,-1.0,192.0,123.762225,-15.21,45.0,57.0,69.0,100.381148,-8.624198,1,3.0,Medium
0.0,0.0,4.0,0.0,0.0,0.0,0.0,0.0,4.0,0.0,0.0,0.0,0.0,0.0,0.0,4.0,9.0,0.0,0.0,0.0,0.0,0.0,0.0,0.0,0.0,0.0,0.0,0.0,21.0,20.0,56.029977,38.0,16.0,-13.5241,0.0,115.0,51.976192,908.41,1004.0,2084.571047,0.0,658.52,0.0,0.0,92.847672,2563.807,0.0,167.56584400000003,-1.0,173.0,107.707346,-15.91,38.0,58.0,61.0,87.73021,-8.677333,1,2.0,Medium
5.0,0.0,0.0,0.0,0.0,0.0,0.0,0.0,0.0,0.0,0.0,0.0,0.0,0.0,0.0,4.0,10.0,2.0,0.0,0.0,0.0,0.0,0.0,0.0,0.0,0.0,0.0,0.0,21.0,9.0,52.249184,46.0,5.0,-7.7264,0.0,100.0,42.53609300000001,909.72,904.0,1908.0392320000003,0.0,568.7177,0.0,0.0,83.23191600000001,2348.6580000000004,0.0,154.030895,-5.0,156.0,95.187857,-15.5,46.0,56.0,45.0,74.526269,-8.507701,2,0.0,Low
5.0,0.0,0.0,0.0,0.0,0.0,0.0,0.0,0.0,0.0,0.0,0.0,0.0,0.0,0.0,0.0,5.0,6.0,0.0,0.0,0.0,0.0,6.0,0.0,0.0,0.0,0.0,0.0,22.0,5.0,58.186793,44.0,5.0,24.8259,0.0,165.0,73.210359,785.95,1280.0,2776.028327,0.0,878.4604999999999,0.0,0.0,103.493944,3231.4390000000003,0.0,216.400895,0.0,219.0,145.041587,-16.130000000000003,44.0,54.0,86.0,116.279575,-8.492833,1,2.0,Medium
0.0,0.0,0.0,0.0,0.0,0.0,5.0,5.0,0.0,0.0,1.0,0.0,0.0,0.0,0.0,0.0,10.0,0.0,0.0,0.0,0.0,0.0,0.0,0.0,0.0,0.0,0.0,0.0,21.0,10.0,68.06941799999998,43.0,10.0,-17.5229,0.0,117.0,52.223095,744.23,978.0,1979.745257,0.0,624.196,0.0,0.0,88.485665,2436.9300000000003,0.0,152.97,0.0,170.0,104.362802,-17.03,43.0,53.0,65.0,80.752589,-8.677689,1,3.0,Medium
0.0,0.0,0.0,0.0,0.0,0.0,0.0,0.0,0.0,0.0,5.0,0.0,0.0,0.0,0.0,5.0,6.0,0.0,0.0,0.0,0.0,0.0,6.0,0.0,0.0,0.0,0.0,0.0,22.0,5.0,73.65639399999999,54.0,0.0,17.7169,0.0,155.0,67.80501699999999,808.8800000000001,1210.0,2578.496059,0.0,798.237,0.0,0.0,99.169986,2987.731,0.0,191.22000000000003,-6.0,209.0,131.002417,-17.78,54.0,54.0,88.0,106.629621,-8.463161,1,1.0,Medium
0.0,0.0,0.0,0.0,0.0,0.0,5.0,0.0,0.0,0.0,0.0,0.0,0.0,0.0,0.0,2.0,10.0,0.0,0.0,0.0,0.0,0.0,0.0,0.0,0.0,0.0,4.0,0.0,21.0,23.0,65.397942,68.0,5.0,-20.6907,4.0,135.0,62.643395,1150.78,1198.0,2870.792696,0.0,720.0649000000001,4.0,4.0,81.02277300000002,3001.212,0.0,182.38086,-5.0,208.0,120.974611,-17.830000000000002,68.0,73.0,70.0,88.356705,-8.721158,2,0.0,Low
0.0,0.0,3.0,0.0,0.0,0.0,0.0,0.0,2.0,0.0,0.0,0.0,0.0,0.0,0.0,4.0,12.0,0.0,0.0,0.0,0.0,0.0,0.0,0.0,0.0,0.0,0.0,0.0,21.0,14.0,58.839124,41.0,10.0,-14.9163,0.0,99.0,42.921527,904.98,882.0,1832.981069,0.0,556.4514,0.0,0.0,85.31036499999999,2254.773,0.0,144.776883,-7.0,153.0,91.799417,-16.08,41.0,54.0,48.0,71.02079,-8.613056,2,0.0,Low
5.0,0.0,0.0,0.0,0.0,0.0,0.0,0.0,0.0,0.0,0.0,0.0,0.0,0.0,0.0,6.0,5.0,0.0,0.0,0.0,0.0,0.0,0.0,0.0,0.0,0.0,0.0,5.0,21.0,36.0,48.35714899999999,73.0,10.0,-20.428,5.0,136.0,64.39242,1391.9299999999998,1302.0,3156.0705450000005,0.0,791.6828,5.0,5.0,87.55757499999999,3355.638,0.0,211.029135,0.0,224.0,131.19394100000002,-16.78,73.0,88.0,68.0,102.698171,-8.6921835,1,4.0,Medium
0.0,0.0,6.0,0.0,0.0,4.0,0.0,0.0,0.0,0.0,0.0,0.0,0.0,0.0,0.0,0.0,8.0,0.0,0.0,0.0,0.0,4.0,0.0,0.0,0.0,0.0,0.0,0.0,22.0,16.0,54.956976,38.0,16.0,-5.609000000000002,0.0,130.0,56.788586,889.6400000000001,1108.0,2478.927998,0.0,742.7336,0.0,0.0,108.739746,2848.142,0.0,189.673766,2.0,190.0,124.66447399999998,-16.04,38.0,60.0,52.0,88.64050399999999,-8.73574,1,3.0,Medium
0.0,0.0,5.0,0.0,0.0,0.0,4.0,0.0,0.0,0.0,0.0,0.0,0.0,0.0,0.0,5.0,9.0,0.0,0.0,0.0,0.0,0.0,0.0,0.0,0.0,0.0,0.0,0.0,23.0,19.0,59.424026,46.0,14.0,-11.985600000000002,0.0,128.0,57.561112,1000.48,1122.0,2338.44469,0.0,730.6198,0.0,0.0,103.931321,2877.557,0.0,188.814805,0.0,193.0,120.3939,-17.279999999999998,46.0,65.0,68.0,99.385184,-8.675845,1,3.0,Medium
0.0,0.0,0.0,6.0,0.0,0.0,0.0,0.0,0.0,0.0,4.0,0.0,0.0,0.0,0.0,5.0,6.0,0.0,0.0,0.0,0.0,0.0,0.0,0.0,0.0,0.0,0.0,0.0,21.0,11.0,69.602689,51.0,6.0,-2.785400000000001,0.0,136.0,60.729743,799.99,1116.0,2403.0940600000004,0.0,722.2222,0.0,0.0,91.628912,2771.375,0.0,175.80999999999997,0.0,193.0,120.165147,-17.189999999999998,51.0,57.0,77.0,94.709618,-8.648177,1,4.0,Medium
0.0,0.0,4.0,0.0,0.0,0.0,5.0,0.0,0.0,0.0,0.0,0.0,0.0,0.0,0.0,8.0,4.0,0.0,0.0,0.0,0.0,0.0,0.0,0.0,0.0,0.0,0.0,0.0,21.0,21.0,56.984782,46.0,13.0,-6.395300000000001,0.0,133.0,60.842857,913.42,1142.0,2416.3535140000004,0.0,753.8001,0.0,0.0,96.614961,2905.2880000000005,0.0,190.365844,5.0,196.0,123.805077,-16.11,46.0,63.0,74.0,103.333789,-8.77278,1,3.0,Medium
5.0,0.0,0.0,0.0,0.0,0.0,0.0,0.0,0.0,4.0,0.0,0.0,0.0,0.0,0.0,3.0,10.0,0.0,0.0,0.0,0.0,0.0,0.0,0.0,0.0,0.0,0.0,0.0,22.0,12.0,50.541933,51.0,9.0,-15.5528,4.0,118.0,52.658168,970.47,1056.0,2373.7798900000003,0.0,663.1197,4.0,4.0,86.82282800000002,2735.1510000000003,0.0,172.265539,-1.0,183.0,111.210946,-16.57,51.0,65.0,50.0,83.475689,-8.654728,1,3.0,Medium
0.0,0.0,0.0,0.0,0.0,0.0,5.0,0.0,0.0,0.0,4.0,0.0,0.0,0.0,0.0,0.0,2.0,10.0,0.0,0.0,0.0,0.0,0.0,0.0,0.0,0.0,0.0,0.0,21.0,5.0,68.682962,46.0,5.0,18.1125,0.0,159.0,71.492869,639.0799999999999,1218.0,2529.014814,0.0,828.1524999999999,0.0,0.0,93.43750500000002,3002.01,0.0,193.05,3.0,210.0,135.820141,-16.95,46.0,51.0,92.0,112.798023,-8.403972,1,4.0,Medium
6.0,0.0,0.0,0.0,0.0,0.0,0.0,0.0,0.0,0.0,0.0,0.0,0.0,0.0,0.0,4.0,2.0,10.0,0.0,0.0,0.0,0.0,0.0,0.0,0.0,0.0,0.0,0.0,22.0,10.0,53.110496,48.0,6.0,15.911,0.0,146.0,64.555866,853.02,1204.0,2603.40248,0.0,813.3098,0.0,0.0,96.146588,3084.43,0.0,206.197074,4.0,206.0,134.409286,-16.04,48.0,60.0,72.0,109.183984,-8.59841,1,4.0,Medium
0.0,0.0,0.0,0.0,4.0,0.0,0.0,0.0,0.0,0.0,0.0,0.0,0.0,0.0,0.0,0.0,8.0,0.0,0.0,0.0,0.0,0.0,5.0,0.0,0.0,0.0,5.0,0.0,22.0,24.0,71.814975,74.0,4.0,0.8294999999999977,5.0,192.0,88.84500399999999,1203.9,1566.0,3937.504135,0.0,991.9868,5.0,5.0,98.083948,3878.706,0.0,241.52357500000005,-4.0,270.0,167.04527000000002,-18.74,74.0,78.0,97.0,114.996773,-8.7993145,1,1.0,Medium
3.0,3.0,0.0,0.0,0.0,0.0,0.0,0.0,0.0,0.0,0.0,0.0,0.0,0.0,0.0,9.0,6.0,0.0,0.0,0.0,0.0,0.0,0.0,0.0,0.0,0.0,0.0,0.0,21.0,18.0,49.775271,48.0,9.0,-8.248800000000001,0.0,108.0,47.316501,991.59,996.0,2142.220182,0.0,637.7619000000001,0.0,0.0,86.37520799999999,2594.433,0.0,171.787074,0.0,171.0,105.56427,-15.45,48.0,63.0,51.0,85.401768,-8.577176,1,3.0,Medium
0.0,0.0,5.0,0.0,0.0,0.0,0.0,0.0,0.0,0.0,3.0,0.0,0.0,0.0,0.0,0.0,8.0,5.0,0.0,0.0,0.0,0.0,0.0,0.0,0.0,0.0,0.0,0.0,21.0,10.0,51.302404,40.0,10.0,1.8261999999999992,0.0,120.0,52.707761000000005,842.8299999999999,1018.0,2093.671485,0.0,675.203,0.0,0.0,99.012645,2610.295,0.0,172.634805,-3.0,175.0,110.766453,-15.46,40.0,55.0,63.0,94.03527,-8.629341,1,2.0,Medium
4.0,0.0,0.0,0.0,0.0,0.0,0.0,0.0,0.0,0.0,0.0,0.0,0.0,0.0,0.0,4.0,10.0,4.0,0.0,0.0,0.0,0.0,0.0,0.0,0.0,0.0,0.0,0.0,22.0,8.0,58.874122,48.0,4.0,-3.6842000000000015,0.0,110.0,46.750784,908.38,960.0,2037.5615700000003,0.0,609.3036,0.0,0.0,85.888024,2466.426,0.0,160.284716,-6.0,166.0,101.608036,-16.54,48.0,56.0,50.0,78.010996,-8.502816,2,0.0,Low
0.0,0.0,6.0,0.0,0.0,0.0,0.0,0.0,0.0,4.0,0.0,0.0,0.0,0.0,0.0,5.0,6.0,0.0,0.0,0.0,0.0,0.0,0.0,0.0,0.0,0.0,0.0,0.0,21.0,21.0,44.510811,45.0,16.0,-11.498,4.0,130.0,59.935891,973.75,1144.0,2578.9014960000004,0.0,748.8036000000001,4.0,4.0,97.602962,2956.103,0.0,189.40841,4.0,197.0,123.240009,-15.61,45.0,67.0,61.0,98.07135,-8.7248,1,3.0,Medium
5.0,0.0,0.0,0.0,0.0,0.0,5.0,0.0,0.0,0.0,0.0,0.0,0.0,0.0,0.0,1.0,11.0,0.0,0.0,0.0,0.0,0.0,0.0,0.0,0.0,0.0,0.0,0.0,22.0,11.0,55.660074,45.0,10.0,-14.7082,0.0,114.0,50.619587,911.36,1010.0,2064.4197430000004,0.0,644.3218,0.0,0.0,91.536965,2606.128,0.0,171.16089499999998,-1.0,174.0,107.990775,-16.37,45.0,60.0,59.0,87.987792,-8.567103,1,2.0,Medium
0.0,0.0,6.0,0.0,0.0,0.0,0.0,0.0,0.0,0.0,0.0,0.0,0.0,0.0,0.0,4.0,10.0,2.0,0.0,0.0,0.0,0.0,0.0,0.0,0.0,0.0,0.0,0.0,22.0,16.0,52.249184,42.0,12.0,-8.178400000000002,0.0,112.0,49.001094,980.46,1000.0,2101.87169,0.0,649.5,0.0,0.0,99.39629,2593.5440000000003,0.0,171.673766,-4.0,172.0,106.850674,-16.04,42.0,60.0,54.0,87.029502,-8.638566,1,1.0,Medium
0.0,0.0,4.0,0.0,0.0,0.0,0.0,0.0,0.0,0.0,4.0,0.0,0.0,0.0,0.0,4.0,9.0,0.0,0.0,0.0,0.0,0.0,0.0,0.0,0.0,0.0,0.0,0.0,21.0,12.0,54.554933,46.0,8.0,-7.368900000000001,0.0,107.0,46.421372,916.37,956.0,1956.390587,0.0,608.6424000000001,0.0,0.0,94.462476,2455.4310000000005,0.0,159.56584400000003,-5.0,165.0,100.144906,-15.91,46.0,58.0,57.0,85.483226,-8.554056,1,1.0,Medium
0.0,0.0,4.0,0.0,0.0,0.0,0.0,0.0,5.0,0.0,0.0,0.0,0.0,0.0,0.0,4.0,9.0,0.0,0.0,0.0,0.0,0.0,0.0,0.0,0.0,0.0,0.0,0.0,22.0,22.0,59.432611,39.0,18.0,-14.3108,0.0,124.0,56.455667,941.95,1074.0,2226.035009,0.0,708.6384,0.0,0.0,97.753441,2735.071,0.0,178.735844,0.0,185.0,115.728478,-16.74,39.0,61.0,67.0,94.58435500000002,-8.705285,1,1.0,Medium
0.0,0.0,0.0,0.0,0.0,0.0,5.0,0.0,0.0,3.0,0.0,0.0,0.0,0.0,0.0,3.0,10.0,0.0,0.0,0.0,0.0,0.0,0.0,0.0,0.0,0.0,0.0,0.0,21.0,11.0,65.477169,48.0,8.0,-15.2191,3.0,123.0,55.560901,814.5,1026.0,2247.10593,0.0,647.422,3.0,3.0,79.48919599999999,2562.9930000000004,0.0,156.07848299999998,-2.0,179.0,107.83501400000002,-17.15,48.0,56.0,61.0,79.079995,-8.696299,1,3.0,Medium
0.0,0.0,3.0,0.0,0.0,0.0,0.0,0.0,3.0,0.0,0.0,0.0,0.0,0.0,0.0,4.0,12.0,0.0,0.0,0.0,0.0,0.0,0.0,0.0,0.0,0.0,0.0,0.0,22.0,16.0,62.241758,42.0,12.0,-15.703,0.0,108.0,47.401002,938.52,952.0,1974.445031,0.0,606.5698,0.0,0.0,90.216134,2426.0370000000003,0.0,155.946883,-6.0,165.0,99.820549,-16.91,42.0,57.0,54.0,77.874935,-8.645823,2,0.0,Low
2.0,0.0,0.0,0.0,2.0,0.0,0.0,0.0,0.0,0.0,0.0,0.0,0.0,0.0,0.0,3.0,14.0,0.0,0.0,0.0,0.0,0.0,0.0,0.0,0.0,0.0,0.0,0.0,21.0,7.0,62.883147,45.0,4.0,-13.640200000000002,0.0,96.0,40.005041000000006,870.77,844.0,1812.358248,0.0,516.734,0.0,0.0,78.45934,2147.113,0.0,136.122358,-10.0,147.0,87.492821,-16.29,45.0,51.0,41.0,59.958508,-8.490655,2,0.0,Low
4.0,0.0,0.0,0.0,0.0,0.0,0.0,0.0,0.0,0.0,0.0,0.0,0.0,0.0,0.0,3.0,4.0,0.0,0.0,0.0,0.0,0.0,0.0,0.0,10.0,0.0,0.0,0.0,21.0,7.0,52.837047,45.0,4.0,41.4258,0.0,204.0,94.482251,778.87,1508.0,2949.341058,0.0,1052.4968,0.0,0.0,177.845622,3745.031,0.0,252.114716,0.0,257.0,167.828865,-15.71,45.0,53.0,145.0,177.424174,-8.522868,1,4.0,Medium
4.0,0.0,0.0,0.0,0.0,0.0,0.0,0.0,0.0,0.0,0.0,0.0,0.0,0.0,0.0,0.0,8.0,0.0,0.0,0.0,0.0,0.0,0.0,0.0,0.0,0.0,5.0,4.0,21.0,44.0,47.149284,92.0,8.0,-31.5126,9.0,152.0,74.017765,1679.12,1484.0,3896.392544,0.0,863.9010000000001,9.0,9.0,86.164946,3805.464,0.0,231.56088300000005,-4.0,256.0,145.19595,-17.75,92.0,104.0,74.0,106.981399,-8.72995,2,0.0,Low
3.0,0.0,0.0,0.0,2.0,0.0,0.0,0.0,0.0,0.0,0.0,0.0,0.0,0.0,0.0,3.0,13.0,0.0,0.0,0.0,0.0,0.0,0.0,0.0,0.0,0.0,0.0,0.0,21.0,8.0,59.678342,45.0,5.0,-12.7931,0.0,99.0,41.700346,884.58,876.0,1881.361069,0.0,542.3061,0.0,0.0,80.843388,2242.686,0.0,144.07853699999998,-8.0,152.0,91.761536,-16.04,45.0,53.0,43.0,65.015185,-8.529225,2,0.0,Low
0.0,4.0,0.0,0.0,4.0,0.0,0.0,0.0,0.0,0.0,0.0,0.0,0.0,0.0,0.0,6.0,8.0,0.0,0.0,0.0,0.0,0.0,0.0,0.0,0.0,0.0,0.0,0.0,22.0,18.0,61.670194,46.0,12.0,-7.4344,0.0,132.0,58.349658000000005,950.14,1128.0,2506.448436,0.0,737.5908,0.0,0.0,92.71868,2869.19,0.0,188.044716,0.0,194.0,123.333566,-16.78,46.0,62.0,62.0,89.486496,-8.712348,1,4.0,Medium
0.0,0.0,0.0,0.0,6.0,0.0,0.0,0.0,0.0,0.0,0.0,0.0,0.0,0.0,0.0,4.0,3.0,0.0,0.0,0.0,0.0,8.0,0.0,0.0,0.0,0.0,0.0,0.0,21.0,10.0,78.151129,46.0,6.0,17.2369,0.0,169.0,72.754436,701.35,1284.0,3128.6437910000004,0.0,873.5673999999999,0.0,0.0,90.984956,3157.295,0.0,204.01,3.0,221.0,149.08691199999998,-16.99,46.0,52.0,59.0,83.52240599999999,-8.595085,1,4.0,Medium
0.0,0.0,0.0,0.0,0.0,0.0,8.0,0.0,0.0,0.0,4.0,0.0,0.0,0.0,0.0,4.0,8.0,0.0,0.0,0.0,0.0,0.0,0.0,0.0,0.0,0.0,0.0,0.0,24.0,12.0,78.5712,56.0,8.0,-8.0988,0.0,148.0,66.621044,895.2,1224.0,2486.579828,0.0,788.2048,0.0,0.0,101.075552,3043.676,0.0,192.4,0.0,212.0,130.30489200000002,-19.6,56.0,64.0,88.0,108.532028,-8.674196,1,4.0,Medium
0.0,5.0,0.0,0.0,0.0,0.0,0.0,0.0,0.0,0.0,4.0,0.0,0.0,0.0,0.0,4.0,9.0,0.0,0.0,0.0,0.0,0.0,0.0,0.0,0.0,0.0,0.0,0.0,22.0,14.0,54.554933,47.0,10.0,-9.5869,0.0,109.0,47.332603,973.11,992.0,2035.362655,0.0,633.0012,0.0,0.0,93.00964,2564.967000000001,0.0,168.080895,-4.0,171.0,104.277898,-16.45,47.0,62.0,56.0,88.11140900000001,-8.566085,1,1.0,Medium
2.0,0.0,0.0,0.0,3.0,0.0,0.0,0.0,0.0,0.0,0.0,0.0,0.0,0.0,0.0,3.0,0.0,13.0,0.0,0.0,0.0,0.0,0.0,0.0,0.0,0.0,0.0,0.0,21.0,8.0,64.994839,45.0,5.0,27.0304,0.0,170.0,75.67200700000001,681.59,1294.0,2897.083268,0.0,894.6057,0.0,0.0,92.719156,3215.246,0.0,211.082358,5.0,222.0,148.055994,-16.33,45.0,52.0,85.0,110.682659,-8.423026,1,3.0,Medium
0.0,0.0,4.0,0.0,0.0,0.0,0.0,0.0,0.0,3.0,0.0,0.0,0.0,0.0,0.0,0.0,0.0,0.0,0.0,0.0,0.0,4.0,11.0,0.0,0.0,0.0,0.0,0.0,22.0,11.0,62.824715,43.0,11.0,40.1523,3.0,222.0,101.157874,741.37,1638.0,3810.738267,0.0,1158.7473,3.0,3.0,121.259365,4069.616,0.0,268.08432700000003,7.0,280.0,190.793364,-16.62,43.0,58.0,109.0,142.625606,-8.663272,0,5.0,High
0.0,0.0,0.0,0.0,0.0,0.0,0.0,4.0,0.0,0.0,0.0,0.0,0.0,0.0,0.0,4.0,9.0,4.0,0.0,0.0,0.0,0.0,0.0,0.0,0.0,0.0,0.0,0.0,21.0,8.0,68.448777,46.0,4.0,-6.243700000000001,0.0,111.0,47.433304,775.45,924.0,1965.081327,0.0,586.3299999999999,0.0,0.0,81.53971200000001,2305.635,0.0,144.09,-5.0,161.0,97.589074,-16.91,46.0,50.0,53.0,70.156022,-8.507688,2,0.0,Low
3.0,3.0,0.0,0.0,0.0,0.0,0.0,0.0,0.0,0.0,0.0,0.0,0.0,0.0,0.0,6.0,10.0,0.0,0.0,0.0,0.0,0.0,0.0,0.0,0.0,0.0,0.0,0.0,22.0,15.0,52.412344,47.0,9.0,-12.8536,0.0,102.0,43.887074,1012.52,952.0,2013.459654,0.0,600.0015000000001,0.0,0.0,88.031568,2488.224,0.0,164.117074,-4.0,164.0,99.812993,-16.119999999999997,47.0,62.0,46.0,79.220074,-8.552957,2,0.0,Low
0.0,0.0,0.0,0.0,0.0,0.0,5.0,0.0,0.0,0.0,0.0,0.0,0.0,0.0,0.0,7.0,5.0,0.0,0.0,0.0,0.0,0.0,7.0,0.0,0.0,0.0,0.0,0.0,24.0,12.0,82.79815099999999,55.0,5.0,16.7537,0.0,186.0,83.76244499999999,864.1600000000001,1428.0,3102.511742,0.0,959.9231,0.0,0.0,107.184447,3515.6580000000004,0.0,226.56,0.0,246.0,157.80230799999998,-19.44,55.0,60.0,105.0,123.694047,-8.531327,1,2.0,Medium
0.0,0.0,0.0,0.0,0.0,0.0,5.0,0.0,0.0,3.0,0.0,0.0,0.0,0.0,0.0,5.0,8.0,0.0,0.0,0.0,0.0,0.0,0.0,0.0,0.0,0.0,0.0,0.0,21.0,13.0,65.855657,50.0,8.0,-12.8677,3.0,129.0,58.583967,827.3,1074.0,2370.221884,0.0,682.7316000000001,3.0,3.0,80.524956,2681.1690000000003,0.0,163.998483,0.0,187.0,113.403168,-17.23,50.0,58.0,65.0,84.215475,-8.70934,1,4.0,Medium
0.0,0.0,0.0,0.0,0.0,0.0,0.0,0.0,5.0,4.0,0.0,0.0,0.0,0.0,0.0,4.0,9.0,0.0,0.0,0.0,0.0,0.0,0.0,0.0,0.0,0.0,0.0,0.0,22.0,18.0,67.74434699999999,47.0,14.0,-17.1576,4.0,136.0,62.564691,874.8700000000001,1130.0,2518.0765570000003,0.0,727.4860000000001,4.0,4.0,83.899313,2817.419,0.0,171.244644,0.0,197.0,119.752338,-18.06,47.0,61.0,67.0,87.42313899999999,-8.737639,1,3.0,Medium
0.0,5.0,0.0,0.0,0.0,0.0,0.0,0.0,0.0,0.0,0.0,0.0,0.0,0.0,0.0,3.0,10.0,3.0,0.0,0.0,0.0,0.0,0.0,0.0,0.0,0.0,0.0,0.0,21.0,13.0,52.167604,40.0,10.0,-8.053600000000001,0.0,102.0,43.98074199999999,903.49,910.0,1917.787133,0.0,586.7934,0.0,0.0,83.62911400000002,2355.793,0.0,155.07089499999998,-5.0,157.0,96.906505,-15.46,40.0,55.0,46.0,75.468468,-8.579626,2,0.0,Low
5.0,0.0,0.0,0.0,0.0,0.0,0.0,0.0,0.0,0.0,3.0,0.0,0.0,0.0,0.0,0.0,8.0,6.0,0.0,0.0,0.0,0.0,0.0,0.0,0.0,0.0,0.0,0.0,22.0,5.0,54.614873,47.0,5.0,3.9164999999999983,0.0,123.0,53.161575000000006,855.1299999999999,1046.0,2163.460571,0.0,682.5455,0.0,0.0,94.329118,2687.278,0.0,177.280895,-3.0,180.0,113.417087,-16.25,47.0,57.0,62.0,94.12921,-8.560198,1,3.0,Medium
0.0,0.0,0.0,0.0,5.0,0.0,0.0,0.0,0.0,0.0,0.0,0.0,0.0,0.0,0.0,7.0,5.0,0.0,0.0,0.0,0.0,0.0,5.0,0.0,0.0,0.0,0.0,0.0,22.0,12.0,77.939988,51.0,5.0,15.944999999999997,0.0,177.0,78.74388,811.5600000000001,1354.0,3093.9804750000003,0.0,910.8001,0.0,0.0,98.9502,3329.451,0.0,215.14,0.0,233.0,151.845012,-17.86,51.0,56.0,91.0,107.308292,-8.584353,1,3.0,Medium
0.0,0.0,0.0,5.0,0.0,0.0,0.0,0.0,0.0,5.0,0.0,0.0,0.0,0.0,0.0,1.0,10.0,0.0,0.0,0.0,0.0,0.0,0.0,0.0,0.0,0.0,0.0,0.0,21.0,11.0,63.555204,48.0,10.0,-15.423000000000002,5.0,136.0,62.237615000000005,801.3799999999999,1112.0,2592.486455,0.0,709.1007999999999,5.0,5.0,82.365425,2773.358,0.0,167.15080500000002,0.0,194.0,119.027181,-17.23,48.0,58.0,63.0,81.485326,-8.752265,1,4.0,Medium
5.0,0.0,0.0,0.0,0.0,0.0,0.0,0.0,0.0,3.0,0.0,0.0,0.0,0.0,4.0,10.0,0.0,0.0,0.0,0.0,0.0,0.0,0.0,0.0,0.0,0.0,0.0,0.0,22.0,26.0,54.18624,57.0,12.0,-2.8726000000000003,3.0,148.0,67.605008,1052.23,1292.0,2989.699002,0.0,846.9536,3.0,3.0,93.282815,3308.088,0.0,212.829378,8.0,222.0,139.610235,-16.93,57.0,74.0,69.0,107.353343,-8.785641,1,3.0,Medium
4.0,0.0,0.0,0.0,0.0,0.0,4.0,0.0,0.0,0.0,0.0,0.0,0.0,0.0,0.0,0.0,8.0,0.0,0.0,0.0,0.0,0.0,6.0,0.0,0.0,0.0,0.0,0.0,22.0,8.0,61.53693,44.0,8.0,8.9498,0.0,156.0,70.154778,817.56,1236.0,2621.392474,0.0,831.4812,0.0,0.0,102.402504,3113.78,0.0,206.284716,0.0,212.0,137.82276000000002,-16.54,44.0,56.0,86.0,111.49374,-8.64333,1,4.0,Medium
0.0,0.0,0.0,0.0,0.0,0.0,6.0,0.0,0.0,4.0,0.0,0.0,0.0,0.0,0.0,2.0,12.0,0.0,0.0,0.0,0.0,0.0,0.0,0.0,0.0,0.0,0.0,0.0,24.0,12.0,73.973298,54.0,10.0,-18.8114,4.0,142.0,64.461748,918.94,1180.0,2592.337968,0.0,745.1945999999999,4.0,4.0,90.979322,2947.4660000000003,0.0,178.70464399999997,-2.0,206.0,124.255764,-19.6,54.0,64.0,70.0,90.66333,-8.734282,1,1.0,Medium
2.0,0.0,0.0,0.0,0.0,0.0,0.0,0.0,0.0,2.0,0.0,0.0,0.0,0.0,0.0,3.0,14.0,0.0,0.0,0.0,0.0,0.0,0.0,0.0,0.0,0.0,0.0,0.0,21.0,7.0,59.205285,47.0,4.0,-17.2134,2.0,92.0,38.800451,889.23,828.0,1803.85953,0.0,497.2960000000001,2.0,2.0,75.09621,2118.971,0.0,130.19468,-10.0,145.0,83.65677099999999,-16.37,47.0,53.0,37.0,58.276376,-8.570126,2,0.0,Low
3.0,0.0,3.0,0.0,0.0,0.0,0.0,0.0,0.0,0.0,0.0,0.0,0.0,0.0,0.0,3.0,12.0,0.0,0.0,0.0,0.0,0.0,0.0,0.0,0.0,0.0,0.0,0.0,21.0,12.0,48.639807,42.0,9.0,-14.132700000000002,0.0,93.0,39.747303,953.19,870.0,1807.330437,0.0,545.6841,0.0,0.0,88.553091,2281.986,0.0,150.76542,-6.0,150.0,90.981129,-15.21,42.0,57.0,42.0,72.957843,-8.570174,2,0.0,Low
0.0,0.0,5.0,0.0,0.0,0.0,0.0,0.0,0.0,0.0,0.0,0.0,0.0,0.0,0.0,0.0,5.0,0.0,0.0,0.0,0.0,0.0,5.0,0.0,0.0,0.0,6.0,0.0,21.0,34.0,48.920256,73.0,10.0,-2.582300000000002,6.0,182.0,86.55118,1369.93,1576.0,3939.476229,0.0,1001.5872,6.0,6.0,107.172127,3998.864000000001,0.0,254.631095,0.0,270.0,166.352001,-16.78,73.0,88.0,96.0,129.467902,-8.719799,1,4.0,Medium
0.0,0.0,0.0,0.0,0.0,0.0,6.0,0.0,0.0,0.0,4.0,0.0,0.0,0.0,0.0,4.0,8.0,0.0,0.0,0.0,0.0,0.0,0.0,0.0,0.0,0.0,0.0,0.0,22.0,10.0,71.765932,52.0,6.0,-7.3794,0.0,130.0,57.883602,833.72,1084.0,2203.651904,0.0,692.0694000000001,0.0,0.0,91.264014,2699.18,0.0,170.06,-2.0,188.0,114.44613,-17.939999999999998,52.0,58.0,76.0,94.823738,-8.608136,1,3.0,Medium
0.0,0.0,0.0,0.0,0.0,0.0,0.0,2.0,0.0,0.0,0.0,0.0,0.0,0.0,0.0,4.0,12.0,0.0,0.0,3.0,0.0,0.0,0.0,0.0,0.0,0.0,0.0,0.0,21.0,6.0,69.365861,46.0,2.0,-10.277900000000002,0.0,95.0,38.930296,808.0600000000001,816.0,1757.028907,0.0,499.6766,0.0,0.0,75.34481499999998,2046.133,0.0,126.17,-10.0,143.0,84.084768,-16.830000000000002,46.0,48.0,38.0,54.438836,-8.338195,2,0.0,Low
0.0,0.0,0.0,0.0,0.0,0.0,0.0,0.0,0.0,4.0,0.0,0.0,0.0,0.0,0.0,5.0,4.0,0.0,0.0,0.0,0.0,0.0,0.0,0.0,8.0,0.0,0.0,0.0,21.0,9.0,61.969745,51.0,4.0,29.3544,4.0,202.0,94.065793,763.4499999999999,1492.0,3147.54784,0.0,1017.7328,4.0,4.0,152.20498,3659.063,0.0,232.194644,0.0,257.0,163.05996299999998,-17.11,51.0,55.0,131.0,155.840018,-8.59951,1,3.0,Medium
0.0,0.0,0.0,0.0,0.0,0.0,0.0,5.0,5.0,0.0,4.0,0.0,0.0,0.0,0.0,0.0,7.0,0.0,0.0,0.0,0.0,0.0,0.0,0.0,0.0,0.0,0.0,0.0,21.0,15.0,67.55662199999999,41.0,15.0,-14.1685,0.0,129.0,58.733659,744.4300000000001,1068.0,2140.261589,0.0,701.7845,0.0,0.0,94.784075,2651.355,0.0,167.85,3.0,185.0,115.410261,-17.15,41.0,56.0,77.0,95.065208,-8.7053585,1,3.0,Medium
0.0,0.0,0.0,0.0,5.0,0.0,0.0,0.0,0.0,3.0,0.0,0.0,0.0,0.0,0.0,4.0,10.0,0.0,0.0,0.0,0.0,0.0,0.0,0.0,0.0,0.0,0.0,0.0,22.0,12.0,71.442373,51.0,8.0,-9.2856,3.0,144.0,64.037911,861.03,1168.0,2725.5675450000003,0.0,749.3158000000001,3.0,3.0,86.557241,2903.541,0.0,179.248483,-2.0,203.0,126.535725,-17.98,51.0,59.0,64.0,81.980886,-8.771497,1,3.0,Medium
2.0,0.0,0.0,0.0,2.0,0.0,0.0,0.0,0.0,0.0,0.0,0.0,0.0,0.0,3.0,14.0,0.0,0.0,0.0,0.0,0.0,0.0,0.0,0.0,0.0,0.0,0.0,0.0,21.0,24.0,65.859377,56.0,7.0,2.7041000000000004,0.0,141.0,62.78147200000001,968.77,1198.0,2743.3803850000004,0.0,783.8383000000001,0.0,0.0,86.793818,3013.474,0.0,194.562358,4.0,206.0,129.355884,-16.85,56.0,65.0,69.0,95.821662,-8.752289,1,4.0,Medium
4.0,0.0,0.0,0.0,4.0,0.0,0.0,0.0,0.0,0.0,0.0,0.0,0.0,0.0,0.0,0.0,8.0,0.0,0.0,0.0,0.0,0.0,5.0,0.0,0.0,0.0,0.0,0.0,21.0,8.0,59.879195,42.0,8.0,10.296099999999996,0.0,156.0,69.403587,791.26,1226.0,2725.423911,0.0,827.6302000000001,0.0,0.0,99.28743,3083.798,0.0,205.074716,0.0,210.0,138.838816,-15.75,42.0,54.0,79.0,102.94435,-8.705882,1,4.0,Medium
0.0,0.0,6.0,0.0,0.0,0.0,0.0,0.0,0.0,0.0,0.0,0.0,0.0,0.0,0.0,3.0,12.0,2.0,0.0,0.0,0.0,0.0,0.0,0.0,0.0,0.0,0.0,0.0,23.0,15.0,55.264745,43.0,12.0,-10.4318,0.0,112.0,48.594733000000005,1014.19,1004.0,2096.227116,0.0,647.0491999999999,0.0,0.0,102.08841,2605.511,0.0,171.923766,-6.0,173.0,106.667551,-16.79,43.0,61.0,53.0,85.98328799999999,-8.646362,2,0.0,Low
3.0,0.0,0.0,0.0,2.0,0.0,0.0,0.0,0.0,3.0,0.0,0.0,0.0,0.0,0.0,0.0,0.0,13.0,0.0,0.0,0.0,0.0,0.0,0.0,0.0,0.0,0.0,0.0,21.0,8.0,57.129629,45.0,8.0,22.7608,3.0,176.0,79.89704800000001,685.11,1350.0,3084.161293,0.0,931.3978,3.0,3.0,93.232473,3377.89,0.0,218.18702,8.0,232.0,154.201529,-16.16,45.0,56.0,85.0,115.70280599999998,-8.668678,0,8.0,High
0.0,5.0,0.0,0.0,0.0,0.0,5.0,0.0,0.0,0.0,0.0,0.0,0.0,0.0,0.0,6.0,6.0,0.0,0.0,0.0,0.0,0.0,0.0,0.0,0.0,0.0,0.0,0.0,22.0,21.0,56.606294000000005,45.0,15.0,-10.9647,0.0,129.0,58.731022,957.36,1130.0,2372.209628,0.0,742.8493,0.0,0.0,94.126365,2896.648,0.0,190.960895,4.0,194.0,122.36991500000002,-16.57,45.0,65.0,69.0,100.826492,-8.718426,1,3.0,Medium
0.0,5.0,0.0,0.0,0.0,0.0,0.0,0.0,0.0,0.0,0.0,0.0,0.0,0.0,0.0,4.0,8.0,0.0,0.0,0.0,0.0,0.0,0.0,0.0,4.0,0.0,0.0,0.0,21.0,14.0,51.148908,41.0,10.0,7.028399999999998,0.0,138.0,62.268167,896.0600000000001,1132.0,2291.2172280000004,0.0,759.2012,0.0,0.0,121.140076,2878.78,0.0,192.030895,-3.0,194.0,122.671368,-15.5,41.0,56.0,83.0,114.523271,-8.741851,1,3.0,Medium
0.0,0.0,0.0,0.0,0.0,0.0,6.0,6.0,0.0,0.0,0.0,0.0,0.0,0.0,0.0,2.0,10.0,0.0,0.0,0.0,0.0,0.0,0.0,0.0,0.0,0.0,0.0,0.0,24.0,14.0,78.421142,50.0,12.0,-19.5786,0.0,138.0,61.98185599999999,863.24,1152.0,2367.507646,0.0,739.1659999999999,0.0,0.0,100.847194,2869.488,0.0,180.48,2.0,200.0,123.44689,-19.52,50.0,62.0,76.0,94.487708,-8.691826,1,1.0,Medium
0.0,0.0,0.0,0.0,0.0,0.0,5.0,0.0,0.0,0.0,0.0,0.0,0.0,0.0,4.0,9.0,3.0,0.0,0.0,0.0,0.0,0.0,0.0,0.0,0.0,0.0,0.0,0.0,21.0,22.0,71.18597399999999,51.0,9.0,-3.9116,0.0,136.0,61.329578000000005,890.18,1134.0,2494.468571,0.0,739.6976999999999,0.0,0.0,84.06682899999998,2818.436,0.0,178.69,2.0,196.0,121.30315,-17.31,51.0,60.0,72.0,91.882153,-8.728661,1,4.0,Medium
0.0,0.0,0.0,0.0,0.0,0.0,0.0,0.0,4.0,3.0,0.0,0.0,0.0,0.0,0.0,4.0,11.0,0.0,0.0,0.0,0.0,0.0,0.0,0.0,0.0,0.0,0.0,0.0,22.0,15.0,68.673389,47.0,11.0,-17.5471,3.0,123.0,55.357073,881.62,1036.0,2279.0267510000003,0.0,655.6199,3.0,3.0,81.52130700000001,2588.007,0.0,157.288483,-4.0,181.0,108.258622,-17.94,47.0,58.0,59.0,77.836642,-8.705581,2,0.0,Low
0.0,0.0,4.0,0.0,0.0,0.0,0.0,0.0,0.0,0.0,0.0,0.0,0.0,0.0,0.0,4.0,10.0,0.0,0.0,0.0,4.0,0.0,0.0,0.0,0.0,0.0,0.0,0.0,22.0,12.0,60.569822,44.0,8.0,-5.398600000000002,0.0,110.0,46.400648,919.5800000000002,960.0,2052.100866,0.0,617.4184,0.0,0.0,96.734196,2462.49,0.0,159.935844,-6.0,166.0,102.627588,-16.54,44.0,56.0,42.0,72.50423599999999,-8.639499,2,0.0,Low
0.0,0.0,0.0,0.0,0.0,0.0,0.0,5.0,0.0,0.0,3.0,0.0,0.0,0.0,0.0,4.0,9.0,0.0,0.0,0.0,0.0,0.0,0.0,0.0,0.0,0.0,0.0,0.0,21.0,9.0,67.495385,49.0,5.0,-12.7505,0.0,107.0,45.922678,807.5799999999999,924.0,1905.235258,0.0,575.3867,0.0,0.0,86.27728,2313.5470000000005,0.0,143.93,-4.0,161.0,95.916111,-17.07,49.0,54.0,56.0,73.9022,-8.535534,1,2.0,Medium
0.0,0.0,0.0,0.0,0.0,0.0,0.0,3.0,0.0,0.0,2.0,0.0,0.0,0.0,0.0,0.0,10.0,0.0,0.0,6.0,0.0,0.0,0.0,0.0,0.0,0.0,0.0,0.0,21.0,3.0,69.584941,44.0,3.0,-3.6079000000000008,0.0,107.0,44.388684,722.3800000000001,882.0,1889.562312,0.0,560.0911000000001,0.0,0.0,81.23606000000001,2200.498,0.0,137.20999999999998,-7.0,154.0,94.421809,-16.79,44.0,47.0,44.0,62.45213699999999,-8.383251,2,0.0,Low
0.0,0.0,5.0,0.0,2.0,0.0,0.0,0.0,0.0,0.0,0.0,0.0,0.0,0.0,0.0,4.0,11.0,0.0,0.0,0.0,0.0,0.0,0.0,0.0,0.0,0.0,0.0,0.0,22.0,16.0,56.662781,43.0,12.0,-11.1854,0.0,116.0,50.761431,972.73,1022.0,2194.268286,0.0,659.6476,0.0,0.0,98.147969,2629.19,0.0,172.724805,-4.0,176.0,109.678287,-16.37,43.0,60.0,55.0,84.15532999999999,-8.654859,1,1.0,Medium
0.0,0.0,0.0,0.0,6.0,0.0,0.0,0.0,0.0,8.0,0.0,0.0,0.0,0.0,0.0,4.0,5.0,0.0,0.0,0.0,0.0,0.0,0.0,0.0,0.0,0.0,0.0,0.0,23.0,18.0,69.72488299999999,58.0,14.0,-7.9857,8.0,191.0,88.745268,890.9699999999999,1516.0,3706.725789,0.0,995.949,8.0,8.0,95.542228,3763.8850000000007,0.0,228.399288,9.0,263.0,167.495932,-19.21,58.0,72.0,85.0,109.866746,-8.857541,1,4.0,Medium
6.0,0.0,0.0,0.0,0.0,0.0,0.0,0.0,0.0,0.0,6.0,0.0,0.0,0.0,0.0,4.0,6.0,0.0,0.0,0.0,0.0,0.0,0.0,0.0,0.0,0.0,0.0,0.0,22.0,10.0,51.008264,54.0,6.0,-2.9452000000000007,0.0,120.0,52.445334,963.72,1084.0,2211.376364,0.0,693.2098000000001,0.0,0.0,99.592628,2811.69,0.0,185.957074,0.0,186.0,115.146994,-16.28,54.0,66.0,66.0,102.709832,-8.55771,1,4.0,Medium
0.0,0.0,3.0,0.0,0.0,0.0,0.0,0.0,0.0,0.0,6.0,0.0,0.0,0.0,0.0,4.0,10.0,0.0,0.0,0.0,0.0,0.0,0.0,0.0,0.0,0.0,0.0,0.0,23.0,10.0,63.827484,53.0,6.0,-6.674900000000001,0.0,117.0,50.296853,970.82,1034.0,2094.739421,0.0,651.7006000000001,0.0,0.0,100.935647,2635.155,0.0,169.036883,-7.0,179.0,107.338377,-17.82,53.0,62.0,64.0,92.023842,-8.534469,2,0.0,Low
5.0,0.0,0.0,0.0,5.0,0.0,0.0,0.0,0.0,0.0,0.0,0.0,0.0,0.0,0.0,4.0,7.0,0.0,0.0,0.0,0.0,0.0,0.0,0.0,0.0,0.0,0.0,0.0,21.0,14.0,55.594156,46.0,10.0,-4.267900000000001,0.0,135.0,59.909319,890.4300000000001,1144.0,2554.1705060000004,0.0,751.1171999999999,0.0,0.0,93.22077,2922.742,0.0,193.830895,3.0,196.0,127.057732,-15.7,46.0,61.0,64.0,92.981111,-8.728142,1,4.0,Medium
0.0,0.0,0.0,0.0,5.0,0.0,0.0,0.0,0.0,0.0,2.0,0.0,0.0,0.0,0.0,4.0,10.0,0.0,0.0,0.0,0.0,0.0,0.0,0.0,0.0,0.0,0.0,0.0,21.0,9.0,71.276317,48.0,5.0,-4.843800000000001,0.0,128.0,55.40398999999999,812.1800000000001,1044.0,2316.1672890000004,0.0,668.1467,0.0,0.0,85.49947,2591.107,0.0,163.97,-5.0,181.0,112.773293,-17.03,48.0,53.0,62.0,77.23947199999999,-8.626221,2,0.0,Low
0.0,0.0,5.0,0.0,0.0,0.0,0.0,0.0,0.0,0.0,3.0,0.0,0.0,0.0,0.0,0.0,10.0,0.0,0.0,0.0,0.0,0.0,0.0,0.0,0.0,0.0,4.0,0.0,22.0,26.0,50.69829299999999,66.0,10.0,-18.169400000000003,4.0,134.0,61.894845,1294.31,1248.0,2938.797982,0.0,764.1748,4.0,4.0,101.745423,3210.551,0.0,203.095665,-5.0,215.0,127.291845,-17.21,66.0,81.0,69.0,102.613185,-8.705819,1,1.0,Medium
0.0,0.0,3.0,0.0,0.0,0.0,0.0,0.0,0.0,0.0,4.0,0.0,0.0,0.0,0.0,0.0,10.0,0.0,5.0,0.0,0.0,0.0,0.0,0.0,0.0,0.0,0.0,0.0,22.0,6.0,59.511057,45.0,6.0,-0.9926000000000011,0.0,114.0,49.153263,845.1400000000001,970.0,1891.462572,0.0,625.2874,0.0,0.0,100.779687,2467.098,0.0,159.06688300000002,-7.0,168.0,102.148579,-16.79,45.0,54.0,62.0,89.82546,-8.582433,2,0.0,Low
5.0,0.0,0.0,0.0,0.0,0.0,0.0,0.0,0.0,0.0,0.0,0.0,0.0,0.0,0.0,4.0,8.0,6.0,0.0,0.0,0.0,0.0,0.0,0.0,0.0,0.0,0.0,0.0,23.0,9.0,59.08945,50.0,5.0,2.052199999999999,0.0,126.0,54.356085,934.66,1080.0,2305.08955,0.0,701.0337,0.0,0.0,93.312228,2775.34,0.0,182.450895,-3.0,186.0,116.565645,-17.08,50.0,60.0,59.0,91.609077,-8.558827,1,3.0,Medium
0.0,0.0,0.0,0.0,0.0,0.0,0.0,6.0,0.0,3.0,0.0,0.0,0.0,0.0,0.0,4.0,8.0,0.0,0.0,0.0,0.0,0.0,0.0,0.0,0.0,0.0,0.0,0.0,21.0,13.0,64.617628,49.0,9.0,-18.0066,3.0,120.0,53.608057,811.51,1020.0,2270.077778,0.0,642.5365000000002,3.0,3.0,84.12505099999998,2554.9500000000003,0.0,154.998483,1.0,178.0,107.462234,-17.23,49.0,58.0,56.0,75.82453,-8.686892,1,4.0,Medium
0.0,3.0,0.0,0.0,0.0,0.0,0.0,0.0,0.0,3.0,0.0,0.0,0.0,0.0,0.0,4.0,12.0,0.0,0.0,0.0,0.0,0.0,0.0,0.0,0.0,0.0,0.0,0.0,22.0,13.0,58.267658,48.0,9.0,-17.4508,3.0,108.0,47.278038,957.81,964.0,2143.8329780000004,0.0,598.8307,3.0,3.0,81.89037499999999,2470.938,0.0,153.31702,-6.0,168.0,99.659308,-17.03,48.0,60.0,45.0,71.676197,-8.701095,2,0.0,Low
4.0,0.0,0.0,0.0,0.0,0.0,0.0,0.0,0.0,0.0,0.0,0.0,0.0,0.0,0.0,5.0,8.0,0.0,0.0,0.0,0.0,0.0,5.0,0.0,0.0,0.0,0.0,0.0,22.0,9.0,61.18198,49.0,4.0,7.556499999999998,0.0,138.0,60.323984,900.95,1134.0,2458.132775,0.0,744.4254000000001,0.0,0.0,95.631622,2877.197,0.0,189.244716,-4.0,195.0,123.393903,-16.58,49.0,57.0,70.0,96.9248,-8.574546,1,1.0,Medium
0.0,0.0,0.0,0.0,0.0,0.0,0.0,5.0,5.0,0.0,0.0,0.0,0.0,0.0,0.0,2.0,10.0,0.0,0.0,0.0,0.0,0.0,0.0,0.0,0.0,0.0,0.0,0.0,22.0,17.0,71.82364299999999,41.0,15.0,-20.214,0.0,122.0,54.919505,815.76,1024.0,2105.26917,0.0,662.5181,0.0,0.0,90.631955,2548.126,0.0,160.14,0.0,178.0,109.461097,-17.86,41.0,56.0,66.0,82.638722,-8.694908,1,1.0,Medium
0.0,4.0,0.0,0.0,0.0,0.0,3.0,0.0,0.0,0.0,0.0,0.0,0.0,0.0,0.0,4.0,10.0,0.0,0.0,0.0,0.0,0.0,0.0,0.0,0.0,0.0,0.0,0.0,21.0,15.0,55.832148,42.0,11.0,-14.0945,0.0,105.0,46.269627,906.6,938.0,1953.076332,0.0,598.9855,0.0,0.0,84.105019,2410.442,0.0,156.954716,-3.0,162.0,99.183487,-15.87,42.0,57.0,52.0,78.447571,-8.558259,1,3.0,Medium
0.0,0.0,7.0,0.0,0.0,0.0,0.0,0.0,0.0,0.0,4.0,0.0,0.0,0.0,0.0,0.0,7.0,0.0,0.0,4.0,0.0,0.0,0.0,0.0,0.0,0.0,0.0,0.0,22.0,14.0,49.158827,41.0,14.0,-0.3516000000000012,0.0,126.0,55.586717,925.41,1098.0,2283.3964140000003,0.0,733.2986,0.0,0.0,110.257403,2844.446,0.0,190.542727,0.0,188.0,120.812271,-15.79,41.0,62.0,63.0,101.891938,-8.700373,1,4.0,Medium
0.0,0.0,0.0,0.0,0.0,0.0,0.0,5.0,0.0,0.0,7.0,0.0,0.0,0.0,0.0,7.0,5.0,0.0,0.0,0.0,0.0,0.0,0.0,0.0,0.0,0.0,0.0,0.0,24.0,12.0,76.993804,62.0,5.0,-5.137300000000001,0.0,141.0,61.715185,928.77,1200.0,2471.671174,0.0,763.7431,0.0,0.0,105.8588,2996.436,0.0,188.28,0.0,208.0,126.18947599999998,-19.72,62.0,67.0,81.0,105.25349,-8.610709,1,4.0,Medium
5.0,0.0,0.0,0.0,0.0,0.0,0.0,0.0,0.0,0.0,0.0,0.0,0.0,0.0,0.0,5.0,8.0,0.0,0.0,0.0,0.0,0.0,4.0,0.0,0.0,0.0,0.0,0.0,22.0,10.0,57.467321,49.0,5.0,4.003799999999998,0.0,132.0,57.68502599999999,928.59,1112.0,2398.2882480000003,0.0,726.1225,0.0,0.0,95.438464,2845.519,0.0,188.200895,-3.0,191.0,120.627084,-16.33,49.0,59.0,66.0,95.90431300000002,-8.6015,1,3.0,Medium
0.0,0.0,3.0,0.0,0.0,0.0,0.0,0.0,0.0,0.0,0.0,0.0,0.0,0.0,0.0,8.0,3.0,7.0,0.0,0.0,0.0,0.0,0.0,0.0,0.0,0.0,0.0,0.0,21.0,14.0,59.95409,47.0,6.0,10.089,0.0,134.0,59.035937,846.95,1104.0,2407.253005,0.0,735.5808000000001,0.0,0.0,90.395893,2788.708,0.0,181.696883,0.0,190.0,120.403159,-16.16,47.0,56.0,67.0,95.196085,-8.605248,1,4.0,Medium
4.0,0.0,0.0,0.0,0.0,0.0,0.0,0.0,0.0,0.0,0.0,0.0,0.0,0.0,0.0,4.0,4.0,0.0,0.0,9.0,0.0,0.0,0.0,0.0,0.0,0.0,0.0,0.0,21.0,8.0,59.222241,46.0,4.0,8.785699999999999,0.0,123.0,52.209252,799.1,1028.0,2317.1045970000005,0.0,679.7336,0.0,0.0,84.010777,2624.843,0.0,172.07471600000002,0.0,177.0,114.331202,-15.75,46.0,54.0,46.0,78.25731400000001,-8.53374,1,4.0,Medium
0.0,5.0,0.0,0.0,5.0,0.0,0.0,0.0,0.0,0.0,0.0,0.0,0.0,0.0,0.0,2.0,10.0,0.0,0.0,0.0,0.0,0.0,0.0,0.0,0.0,0.0,0.0,0.0,22.0,17.0,58.420473,41.0,15.0,-9.832,0.0,132.0,58.54519499999999,931.76,1124.0,2486.967955,0.0,741.2650999999998,0.0,0.0,95.39501,2870.701,0.0,190.120895,0.0,193.0,124.549287,-16.41,41.0,61.0,61.0,89.367157,-8.724337,1,1.0,Medium
0.0,0.0,0.0,0.0,0.0,0.0,0.0,0.0,0.0,6.0,0.0,0.0,0.0,0.0,0.0,0.0,4.0,6.0,0.0,0.0,0.0,0.0,5.0,0.0,0.0,0.0,0.0,0.0,21.0,6.0,63.734933,48.0,6.0,17.859299999999998,6.0,180.0,82.294289,689.6400000000001,1350.0,3167.2489530000003,0.0,913.2312,6.0,6.0,89.87992,3330.4860000000003,0.0,205.38696600000003,2.0,234.0,150.502752,-17.07,48.0,54.0,87.0,108.92076799999998,-8.721947,0,6.0,High
0.0,0.0,3.0,0.0,0.0,0.0,0.0,0.0,0.0,3.0,0.0,0.0,0.0,0.0,0.0,0.0,11.0,4.0,0.0,0.0,0.0,0.0,0.0,0.0,0.0,0.0,0.0,0.0,21.0,9.0,54.736533,42.0,9.0,-7.971600000000001,3.0,116.0,51.236382,836.76,978.0,2161.3692960000003,0.0,628.7665,3.0,3.0,85.55433,2490.184,0.0,156.005366,-5.0,170.0,104.219247,-16.080000000000002,42.0,54.0,51.0,76.885982,-8.684063,2,0.0,Low
3.0,0.0,0.0,0.0,0.0,0.0,0.0,0.0,0.0,0.0,0.0,0.0,0.0,0.0,0.0,4.0,3.0,0.0,0.0,0.0,0.0,11.0,0.0,0.0,0.0,0.0,0.0,0.0,21.0,7.0,66.44718699999999,46.0,3.0,17.413299999999996,0.0,139.0,57.558953,757.6300000000001,1110.0,2674.8126620000003,0.0,746.6245,0.0,0.0,86.699522,2797.799,0.0,183.118537,0.0,191.0,127.211626,-16.0,46.0,52.0,35.0,72.146424,-8.527391,1,4.0,Medium
5.0,0.0,0.0,5.0,0.0,0.0,0.0,0.0,0.0,0.0,0.0,0.0,0.0,0.0,0.0,2.0,10.0,0.0,0.0,0.0,0.0,0.0,0.0,0.0,0.0,0.0,0.0,0.0,22.0,12.0,56.559583,46.0,10.0,-11.582,0.0,122.0,54.16427,917.76,1064.0,2287.475705,0.0,685.0616,0.0,0.0,94.60236,2735.351,0.0,180.120895,0.0,183.0,115.388097,-16.41,46.0,61.0,61.0,89.588587,-8.632542,1,4.0,Medium
0.0,0.0,0.0,0.0,0.0,0.0,0.0,0.0,0.0,6.0,0.0,0.0,0.0,0.0,0.0,6.0,6.0,0.0,0.0,0.0,0.0,0.0,4.0,0.0,0.0,0.0,0.0,0.0,22.0,12.0,66.919364,56.0,6.0,1.535,6.0,162.0,73.71992399999999,864.98,1288.0,3035.8276020000003,0.0,837.6270000000001,6.0,6.0,88.12952600000001,3201.96,0.0,194.356966,0.0,224.0,138.508814,-18.1,56.0,62.0,76.0,98.711936,-8.78786,1,4.0,Medium
5.0,0.0,0.0,0.0,5.0,0.0,0.0,0.0,0.0,0.0,0.0,0.0,0.0,0.0,0.0,7.0,4.0,0.0,0.0,0.0,0.0,0.0,0.0,0.0,0.0,0.0,0.0,0.0,21.0,17.0,56.161888000000005,49.0,10.0,-0.7408000000000006,0.0,144.0,64.443918,909.63,1216.0,2738.844437,0.0,804.0816,0.0,0.0,94.77441,3100.0060000000003,0.0,205.710895,6.0,208.0,135.409963,-15.82,49.0,64.0,70.0,100.684331,-8.776436,1,4.0,Medium
0.0,0.0,0.0,0.0,0.0,0.0,6.0,0.0,0.0,0.0,5.0,0.0,0.0,0.0,0.0,5.0,6.0,0.0,0.0,0.0,0.0,0.0,0.0,0.0,0.0,0.0,0.0,0.0,22.0,11.0,71.784244,54.0,6.0,-4.373900000000001,0.0,137.0,61.38073299999999,835.52,1138.0,2318.715325,0.0,732.1692,0.0,0.0,93.881364,2831.383,0.0,178.98,0.0,197.0,120.75977500000002,-18.02,54.0,60.0,82.0,102.162351,-8.624387,1,4.0,Medium
5.0,2.0,0.0,0.0,0.0,0.0,0.0,0.0,0.0,3.0,0.0,0.0,0.0,0.0,0.0,0.0,11.0,0.0,0.0,0.0,0.0,0.0,0.0,0.0,0.0,0.0,0.0,0.0,21.0,12.0,41.486657,43.0,12.0,-17.2605,3.0,105.0,46.7972,944.52,968.0,2117.6989510000003,0.0,613.2452,3.0,3.0,86.145047,2546.807,0.0,165.091736,-1.0,167.0,102.905155,-15.080000000000002,43.0,62.0,44.0,80.110419,-8.619766,1,2.0,Medium
5.0,4.0,0.0,0.0,0.0,0.0,0.0,0.0,0.0,0.0,0.0,0.0,0.0,0.0,0.0,4.0,9.0,0.0,0.0,0.0,0.0,0.0,0.0,0.0,0.0,0.0,0.0,0.0,22.0,17.0,42.419441,44.0,13.0,-13.090700000000002,0.0,105.0,46.060677,1043.95,1000.0,2097.352163,0.0,643.4589,0.0,0.0,94.147952,2655.7830000000004,0.0,180.065611,0.0,171.0,107.142735,-15.29,44.0,66.0,48.0,89.254625,-8.578109,1,3.0,Medium
6.0,0.0,0.0,0.0,0.0,4.0,0.0,0.0,0.0,0.0,0.0,0.0,0.0,0.0,0.0,0.0,8.0,0.0,0.0,0.0,0.0,0.0,0.0,0.0,0.0,0.0,4.0,0.0,22.0,26.0,48.775936,68.0,10.0,-21.3156,4.0,140.0,64.77501799999999,1270.36,1304.0,3174.884856,0.0,802.0602,4.0,4.0,98.607276,3370.228,0.0,215.44793400000003,2.0,224.0,136.325018,-17.0,68.0,84.0,66.0,101.95669,-8.666842,1,3.0,Medium
0.0,0.0,0.0,0.0,0.0,0.0,0.0,5.0,0.0,2.0,0.0,0.0,0.0,0.0,0.0,5.0,9.0,0.0,0.0,0.0,0.0,0.0,0.0,0.0,0.0,0.0,0.0,0.0,21.0,12.0,65.943683,49.0,7.0,-16.8672,2.0,112.0,49.144047,827.46,962.0,2113.275397,0.0,599.6099,2.0,2.0,81.861224,2411.696,0.0,147.002322,-2.0,168.0,100.25856,-17.15,49.0,56.0,52.0,70.665077,-8.627201,1,3.0,Medium
0.0,0.0,0.0,0.0,0.0,0.0,2.0,0.0,0.0,5.0,0.0,0.0,0.0,0.0,0.0,4.0,10.0,0.0,0.0,0.0,0.0,0.0,0.0,0.0,0.0,0.0,0.0,0.0,21.0,11.0,62.81918399999999,51.0,7.0,-16.0004,5.0,122.0,54.948417000000006,848.75,1028.0,2359.010724,0.0,640.3891000000001,5.0,5.0,76.284243,2576.9080000000004,0.0,153.150805,-3.0,180.0,106.780886,-17.23,51.0,58.0,54.0,74.157634,-8.70804,1,1.0,Medium
0.0,0.0,0.0,0.0,0.0,4.0,0.0,4.0,0.0,0.0,0.0,0.0,0.0,0.0,0.0,4.0,9.0,0.0,0.0,0.0,0.0,0.0,0.0,0.0,0.0,0.0,0.0,0.0,21.0,12.0,68.787773,46.0,8.0,-16.8661,0.0,111.0,48.019088,793.21,948.0,2064.888395,0.0,597.4088,0.0,0.0,87.46422,2369.727,0.0,147.93,-1.0,165.0,100.760646,-17.07,46.0,54.0,53.0,69.653238,-8.630346,1,2.0,Medium
0.0,0.0,0.0,0.0,0.0,0.0,0.0,4.0,0.0,3.0,0.0,0.0,0.0,0.0,0.0,0.0,10.0,4.0,0.0,0.0,0.0,0.0,0.0,0.0,0.0,0.0,0.0,0.0,21.0,7.0,64.311188,45.0,7.0,-10.651,3.0,120.0,52.887117,749.3700000000001,984.0,2179.3471600000003,0.0,626.5659,3.0,3.0,81.514903,2456.892,0.0,149.238483,-3.0,172.0,104.67338,-16.990000000000002,45.0,52.0,54.0,72.646696,-8.652543,1,1.0,Medium
0.0,0.0,3.0,0.0,0.0,0.0,0.0,0.0,4.0,0.0,0.0,0.0,0.0,0.0,0.0,5.0,9.0,0.0,0.0,0.0,0.0,0.0,0.0,0.0,0.0,0.0,0.0,0.0,21.0,19.0,59.424026,40.0,14.0,-13.1586,0.0,114.0,51.181666,898.2,990.0,2065.640164,0.0,643.9350000000001,0.0,0.0,89.21978299999999,2514.2790000000005,0.0,162.656883,-2.0,171.0,105.42385,-16.2,40.0,57.0,60.0,84.25376800000001,-8.656283,1,1.0,Medium
4.0,0.0,0.0,0.0,0.0,0.0,4.0,0.0,0.0,0.0,0.0,0.0,0.0,0.0,0.0,4.0,10.0,0.0,0.0,0.0,0.0,0.0,0.0,0.0,0.0,0.0,0.0,0.0,22.0,12.0,59.234782,48.0,8.0,-12.746200000000002,0.0,114.0,50.19533199999999,926.14,1008.0,2094.540294,0.0,638.8504,0.0,0.0,89.01078799999999,2586.626,0.0,168.124716,-2.0,174.0,106.745864,-16.700000000000003,48.0,60.0,58.0,85.301716,-8.552384,1,3.0,Medium
0.0,0.0,0.0,0.0,8.0,0.0,0.0,0.0,0.0,0.0,0.0,0.0,0.0,0.0,0.0,4.0,8.0,2.0,0.0,0.0,0.0,0.0,0.0,0.0,0.0,0.0,0.0,0.0,22.0,12.0,77.174494,48.0,8.0,2.0411999999999995,0.0,160.0,70.64962,805.68,1252.0,2880.927378,0.0,829.4268000000001,0.0,0.0,93.432092,3088.0400000000004,0.0,198.14,0.0,216.0,140.37774,-17.86,48.0,56.0,76.0,91.523962,-8.724742,1,3.0,Medium
0.0,0.0,0.0,0.0,0.0,0.0,0.0,5.0,0.0,3.0,0.0,0.0,0.0,0.0,0.0,3.0,11.0,0.0,0.0,0.0,0.0,0.0,0.0,0.0,0.0,0.0,0.0,0.0,22.0,11.0,67.643129,50.0,8.0,-20.1978,3.0,116.0,51.059468,854.6300000000001,994.0,2199.572093,0.0,616.456,3.0,3.0,84.717701,2493.778,0.0,150.288483,-3.0,174.0,103.364898,-17.94,50.0,58.0,52.0,71.30500099999999,-8.6645,1,2.0,Medium
5.0,0.0,0.0,0.0,0.0,0.0,2.0,0.0,0.0,3.0,0.0,0.0,0.0,0.0,0.0,0.0,11.0,0.0,0.0,0.0,0.0,0.0,0.0,0.0,0.0,0.0,0.0,0.0,21.0,10.0,48.29192499999999,45.0,10.0,-16.6647,3.0,111.0,49.71218,892.52,988.0,2150.7944270000003,0.0,623.727,3.0,3.0,84.768489,2560.015,0.0,163.099378,-1.0,171.0,104.841077,-15.660000000000002,45.0,60.0,50.0,80.662303,-8.626488,1,2.0,Medium
0.0,0.0,5.0,0.0,0.0,0.0,0.0,0.0,0.0,0.0,0.0,0.0,0.0,0.0,0.0,4.0,5.0,0.0,0.0,8.0,0.0,0.0,0.0,0.0,0.0,0.0,0.0,0.0,22.0,14.0,58.779621,43.0,10.0,5.7788,0.0,130.0,56.266467000000006,880.87,1094.0,2430.486578,0.0,733.0102,0.0,0.0,97.858645,2799.57,0.0,184.804805,0.0,188.0,121.695161,-16.29,43.0,58.0,53.0,88.01664199999999,-8.6814785,1,3.0,Medium
0.0,0.0,0.0,0.0,0.0,4.0,0.0,0.0,0.0,0.0,0.0,0.0,0.0,0.0,0.0,5.0,5.0,0.0,0.0,0.0,0.0,0.0,0.0,0.0,8.0,0.0,0.0,0.0,22.0,9.0,70.451686,49.0,4.0,29.1943,0.0,197.0,90.033137,766.66,1456.0,2974.494835,0.0,998.1168,0.0,0.0,162.270852,3561.9700000000003,0.0,232.26,-1.0,250.0,160.71421700000002,-17.74,49.0,53.0,132.0,153.883004,-8.550193,1,2.0,Medium
0.0,0.0,0.0,0.0,6.0,0.0,0.0,0.0,0.0,0.0,0.0,0.0,0.0,0.0,0.0,4.0,9.0,0.0,2.0,0.0,0.0,0.0,0.0,0.0,0.0,0.0,0.0,0.0,21.0,10.0,72.051637,46.0,6.0,-1.4315000000000002,0.0,137.0,59.859968,784.33,1092.0,2449.2567470000004,0.0,711.6474000000001,0.0,0.0,87.394132,2702.3830000000003,0.0,172.01,-3.0,189.0,119.94836,-16.990000000000002,46.0,52.0,65.0,80.44701,-8.656052,1,3.0,Medium
3.0,0.0,0.0,0.0,0.0,0.0,5.0,0.0,0.0,4.0,0.0,0.0,0.0,0.0,0.0,0.0,9.0,0.0,0.0,0.0,0.0,0.0,0.0,0.0,0.0,0.0,0.0,0.0,21.0,12.0,54.168151,46.0,12.0,-16.1064,4.0,130.0,59.945532,836.5699999999999,1102.0,2422.939709,0.0,708.1256000000001,4.0,4.0,85.769937,2801.651,0.0,175.063181,3.0,191.0,118.362466,-16.36,46.0,61.0,64.0,90.800684,-8.707156,1,3.0,Medium
0.0,0.0,3.0,0.0,0.0,0.0,0.0,0.0,0.0,0.0,0.0,0.0,0.0,0.0,0.0,4.0,9.0,0.0,0.0,6.0,0.0,0.0,0.0,0.0,0.0,0.0,0.0,0.0,22.0,10.0,64.303991,45.0,6.0,-1.0252000000000017,0.0,114.0,48.060285,875.31,970.0,2131.579982,0.0,626.8546000000001,0.0,0.0,88.457537,2468.106,0.0,159.06688300000002,-6.0,168.0,104.560015,-16.79,45.0,54.0,45.0,72.415478,-8.576004,2,0.0,Low
3.0,0.0,0.0,0.0,4.0,0.0,0.0,0.0,0.0,0.0,0.0,0.0,0.0,0.0,0.0,5.0,9.0,0.0,0.0,0.0,0.0,0.0,0.0,0.0,0.0,0.0,0.0,0.0,21.0,12.0,61.48094999999999,47.0,7.0,-6.671500000000001,0.0,123.0,53.594632,878.5999999999999,1044.0,2319.974235,0.0,670.9571,0.0,0.0,86.606752,2647.41,0.0,171.918537,-2.0,180.0,113.312816,-16.2,47.0,57.0,57.0,80.340553,-8.647813,1,3.0,Medium
4.0,0.0,0.0,0.0,0.0,0.0,4.0,0.0,0.0,0.0,4.0,0.0,0.0,0.0,0.0,0.0,9.0,0.0,0.0,0.0,0.0,0.0,0.0,0.0,0.0,0.0,0.0,0.0,21.0,8.0,54.589273,46.0,8.0,-9.0521,0.0,115.0,50.98642,842.01,1004.0,2006.416759,0.0,642.8072,0.0,0.0,92.127148,2571.679,0.0,167.914716,-1.0,173.0,107.126874,-15.91,46.0,58.0,65.0,92.592722,-8.583291,1,3.0,Medium
3.0,0.0,0.0,0.0,2.0,0.0,0.0,0.0,0.0,0.0,0.0,0.0,0.0,0.0,0.0,5.0,11.0,0.0,0.0,0.0,0.0,0.0,0.0,0.0,0.0,0.0,0.0,0.0,21.0,10.0,60.05682999999999,47.0,5.0,-10.4417,0.0,105.0,44.723412,897.38,924.0,2004.477023,0.0,577.6157000000001,0.0,0.0,81.879148,2360.862,0.0,151.998537,-6.0,160.0,97.32969,-16.12,47.0,55.0,47.0,70.150665,-8.520108,2,0.0,Low
0.0,3.0,0.0,0.0,0.0,0.0,0.0,0.0,0.0,0.0,0.0,0.0,0.0,0.0,0.0,5.0,9.0,5.0,0.0,0.0,0.0,0.0,0.0,0.0,0.0,0.0,0.0,0.0,22.0,11.0,62.375835,46.0,6.0,-1.6531000000000002,0.0,115.0,49.301686,895.54,982.0,2101.4226040000003,0.0,633.0154,0.0,0.0,84.93693400000001,2498.132,0.0,161.288537,-6.0,170.0,104.442621,-16.83,46.0,55.0,53.0,79.031998,-8.544722,2,0.0,Low
0.0,0.0,5.0,0.0,0.0,5.0,0.0,0.0,0.0,0.0,0.0,0.0,0.0,0.0,0.0,4.0,10.0,0.0,0.0,0.0,0.0,0.0,0.0,0.0,0.0,0.0,0.0,0.0,24.0,19.0,62.610336,47.0,15.0,-15.4715,0.0,129.0,56.84484500000001,1024.82,1138.0,2471.886105,0.0,737.9476999999999,0.0,0.0,111.82138999999998,2920.5820000000003,0.0,191.024805,0.0,196.0,123.081384,-18.07,47.0,67.0,62.0,93.929709,-8.661493,1,2.0,Medium
0.0,0.0,0.0,0.0,0.0,0.0,6.0,0.0,0.0,0.0,2.0,0.0,0.0,0.0,0.0,0.0,10.0,0.0,0.0,3.0,0.0,0.0,0.0,0.0,0.0,0.0,0.0,0.0,21.0,6.0,69.47387499999999,44.0,6.0,-6.888700000000001,0.0,119.0,52.15219799999999,735.6999999999999,972.0,2001.389019,0.0,623.8702000000001,0.0,0.0,83.44790900000001,2416.891,0.0,152.09,-4.0,169.0,104.149732,-16.91,44.0,50.0,62.0,78.75870599999999,-8.586989,2,0.0,Low
0.0,0.0,0.0,0.0,6.0,0.0,0.0,0.0,0.0,5.0,0.0,0.0,0.0,0.0,0.0,0.0,6.0,5.0,0.0,0.0,0.0,0.0,0.0,0.0,0.0,0.0,0.0,0.0,22.0,11.0,69.68203500000001,49.0,11.0,3.0112,5.0,180.0,82.10607900000001,756.5699999999999,1386.0,3300.6121270000003,0.0,926.6557,5.0,5.0,92.789387,3424.584,0.0,212.360805,5.0,240.0,155.757906,-18.02,49.0,60.0,82.0,102.862321,-8.815596,1,4.0,Medium
0.0,0.0,0.0,0.0,0.0,5.0,0.0,0.0,0.0,0.0,0.0,0.0,0.0,0.0,0.0,4.0,10.0,2.0,0.0,0.0,0.0,0.0,0.0,0.0,0.0,0.0,0.0,0.0,21.0,9.0,69.235274,46.0,5.0,-10.3224,0.0,110.0,46.803858000000005,793.72,924.0,2044.3133520000004,0.0,582.0907,0.0,0.0,83.292701,2306.6230000000005,0.0,144.05,-5.0,161.0,98.028597,-16.95,46.0,51.0,50.0,66.164099,-8.5448265,2,0.0,Low
0.0,0.0,0.0,6.0,0.0,0.0,0.0,0.0,0.0,0.0,5.0,0.0,0.0,0.0,0.0,0.0,6.0,0.0,5.0,0.0,0.0,0.0,0.0,0.0,0.0,0.0,0.0,0.0,22.0,6.0,70.99383200000001,49.0,6.0,5.055199999999999,0.0,148.0,66.24175799999999,734.3700000000001,1174.0,2410.6023720000003,0.0,775.8972000000001,0.0,0.0,103.673482,2905.685,0.0,185.18,0.0,203.0,127.98188399999998,-17.82,49.0,55.0,87.0,107.299167,-8.587907,0,5.0,High
0.0,4.0,0.0,0.0,0.0,0.0,0.0,0.0,0.0,0.0,3.0,0.0,0.0,0.0,0.0,4.0,10.0,0.0,0.0,0.0,0.0,0.0,0.0,0.0,0.0,0.0,0.0,0.0,21.0,12.0,54.725865,45.0,8.0,-10.7591,0.0,99.0,42.435774,920.97,902.0,1856.940987,0.0,567.7293999999999,0.0,0.0,85.31612200000001,2326.208,0.0,150.954716,-6.0,156.0,93.78691,-15.87,45.0,57.0,49.0,76.762333,-8.539925,2,0.0,Low
0.0,0.0,4.0,0.0,0.0,0.0,2.0,0.0,0.0,0.0,0.0,0.0,0.0,0.0,0.0,4.0,11.0,0.0,0.0,0.0,0.0,0.0,0.0,0.0,0.0,0.0,0.0,0.0,21.0,14.0,55.634319,42.0,10.0,-13.252100000000002,0.0,103.0,45.006078,915.99,920.0,1913.4699290000003,0.0,584.5898000000001,0.0,0.0,89.456134,2365.357,0.0,153.645844,-5.0,159.0,96.683488,-15.830000000000002,42.0,56.0,51.0,77.064972,-8.588876,1,1.0,Medium
8.0,0.0,0.0,0.0,0.0,0.0,0.0,0.0,0.0,0.0,0.0,0.0,0.0,0.0,0.0,3.0,8.0,3.0,0.0,0.0,0.0,0.0,0.0,0.0,0.0,0.0,0.0,0.0,22.0,11.0,45.757994,47.0,8.0,-4.455000000000002,0.0,114.0,49.618059,971.05,1034.0,2180.708999,0.0,668.4602000000001,0.0,0.0,93.99125800000002,2718.487,0.0,183.149432,0.0,177.0,111.854849,-15.5,47.0,63.0,53.0,92.160025,-8.563338,1,4.0,Medium
2.0,2.0,0.0,0.0,0.0,0.0,0.0,0.0,0.0,0.0,0.0,0.0,0.0,0.0,0.0,4.0,14.0,0.0,0.0,0.0,0.0,0.0,0.0,0.0,0.0,0.0,0.0,0.0,22.0,10.0,58.443466,46.0,6.0,-16.4722,0.0,90.0,37.362644,969.3,840.0,1752.338058,0.0,511.497,0.0,0.0,82.227712,2179.886,0.0,140.284716,-10.0,146.0,85.615658,-16.54,46.0,56.0,38.0,63.97124,-8.588641,2,0.0,Low
0.0,0.0,0.0,0.0,6.0,0.0,0.0,0.0,0.0,0.0,0.0,0.0,0.0,0.0,0.0,0.0,6.0,0.0,0.0,0.0,0.0,0.0,6.0,0.0,0.0,0.0,6.0,0.0,24.0,30.0,79.34091,84.0,6.0,5.844000000000001,6.0,234.0,109.284324,1337.1,1884.0,4780.111121999999,0.0,1209.8994,6.0,6.0,112.8333,4655.844,0.0,291.67629,0.0,324.0,203.80191,-20.64,84.0,90.0,120.0,140.45839800000002,-8.582699,1,1.0,Medium
0.0,0.0,5.0,0.0,0.0,0.0,4.0,0.0,0.0,0.0,0.0,0.0,0.0,0.0,0.0,4.0,9.0,0.0,0.0,0.0,0.0,0.0,0.0,0.0,0.0,0.0,0.0,0.0,22.0,18.0,56.029977,43.0,14.0,-12.0836,0.0,122.0,54.944407,953.95,1070.0,2220.97331,0.0,697.7610000000001,0.0,0.0,100.203441,2747.414,0.0,180.644805,0.0,184.0,115.008869,-16.45,43.0,62.0,65.0,95.295918,-8.675295,1,3.0,Medium
0.0,2.0,0.0,0.0,0.0,0.0,2.0,0.0,0.0,0.0,0.0,0.0,0.0,0.0,0.0,4.0,14.0,0.0,0.0,0.0,0.0,0.0,0.0,0.0,0.0,0.0,0.0,0.0,22.0,10.0,65.248734,46.0,6.0,-16.730400000000003,0.0,96.0,40.499132,922.9,860.0,1785.433534,0.0,526.0802,0.0,0.0,80.851154,2191.126,0.0,138.292358,-10.0,150.0,87.735082,-17.12,46.0,54.0,44.0,64.523124,-8.535378,2,0.0,Low
5.0,0.0,0.0,0.0,0.0,0.0,5.0,0.0,0.0,5.0,0.0,0.0,0.0,0.0,0.0,0.0,7.0,0.0,0.0,0.0,0.0,0.0,0.0,0.0,0.0,0.0,0.0,0.0,22.0,15.0,49.83647499999999,49.0,15.0,-15.3914,5.0,146.0,68.274629,904.16,1246.0,2770.3580010000005,0.0,811.4254999999999,5.0,5.0,94.43027,3193.0550000000003,0.0,202.1817,8.0,215.0,135.574388,-16.73,49.0,69.0,72.0,106.689442,-8.735879,1,2.0,Medium
0.0,0.0,8.0,0.0,0.0,0.0,0.0,0.0,0.0,0.0,3.0,0.0,0.0,0.0,0.0,0.0,8.0,0.0,0.0,0.0,0.0,0.0,2.0,0.0,0.0,0.0,0.0,0.0,21.0,16.0,42.169377,37.0,16.0,-1.8611000000000024,0.0,125.0,56.28240399999999,934.15,1090.0,2236.303371,0.0,732.2874,0.0,0.0,112.028974,2834.9300000000003,0.0,192.241688,0.0,186.0,119.82039,-14.71,37.0,61.0,69.0,106.772449,-8.715517,1,4.0,Medium
0.0,0.0,5.0,0.0,0.0,0.0,4.0,0.0,0.0,3.0,0.0,0.0,0.0,0.0,0.0,0.0,12.0,0.0,0.0,0.0,0.0,0.0,0.0,0.0,0.0,0.0,0.0,0.0,24.0,17.0,58.301998,46.0,17.0,-18.6463,3.0,137.0,62.608564,1008.13,1186.0,2547.065949,0.0,768.4049000000001,3.0,3.0,106.598632,3040.781,0.0,194.213288,0.0,205.0,127.295083,-18.11,46.0,68.0,68.0,100.829644,-8.677963,1,3.0,Medium
0.0,0.0,3.0,0.0,0.0,0.0,2.0,0.0,0.0,0.0,0.0,0.0,0.0,0.0,0.0,0.0,5.0,11.0,0.0,0.0,0.0,0.0,0.0,0.0,0.0,0.0,0.0,0.0,21.0,8.0,59.266452,39.0,8.0,14.053399999999998,0.0,142.0,63.080419,721.6500000000001,1116.0,2371.113819,0.0,761.9778,0.0,0.0,93.304703,2802.962,0.0,183.936883,0.0,192.0,124.963277,-15.920000000000002,39.0,50.0,73.0,99.359159,-8.585894,1,3.0,Medium
3.0,2.0,0.0,0.0,0.0,0.0,0.0,0.0,0.0,0.0,0.0,0.0,0.0,0.0,0.0,5.0,12.0,0.0,0.0,0.0,0.0,0.0,0.0,0.0,0.0,0.0,0.0,0.0,22.0,12.0,55.427905,47.0,7.0,-14.4494,0.0,96.0,40.569482,989.51,896.0,1882.898856,0.0,554.7239,0.0,0.0,85.12964,2334.5470000000005,0.0,152.200895,-7.0,155.0,92.66845,-16.33,47.0,59.0,42.0,71.595657,-8.5549965,2,0.0,Low
0.0,0.0,0.0,0.0,0.0,0.0,0.0,0.0,6.0,0.0,4.0,0.0,0.0,0.0,0.0,0.0,6.0,0.0,0.0,0.0,0.0,0.0,6.0,0.0,0.0,0.0,0.0,0.0,22.0,12.0,74.06808,42.0,12.0,11.7546,0.0,172.0,78.507572,741.94,1312.0,2730.504084,0.0,897.0044,0.0,0.0,104.65573,3220.4300000000003,0.0,208.22,0.0,226.0,146.073532,-17.78,42.0,54.0,104.0,121.015762,-8.64843,1,3.0,Medium
0.0,0.0,5.0,0.0,0.0,0.0,0.0,0.0,0.0,0.0,2.0,0.0,0.0,0.0,0.0,4.0,0.0,10.0,0.0,0.0,0.0,0.0,0.0,0.0,0.0,0.0,0.0,0.0,21.0,14.0,52.768632,43.0,10.0,19.6167,0.0,153.0,68.780355,803.88,1234.0,2642.927339,0.0,850.7622,0.0,0.0,103.560085,3129.247,0.0,208.514805,5.0,211.0,138.593043,-15.58,43.0,58.0,82.0,117.085052,-8.669941,1,3.0,Medium
2.0,0.0,0.0,0.0,0.0,0.0,4.0,0.0,0.0,0.0,0.0,0.0,0.0,0.0,0.0,5.0,11.0,0.0,0.0,0.0,0.0,0.0,0.0,0.0,0.0,0.0,0.0,0.0,22.0,11.0,65.833636,49.0,6.0,-13.2647,0.0,111.0,48.316255,904.92,968.0,2018.092629,0.0,605.361,0.0,0.0,84.760572,2454.568,0.0,156.172358,-5.0,168.0,100.992511,-17.240000000000002,49.0,57.0,56.0,77.756102,-8.540478,2,0.0,Low
3.0,2.0,0.0,0.0,0.0,0.0,0.0,0.0,0.0,5.0,0.0,0.0,0.0,0.0,0.0,0.0,12.0,0.0,0.0,0.0,0.0,0.0,0.0,0.0,0.0,0.0,0.0,0.0,22.0,12.0,48.84733,47.0,12.0,-19.8354,5.0,116.0,52.178392,956.71,1036.0,2342.605206,0.0,651.2084,5.0,5.0,85.951425,2685.1220000000003,0.0,167.3817,-2.0,180.0,109.115755,-16.53,47.0,64.0,47.0,80.026347,-8.688297,1,2.0,Medium
0.0,0.0,3.0,0.0,0.0,0.0,0.0,0.0,0.0,0.0,0.0,0.0,0.0,0.0,0.0,5.0,10.0,0.0,0.0,0.0,0.0,4.0,0.0,0.0,0.0,0.0,0.0,0.0,22.0,11.0,64.747959,46.0,6.0,-3.472700000000001,0.0,113.0,47.232642,909.37,970.0,2160.2207230000004,0.0,621.3014000000001,0.0,0.0,89.307019,2469.07,0.0,159.026883,-7.0,168.0,104.034688,-16.83,46.0,55.0,41.0,69.809686,-8.602047,2,0.0,Low
0.0,0.0,3.0,0.0,0.0,0.0,3.0,0.0,0.0,0.0,0.0,0.0,0.0,0.0,0.0,6.0,10.0,0.0,0.0,0.0,0.0,0.0,0.0,0.0,0.0,0.0,0.0,0.0,22.0,15.0,62.620246,47.0,9.0,-12.0706,0.0,114.0,50.091806000000005,942.92,1000.0,2097.560985,0.0,635.7273,0.0,0.0,91.251894,2547.165,0.0,163.866883,-4.0,173.0,105.11345,-16.990000000000002,47.0,59.0,58.0,83.010415,-8.587185,2,0.0,Low
5.0,0.0,0.0,0.0,0.0,0.0,0.0,0.0,0.0,0.0,6.0,0.0,0.0,0.0,0.0,0.0,5.0,5.0,0.0,0.0,0.0,0.0,0.0,0.0,0.0,0.0,0.0,0.0,21.0,5.0,50.789608,48.0,5.0,7.5001,0.0,127.0,55.610785,815.03,1078.0,2196.757622,0.0,709.1995,0.0,0.0,96.50245,2764.425,0.0,182.950895,0.0,185.0,117.360867,-15.579999999999998,48.0,58.0,70.0,103.410364,-8.575635,1,4.0,Medium
0.0,6.0,0.0,0.0,0.0,0.0,0.0,0.0,0.0,0.0,0.0,0.0,0.0,0.0,0.0,4.0,6.0,0.0,0.0,0.0,0.0,0.0,5.0,0.0,0.0,0.0,0.0,0.0,21.0,16.0,51.378321,40.0,12.0,6.590699999999998,0.0,138.0,61.762413,898.8399999999999,1146.0,2478.667037,0.0,775.015,0.0,0.0,96.671838,2932.2960000000003,0.0,196.987074,0.0,196.0,127.096808,-15.25,40.0,58.0,71.0,102.948888,-8.730577,1,3.0,Medium
3.0,0.0,0.0,0.0,0.0,0.0,0.0,0.0,0.0,0.0,0.0,0.0,0.0,0.0,0.0,5.0,3.0,11.0,0.0,0.0,0.0,0.0,0.0,0.0,0.0,0.0,0.0,0.0,22.0,8.0,63.021819,49.0,3.0,17.5289,0.0,145.0,63.38389599999999,804.1600000000001,1162.0,2529.257872,0.0,779.7253000000001,0.0,0.0,90.427402,2927.942,0.0,191.288537,0.0,200.0,128.431188,-16.830000000000002,49.0,55.0,71.0,100.091632,-8.477659,1,4.0,Medium
0.0,0.0,0.0,0.0,0.0,0.0,3.0,0.0,0.0,0.0,10.0,0.0,0.0,0.0,0.0,5.0,3.0,0.0,0.0,0.0,0.0,0.0,0.0,0.0,0.0,0.0,0.0,0.0,21.0,8.0,67.131292,57.0,3.0,3.6988,0.0,136.0,60.412904000000005,800.56,1134.0,2273.677465,0.0,730.5990999999999,0.0,0.0,96.081407,2822.324,0.0,178.69,0.0,196.0,119.82138,-17.31,57.0,60.0,86.0,108.497333,-8.554604,1,4.0,Medium
0.0,0.0,0.0,0.0,0.0,0.0,4.0,0.0,0.0,0.0,0.0,0.0,0.0,0.0,0.0,4.0,6.0,7.0,0.0,0.0,0.0,0.0,0.0,0.0,0.0,0.0,0.0,0.0,21.0,8.0,69.602845,46.0,4.0,5.8276,0.0,134.0,59.125824,733.96,1062.0,2261.756753,0.0,699.697,0.0,0.0,82.670142,2631.28,0.0,167.09,-2.0,184.0,115.37784,-16.91,46.0,50.0,70.0,88.12305500000001,-8.537266,1,3.0,Medium
0.0,0.0,0.0,0.0,0.0,0.0,8.0,0.0,0.0,0.0,4.0,0.0,0.0,0.0,0.0,0.0,8.0,3.0,0.0,0.0,0.0,0.0,0.0,0.0,0.0,0.0,0.0,0.0,23.0,8.0,74.932411,50.0,8.0,-2.7734000000000005,0.0,148.0,66.676976,787.9799999999999,1190.0,2398.352151,0.0,778.8126000000001,0.0,0.0,98.539266,2949.698,0.0,187.35,0.0,206.0,128.69954,-18.65,50.0,58.0,88.0,107.269359,-8.636966,1,4.0,Medium
4.0,0.0,0.0,0.0,0.0,0.0,0.0,0.0,0.0,0.0,3.0,0.0,0.0,0.0,0.0,4.0,11.0,0.0,0.0,0.0,0.0,0.0,0.0,0.0,0.0,0.0,0.0,0.0,22.0,8.0,57.93066999999999,51.0,4.0,-10.128800000000002,0.0,102.0,43.09793,949.9,930.0,1912.85439,0.0,574.7306,0.0,0.0,88.526122,2401.199,0.0,155.164716,-7.0,161.0,96.02086,-16.660000000000004,51.0,59.0,50.0,78.283859,-8.480643,2,0.0,Low
0.0,0.0,0.0,0.0,0.0,0.0,3.0,0.0,0.0,6.0,0.0,0.0,0.0,0.0,0.0,4.0,9.0,0.0,0.0,0.0,0.0,0.0,0.0,0.0,0.0,0.0,0.0,0.0,22.0,13.0,65.09494699999999,54.0,9.0,-16.2616,6.0,138.0,63.150453,879.3299999999999,1150.0,2653.973933,0.0,725.4085,6.0,6.0,81.872249,2878.3590000000004,0.0,171.31696599999998,0.0,201.0,120.78380500000002,-18.14,54.0,63.0,63.0,85.265657,-8.744994,1,4.0,Medium
0.0,4.0,0.0,0.0,0.0,0.0,5.0,0.0,0.0,0.0,0.0,0.0,0.0,0.0,0.0,4.0,9.0,0.0,0.0,0.0,0.0,0.0,0.0,0.0,0.0,0.0,0.0,0.0,22.0,17.0,59.432611,44.0,13.0,-13.7362,0.0,120.0,53.901897,927.95,1050.0,2180.090853,0.0,679.9169,0.0,0.0,90.706557,2683.883,0.0,175.084716,0.0,181.0,112.441295,-16.74,44.0,61.0,63.0,90.634335,-8.652154,1,3.0,Medium
2.0,0.0,0.0,0.0,0.0,0.0,4.0,0.0,0.0,0.0,0.0,0.0,0.0,0.0,0.0,5.0,10.0,0.0,0.0,0.0,0.0,0.0,0.0,0.0,0.0,0.0,0.0,0.0,21.0,11.0,62.62883099999999,47.0,6.0,-12.187,0.0,108.0,47.211083,864.79,940.0,1962.179226,0.0,590.1569999999999,0.0,0.0,81.55057199999999,2383.513,0.0,151.962358,-4.0,163.0,98.391557,-16.450000000000003,47.0,55.0,55.0,76.234576,-8.538563,1,1.0,Medium
0.0,0.0,3.0,0.0,0.0,0.0,0.0,0.0,0.0,0.0,3.0,0.0,0.0,0.0,0.0,3.0,12.0,0.0,0.0,0.0,0.0,0.0,0.0,0.0,0.0,0.0,0.0,0.0,21.0,9.0,57.741426,45.0,6.0,-11.1846,0.0,96.0,40.618182,897.96,864.0,1760.838306,0.0,536.3028,0.0,0.0,87.69935699999999,2214.612,0.0,141.776883,-9.0,150.0,88.763688,-16.08,45.0,54.0,48.0,72.100431,-8.544261,2,0.0,Low
0.0,0.0,0.0,7.0,0.0,0.0,0.0,0.0,0.0,0.0,0.0,0.0,0.0,0.0,0.0,0.0,7.0,4.0,0.0,0.0,0.0,0.0,0.0,0.0,0.0,0.0,4.0,0.0,22.0,23.0,70.044944,68.0,7.0,-8.019100000000002,4.0,171.0,79.70865699999999,1104.0100000000002,1424.0,3486.011954,0.0,899.9137,4.0,4.0,93.815384,3539.238,0.0,219.59086,0.0,246.0,151.298688,-18.62,68.0,75.0,89.0,108.094022,-8.82387,1,3.0,Medium
0.0,0.0,0.0,0.0,0.0,0.0,0.0,5.0,0.0,0.0,0.0,0.0,0.0,0.0,0.0,5.0,8.0,0.0,0.0,0.0,0.0,0.0,3.0,0.0,0.0,0.0,0.0,0.0,21.0,10.0,69.72698700000001,47.0,5.0,-3.864799999999999,0.0,125.0,54.480206,786.2900000000001,1020.0,2192.818947,0.0,657.3315,0.0,0.0,88.22836799999999,2535.043,0.0,160.01,-3.0,177.0,109.218086,-16.99,47.0,52.0,64.0,80.388813,-8.61353,1,3.0,Medium
5.0,0.0,0.0,0.0,0.0,0.0,0.0,0.0,0.0,0.0,0.0,0.0,0.0,0.0,6.0,0.0,5.0,0.0,0.0,0.0,0.0,0.0,6.0,0.0,0.0,0.0,0.0,0.0,22.0,17.0,59.32990099999999,44.0,11.0,13.7481,0.0,159.0,71.095023,924.13,1280.0,2855.961839,0.0,871.4014999999999,0.0,0.0,103.279072,3237.367,0.0,216.160895,0.0,219.0,143.254199,-16.369999999999997,44.0,60.0,80.0,110.455969,-8.723862,1,1.0,Medium
0.0,0.0,5.0,0.0,0.0,0.0,0.0,0.0,0.0,0.0,0.0,0.0,0.0,0.0,0.0,8.0,2.0,7.0,0.0,0.0,0.0,0.0,0.0,0.0,0.0,0.0,0.0,0.0,22.0,18.0,56.749285,47.0,10.0,10.6317,0.0,145.0,64.753227,920.3,1208.0,2624.144128,0.0,815.2644,0.0,0.0,101.897431,3076.995,0.0,203.644805,3.0,207.0,133.13925899999998,-16.45,47.0,62.0,74.0,108.805975,-8.732935,1,3.0,Medium
5.0,0.0,0.0,0.0,0.0,0.0,0.0,0.0,0.0,0.0,0.0,0.0,0.0,0.0,0.0,6.0,4.0,0.0,0.0,0.0,0.0,0.0,0.0,0.0,7.0,0.0,0.0,0.0,22.0,11.0,54.06849,50.0,5.0,27.579700000000003,0.0,183.0,83.829981,893.5,1424.0,2864.5888990000003,0.0,972.8493,0.0,0.0,155.189573,3580.927,0.0,240.160895,1.0,243.0,156.71624300000002,-16.37,50.0,60.0,121.0,156.442937,-8.610611,1,4.0,Medium
0.0,5.0,0.0,0.0,0.0,0.0,7.0,0.0,0.0,0.0,0.0,0.0,0.0,0.0,0.0,5.0,5.0,0.0,0.0,0.0,0.0,0.0,0.0,0.0,0.0,0.0,0.0,0.0,22.0,22.0,56.812708,44.0,17.0,-10.7044,0.0,138.0,63.746587000000005,932.18,1190.0,2481.752769,0.0,790.9218999999999,0.0,0.0,97.000023,3039.946,0.0,200.920895,7.0,204.0,130.242692,-16.61,44.0,66.0,77.0,108.92399,-8.764015,1,3.0,Medium
0.0,0.0,0.0,0.0,0.0,0.0,0.0,4.0,0.0,0.0,3.0,0.0,0.0,0.0,0.0,0.0,10.0,0.0,0.0,4.0,0.0,0.0,0.0,0.0,0.0,0.0,0.0,0.0,21.0,4.0,68.518829,45.0,4.0,-7.023900000000001,0.0,107.0,44.922446,736.0500000000001,894.0,1869.999991,0.0,564.4898000000001,0.0,0.0,84.32543,2232.52,0.0,139.13,-6.0,156.0,94.86559,-16.87,45.0,49.0,49.0,67.183525,-8.473675,2,0.0,Low
0.0,0.0,5.0,0.0,0.0,0.0,0.0,0.0,0.0,0.0,2.0,0.0,0.0,0.0,0.0,0.0,12.0,0.0,0.0,0.0,0.0,3.0,0.0,0.0,0.0,0.0,0.0,0.0,22.0,10.0,56.322654,41.0,10.0,-7.053100000000001,0.0,109.0,46.14753700000001,915.22,956.0,2025.202098,0.0,616.942,0.0,0.0,98.293019,2465.949,0.0,161.88480499999997,-7.0,165.0,102.885936,-16.21,41.0,56.0,45.0,77.259879,-8.68137,2,0.0,Low
0.0,0.0,0.0,0.0,4.0,0.0,0.0,0.0,0.0,0.0,4.0,0.0,0.0,0.0,0.0,4.0,9.0,0.0,0.0,0.0,0.0,0.0,0.0,0.0,0.0,0.0,0.0,0.0,21.0,8.0,70.222393,50.0,4.0,-3.069300000000001,0.0,127.0,54.939576,812.37,1044.0,2265.429571,0.0,666.366,0.0,0.0,87.334608,2594.063,0.0,163.93,-5.0,181.0,111.840866,-17.07,50.0,54.0,65.0,81.686274,-8.597379,2,0.0,Low
0.0,0.0,0.0,0.0,5.0,0.0,0.0,0.0,0.0,0.0,0.0,0.0,0.0,0.0,0.0,0.0,5.0,0.0,0.0,0.0,0.0,0.0,8.0,0.0,0.0,0.0,4.0,0.0,22.0,21.0,74.87424600000001,68.0,5.0,16.914099999999998,4.0,219.0,101.25991,1067.47,1700.0,4195.359164,0.0,1119.9942999999998,4.0,4.0,107.154826,4182.504000000001,0.0,265.67086,0.0,292.0,187.607363,-18.54,68.0,73.0,115.0,132.17168800000002,-8.718645,1,2.0,Medium
0.0,5.0,0.0,0.0,0.0,0.0,0.0,0.0,0.0,0.0,0.0,0.0,0.0,0.0,0.0,5.0,5.0,6.0,0.0,0.0,0.0,0.0,0.0,0.0,0.0,0.0,0.0,0.0,21.0,15.0,52.869084,42.0,10.0,3.248299999999998,0.0,123.0,54.211044,874.8,1048.0,2254.820721,0.0,698.534,0.0,0.0,87.410108,2687.398,0.0,177.990895,0.0,180.0,114.606569,-15.54,42.0,57.0,59.0,91.133765,-8.640232,1,3.0,Medium
0.0,0.0,0.0,0.0,6.0,0.0,0.0,0.0,0.0,0.0,0.0,0.0,0.0,0.0,0.0,5.0,5.0,0.0,0.0,0.0,0.0,0.0,5.0,0.0,0.0,0.0,0.0,0.0,21.0,11.0,75.068755,47.0,6.0,16.556399999999996,0.0,177.0,79.051252,749.24,1338.0,3072.699724,0.0,906.9572,0.0,0.0,97.068242,3283.4940000000006,0.0,212.97000000000003,1.0,230.0,151.667467,-17.029999999999998,47.0,53.0,91.0,105.74623,-8.604457,1,3.0,Medium
0.0,0.0,6.0,0.0,0.0,0.0,0.0,0.0,0.0,0.0,0.0,0.0,0.0,0.0,0.0,6.0,6.0,0.0,0.0,0.0,0.0,0.0,3.0,0.0,0.0,0.0,0.0,0.0,21.0,18.0,50.737101,42.0,12.0,2.4831000000000003,0.0,132.0,59.116953,939.3,1122.0,2413.004529,0.0,750.2766,0.0,0.0,103.12351199999998,2880.132,0.0,192.383766,0.0,192.0,122.836536,-15.329999999999998,42.0,60.0,69.0,101.85507,-8.740475,1,3.0,Medium
3.0,0.0,0.0,0.0,0.0,0.0,5.0,0.0,0.0,3.0,0.0,0.0,0.0,0.0,0.0,0.0,10.0,0.0,0.0,0.0,0.0,0.0,0.0,0.0,0.0,0.0,0.0,0.0,21.0,11.0,55.295022,45.0,11.0,-16.204900000000002,3.0,123.0,56.112217,836.73,1050.0,2269.4404620000005,0.0,671.1739,3.0,3.0,85.08770000000001,2672.4480000000003,0.0,168.06702,1.0,182.0,112.288928,-16.28,45.0,59.0,61.0,86.546806,-8.685256,1,4.0,Medium
0.0,3.0,0.0,0.0,0.0,0.0,0.0,0.0,0.0,3.0,0.0,0.0,0.0,0.0,0.0,5.0,11.0,0.0,0.0,0.0,0.0,0.0,0.0,0.0,0.0,0.0,0.0,0.0,22.0,14.0,58.456902,49.0,9.0,-16.275100000000002,3.0,111.0,48.789571,964.21,988.0,2205.3909550000003,0.0,616.4855,3.0,3.0,82.408255,2530.0260000000003,0.0,157.27702,-5.0,172.0,102.443385,-17.07,49.0,61.0,47.0,74.243937,-8.680008,2,0.0,Low
4.0,0.0,0.0,0.0,0.0,0.0,6.0,0.0,0.0,0.0,0.0,0.0,0.0,0.0,0.0,4.0,7.0,0.0,0.0,0.0,0.0,0.0,0.0,0.0,0.0,0.0,0.0,0.0,21.0,14.0,56.425635,46.0,10.0,-10.232500000000002,0.0,123.0,55.61725799999999,867.23,1064.0,2209.728009,0.0,689.3738,0.0,0.0,89.192326,2717.957,0.0,177.834716,3.0,183.0,114.801764,-15.989999999999998,46.0,60.0,67.0,94.445428,-8.698647,1,3.0,Medium
0.0,0.0,0.0,0.0,0.0,0.0,5.0,0.0,0.0,0.0,4.0,0.0,0.0,0.0,0.0,0.0,8.0,0.0,0.0,0.0,0.0,0.0,4.0,0.0,0.0,0.0,0.0,0.0,21.0,5.0,69.645738,46.0,5.0,5.876699999999998,0.0,145.0,64.805801,722.0600000000001,1134.0,2331.3454260000003,0.0,748.8825,0.0,0.0,94.595549,2799.5840000000003,0.0,179.05,-3.0,196.0,123.522577,-16.95,46.0,51.0,86.0,102.007289,-8.576306,1,3.0,Medium
0.0,0.0,0.0,0.0,0.0,0.0,5.0,0.0,0.0,2.0,0.0,0.0,0.0,0.0,0.0,4.0,11.0,0.0,0.0,0.0,0.0,0.0,0.0,0.0,0.0,0.0,0.0,0.0,22.0,11.0,69.998089,50.0,7.0,-15.219600000000002,2.0,122.0,54.344291,861.19,1026.0,2211.0780630000004,0.0,643.3291,2.0,2.0,82.534839,2563.933,0.0,157.252322,-4.0,179.0,107.146507,-17.9,50.0,57.0,61.0,78.915383,-8.661435,2,0.0,Low
0.0,0.0,0.0,0.0,0.0,0.0,6.0,0.0,0.0,0.0,3.0,0.0,0.0,0.0,0.0,5.0,7.0,0.0,0.0,0.0,0.0,0.0,0.0,0.0,0.0,0.0,0.0,0.0,21.0,11.0,68.921303,50.0,6.0,-6.955800000000001,0.0,126.0,56.304365,804.5899999999999,1050.0,2155.791034,0.0,672.0752,0.0,0.0,86.472424,2614.098,0.0,164.85,-1.0,182.0,111.099685,-17.15,50.0,56.0,73.0,91.099079,-8.616296,1,3.0,Medium
0.0,0.0,7.0,0.0,0.0,0.0,0.0,0.0,0.0,0.0,0.0,0.0,0.0,0.0,0.0,4.0,7.0,0.0,0.0,4.0,0.0,0.0,0.0,0.0,0.0,0.0,0.0,0.0,22.0,18.0,50.599531,41.0,14.0,-2.968,0.0,122.0,53.690457,969.41,1074.0,2315.606546,0.0,714.1378000000001,0.0,0.0,103.931043,2788.338,0.0,186.542727,0.0,184.0,117.830307,-15.79,41.0,62.0,55.0,93.079406,-8.701602,1,3.0,Medium
4.0,2.0,0.0,0.0,0.0,0.0,0.0,0.0,0.0,0.0,0.0,0.0,0.0,0.0,0.0,6.0,10.0,0.0,0.0,0.0,0.0,0.0,0.0,0.0,0.0,0.0,0.0,0.0,22.0,14.0,52.412344,48.0,8.0,-12.4266,0.0,102.0,43.77632,1009.72,952.0,2013.459654,0.0,597.9508000000001,0.0,0.0,88.031568,2489.208,0.0,164.117074,-4.0,164.0,99.721242,-16.119999999999997,48.0,62.0,46.0,79.220074,-8.545269,2,0.0,Low
0.0,0.0,0.0,4.0,0.0,0.0,0.0,0.0,0.0,0.0,4.0,0.0,0.0,0.0,0.0,0.0,8.0,0.0,0.0,0.0,0.0,0.0,6.0,0.0,0.0,0.0,0.0,0.0,22.0,4.0,74.240634,48.0,4.0,14.441,0.0,164.0,72.94246999999999,743.9200000000001,1252.0,2688.6013540000004,0.0,837.4408,0.0,0.0,103.302204,3080.056,0.0,198.3,-4.0,216.0,138.55676799999998,-17.700000000000003,48.0,52.0,94.0,109.576968,-8.534002,1,1.0,Medium
0.0,0.0,0.0,0.0,0.0,0.0,4.0,0.0,0.0,0.0,0.0,0.0,0.0,0.0,0.0,4.0,4.0,9.0,0.0,0.0,0.0,0.0,0.0,0.0,0.0,0.0,0.0,0.0,21.0,8.0,69.818173,46.0,4.0,11.7946,0.0,144.0,63.930648000000005,706.3000000000001,1122.0,2404.368509,0.0,750.6510000000001,0.0,0.0,84.500298,2773.566,0.0,177.09000000000003,0.0,194.0,123.46578,-16.91,46.0,50.0,76.0,95.142933,-8.485461,1,4.0,Medium
0.0,0.0,4.0,0.0,0.0,4.0,0.0,0.0,0.0,0.0,0.0,0.0,0.0,0.0,0.0,4.0,9.0,0.0,0.0,0.0,0.0,0.0,0.0,0.0,0.0,0.0,0.0,0.0,21.0,16.0,56.008313,42.0,12.0,-13.376500000000002,0.0,111.0,48.674412,897.21,980.0,2127.399391,0.0,631.8492,0.0,0.0,95.649416,2511.635,0.0,163.56584400000003,-1.0,169.0,105.374086,-15.91,42.0,58.0,53.0,79.93670600000002,-8.619441,1,2.0,Medium
0.0,0.0,0.0,0.0,0.0,0.0,5.0,0.0,0.0,3.0,0.0,0.0,0.0,0.0,0.0,0.0,9.0,0.0,0.0,4.0,0.0,0.0,0.0,0.0,0.0,0.0,0.0,0.0,21.0,8.0,66.67991699999999,45.0,8.0,-8.379000000000001,3.0,130.0,58.21443,739.98,1050.0,2338.2897510000003,0.0,677.8096,3.0,3.0,80.154696,2614.193,0.0,160.198483,-1.0,183.0,113.482783,-17.03,45.0,53.0,59.0,78.402375,-8.708851,1,3.0,Medium
5.0,0.0,0.0,0.0,0.0,0.0,0.0,0.0,0.0,0.0,1.0,0.0,0.0,0.0,0.0,10.0,5.0,0.0,0.0,0.0,0.0,0.0,0.0,0.0,0.0,0.0,0.0,0.0,21.0,15.0,52.99838799999999,53.0,5.0,-4.8094,0.0,112.0,48.786065,971.18,1018.0,2188.2807820000003,0.0,646.1375,0.0,0.0,86.60851,2634.015,0.0,172.750895,0.0,175.0,107.333947,-15.779999999999998,53.0,63.0,55.0,87.683704,-8.532759,1,4.0,Medium
8.0,0.0,0.0,0.0,0.0,0.0,0.0,0.0,0.0,0.0,0.0,0.0,0.0,0.0,0.0,4.0,8.0,2.0,0.0,0.0,0.0,0.0,0.0,0.0,0.0,0.0,0.0,0.0,22.0,12.0,45.839574,48.0,8.0,-6.2628,0.0,112.0,48.72718,991.28,1028.0,2170.961098,0.0,660.638,0.0,0.0,93.59406,2706.432,0.0,182.10943200000003,0.0,176.0,110.594956,-15.54,48.0,64.0,52.0,91.217826,-8.554331,1,4.0,Medium
0.0,0.0,0.0,0.0,0.0,0.0,5.0,0.0,0.0,0.0,0.0,0.0,0.0,0.0,0.0,4.0,11.0,1.0,0.0,0.0,0.0,0.0,0.0,0.0,0.0,0.0,0.0,0.0,21.0,9.0,69.15468999999999,46.0,5.0,-11.355400000000005,0.0,110.0,47.974901,807.55,924.0,1919.472044,0.0,579.6987,0.0,0.0,78.875443,2305.615,0.0,144.05,-6.0,161.0,96.44244700000002,-16.95,46.0,51.0,57.0,72.39604,-8.537672,2,0.0,Low
0.0,0.0,0.0,3.0,0.0,0.0,0.0,0.0,0.0,0.0,0.0,0.0,0.0,0.0,0.0,4.0,8.0,7.0,0.0,0.0,0.0,0.0,0.0,0.0,0.0,0.0,0.0,0.0,22.0,7.0,73.03598,48.0,3.0,5.2022,0.0,134.0,58.187337,783.4800000000001,1066.0,2329.018388,0.0,695.8883000000001,0.0,0.0,85.712882,2643.223,0.0,167.34,-5.0,185.0,115.418314,-17.66,48.0,51.0,66.0,83.731795,-8.540417,2,0.0,Low
0.0,0.0,0.0,0.0,0.0,0.0,0.0,0.0,0.0,0.0,0.0,0.0,0.0,0.0,0.0,5.0,5.0,0.0,0.0,0.0,0.0,0.0,6.0,0.0,0.0,0.0,6.0,0.0,22.0,29.0,69.60516,85.0,0.0,2.567300000000001,6.0,189.0,88.017985,1345.18,1588.0,4029.582565,0.0,987.7412,6.0,6.0,94.819888,3949.53,0.0,243.29629000000003,-5.0,274.0,164.571009,-19.02,85.0,85.0,98.0,119.684382,-8.763676,1,1.0,Medium
0.0,0.0,3.0,0.0,0.0,0.0,4.0,0.0,0.0,0.0,0.0,0.0,0.0,0.0,0.0,4.0,10.0,0.0,0.0,0.0,0.0,0.0,0.0,0.0,0.0,0.0,0.0,0.0,21.0,14.0,59.234782,43.0,10.0,-12.6263,0.0,111.0,49.22711699999999,880.6,966.0,2004.082187,0.0,618.0774000000001,0.0,0.0,88.70190299999999,2459.127,0.0,158.696883,-3.0,167.0,102.272769,-16.16,43.0,56.0,58.0,81.686028,-8.595666,1,2.0,Medium
0.0,0.0,3.0,0.0,0.0,0.0,0.0,0.0,0.0,3.0,0.0,0.0,0.0,0.0,0.0,0.0,10.0,0.0,0.0,0.0,0.0,0.0,5.0,0.0,0.0,0.0,0.0,0.0,21.0,9.0,56.855147,42.0,9.0,2.0933999999999973,3.0,141.0,63.298049000000006,822.9300000000001,1128.0,2520.382524,0.0,746.2335,3.0,3.0,94.780048,2841.867,0.0,181.005366,-4.0,195.0,123.221037,-16.080000000000002,42.0,54.0,69.0,93.232046,-8.754651,1,1.0,Medium
7.0,4.0,0.0,0.0,0.0,0.0,0.0,0.0,0.0,0.0,0.0,0.0,0.0,0.0,0.0,2.0,11.0,0.0,0.0,0.0,0.0,0.0,0.0,0.0,0.0,0.0,0.0,0.0,24.0,17.0,42.040953,46.0,15.0,-15.903300000000002,0.0,111.0,48.638565,1139.03,1072.0,2224.068657,0.0,689.7015,0.0,0.0,104.300288,2870.863,0.0,196.477969,0.0,183.0,115.313919,-16.290000000000003,46.0,72.0,50.0,97.275551,-8.567312,1,3.0,Medium
0.0,0.0,0.0,0.0,0.0,0.0,6.0,0.0,0.0,6.0,0.0,0.0,0.0,0.0,0.0,6.0,4.0,0.0,0.0,0.0,0.0,0.0,0.0,0.0,0.0,0.0,0.0,0.0,22.0,18.0,66.066922,56.0,12.0,-11.7562,6.0,162.0,75.964166,863.96,1324.0,3033.741564,0.0,859.3092000000001,6.0,6.0,87.995316,3300.1140000000005,0.0,200.116966,8.0,230.0,142.33724,-18.34,56.0,68.0,82.0,106.398994,-8.802934,1,3.0,Medium
0.0,0.0,5.0,0.0,0.0,0.0,0.0,0.0,0.0,0.0,6.0,0.0,0.0,0.0,0.0,3.0,8.0,0.0,0.0,0.0,0.0,0.0,0.0,0.0,0.0,0.0,0.0,0.0,22.0,13.0,54.023825,48.0,10.0,-5.152500000000002,0.0,119.0,52.292266,957.51,1058.0,2138.245761,0.0,683.3214,0.0,0.0,105.499305,2722.244,0.0,178.604805,-3.0,182.0,112.088492,-16.490000000000002,48.0,63.0,67.0,100.02294,-8.624661,1,4.0,Medium
0.0,0.0,3.0,0.0,0.0,0.0,0.0,0.0,0.0,2.0,0.0,0.0,0.0,0.0,0.0,5.0,12.0,0.0,0.0,0.0,0.0,0.0,0.0,0.0,0.0,0.0,0.0,0.0,22.0,13.0,59.583773,48.0,8.0,-15.203300000000002,2.0,107.0,46.456256,964.37,954.0,2086.349825,0.0,593.3848,2.0,2.0,87.011181,2442.9040000000005,0.0,153.019205,-7.0,166.0,98.491168,-16.990000000000002,48.0,59.0,47.0,72.952574,-8.6730795,2,0.0,Low
3.0,0.0,0.0,0.0,0.0,0.0,0.0,0.0,0.0,4.0,0.0,0.0,0.0,0.0,4.0,11.0,0.0,0.0,0.0,0.0,0.0,0.0,0.0,0.0,0.0,0.0,0.0,0.0,22.0,26.0,59.658223,59.0,11.0,-3.2926,4.0,152.0,69.559246,1030.85,1304.0,3066.750584,0.0,850.4159000000001,4.0,4.0,89.71483599999999,3305.233,0.0,207.873181,7.0,225.0,139.93042,-17.549999999999997,59.0,73.0,70.0,104.061607,-8.803111,1,4.0,Medium
0.0,0.0,5.0,0.0,0.0,0.0,0.0,0.0,3.0,0.0,0.0,0.0,0.0,0.0,0.0,4.0,9.0,0.0,0.0,0.0,0.0,0.0,0.0,0.0,0.0,0.0,0.0,0.0,21.0,20.0,52.627343,38.0,16.0,-13.0049,0.0,113.0,50.907948,931.61,1000.0,2079.509348,0.0,655.8454,0.0,0.0,95.297672,2572.214,0.0,169.474805,-1.0,172.0,107.354741,-15.62,38.0,59.0,59.0,88.44177300000001,-8.666147,1,2.0,Medium
7.0,0.0,0.0,0.0,0.0,0.0,0.0,0.0,0.0,0.0,0.0,0.0,0.0,0.0,0.0,4.0,7.0,0.0,0.0,0.0,0.0,0.0,4.0,0.0,0.0,0.0,0.0,0.0,22.0,11.0,50.868467,48.0,7.0,4.522299999999998,0.0,135.0,59.564103,949.8100000000002,1152.0,2474.735913,0.0,759.6119000000001,0.0,0.0,99.68868,2977.577,0.0,200.153253,0.0,197.0,126.380437,-15.79,48.0,62.0,68.0,103.449927,-8.661115,1,4.0,Medium
4.0,0.0,0.0,0.0,0.0,0.0,5.0,0.0,0.0,0.0,4.0,0.0,0.0,0.0,0.0,0.0,9.0,0.0,0.0,0.0,0.0,0.0,0.0,0.0,0.0,0.0,0.0,0.0,22.0,9.0,57.991907,48.0,9.0,-9.4118,0.0,124.0,55.355141,872.75,1074.0,2147.8807210000004,0.0,690.8749,0.0,0.0,97.032917,2743.927,0.0,179.084716,0.0,185.0,115.056255,-16.74,48.0,61.0,71.0,99.446867,-8.611453,1,4.0,Medium
0.0,3.0,0.0,0.0,0.0,0.0,0.0,0.0,0.0,0.0,0.0,0.0,0.0,0.0,0.0,4.0,8.0,0.0,0.0,0.0,0.0,0.0,6.0,0.0,0.0,0.0,0.0,0.0,21.0,10.0,61.50259,43.0,6.0,9.7302,0.0,138.0,60.678499,835.1800000000001,1104.0,2400.5059220000003,0.0,736.0216,0.0,0.0,92.0969,2775.78,0.0,182.118537,-5.0,190.0,121.050944,-16.0,43.0,52.0,71.0,93.856021,-8.61376,1,1.0,Medium
0.0,0.0,0.0,0.0,0.0,0.0,6.0,0.0,0.0,2.0,0.0,0.0,0.0,0.0,0.0,4.0,9.0,0.0,0.0,0.0,0.0,0.0,0.0,0.0,0.0,0.0,0.0,0.0,21.0,12.0,66.991113,48.0,8.0,-13.4239,2.0,125.0,56.50266799999999,811.6700000000001,1040.0,2240.715219,0.0,660.9888000000001,2.0,2.0,81.02060800000001,2594.071,0.0,160.002322,-1.0,181.0,109.87398,-17.15,48.0,56.0,65.0,82.72647600000002,-8.684773,1,3.0,Medium
0.0,0.0,5.0,0.0,0.0,0.0,0.0,0.0,0.0,0.0,0.0,0.0,0.0,0.0,0.0,4.0,5.0,8.0,0.0,0.0,0.0,0.0,0.0,0.0,0.0,0.0,0.0,0.0,22.0,14.0,56.099973,43.0,10.0,8.912399999999998,0.0,138.0,61.10950700000001,880.87,1142.0,2449.2180980000003,0.0,770.1222,0.0,0.0,100.740989,2911.786,0.0,192.804805,0.0,196.0,126.046921,-16.29,43.0,58.0,69.0,102.044954,-8.696505,1,3.0,Medium
0.0,0.0,0.0,0.0,0.0,0.0,7.0,0.0,0.0,0.0,0.0,0.0,0.0,0.0,0.0,4.0,9.0,2.0,0.0,0.0,0.0,0.0,0.0,0.0,0.0,0.0,0.0,0.0,22.0,11.0,72.86281699999999,48.0,7.0,-8.0136,0.0,130.0,58.009583,815.07,1066.0,2217.792443,0.0,686.1071000000001,0.0,0.0,86.392059,2650.199,0.0,167.18,-2.0,185.0,113.744225,-17.82,48.0,55.0,71.0,88.09274299999998,-8.635158,1,3.0,Medium
0.0,5.0,0.0,0.0,0.0,0.0,0.0,0.0,0.0,0.0,3.0,0.0,0.0,0.0,0.0,0.0,4.0,10.0,0.0,0.0,0.0,0.0,0.0,0.0,0.0,0.0,0.0,0.0,22.0,10.0,55.045529,42.0,10.0,13.7155,0.0,143.0,63.324993,813.81,1166.0,2448.684083,0.0,794.707,0.0,0.0,97.98943,2966.9300000000003,0.0,197.280895,1.0,200.0,130.051722,-16.25,42.0,57.0,74.0,108.168966,-8.625806,1,4.0,Medium
0.0,0.0,5.0,0.0,0.0,0.0,0.0,0.0,0.0,0.0,4.0,0.0,0.0,0.0,0.0,0.0,7.0,0.0,0.0,0.0,0.0,0.0,6.0,0.0,0.0,0.0,0.0,0.0,22.0,10.0,56.857081,43.0,10.0,14.0596,0.0,156.0,69.79204899999999,864.53,1250.0,2619.64503,0.0,848.7170000000001,0.0,0.0,115.209961,3162.256,0.0,210.804805,-2.0,214.0,138.890329,-16.29,43.0,58.0,89.0,119.240958,-8.67339,1,2.0,Medium
0.0,0.0,0.0,5.0,0.0,0.0,0.0,0.0,0.0,3.0,0.0,0.0,0.0,0.0,0.0,3.0,10.0,0.0,0.0,0.0,0.0,0.0,0.0,0.0,0.0,0.0,0.0,0.0,21.0,11.0,66.187434,48.0,8.0,-13.2686,3.0,128.0,57.59405100000001,814.5,1056.0,2408.603915,0.0,670.5070000000001,3.0,3.0,82.036711,2633.128,0.0,161.07848299999998,-2.0,184.0,112.448259,-17.15,48.0,56.0,61.0,78.11305,-8.721559,1,3.0,Medium
5.0,0.0,0.0,0.0,0.0,0.0,0.0,0.0,0.0,0.0,0.0,0.0,0.0,0.0,0.0,4.0,3.0,0.0,0.0,0.0,0.0,10.0,0.0,0.0,0.0,0.0,0.0,0.0,22.0,9.0,62.514771,48.0,5.0,15.047899999999998,0.0,143.0,59.94398100000001,839.21,1172.0,2773.514359,0.0,787.5177,0.0,0.0,93.76254,2988.857,0.0,198.240895,2.0,201.0,133.92736100000002,-16.29,48.0,58.0,40.0,82.440087,-8.568411,1,4.0,Medium
3.0,0.0,0.0,0.0,0.0,0.0,0.0,0.0,0.0,0.0,0.0,0.0,0.0,0.0,0.0,0.0,10.0,0.0,0.0,0.0,0.0,0.0,4.0,0.0,0.0,0.0,5.0,0.0,22.0,23.0,58.842466,74.0,3.0,-8.569400000000002,5.0,156.0,71.854216,1296.7200000000005,1368.0,3384.670826,0.0,838.1453,5.0,5.0,93.203678,3465.078,0.0,216.552112,-7.0,236.0,140.849629,-17.83,74.0,80.0,77.0,103.709864,-8.780914,2,0.0,Low
0.0,2.0,0.0,0.0,2.0,0.0,0.0,0.0,0.0,0.0,0.0,0.0,0.0,0.0,0.0,4.0,13.0,0.0,0.0,0.0,0.0,0.0,0.0,0.0,0.0,0.0,0.0,0.0,21.0,10.0,63.072391,44.0,6.0,-13.318500000000002,0.0,99.0,41.738082,882.7700000000001,868.0,1873.916225,0.0,538.4902000000001,0.0,0.0,78.97721999999999,2204.233,0.0,140.082358,-9.0,151.0,90.4604,-16.33,44.0,52.0,43.0,62.526248,-8.5426235,2,0.0,Low
2.0,0.0,0.0,0.0,2.0,0.0,0.0,0.0,0.0,0.0,0.0,0.0,0.0,0.0,0.0,7.0,10.0,0.0,0.0,0.0,0.0,0.0,0.0,0.0,0.0,0.0,0.0,0.0,21.0,11.0,63.640123,49.0,4.0,-8.9374,0.0,108.0,46.051173000000006,896.3700000000001,940.0,2058.590156,0.0,587.3532,0.0,0.0,80.53085999999999,2383.465,0.0,151.962358,-6.0,163.0,98.629129,-16.450000000000003,49.0,55.0,49.0,70.229468,-8.502771,2,0.0,Low
0.0,0.0,0.0,0.0,0.0,0.0,6.0,0.0,0.0,0.0,4.0,0.0,0.0,0.0,0.0,0.0,9.0,2.0,0.0,0.0,0.0,0.0,0.0,0.0,0.0,0.0,0.0,0.0,21.0,6.0,68.019479,46.0,6.0,-5.0375,0.0,125.0,55.537122,740.33,1020.0,2044.118349,0.0,657.2002,0.0,0.0,87.81265,2534.059,0.0,160.01,-3.0,177.0,108.796808,-16.990000000000002,46.0,52.0,73.0,90.05113,-8.598222,1,3.0,Medium
5.0,0.0,0.0,0.0,0.0,0.0,0.0,0.0,0.0,0.0,0.0,0.0,0.0,0.0,0.0,0.0,4.0,0.0,0.0,0.0,0.0,0.0,8.0,0.0,0.0,0.0,4.0,0.0,21.0,21.0,52.085116,66.0,5.0,12.8018,4.0,186.0,86.453213,1143.34,1532.0,3695.716836,0.0,999.2973,4.0,4.0,104.046056,3872.944,0.0,251.441755,1.0,262.0,166.392169,-16.3,66.0,76.0,99.0,130.458827,-8.743245,1,4.0,Medium
6.0,0.0,0.0,0.0,0.0,0.0,0.0,0.0,0.0,5.0,0.0,0.0,0.0,0.0,0.0,4.0,6.0,0.0,0.0,0.0,0.0,0.0,0.0,0.0,0.0,0.0,0.0,0.0,21.0,15.0,43.19469599999999,51.0,11.0,-12.3538,5.0,128.0,58.593149,950.39,1136.0,2601.926532,0.0,728.0943000000001,5.0,5.0,87.19699299999999,2947.96,0.0,186.967879,5.0,196.0,121.736322,-15.65,51.0,68.0,56.0,93.832458,-8.693627,1,3.0,Medium
0.0,0.0,0.0,0.0,4.0,0.0,0.0,0.0,0.0,0.0,0.0,0.0,0.0,0.0,0.0,0.0,4.0,10.0,3.0,0.0,0.0,0.0,0.0,0.0,0.0,0.0,0.0,0.0,21.0,4.0,70.807879,42.0,4.0,22.5239,0.0,161.0,70.962518,625.38,1200.0,2641.7622770000003,0.0,823.3168,0.0,0.0,91.610688,2948.029,0.0,190.25,0.0,207.0,136.389946,-16.75,42.0,46.0,80.0,98.912722,-8.370302,1,2.0,Medium
0.0,5.0,0.0,0.0,0.0,0.0,0.0,0.0,0.0,4.0,0.0,0.0,0.0,0.0,0.0,8.0,5.0,0.0,0.0,0.0,0.0,0.0,0.0,0.0,0.0,0.0,0.0,0.0,22.0,22.0,51.488153,51.0,14.0,-11.8093,4.0,133.0,60.769603,1016.47,1176.0,2681.5697750000004,0.0,761.6472,4.0,4.0,89.412228,3025.671,0.0,192.065539,4.0,203.0,125.590086,-16.77,51.0,70.0,60.0,96.314389,-8.708156,1,3.0,Medium
0.0,0.0,0.0,0.0,0.0,0.0,0.0,0.0,0.0,0.0,6.0,0.0,0.0,0.0,0.0,5.0,5.0,0.0,0.0,0.0,0.0,0.0,0.0,0.0,6.0,0.0,0.0,0.0,22.0,5.0,69.098916,55.0,0.0,27.4331,0.0,177.0,79.759729,804.28,1348.0,2647.602043,0.0,904.208,0.0,0.0,145.413694,3313.3320000000003,0.0,214.18,-5.0,232.0,144.987825,-17.82,55.0,55.0,122.0,145.46283,-8.501892,1,1.0,Medium
0.0,0.0,0.0,5.0,0.0,0.0,0.0,0.0,0.0,0.0,0.0,0.0,0.0,0.0,0.0,2.0,5.0,9.0,0.0,0.0,0.0,0.0,0.0,0.0,0.0,0.0,0.0,0.0,21.0,7.0,70.347779,44.0,5.0,12.1117,0.0,149.0,66.204281,684.11,1146.0,2528.301099,0.0,771.2900999999999,0.0,0.0,87.70782200000001,2826.7180000000003,0.0,181.13,0.0,198.0,127.839298,-16.87,44.0,49.0,77.0,94.373127,-8.522534,1,3.0,Medium
0.0,5.0,0.0,0.0,0.0,0.0,6.0,0.0,0.0,0.0,0.0,0.0,0.0,0.0,0.0,2.0,9.0,0.0,0.0,0.0,0.0,0.0,0.0,0.0,0.0,0.0,0.0,0.0,22.0,18.0,56.047147,41.0,16.0,-14.9495,0.0,123.0,55.94843899999999,922.37,1076.0,2211.528279,0.0,705.0938000000001,0.0,0.0,93.750614,2761.489,0.0,182.080895,2.0,185.0,116.562034,-16.45,41.0,62.0,66.0,95.888151,-8.675647,1,2.0,Medium
0.0,0.0,0.0,0.0,0.0,0.0,0.0,6.0,0.0,0.0,4.0,0.0,0.0,0.0,0.0,0.0,8.0,0.0,0.0,0.0,0.0,0.0,4.0,0.0,0.0,0.0,0.0,0.0,22.0,6.0,71.801758,48.0,6.0,0.835799999999999,0.0,142.0,62.446596,752.8000000000001,1132.0,2348.6727,0.0,741.5462,0.0,0.0,101.923524,2803.5080000000003,0.0,178.22,-2.0,196.0,122.966674,-17.78,48.0,54.0,80.0,97.70561,-8.617747,1,3.0,Medium
0.0,0.0,0.0,5.0,0.0,0.0,0.0,0.0,0.0,0.0,6.0,0.0,0.0,0.0,0.0,0.0,5.0,0.0,0.0,5.0,0.0,0.0,0.0,0.0,0.0,0.0,0.0,0.0,21.0,5.0,70.18782300000001,48.0,5.0,6.8466,0.0,142.0,62.458255,699.03,1128.0,2429.287097,0.0,745.5475,0.0,0.0,93.807105,2792.525,0.0,177.97000000000003,0.0,195.0,124.55282200000002,-17.029999999999998,48.0,53.0,75.0,95.055434,-8.558779,1,4.0,Medium
6.0,0.0,0.0,0.0,0.0,0.0,0.0,0.0,0.0,0.0,0.0,0.0,0.0,0.0,0.0,5.0,6.0,4.0,0.0,0.0,0.0,0.0,0.0,0.0,0.0,0.0,0.0,0.0,21.0,11.0,49.448951,47.0,6.0,0.2633999999999989,0.0,116.0,50.547755,902.27,1020.0,2181.2117860000003,0.0,662.8986,0.0,0.0,87.964,2645.605,0.0,175.947074,0.0,175.0,110.328589,-15.29,47.0,59.0,55.0,89.170564,-8.565626,1,4.0,Medium
0.0,0.0,3.0,0.0,0.0,0.0,0.0,0.0,0.0,0.0,0.0,0.0,0.0,0.0,0.0,4.0,8.0,0.0,7.0,0.0,0.0,0.0,0.0,0.0,0.0,0.0,0.0,0.0,22.0,10.0,60.673157,45.0,6.0,1.577799999999998,0.0,118.0,51.248567,861.4800000000001,994.0,2006.024444,0.0,647.8466000000001,0.0,0.0,98.183127,2525.222,0.0,163.066883,-5.0,172.0,105.409255,-16.79,45.0,54.0,60.0,88.66726799999999,-8.572313,2,0.0,Low
0.0,0.0,0.0,0.0,0.0,0.0,5.0,0.0,0.0,0.0,0.0,0.0,0.0,0.0,0.0,6.0,5.0,0.0,0.0,0.0,0.0,0.0,6.0,0.0,0.0,0.0,0.0,0.0,22.0,11.0,75.689443,50.0,5.0,13.3336,0.0,168.0,75.706305,791.3299999999999,1294.0,2800.279611,0.0,867.9853,0.0,0.0,97.669361,3187.209,0.0,205.18,0.0,223.0,142.780789,-17.82,50.0,55.0,95.0,112.006091,-8.57469,1,3.0,Medium
0.0,0.0,5.0,0.0,0.0,0.0,0.0,0.0,0.0,0.0,0.0,0.0,0.0,0.0,0.0,4.0,11.0,1.0,0.0,0.0,0.0,0.0,0.0,0.0,0.0,0.0,0.0,0.0,21.0,14.0,52.14151999999999,41.0,10.0,-10.894400000000005,0.0,100.0,43.187451,937.55,904.0,1894.163549,0.0,576.5792000000001,0.0,0.0,91.125443,2342.73,0.0,153.594805,-6.0,156.0,95.138177,-15.5,41.0,56.0,47.0,75.95385499999999,-8.608356,2,0.0,Low
0.0,0.0,0.0,0.0,0.0,0.0,5.0,5.0,0.0,0.0,0.0,0.0,0.0,0.0,0.0,4.0,10.0,0.0,0.0,0.0,0.0,0.0,0.0,0.0,0.0,0.0,0.0,0.0,24.0,14.0,78.611741,52.0,10.0,-17.883,0.0,134.0,59.59914499999999,894.8199999999999,1128.0,2340.21193,0.0,717.9821999999999,0.0,0.0,98.087715,2813.3320000000003,0.0,176.48,0.0,196.0,119.772404,-19.52,52.0,62.0,72.0,90.817254,-8.689918,1,1.0,Medium
0.0,0.0,0.0,0.0,0.0,0.0,8.0,0.0,0.0,0.0,0.0,0.0,0.0,0.0,0.0,4.0,8.0,1.0,0.0,0.0,0.0,0.0,0.0,0.0,0.0,0.0,0.0,0.0,21.0,12.0,69.748177,46.0,8.0,-9.2014,0.0,128.0,57.765548,779.3799999999999,1050.0,2176.1237210000004,0.0,678.2898,0.0,0.0,83.96275,2609.194,0.0,164.93,0.0,182.0,112.427728,-17.07,46.0,54.0,72.0,88.393897,-8.670912,1,4.0,Medium
0.0,0.0,5.0,0.0,5.0,0.0,0.0,0.0,0.0,0.0,0.0,0.0,0.0,0.0,0.0,5.0,6.0,0.0,0.0,0.0,0.0,0.0,0.0,0.0,0.0,0.0,0.0,0.0,21.0,20.0,55.7834,42.0,15.0,-3.276700000000001,0.0,143.0,64.474622,910.83,1198.0,2673.158678,0.0,802.1105,0.0,0.0,102.54725499999998,3047.045,0.0,202.354805,4.0,205.0,133.83609900000002,-15.74,42.0,62.0,71.0,100.486376,-8.777858,1,3.0,Medium
0.0,0.0,0.0,0.0,0.0,0.0,6.0,0.0,0.0,0.0,0.0,0.0,0.0,0.0,0.0,4.0,8.0,0.0,0.0,3.0,0.0,0.0,0.0,0.0,0.0,0.0,0.0,0.0,21.0,10.0,70.572715,46.0,6.0,-5.8455,0.0,123.0,54.227134,770.5,1008.0,2140.610039,0.0,649.5994000000001,0.0,0.0,81.32048900000001,2507.013,0.0,158.01,-2.0,175.0,108.226904,-16.99,46.0,52.0,62.0,79.48792,-8.604464,1,3.0,Medium
4.0,0.0,0.0,0.0,0.0,0.0,0.0,0.0,0.0,0.0,0.0,0.0,0.0,0.0,0.0,4.0,4.0,9.0,0.0,0.0,0.0,0.0,0.0,0.0,0.0,0.0,0.0,0.0,21.0,8.0,56.207637,46.0,4.0,12.311,0.0,132.0,57.657672000000005,799.1,1082.0,2338.177557,0.0,721.4846,0.0,0.0,87.253414,2751.086,0.0,181.074716,0.0,186.0,119.226932,-15.75,46.0,54.0,64.0,94.039165,-8.557696,1,4.0,Medium
0.0,0.0,0.0,0.0,0.0,0.0,0.0,0.0,0.0,12.0,0.0,0.0,0.0,0.0,0.0,2.0,4.0,0.0,0.0,0.0,0.0,0.0,4.0,0.0,0.0,0.0,0.0,0.0,22.0,14.0,59.401162,58.0,12.0,-2.5768000000000004,12.0,192.0,90.673682,838.4200000000001,1504.0,3710.591176,0.0,988.718,12.0,12.0,90.151428,3740.826,0.0,220.493932,8.0,262.0,163.813734,-18.42,58.0,70.0,86.0,113.964244,-8.8724985,1,4.0,Medium
5.0,0.0,0.0,0.0,0.0,0.0,0.0,0.0,0.0,0.0,0.0,0.0,0.0,0.0,0.0,5.0,5.0,0.0,0.0,0.0,0.0,0.0,7.0,0.0,0.0,0.0,0.0,0.0,22.0,10.0,58.996883,49.0,5.0,17.2032,0.0,159.0,70.687815,887.1,1274.0,2784.830292,0.0,857.7475,0.0,0.0,103.170082,3227.272,0.0,215.200895,0.0,218.0,141.73368599999998,-16.330000000000002,49.0,59.0,84.0,114.135805,-8.582482,1,3.0,Medium
2.0,0.0,0.0,0.0,0.0,0.0,6.0,0.0,0.0,0.0,0.0,0.0,0.0,0.0,0.0,5.0,9.0,0.0,0.0,0.0,0.0,0.0,0.0,0.0,0.0,0.0,0.0,0.0,22.0,13.0,66.229294,49.0,8.0,-11.8287,0.0,123.0,54.843353,886.1400000000001,1052.0,2189.193747,0.0,671.0884,0.0,0.0,88.15211000000001,2656.954,0.0,170.092358,-1.0,182.0,111.649365,-17.32,49.0,59.0,66.0,88.42134000000001,-8.6262,1,3.0,Medium
0.0,0.0,0.0,3.0,0.0,0.0,0.0,0.0,0.0,0.0,0.0,0.0,0.0,0.0,0.0,5.0,4.0,10.0,0.0,0.0,0.0,0.0,0.0,0.0,0.0,0.0,0.0,0.0,22.0,8.0,73.548216,49.0,3.0,15.328399999999998,0.0,152.0,66.906106,748.39,1180.0,2604.4939990000003,0.0,789.9741,0.0,0.0,88.97599600000001,2915.74,0.0,186.3,-1.0,204.0,130.33430099999998,-17.7,49.0,52.0,77.0,96.829352,-8.448099,1,3.0,Medium
0.0,4.0,0.0,0.0,0.0,0.0,0.0,0.0,0.0,0.0,0.0,0.0,0.0,0.0,0.0,4.0,8.0,0.0,0.0,0.0,0.0,0.0,5.0,0.0,0.0,0.0,0.0,0.0,21.0,12.0,57.787931,42.0,8.0,5.750499999999997,0.0,132.0,58.150295,865.6200000000001,1082.0,2340.661395,0.0,719.7693999999999,0.0,0.0,91.903742,2743.1180000000004,0.0,181.074716,-4.0,186.0,118.375876,-15.75,42.0,54.0,67.0,92.835534,-8.639419,1,1.0,Medium
0.0,5.0,0.0,0.0,0.0,0.0,0.0,0.0,0.0,0.0,0.0,0.0,0.0,0.0,0.0,4.0,10.0,0.0,0.0,2.0,0.0,0.0,0.0,0.0,0.0,0.0,0.0,0.0,21.0,14.0,52.919096,41.0,10.0,-10.644800000000002,0.0,98.0,41.87910300000001,923.72,892.0,1903.356352,0.0,569.6932,0.0,0.0,82.51133000000002,2315.684,0.0,152.030895,-5.0,154.0,94.558672,-15.5,41.0,56.0,41.0,71.019191,-8.5763445,2,0.0,Low
0.0,0.0,0.0,0.0,0.0,0.0,8.0,0.0,0.0,0.0,3.0,0.0,0.0,0.0,0.0,2.0,8.0,0.0,0.0,0.0,0.0,0.0,0.0,0.0,0.0,0.0,0.0,0.0,21.0,10.0,68.749229,47.0,8.0,-9.0469,0.0,129.0,58.296864,766.61,1062.0,2142.218221,0.0,684.8382000000001,0.0,0.0,88.310322,2639.22,0.0,166.89,0.0,184.0,113.404308,-17.11,47.0,55.0,77.0,94.061097,-8.656933,1,4.0,Medium
0.0,0.0,0.0,0.0,0.0,0.0,0.0,0.0,0.0,0.0,0.0,0.0,0.0,0.0,0.0,5.0,4.0,0.0,0.0,0.0,0.0,0.0,8.0,0.0,0.0,0.0,4.0,0.0,21.0,21.0,69.055361,71.0,0.0,14.4448,4.0,186.0,85.534353,1106.29,1492.0,3658.492616,0.0,959.7108,4.0,4.0,94.715216,3690.519,0.0,231.46086000000005,-4.0,257.0,158.968979,-17.75,71.0,71.0,99.0,118.014142,-8.706655,1,1.0,Medium
0.0,5.0,0.0,0.0,0.0,0.0,5.0,0.0,0.0,0.0,0.0,0.0,0.0,0.0,0.0,6.0,5.0,0.0,0.0,0.0,0.0,0.0,0.0,0.0,0.0,0.0,0.0,0.0,21.0,21.0,53.401489,43.0,15.0,-9.887,0.0,126.0,57.62585000000001,917.23,1102.0,2316.296225,0.0,727.6452999999999,0.0,0.0,90.916365,2825.5930000000003,0.0,186.750895,5.0,189.0,119.76896100000002,-15.779999999999998,43.0,63.0,68.0,99.304966,-8.737295,1,3.0,Medium
0.0,0.0,0.0,0.0,4.0,0.0,0.0,0.0,0.0,0.0,0.0,0.0,0.0,0.0,0.0,6.0,4.0,0.0,0.0,0.0,0.0,8.0,0.0,0.0,0.0,0.0,0.0,0.0,22.0,10.0,80.31030200000001,50.0,4.0,14.7404,0.0,160.0,68.011454,773.06,1240.0,2992.175936,0.0,830.7396000000001,0.0,0.0,90.503112,3059.978,0.0,196.22,0.0,214.0,141.272894,-17.78,50.0,54.0,54.0,79.98952399999999,-8.575309,1,4.0,Medium
0.0,0.0,0.0,0.0,0.0,0.0,0.0,3.0,0.0,0.0,0.0,0.0,0.0,0.0,0.0,5.0,9.0,0.0,5.0,0.0,0.0,0.0,0.0,0.0,0.0,0.0,0.0,0.0,22.0,8.0,70.7256,49.0,3.0,-5.050500000000001,0.0,113.0,48.277043,817.54,946.0,1938.347434,0.0,597.9511,0.0,0.0,88.83230999999999,2363.647,0.0,147.3,-6.0,165.0,98.490612,-17.7,49.0,52.0,56.0,75.868067,-8.518061,2,0.0,Low
5.0,0.0,0.0,0.0,5.0,0.0,0.0,0.0,0.0,0.0,0.0,0.0,0.0,0.0,0.0,2.0,12.0,0.0,0.0,0.0,0.0,0.0,0.0,0.0,0.0,0.0,0.0,0.0,24.0,12.0,64.830083,50.0,10.0,-9.8524,0.0,138.0,60.201769,998.02,1180.0,2598.794761,0.0,761.4195999999998,0.0,0.0,101.81501,3017.731,0.0,198.540895,-2.0,203.0,129.29244,-17.990000000000002,50.0,65.0,63.0,92.410209,-8.68648,1,2.0,Medium
0.0,0.0,3.0,0.0,0.0,0.0,0.0,0.0,0.0,0.0,6.0,0.0,0.0,0.0,0.0,5.0,8.0,0.0,0.0,0.0,0.0,0.0,0.0,0.0,0.0,0.0,0.0,0.0,22.0,11.0,60.81192299999999,52.0,6.0,-4.421500000000001,0.0,117.0,50.703214,937.09,1030.0,2100.383995,0.0,654.1514,0.0,0.0,98.243527,2623.188,0.0,168.786883,-5.0,178.0,107.5215,-17.07,52.0,61.0,65.0,93.070056,-8.535224,1,1.0,Medium
0.0,0.0,5.0,0.0,0.0,0.0,0.0,0.0,0.0,0.0,4.0,0.0,0.0,0.0,0.0,0.0,8.0,4.0,0.0,0.0,0.0,0.0,0.0,0.0,0.0,0.0,0.0,0.0,21.0,10.0,51.023808,41.0,10.0,0.6724999999999985,0.0,119.0,52.290947,852.0600000000001,1018.0,2075.871051,0.0,672.171,0.0,0.0,100.197037,2612.267,0.0,172.594805,-3.0,175.0,110.252051,-15.5,41.0,56.0,64.0,95.296204,-8.626426,1,3.0,Medium
0.0,0.0,0.0,0.0,0.0,0.0,0.0,5.0,0.0,0.0,0.0,0.0,0.0,0.0,0.0,8.0,5.0,4.0,0.0,0.0,0.0,0.0,0.0,0.0,0.0,0.0,0.0,0.0,22.0,13.0,72.400618,52.0,5.0,-2.6808000000000005,0.0,130.0,56.726836,831.7900000000001,1078.0,2332.0877490000003,0.0,695.7828999999999,0.0,0.0,88.920702,2686.181,0.0,169.10000000000002,0.0,187.0,115.240549,-17.9,52.0,57.0,65.0,85.421823,-8.603087,1,4.0,Medium
3.0,0.0,0.0,0.0,5.0,0.0,0.0,0.0,0.0,0.0,0.0,0.0,0.0,0.0,0.0,6.0,8.0,0.0,0.0,0.0,0.0,0.0,0.0,0.0,0.0,0.0,0.0,0.0,22.0,14.0,65.587059,50.0,8.0,-4.688400000000001,0.0,138.0,60.646947,915.74,1156.0,2595.194221,0.0,750.4866,0.0,0.0,92.698434,2920.827,0.0,190.048537,0.0,199.0,126.68941,-17.07,50.0,61.0,65.0,89.524763,-8.718513,1,4.0,Medium
4.0,0.0,0.0,0.0,0.0,0.0,8.0,0.0,0.0,3.0,0.0,0.0,0.0,0.0,0.0,0.0,7.0,0.0,0.0,0.0,0.0,0.0,0.0,0.0,0.0,0.0,0.0,0.0,22.0,15.0,55.888509,47.0,15.0,-14.2815,3.0,147.0,68.703341,862.5,1236.0,2651.0083630000004,0.0,810.5411,3.0,3.0,95.769055,3142.655,0.0,201.113199,8.0,213.0,135.143878,-16.94,47.0,66.0,79.0,109.122866,-8.731529,1,3.0,Medium
4.0,0.0,0.0,0.0,0.0,0.0,0.0,0.0,0.0,0.0,0.0,0.0,0.0,0.0,0.0,4.0,10.0,0.0,0.0,0.0,0.0,0.0,4.0,0.0,0.0,0.0,0.0,0.0,22.0,8.0,60.482882,48.0,4.0,1.980999999999998,0.0,126.0,54.478188,908.38,1056.0,2267.7274500000003,0.0,682.8956000000001,0.0,0.0,92.536536,2690.858,0.0,176.284716,-6.0,182.0,113.574292,-16.54,48.0,56.0,62.0,88.27989600000001,-8.57415,2,0.0,Low
0.0,0.0,3.0,0.0,0.0,0.0,3.0,0.0,0.0,0.0,0.0,0.0,0.0,0.0,0.0,10.0,6.0,0.0,0.0,0.0,0.0,0.0,0.0,0.0,0.0,0.0,0.0,0.0,22.0,19.0,63.377222,51.0,9.0,-7.367800000000001,0.0,126.0,56.137938,968.52,1096.0,2343.792893,0.0,706.3465,0.0,0.0,93.323414,2783.517,0.0,179.706883,0.0,189.0,116.249758,-17.15,51.0,63.0,66.0,93.281375,-8.673095,1,4.0,Medium
0.0,3.0,0.0,0.0,0.0,0.0,0.0,0.0,0.0,0.0,3.0,0.0,0.0,0.0,0.0,4.0,12.0,0.0,0.0,0.0,0.0,0.0,0.0,0.0,0.0,0.0,0.0,0.0,22.0,10.0,61.135475,48.0,6.0,-12.256900000000002,0.0,99.0,41.734887,944.49,898.0,1843.851569,0.0,555.3106,0.0,0.0,86.142074,2302.674,0.0,147.20853699999998,-9.0,156.0,92.027398,-16.91,48.0,57.0,48.0,73.227182,-8.539839,2,0.0,Low
4.0,0.0,0.0,0.0,0.0,0.0,6.0,0.0,0.0,0.0,0.0,0.0,0.0,0.0,0.0,3.0,8.0,0.0,0.0,0.0,0.0,0.0,0.0,0.0,0.0,0.0,0.0,0.0,21.0,13.0,56.236391,45.0,10.0,-11.4082,0.0,120.0,54.10572499999999,860.8299999999999,1040.0,2148.170032,0.0,671.719,0.0,0.0,88.67444599999999,2658.869,0.0,173.874716,2.0,179.0,112.017687,-15.95,45.0,59.0,65.0,91.877688,-8.666974,1,4.0,Medium
0.0,0.0,0.0,5.0,0.0,0.0,0.0,0.0,0.0,3.0,0.0,0.0,0.0,0.0,0.0,4.0,9.0,0.0,0.0,0.0,0.0,0.0,0.0,0.0,0.0,0.0,0.0,0.0,21.0,12.0,66.376678,49.0,8.0,-12.0929,3.0,131.0,59.105584,820.9000000000001,1080.0,2470.161892,0.0,688.1618000000001,3.0,3.0,82.554591,2692.2160000000003,0.0,165.038483,-1.0,188.0,115.232336,-17.19,49.0,57.0,63.0,80.68079,-8.732807,1,3.0,Medium
0.0,0.0,0.0,4.0,0.0,0.0,0.0,0.0,0.0,0.0,0.0,0.0,0.0,0.0,2.0,4.0,11.0,0.0,0.0,0.0,0.0,0.0,0.0,0.0,0.0,0.0,0.0,0.0,21.0,12.0,70.013773,46.0,6.0,-11.2221,0.0,111.0,48.035172,849.1700000000001,936.0,2061.070255,0.0,588.427,0.0,0.0,80.06114,2333.649,0.0,146.01,-7.0,163.0,98.25279,-16.990000000000002,46.0,52.0,53.0,67.858602,-8.569112,2,0.0,Low
5.0,0.0,0.0,0.0,0.0,0.0,0.0,0.0,0.0,0.0,0.0,0.0,0.0,0.0,0.0,4.0,5.0,0.0,0.0,7.0,0.0,0.0,0.0,0.0,0.0,0.0,0.0,0.0,21.0,9.0,55.132196,46.0,5.0,4.4492,0.0,118.0,50.310493,840.57,1012.0,2248.178542,0.0,663.6297,0.0,0.0,85.28525499999999,2606.184,0.0,172.03089500000002,0.0,174.0,111.599917,-15.5,46.0,56.0,46.0,79.801191,-8.548321,1,4.0,Medium
0.0,0.0,0.0,0.0,8.0,0.0,0.0,0.0,0.0,1.0,0.0,0.0,0.0,0.0,0.0,4.0,9.0,0.0,0.0,0.0,0.0,0.0,0.0,0.0,0.0,0.0,0.0,0.0,22.0,13.0,75.832295,49.0,9.0,-3.8273,1.0,157.0,69.678111,833.1800000000001,1244.0,2891.8148690000003,0.0,815.4245,1.0,1.0,92.284173,3074.9570000000003,0.0,195.136161,0.0,215.0,138.36333800000003,-17.94,49.0,58.0,73.0,88.75796199999999,-8.773958,1,4.0,Medium
0.0,0.0,5.0,0.0,0.0,0.0,0.0,0.0,0.0,3.0,0.0,0.0,0.0,0.0,0.0,5.0,10.0,0.0,0.0,0.0,0.0,0.0,0.0,0.0,0.0,0.0,0.0,0.0,23.0,18.0,55.25209699999999,49.0,13.0,-14.5621,3.0,125.0,56.006861,1037.56,1110.0,2456.740195,0.0,710.0201,3.0,3.0,99.194956,2860.394,0.0,181.963288,-2.0,192.0,117.300806,-17.36,49.0,67.0,57.0,90.816342,-8.658861,1,2.0,Medium
0.0,0.0,0.0,4.0,0.0,0.0,0.0,0.0,0.0,0.0,0.0,0.0,0.0,0.0,0.0,4.0,4.0,10.0,0.0,0.0,0.0,0.0,0.0,0.0,0.0,0.0,0.0,0.0,22.0,8.0,73.69885400000001,48.0,4.0,15.2608,0.0,156.0,69.064752,732.6,1204.0,2660.7861780000003,0.0,809.8,0.0,0.0,90.663388,2971.8720000000003,0.0,190.3,0.0,208.0,133.8013,-17.700000000000003,48.0,52.0,80.0,99.400842,-8.468573,1,4.0,Medium
0.0,0.0,3.0,0.0,4.0,0.0,0.0,0.0,0.0,0.0,0.0,0.0,0.0,0.0,0.0,5.0,9.0,0.0,0.0,0.0,0.0,0.0,0.0,0.0,0.0,0.0,0.0,0.0,21.0,15.0,61.48094999999999,44.0,10.0,-6.7822000000000005,0.0,126.0,55.426894,887.0,1062.0,2354.4323520000003,0.0,690.9602,0.0,0.0,91.891915,2686.539,0.0,174.656883,-2.0,183.0,115.70939,-16.2,44.0,57.0,60.0,83.303068,-8.70646,1,3.0,Medium
0.0,0.0,4.0,0.0,0.0,0.0,0.0,0.0,0.0,3.0,0.0,0.0,0.0,0.0,0.0,0.0,10.0,4.0,0.0,0.0,0.0,0.0,0.0,0.0,0.0,0.0,0.0,0.0,21.0,11.0,51.531728,41.0,11.0,-7.161400000000001,3.0,120.0,53.542441,853.3700000000001,1016.0,2241.858156,0.0,661.0063,3.0,3.0,89.700099,2598.8,0.0,164.874327,-3.0,176.0,109.28682,-15.83,41.0,56.0,54.0,82.930164,-8.701296,1,3.0,Medium
0.0,0.0,0.0,0.0,0.0,0.0,0.0,4.0,0.0,0.0,4.0,0.0,0.0,0.0,0.0,4.0,0.0,10.0,0.0,0.0,0.0,0.0,0.0,0.0,0.0,0.0,0.0,0.0,22.0,8.0,71.615838,52.0,4.0,17.8988,0.0,160.0,70.89534,714.2,1252.0,2662.851774,0.0,844.1759999999999,0.0,0.0,98.63806,3096.008,0.0,198.14,4.0,216.0,138.57212,-17.86,52.0,56.0,88.0,111.820674,-8.444367,1,4.0,Medium
0.0,0.0,0.0,0.0,2.0,0.0,0.0,0.0,0.0,15.0,0.0,0.0,0.0,0.0,0.0,3.0,4.0,0.0,0.0,0.0,0.0,0.0,0.0,0.0,0.0,0.0,0.0,0.0,24.0,20.0,62.004107000000005,66.0,17.0,-17.089999999999996,15.0,204.0,97.429672,961.14,1644.0,4144.58152,0.0,1065.4773,15.0,15.0,93.554799,4107.177000000001,0.0,237.782415,13.0,287.0,177.86132300000003,-20.36,66.0,83.0,85.0,118.217902,-8.851464,1,4.0,Medium
0.0,3.0,4.0,0.0,0.0,0.0,0.0,0.0,0.0,0.0,0.0,0.0,0.0,0.0,0.0,5.0,10.0,0.0,0.0,0.0,0.0,0.0,0.0,0.0,0.0,0.0,0.0,0.0,22.0,19.0,49.018295,42.0,14.0,-13.3298,0.0,106.0,46.513862,1031.13,984.0,2066.848654,0.0,634.5896,0.0,0.0,96.94462,2576.8810000000003,0.0,171.764381,-3.0,169.0,104.493063,-15.83,42.0,63.0,50.0,85.659031,-8.615133,1,2.0,Medium
0.0,0.0,0.0,0.0,0.0,0.0,6.0,0.0,0.0,0.0,4.0,0.0,0.0,0.0,0.0,0.0,9.0,0.0,0.0,0.0,0.0,0.0,4.0,0.0,0.0,0.0,0.0,0.0,23.0,6.0,76.25317700000001,50.0,6.0,4.439299999999999,0.0,157.0,70.279694,792.9300000000001,1232.0,2528.722791,0.0,812.1542000000001,0.0,0.0,102.711318,3042.887,0.0,194.43,-3.0,213.0,134.052912,-18.57,50.0,56.0,93.0,110.38296,-8.584477,1,3.0,Medium
0.0,0.0,5.0,0.0,0.0,0.0,3.0,0.0,0.0,0.0,0.0,0.0,0.0,0.0,0.0,4.0,10.0,0.0,0.0,0.0,0.0,0.0,0.0,0.0,0.0,0.0,0.0,0.0,22.0,17.0,55.832148,43.0,13.0,-12.8016,0.0,116.0,51.680858,963.34,1028.0,2135.422751,0.0,664.8973000000001,0.0,0.0,98.507672,2646.221,0.0,173.68480499999998,-2.0,177.0,109.680442,-16.41,43.0,61.0,60.0,89.963299,-8.634643,1,2.0,Medium
0.0,0.0,0.0,3.0,0.0,0.0,0.0,0.0,0.0,0.0,0.0,0.0,0.0,0.0,0.0,4.0,2.0,12.0,0.0,0.0,0.0,0.0,0.0,0.0,0.0,0.0,0.0,0.0,21.0,7.0,70.369495,46.0,3.0,21.1974,0.0,156.0,69.094225,674.2,1188.0,2629.634375,0.0,808.0693,0.0,0.0,87.078272,2927.8830000000003,0.0,188.13,1.0,205.0,133.03721,-16.87,46.0,49.0,80.0,99.759964,-8.371809,1,4.0,Medium
0.0,0.0,0.0,5.0,0.0,0.0,0.0,0.0,0.0,0.0,5.0,0.0,0.0,0.0,0.0,0.0,0.0,0.0,0.0,0.0,5.0,0.0,0.0,0.0,0.0,0.0,6.0,0.0,21.0,29.0,65.897706,83.0,5.0,-0.9837999999999988,6.0,192.0,90.149075,1216.93,1626.0,4066.846504,0.0,1024.8317,6.0,6.0,104.405462,4046.784,0.0,249.88629,5.0,280.0,172.239686,-18.43,83.0,88.0,96.0,124.140407,-8.695045,1,2.0,Medium
5.0,0.0,0.0,0.0,5.0,0.0,0.0,0.0,0.0,0.0,0.0,0.0,0.0,0.0,0.0,4.0,10.0,0.0,0.0,0.0,0.0,0.0,0.0,0.0,0.0,0.0,0.0,0.0,24.0,14.0,65.208571,52.0,10.0,-7.501000000000001,0.0,144.0,63.224835,1010.82,1228.0,2721.9107150000004,0.0,796.7292,0.0,0.0,102.85077,3135.907,0.0,206.460895,0.0,211.0,134.860594,-18.07,52.0,67.0,67.0,97.545689,-8.6925,1,4.0,Medium
7.0,0.0,0.0,0.0,0.0,0.0,0.0,0.0,0.0,0.0,4.0,0.0,0.0,0.0,0.0,5.0,6.0,0.0,0.0,0.0,0.0,0.0,0.0,0.0,0.0,0.0,0.0,0.0,22.0,12.0,48.33456699999999,53.0,7.0,-4.582000000000001,0.0,118.0,51.680976,993.13,1080.0,2234.926274,0.0,691.5467000000001,0.0,0.0,98.295616,2820.121,0.0,187.953253,1.0,185.0,115.14065,-15.99,53.0,67.0,62.0,100.792503,-8.561566,1,4.0,Medium
0.0,0.0,0.0,0.0,4.0,0.0,0.0,0.0,0.0,0.0,0.0,0.0,0.0,0.0,0.0,4.0,11.0,3.0,0.0,0.0,0.0,0.0,0.0,0.0,0.0,0.0,0.0,0.0,22.0,8.0,74.433918,48.0,4.0,-2.5157000000000007,0.0,129.0,55.309592,829.41,1042.0,2321.238832,0.0,668.221,0.0,0.0,84.891962,2586.087,0.0,163.3,-7.0,181.0,112.455458,-17.700000000000003,48.0,52.0,59.0,74.654125,-8.598079,2,0.0,Low
5.0,0.0,0.0,0.0,0.0,0.0,0.0,0.0,0.0,5.0,0.0,0.0,0.0,0.0,0.0,6.0,5.0,0.0,0.0,0.0,0.0,0.0,0.0,0.0,0.0,0.0,0.0,0.0,21.0,16.0,46.777989,53.0,10.0,-10.8495,5.0,131.0,59.92091000000001,949.38,1152.0,2656.039665,0.0,737.8317999999999,5.0,5.0,85.84870500000001,2970.563,0.0,186.9317,5.0,199.0,123.035761,-15.98,53.0,68.0,58.0,93.911261,-8.707108,1,3.0,Medium
0.0,0.0,6.0,0.0,0.0,0.0,0.0,0.0,0.0,3.0,0.0,0.0,0.0,0.0,4.0,8.0,0.0,0.0,0.0,0.0,0.0,0.0,0.0,0.0,0.0,0.0,0.0,0.0,21.0,31.0,47.398142,47.0,19.0,-3.520600000000001,3.0,148.0,68.83659899999999,1029.91,1284.0,2948.5887,0.0,862.0183000000001,3.0,3.0,101.99142899999998,3292.688,0.0,214.132249,9.0,220.0,140.50299,-15.81,47.0,72.0,72.0,111.678044,-8.82506,1,3.0,Medium
0.0,0.0,0.0,0.0,5.0,0.0,0.0,0.0,0.0,0.0,2.0,0.0,0.0,0.0,0.0,2.0,12.0,0.0,0.0,0.0,0.0,0.0,0.0,0.0,0.0,0.0,0.0,0.0,21.0,7.0,70.897829,46.0,5.0,-7.195200000000002,0.0,122.0,52.380924,799.3800000000001,996.0,2193.051335,0.0,632.8371,0.0,0.0,84.46370999999999,2472.931,0.0,156.05,-7.0,173.0,107.205139,-16.95,46.0,51.0,58.0,72.103992,-8.611446,2,0.0,Low
5.0,0.0,0.0,0.0,0.0,0.0,5.0,0.0,0.0,0.0,0.0,0.0,0.0,0.0,0.0,6.0,6.0,0.0,0.0,0.0,0.0,0.0,0.0,0.0,0.0,0.0,0.0,0.0,22.0,16.0,56.606294000000005,50.0,10.0,-8.8297,0.0,129.0,58.177252,943.36,1130.0,2372.209628,0.0,732.5958,0.0,0.0,94.126365,2901.568,0.0,190.960895,4.0,194.0,121.91116,-16.57,50.0,65.0,69.0,100.826492,-8.695455,1,3.0,Medium
6.0,0.0,0.0,0.0,0.0,0.0,0.0,0.0,0.0,0.0,0.0,0.0,0.0,0.0,0.0,0.0,6.0,0.0,0.0,0.0,0.0,0.0,6.0,0.0,6.0,0.0,0.0,0.0,24.0,6.0,59.418192000000005,48.0,6.0,39.9018,0.0,216.0,98.676228,880.02,1620.0,3317.707314,0.0,1128.3546,0.0,0.0,166.414998,4058.256,0.0,274.777074,0.0,276.0,182.917434,-17.46,48.0,60.0,138.0,173.84499,-8.526905,0,5.0,High
0.0,0.0,0.0,0.0,0.0,0.0,0.0,3.0,0.0,0.0,0.0,0.0,0.0,0.0,0.0,5.0,9.0,0.0,0.0,5.0,0.0,0.0,0.0,0.0,0.0,0.0,0.0,0.0,22.0,8.0,73.63521,49.0,3.0,-5.058500000000001,0.0,113.0,47.283293,817.54,946.0,2077.290274,0.0,597.8411000000001,0.0,0.0,82.281735,2363.647,0.0,147.3,-6.0,165.0,100.384012,-17.7,49.0,52.0,46.0,65.514217,-8.490182,2,0.0,Low
4.0,0.0,0.0,0.0,0.0,0.0,0.0,0.0,0.0,0.0,0.0,0.0,0.0,0.0,0.0,4.0,4.0,0.0,0.0,0.0,0.0,0.0,10.0,0.0,0.0,0.0,0.0,0.0,22.0,8.0,63.542006,48.0,4.0,28.3798,0.0,180.0,80.483766,825.4,1380.0,3040.811538,0.0,946.1456,0.0,0.0,107.999772,3454.364,0.0,230.28471600000003,0.0,236.0,155.787496,-16.54,48.0,56.0,98.0,124.74288,-8.492393,1,2.0,Medium
2.0,0.0,0.0,0.0,3.0,0.0,0.0,0.0,0.0,0.0,0.0,0.0,0.0,0.0,0.0,4.0,13.0,0.0,0.0,0.0,0.0,0.0,0.0,0.0,0.0,0.0,0.0,0.0,22.0,9.0,66.989256,48.0,5.0,-11.657100000000002,0.0,111.0,47.057356,907.91,956.0,2087.578234,0.0,596.2635,0.0,0.0,84.55102199999999,2420.53,0.0,154.252358,-8.0,166.0,100.86941500000002,-17.16,48.0,55.0,49.0,69.142718,-8.581479,2,0.0,Low
4.0,4.0,0.0,0.0,0.0,0.0,0.0,0.0,0.0,0.0,0.0,0.0,0.0,0.0,0.0,5.0,8.0,0.0,0.0,0.0,0.0,0.0,0.0,0.0,0.0,0.0,0.0,0.0,21.0,17.0,42.608685,43.0,12.0,-11.6844,0.0,102.0,44.771733,996.41,964.0,2033.993916,0.0,620.3376000000001,0.0,0.0,89.07178400000001,2548.243,0.0,171.859432,0.0,165.0,103.057143,-14.79,43.0,63.0,47.0,85.244162,-8.580033,1,3.0,Medium
3.0,0.0,0.0,0.0,4.0,0.0,0.0,0.0,0.0,0.0,0.0,0.0,0.0,0.0,0.0,0.0,5.0,10.0,0.0,0.0,0.0,0.0,0.0,0.0,0.0,0.0,0.0,0.0,22.0,7.0,64.816175,44.0,7.0,16.2073,0.0,161.0,71.166259,748.43,1252.0,2781.1565330000003,0.0,852.6570999999999,0.0,0.0,96.378132,3134.455,0.0,206.328537,2.0,215.0,142.433085,-16.79,44.0,54.0,78.0,104.122769,-8.55047,1,4.0,Medium
5.0,0.0,0.0,0.0,0.0,0.0,0.0,0.0,0.0,0.0,0.0,0.0,0.0,0.0,0.0,0.0,5.0,0.0,0.0,0.0,0.0,0.0,5.0,0.0,0.0,0.0,7.0,0.0,22.0,33.0,51.307412,86.0,5.0,-4.475600000000002,7.0,189.0,89.626075,1481.61,1662.0,4224.395058,0.0,1033.7408999999998,7.0,7.0,102.598064,4225.933,0.0,267.08990000000006,0.0,285.0,173.494737,-17.810000000000002,86.0,96.0,97.0,132.203424,-8.687678,1,1.0,Medium
0.0,0.0,0.0,0.0,0.0,0.0,0.0,3.0,0.0,0.0,0.0,0.0,0.0,0.0,0.0,5.0,9.0,4.0,0.0,0.0,0.0,0.0,0.0,0.0,0.0,0.0,0.0,0.0,21.0,8.0,68.647961,47.0,3.0,-5.005800000000002,0.0,110.0,46.802609,791.24,918.0,1961.778193,0.0,580.3551,0.0,0.0,79.958122,2291.5840000000003,0.0,143.09,-6.0,160.0,96.458938,-16.91,47.0,50.0,52.0,69.250447,-8.485846,2,0.0,Low
0.0,0.0,0.0,0.0,5.0,0.0,0.0,0.0,0.0,0.0,0.0,0.0,0.0,0.0,0.0,5.0,10.0,1.0,0.0,0.0,0.0,0.0,0.0,0.0,0.0,0.0,0.0,0.0,21.0,10.0,71.915089,47.0,5.0,-4.344200000000001,0.0,128.0,55.34673900000001,813.95,1038.0,2342.020256,0.0,666.3885,0.0,0.0,82.733488,2575.108,0.0,163.01,-5.0,180.0,112.542204,-16.99,47.0,52.0,59.0,73.77540499999999,-8.625408,2,0.0,Low
0.0,0.0,0.0,0.0,0.0,0.0,2.0,3.0,0.0,0.0,0.0,0.0,0.0,0.0,0.0,0.0,10.0,6.0,0.0,0.0,0.0,0.0,0.0,0.0,0.0,0.0,0.0,0.0,21.0,5.0,68.312727,42.0,5.0,-3.481300000000001,0.0,117.0,50.576866,712.8,942.0,1967.701182,0.0,608.7625,0.0,0.0,82.590416,2340.8160000000003,0.0,147.20999999999998,-5.0,164.0,101.283347,-16.79,42.0,47.0,58.0,74.096863,-8.540846,2,0.0,Low
0.0,0.0,0.0,0.0,0.0,0.0,0.0,0.0,0.0,0.0,0.0,0.0,0.0,0.0,0.0,5.0,5.0,0.0,0.0,0.0,0.0,0.0,6.0,0.0,6.0,0.0,0.0,0.0,22.0,5.0,73.183632,49.0,0.0,42.8531,0.0,207.0,93.851719,748.9000000000001,1492.0,3099.653467,0.0,1032.788,0.0,0.0,148.28010999999998,3638.148,0.0,238.42,-5.0,256.0,166.023621,-17.58,49.0,49.0,134.0,153.300576,-8.45862,1,1.0,Medium
0.0,4.0,0.0,0.0,0.0,0.0,4.0,0.0,0.0,0.0,5.0,0.0,0.0,0.0,9.0,0.0,0.0,0.0,0.0,0.0,0.0,0.0,0.0,0.0,0.0,0.0,0.0,0.0,22.0,30.0,60.306784,45.0,21.0,0.2267999999999995,0.0,158.0,72.96891,971.54,1332.0,2877.488776,0.0,907.3635,0.0,0.0,105.350012,3361.092,0.0,221.724716,8.0,228.0,147.339048,-17.099999999999998,45.0,70.0,88.0,121.739163,-8.822924,1,3.0,Medium
4.0,0.0,0.0,0.0,0.0,0.0,11.0,0.0,0.0,3.0,0.0,0.0,0.0,0.0,0.0,4.0,0.0,0.0,0.0,0.0,0.0,0.0,0.0,0.0,0.0,0.0,0.0,0.0,22.0,22.0,57.23897199999999,51.0,18.0,-7.4247,3.0,177.0,84.54012,859.93,1458.0,3153.891948,0.0,979.7514,3.0,3.0,102.927882,3682.586,0.0,237.833199,18.0,250.0,162.265467,-17.22,51.0,73.0,102.0,135.391683,-8.75424,1,4.0,Medium
0.0,9.0,0.0,0.0,0.0,0.0,0.0,0.0,0.0,0.0,0.0,0.0,0.0,0.0,0.0,2.0,9.0,0.0,0.0,0.0,0.0,0.0,0.0,0.0,0.0,0.0,2.0,0.0,22.0,28.0,40.405655,49.0,18.0,-19.5773,2.0,117.0,53.638367,1216.25,1128.0,2547.107451,0.0,718.9792,2.0,2.0,95.161276,2975.1450000000004,0.0,197.77104100000005,0.0,193.0,119.10548,-15.69,49.0,76.0,54.0,96.422187,-8.660111,1,4.0,Medium
0.0,0.0,0.0,0.0,0.0,0.0,0.0,6.0,0.0,0.0,4.0,0.0,0.0,0.0,0.0,0.0,8.0,0.0,0.0,0.0,0.0,0.0,0.0,0.0,0.0,0.0,4.0,0.0,22.0,22.0,66.491746,72.0,6.0,-20.7638,4.0,142.0,65.20351600000001,1150.3200000000002,1268.0,2979.025792,0.0,767.1990000000001,4.0,4.0,95.712868,3179.42,0.0,193.47086,-2.0,220.0,128.968826,-18.74,72.0,78.0,76.0,98.003038,-8.693447,1,1.0,Medium
0.0,0.0,0.0,0.0,0.0,0.0,0.0,0.0,5.0,0.0,5.0,0.0,0.0,0.0,0.0,0.0,0.0,0.0,0.0,0.0,6.0,0.0,0.0,0.0,0.0,0.0,6.0,0.0,22.0,34.0,68.923835,80.0,10.0,-3.5551999999999992,6.0,194.0,91.478991,1257.23,1648.0,4024.716585,0.0,1048.0422,6.0,6.0,106.932847,4099.9,0.0,253.09629,5.0,284.0,174.18615,-19.22,80.0,90.0,97.0,127.774622,-8.681844,1,3.0,Medium
0.0,0.0,0.0,3.0,0.0,0.0,0.0,0.0,0.0,0.0,0.0,0.0,0.0,0.0,0.0,4.0,11.0,4.0,0.0,0.0,0.0,0.0,0.0,0.0,0.0,0.0,0.0,0.0,22.0,7.0,72.712988,48.0,3.0,-3.748300000000001,0.0,119.0,50.980101,824.97,976.0,2115.100754,0.0,619.4573,0.0,0.0,82.967648,2429.794,0.0,152.34,-8.0,170.0,103.286404,-17.66,48.0,51.0,57.0,73.201978,-8.542674,2,0.0,Low
0.0,0.0,3.0,0.0,0.0,0.0,0.0,0.0,0.0,3.0,0.0,0.0,0.0,0.0,0.0,3.0,12.0,0.0,0.0,0.0,0.0,0.0,0.0,0.0,0.0,0.0,0.0,0.0,21.0,12.0,54.873609,45.0,9.0,-16.378500000000003,3.0,105.0,46.161333000000006,911.28,930.0,2060.819715,0.0,579.8229,3.0,3.0,83.44765799999999,2382.876,0.0,147.88536599999998,-6.0,162.0,96.395598,-16.200000000000003,45.0,57.0,45.0,70.549446,-8.700732,2,0.0,Low
0.0,0.0,0.0,0.0,4.0,0.0,0.0,0.0,0.0,0.0,0.0,0.0,0.0,0.0,0.0,4.0,12.0,0.0,0.0,0.0,0.0,2.0,0.0,0.0,0.0,0.0,0.0,0.0,22.0,8.0,75.566148,48.0,4.0,-5.502400000000001,0.0,124.0,52.323864,843.2400000000001,1012.0,2297.755894,0.0,642.6999999999999,0.0,0.0,83.976884,2514.944,0.0,158.3,-8.0,176.0,109.16884600000002,-17.700000000000003,48.0,52.0,50.0,66.806742,-8.595013,2,0.0,Low
0.0,0.0,5.0,0.0,0.0,0.0,5.0,0.0,0.0,0.0,2.0,0.0,0.0,0.0,0.0,0.0,10.0,0.0,0.0,0.0,0.0,0.0,0.0,0.0,0.0,0.0,0.0,0.0,22.0,15.0,55.12896599999999,41.0,15.0,-12.4088,0.0,124.0,56.13302,909.76,1076.0,2167.302849,0.0,704.8955000000001,0.0,0.0,104.02662999999998,2758.485,0.0,181.684805,0.0,185.0,116.260124,-16.41,41.0,61.0,70.0,99.899323,-8.672512,1,1.0,Medium
0.0,0.0,5.0,4.0,0.0,0.0,5.0,0.0,0.0,0.0,0.0,0.0,0.0,0.0,0.0,0.0,7.0,0.0,0.0,0.0,0.0,0.0,0.0,0.0,0.0,0.0,0.0,0.0,21.0,19.0,53.625553,37.0,19.0,-10.5583,0.0,141.0,65.737368,841.27,1180.0,2475.779182,0.0,794.7243,0.0,0.0,105.438778,3002.08,0.0,199.394805,7.0,202.0,131.604338,-15.7,37.0,61.0,81.0,109.392971,-8.766835,1,3.0,Medium
0.0,0.0,4.0,0.0,0.0,0.0,0.0,0.0,0.0,0.0,0.0,0.0,0.0,0.0,0.0,4.0,10.0,0.0,0.0,0.0,0.0,3.0,0.0,0.0,0.0,0.0,0.0,0.0,21.0,12.0,57.421494,42.0,8.0,-5.742400000000002,0.0,106.0,44.81124200000001,893.2800000000001,926.0,2028.020855,0.0,595.2274000000001,0.0,0.0,88.80983,2376.4,0.0,154.725844,-6.0,160.0,99.294581,-15.75,42.0,54.0,41.0,70.423385,-8.612154,2,0.0,Low
0.0,0.0,3.0,0.0,0.0,0.0,4.0,0.0,0.0,0.0,6.0,0.0,0.0,0.0,0.0,0.0,8.0,0.0,0.0,0.0,0.0,0.0,0.0,0.0,0.0,0.0,0.0,0.0,21.0,10.0,57.452214,45.0,10.0,-6.350300000000001,0.0,123.0,55.094573,827.4000000000001,1050.0,2078.882943,0.0,682.1282000000001,0.0,0.0,99.227203,2661.465,0.0,172.616883,-1.0,181.0,112.313869,-16.24,45.0,58.0,74.0,100.040306,-8.637346,1,3.0,Medium
0.0,0.0,0.0,0.0,0.0,0.0,5.0,0.0,0.0,0.0,0.0,0.0,0.0,0.0,0.0,4.0,8.0,5.0,0.0,0.0,0.0,0.0,0.0,0.0,0.0,0.0,0.0,0.0,22.0,9.0,72.79015100000001,48.0,5.0,-0.4991000000000021,0.0,133.0,58.689721000000006,792.36,1072.0,2260.608959,0.0,696.8107,0.0,0.0,85.745755,2661.242,0.0,168.26000000000002,-3.0,186.0,115.219281,-17.74,48.0,53.0,70.0,87.957322,-8.579608,1,3.0,Medium
3.0,0.0,0.0,0.0,0.0,0.0,0.0,0.0,0.0,0.0,0.0,0.0,0.0,0.0,0.0,4.0,3.0,11.0,0.0,0.0,0.0,0.0,0.0,0.0,0.0,0.0,0.0,0.0,21.0,7.0,59.62777,46.0,3.0,17.430899999999998,0.0,139.0,60.767191,757.6300000000001,1110.0,2411.786492,0.0,746.8665000000001,0.0,0.0,86.699522,2797.799,0.0,183.118537,0.0,191.0,123.046157,-16.0,46.0,52.0,68.0,96.002366,-8.473817,1,4.0,Medium
3.0,0.0,0.0,0.0,0.0,0.0,2.0,0.0,0.0,0.0,4.0,0.0,0.0,0.0,0.0,0.0,12.0,0.0,0.0,0.0,0.0,0.0,0.0,0.0,0.0,0.0,0.0,0.0,21.0,5.0,57.39842,46.0,5.0,-11.3352,0.0,100.0,42.764017,846.98,888.0,1766.31282,0.0,551.5077,0.0,0.0,86.351562,2273.7200000000003,0.0,146.03853700000002,-7.0,154.0,92.201305,-16.08,46.0,54.0,53.0,76.870807,-8.534194,2,0.0,Low
0.0,0.0,5.0,0.0,0.0,0.0,0.0,0.0,0.0,0.0,0.0,0.0,0.0,0.0,0.0,4.0,10.0,0.0,3.0,0.0,0.0,0.0,0.0,0.0,0.0,0.0,0.0,0.0,22.0,14.0,54.820755,43.0,10.0,-7.1754000000000016,0.0,110.0,47.87755700000001,950.02,974.0,2002.2986840000003,0.0,628.8862000000001,0.0,0.0,99.015065,2513.99,0.0,164.804805,-5.0,168.0,103.059121,-16.29,43.0,58.0,54.0,85.446952,-8.615763,1,1.0,Medium
0.0,0.0,0.0,0.0,0.0,0.0,6.0,0.0,0.0,0.0,5.0,0.0,0.0,0.0,6.0,5.0,0.0,0.0,0.0,0.0,0.0,0.0,0.0,0.0,0.0,0.0,0.0,0.0,22.0,23.0,73.573336,54.0,12.0,2.4493,0.0,161.0,73.679869,890.72,1318.0,2826.4841049999995,0.0,877.9722,0.0,0.0,99.15696,3264.169,0.0,208.74,6.0,227.0,143.236207,-18.26,54.0,66.0,94.0,117.398379,-8.76162,1,1.0,Medium
4.0,0.0,0.0,0.0,0.0,0.0,0.0,0.0,0.0,0.0,0.0,0.0,0.0,0.0,0.0,0.0,3.0,0.0,0.0,0.0,0.0,0.0,8.0,0.0,6.0,0.0,0.0,0.0,21.0,4.0,57.233095000000006,42.0,4.0,50.2403,0.0,219.0,100.63862799999998,704.3499999999999,1580.0,3269.656159,0.0,1119.3484,0.0,0.0,157.171314,3908.447,0.0,264.234716,1.0,269.0,180.64821,-15.590000000000002,42.0,50.0,143.0,171.32138600000002,-8.4709,0,5.0,High
5.0,0.0,0.0,0.0,0.0,0.0,0.0,0.0,0.0,0.0,0.0,0.0,0.0,0.0,0.0,4.0,3.0,10.0,0.0,0.0,0.0,0.0,0.0,0.0,0.0,0.0,0.0,0.0,22.0,9.0,56.315301,48.0,5.0,15.0639,0.0,143.0,62.860561,839.21,1172.0,2534.399659,0.0,787.7376999999999,0.0,0.0,93.76254,2988.857,0.0,198.240895,2.0,201.0,130.14057100000002,-16.29,48.0,58.0,70.0,104.127307,-8.568586,1,4.0,Medium
0.0,0.0,0.0,3.0,0.0,0.0,0.0,0.0,0.0,0.0,4.0,0.0,0.0,0.0,0.0,4.0,10.0,0.0,0.0,0.0,0.0,0.0,0.0,0.0,0.0,0.0,0.0,0.0,21.0,7.0,68.393799,50.0,3.0,-7.285400000000001,0.0,112.0,48.207673,821.76,948.0,1987.985615,0.0,592.1253,0.0,0.0,84.495216,2366.6270000000004,0.0,147.97,-7.0,165.0,98.627842,-17.03,50.0,53.0,60.0,76.724188,-8.52993,2,0.0,Low
0.0,0.0,0.0,0.0,6.0,0.0,0.0,0.0,0.0,0.0,0.0,0.0,0.0,0.0,0.0,2.0,6.0,0.0,0.0,0.0,0.0,0.0,0.0,0.0,8.0,0.0,0.0,0.0,22.0,8.0,73.386662,46.0,6.0,35.6662,0.0,222.0,101.916766,728.68,1600.0,3351.28196,0.0,1112.1898,0.0,0.0,165.315204,3895.686,0.0,256.3,0.0,274.0,180.963912,-17.7,46.0,52.0,144.0,163.212476,-8.541042,1,4.0,Medium
0.0,0.0,5.0,0.0,0.0,0.0,0.0,0.0,0.0,4.0,0.0,0.0,0.0,0.0,4.0,9.0,0.0,0.0,0.0,0.0,0.0,0.0,0.0,0.0,0.0,0.0,0.0,0.0,22.0,31.0,52.870125,52.0,18.0,-4.1343,4.0,157.0,72.98056,1059.67,1350.0,3139.070467,0.0,899.589,4.0,4.0,102.255777,3443.4180000000006,0.0,220.429449,9.0,232.0,146.89398599999998,-16.97,52.0,75.0,75.0,113.977006,-8.813238,1,3.0,Medium
4.0,0.0,0.0,0.0,0.0,0.0,0.0,0.0,0.0,0.0,0.0,0.0,0.0,0.0,0.0,4.0,3.0,11.0,0.0,0.0,0.0,0.0,0.0,0.0,0.0,0.0,0.0,0.0,22.0,8.0,59.62777,48.0,4.0,17.2003,0.0,145.0,63.567668,811.5699999999999,1170.0,2536.702716,0.0,787.6426,0.0,0.0,92.29357,2964.427,0.0,195.284716,1.0,201.0,129.91582599999998,-16.540000000000003,48.0,56.0,71.0,102.580569,-8.515584,1,4.0,Medium
0.0,0.0,4.0,0.0,0.0,0.0,0.0,0.0,0.0,0.0,0.0,0.0,0.0,0.0,0.0,4.0,5.0,8.0,0.0,0.0,0.0,0.0,0.0,0.0,0.0,0.0,0.0,0.0,21.0,12.0,56.099973,42.0,8.0,9.1799,0.0,131.0,57.69827600000001,824.13,1076.0,2312.8158350000003,0.0,722.6784,0.0,0.0,93.38522,2732.115,0.0,179.725844,-1.0,185.0,118.378394,-15.75,42.0,54.0,65.0,94.479246,-8.623353,1,3.0,Medium
0.0,0.0,0.0,0.0,5.0,0.0,0.0,0.0,0.0,0.0,0.0,0.0,0.0,0.0,0.0,4.0,6.0,0.0,0.0,0.0,0.0,0.0,7.0,0.0,0.0,0.0,0.0,0.0,22.0,9.0,78.391964,48.0,5.0,21.2175,0.0,186.0,82.87780699999999,764.7,1390.0,3167.00124,0.0,945.5857,0.0,0.0,102.550972,3406.6890000000003,0.0,221.26,-1.0,239.0,157.563849,-17.74,48.0,53.0,97.0,111.7594,-8.54419,1,1.0,Medium
0.0,3.0,0.0,0.0,0.0,0.0,5.0,0.0,0.0,0.0,4.0,0.0,0.0,0.0,0.0,0.0,9.0,0.0,0.0,0.0,0.0,0.0,0.0,0.0,0.0,0.0,0.0,0.0,21.0,11.0,57.991907,43.0,11.0,-10.4622,0.0,118.0,52.886926,827.21,1014.0,2022.9644970000004,0.0,656.2509,0.0,0.0,91.438869,2574.347,0.0,166.918537,-1.0,175.0,108.461839,-16.2,43.0,57.0,68.0,92.868664,-8.615241,1,2.0,Medium
5.0,4.0,0.0,0.0,0.0,0.0,0.0,0.0,0.0,3.0,0.0,0.0,0.0,0.0,0.0,0.0,9.0,0.0,0.0,0.0,0.0,0.0,0.0,0.0,0.0,0.0,0.0,0.0,21.0,16.0,35.077047,41.0,16.0,-16.4203,3.0,111.0,50.409318,977.74,1032.0,2255.7045930000004,0.0,668.4908,3.0,3.0,90.913143,2735.985,0.0,181.004094,3.0,177.0,111.626087,-14.580000000000002,41.0,66.0,48.0,90.223773,-8.646678,1,3.0,Medium
0.0,5.0,0.0,0.0,0.0,0.0,0.0,0.0,0.0,0.0,0.0,0.0,0.0,0.0,0.0,3.0,8.0,0.0,0.0,6.0,0.0,0.0,0.0,0.0,0.0,0.0,0.0,0.0,22.0,13.0,57.70513700000001,42.0,10.0,-2.5310000000000006,0.0,114.0,48.66087,902.13,992.0,2173.56953,0.0,650.5944,0.0,0.0,87.42258999999999,2556.115,0.0,168.280895,-3.0,171.0,108.375549,-16.25,42.0,57.0,44.0,76.998577,-8.620422,1,1.0,Medium
0.0,0.0,0.0,0.0,5.0,0.0,0.0,0.0,0.0,0.0,0.0,0.0,0.0,0.0,0.0,1.0,10.0,0.0,0.0,0.0,0.0,0.0,0.0,0.0,6.0,0.0,0.0,0.0,22.0,6.0,72.927832,45.0,5.0,21.177,0.0,186.0,83.978059,759.3299999999999,1372.0,2869.0805010000004,0.0,932.2723,0.0,0.0,142.564364,3354.6600000000003,0.0,218.38,-5.0,236.0,152.631924,-17.619999999999997,45.0,50.0,115.0,132.04135200000002,-8.604177,1,1.0,Medium
4.0,0.0,0.0,0.0,0.0,0.0,6.0,0.0,0.0,0.0,0.0,0.0,0.0,0.0,0.0,8.0,3.0,0.0,0.0,0.0,0.0,0.0,0.0,0.0,0.0,0.0,0.0,0.0,21.0,18.0,57.182611,50.0,10.0,-5.5297,0.0,135.0,61.66338999999999,892.83,1160.0,2455.959917,0.0,759.993,0.0,0.0,91.263846,2954.309,0.0,193.674716,7.0,199.0,125.938072,-16.15,50.0,64.0,75.0,104.716388,-8.76696,1,3.0,Medium
5.0,0.0,0.0,0.0,4.0,0.0,0.0,0.0,0.0,0.0,0.0,0.0,0.0,0.0,0.0,5.0,9.0,0.0,0.0,0.0,0.0,0.0,0.0,0.0,0.0,0.0,0.0,0.0,23.0,14.0,61.48094999999999,51.0,9.0,-7.132700000000001,0.0,135.0,59.195586000000006,986.48,1164.0,2569.806683,0.0,752.5092999999999,0.0,0.0,97.794848,2980.666,0.0,196.250895,0.0,200.0,127.052154,-17.279999999999998,51.0,65.0,63.0,93.496959,-8.674512,1,4.0,Medium
0.0,0.0,4.0,0.0,0.0,0.0,4.0,0.0,0.0,3.0,0.0,0.0,0.0,0.0,0.0,0.0,11.0,0.0,0.0,0.0,0.0,0.0,0.0,0.0,0.0,0.0,0.0,0.0,22.0,15.0,55.097193,43.0,15.0,-17.3011,3.0,127.0,58.092161,911.26,1092.0,2354.7502830000003,0.0,705.7571000000002,3.0,3.0,96.032863,2790.055,0.0,176.924327,0.0,189.0,117.025602,-16.78,43.0,62.0,63.0,91.74241,-8.689083,1,3.0,Medium
0.0,0.0,0.0,0.0,0.0,0.0,0.0,0.0,0.0,12.0,0.0,0.0,0.0,0.0,0.0,2.0,6.0,0.0,0.0,0.0,0.0,0.0,3.0,0.0,0.0,0.0,0.0,0.0,23.0,14.0,62.096113,60.0,12.0,-8.054300000000001,12.0,186.0,87.444591,892.38,1478.0,3637.657231,0.0,960.047,12.0,12.0,90.784222,3684.63,0.0,215.703932,6.0,258.0,159.37915400000003,-19.21,60.0,72.0,81.0,109.408606,-8.850693,1,4.0,Medium
5.0,0.0,0.0,0.0,0.0,0.0,0.0,0.0,0.0,5.0,0.0,0.0,0.0,0.0,0.0,4.0,10.0,0.0,0.0,0.0,0.0,0.0,0.0,0.0,0.0,0.0,0.0,0.0,24.0,14.0,56.013916,57.0,10.0,-16.434,5.0,134.0,60.21336000000001,1056.97,1188.0,2700.6639200000004,0.0,748.1342,5.0,5.0,94.442945,3065.552,0.0,191.6417,0.0,206.0,125.270469,-18.27,57.0,72.0,57.0,93.340359,-8.646766,1,4.0,Medium
4.0,0.0,0.0,0.0,0.0,0.0,4.0,0.0,0.0,0.0,0.0,0.0,0.0,0.0,0.0,0.0,8.0,0.0,0.0,0.0,0.0,0.0,0.0,0.0,0.0,0.0,5.0,0.0,21.0,28.0,51.184756,72.0,8.0,-21.3718,5.0,144.0,68.16149300000001,1288.16,1324.0,3224.573088,0.0,804.4682,5.0,5.0,88.851978,3385.364,0.0,212.13829100000004,0.0,228.0,135.688962,-16.950000000000003,72.0,84.0,74.0,104.266835,-8.701732,1,4.0,Medium
0.0,0.0,6.0,0.0,0.0,0.0,0.0,0.0,0.0,0.0,0.0,0.0,0.0,0.0,0.0,3.0,8.0,4.0,0.0,0.0,0.0,0.0,0.0,0.0,0.0,0.0,0.0,0.0,21.0,15.0,49.070463,39.0,12.0,-2.309400000000001,0.0,116.0,51.189213,906.27,1008.0,2127.012066,0.0,667.5952,0.0,0.0,97.498566,2605.687,0.0,173.503766,-2.0,173.0,109.553583,-15.21,39.0,57.0,57.0,89.960114,-8.666699,1,3.0,Medium
0.0,0.0,0.0,3.0,0.0,0.0,0.0,0.0,0.0,4.0,0.0,0.0,0.0,0.0,0.0,5.0,10.0,0.0,0.0,0.0,0.0,0.0,0.0,0.0,0.0,0.0,0.0,0.0,22.0,12.0,67.964092,53.0,7.0,-14.1126,4.0,130.0,58.21524599999999,886.05,1088.0,2505.432207,0.0,683.0109,4.0,4.0,82.55416399999999,2721.1220000000003,0.0,164.284644,-3.0,190.0,114.188753,-18.02,53.0,60.0,59.0,78.745474,-8.722992,1,1.0,Medium
6.0,0.0,0.0,0.0,0.0,0.0,0.0,0.0,0.0,0.0,5.0,0.0,0.0,0.0,0.0,5.0,5.0,0.0,0.0,0.0,0.0,0.0,0.0,0.0,0.0,0.0,0.0,0.0,21.0,11.0,48.163635,52.0,6.0,-2.5216000000000003,0.0,116.0,50.866097,934.59,1050.0,2163.515494,0.0,673.2156,0.0,0.0,94.801038,2726.608,0.0,180.747074,1.0,180.0,111.800549,-15.489999999999998,52.0,64.0,63.0,98.985173,-8.559022,1,4.0,Medium
0.0,0.0,0.0,0.0,0.0,0.0,6.0,0.0,0.0,0.0,5.0,0.0,0.0,0.0,0.0,0.0,8.0,0.0,0.0,2.0,0.0,0.0,0.0,0.0,0.0,0.0,0.0,0.0,21.0,6.0,68.518459,47.0,6.0,-3.991100000000001,0.0,127.0,56.31195999999999,735.7300000000001,1038.0,2092.940913,0.0,670.3672000000001,0.0,0.0,89.19153400000002,2579.12,0.0,162.97000000000003,-2.0,180.0,111.238436,-17.03,47.0,53.0,73.0,91.314925,-8.597437,1,3.0,Medium
0.0,0.0,0.0,0.0,0.0,0.0,0.0,5.0,0.0,0.0,0.0,0.0,0.0,0.0,0.0,4.0,5.0,7.0,0.0,0.0,0.0,0.0,0.0,0.0,0.0,0.0,0.0,0.0,21.0,9.0,68.761829,46.0,5.0,2.6446000000000005,0.0,130.0,56.782768,724.57,1044.0,2243.860072,0.0,686.3906999999999,0.0,0.0,86.384416,2592.203,0.0,164.05,0.0,181.0,113.635197,-16.95,46.0,51.0,65.0,84.159154,-8.582127,1,4.0,Medium
0.0,0.0,0.0,5.0,0.0,0.0,0.0,0.0,0.0,0.0,4.0,0.0,0.0,0.0,0.0,5.0,7.0,0.0,0.0,0.0,0.0,0.0,0.0,0.0,0.0,0.0,0.0,0.0,21.0,10.0,69.262807,51.0,5.0,-3.8935,0.0,129.0,57.059564,809.3800000000001,1068.0,2285.243904,0.0,684.7415,0.0,0.0,89.42363999999999,2656.155,0.0,167.85,-2.0,185.0,113.914071,-17.15,51.0,56.0,72.0,89.57038800000001,-8.610699,1,3.0,Medium
5.0,0.0,0.0,0.0,0.0,0.0,0.0,0.0,0.0,2.0,0.0,0.0,0.0,0.0,0.0,3.0,12.0,0.0,0.0,0.0,0.0,0.0,0.0,0.0,0.0,0.0,0.0,0.0,22.0,10.0,52.795675,49.0,7.0,-15.7498,2.0,104.0,44.991538000000006,970.79,952.0,2066.7813960000003,0.0,589.2162999999999,2.0,2.0,85.458354,2476.745,0.0,158.273217,-5.0,165.0,99.06387,-16.41,49.0,61.0,44.0,74.967933,-8.60699,2,0.0,Low
0.0,0.0,3.0,0.0,0.0,0.0,0.0,0.0,0.0,0.0,2.0,0.0,0.0,0.0,0.0,9.0,8.0,0.0,0.0,0.0,0.0,0.0,0.0,0.0,0.0,0.0,0.0,0.0,22.0,15.0,62.252627,52.0,6.0,-7.0379000000000005,0.0,113.0,48.806954000000005,981.09,1006.0,2132.5941270000003,0.0,634.9906000000001,0.0,0.0,91.917167,2567.08,0.0,164.786883,-5.0,174.0,104.53953599999998,-17.07,52.0,61.0,57.0,84.257524,-8.529065,2,0.0,Low
2.0,0.0,0.0,0.0,2.0,0.0,0.0,0.0,0.0,0.0,0.0,0.0,0.0,0.0,0.0,7.0,11.0,0.0,0.0,0.0,0.0,0.0,0.0,0.0,0.0,0.0,0.0,0.0,22.0,11.0,66.844928,51.0,4.0,-10.0151,0.0,111.0,47.156345,936.5,968.0,2114.503559,0.0,602.5572000000001,0.0,0.0,83.74086,2454.52,0.0,156.172358,-7.0,168.0,101.230083,-17.240000000000002,51.0,57.0,50.0,71.75099399999999,-8.51209,2,0.0,Low
0.0,0.0,0.0,0.0,6.0,0.0,0.0,0.0,0.0,0.0,0.0,0.0,0.0,0.0,0.0,0.0,2.0,0.0,0.0,0.0,0.0,0.0,6.0,0.0,0.0,0.0,8.0,0.0,22.0,38.0,71.296002,92.0,6.0,5.999200000000002,8.0,246.0,117.120966,1427.94,2004.0,5241.155558,0.0,1280.0678,8.0,8.0,108.462384,4956.192,0.0,308.88172,4.0,344.0,215.672146,-19.54,92.0,98.0,128.0,149.718388,-8.593608,1,2.0,Medium
0.0,0.0,0.0,0.0,0.0,0.0,7.0,0.0,0.0,0.0,0.0,0.0,0.0,0.0,0.0,4.0,5.0,6.0,0.0,0.0,0.0,0.0,0.0,0.0,0.0,0.0,0.0,0.0,22.0,11.0,73.29347299999999,48.0,7.0,3.920399999999999,0.0,150.0,67.619231,759.75,1186.0,2503.015955,0.0,788.0151000000001,0.0,0.0,90.052371,2934.771,0.0,187.18,2.0,205.0,129.920105,-17.82,48.0,55.0,83.0,102.132499,-8.624696,1,4.0,Medium
0.0,6.0,0.0,0.0,0.0,0.0,0.0,0.0,0.0,0.0,0.0,0.0,0.0,0.0,0.0,5.0,5.0,0.0,0.0,0.0,0.0,0.0,6.0,0.0,0.0,0.0,0.0,0.0,22.0,17.0,55.282224,43.0,12.0,11.0885,0.0,153.0,68.713381,931.54,1252.0,2724.9857650000004,0.0,851.7488000000001,0.0,0.0,102.976924,3189.6900000000005,0.0,214.157074,1.0,214.0,139.517373,-16.08,43.0,61.0,80.0,113.115318,-8.739301,1,3.0,Medium
0.0,0.0,0.0,0.0,0.0,0.0,0.0,3.0,0.0,0.0,0.0,0.0,0.0,0.0,0.0,4.0,10.0,0.0,0.0,4.0,0.0,0.0,0.0,0.0,0.0,0.0,0.0,0.0,21.0,7.0,69.798541,46.0,3.0,-7.7483,0.0,103.0,42.869556,784.8400000000001,870.0,1890.854456,0.0,544.1443,0.0,0.0,77.99907,2176.388,0.0,135.13,-7.0,152.0,91.498981,-16.87,46.0,49.0,42.0,59.668551,-8.418696,2,0.0,Low
0.0,0.0,0.0,0.0,0.0,0.0,0.0,0.0,0.0,6.0,0.0,0.0,0.0,0.0,0.0,5.0,5.0,0.0,0.0,0.0,6.0,0.0,0.0,0.0,0.0,0.0,0.0,0.0,22.0,11.0,67.88023799999999,55.0,6.0,-1.6890999999999998,6.0,147.0,65.096083,830.9200000000001,1192.0,2839.608211,0.0,769.5002,6.0,6.0,88.492222,2976.564,0.0,178.39696600000002,1.0,208.0,128.582601,-18.06,55.0,61.0,50.0,78.710004,-8.768297,1,4.0,Medium
4.0,0.0,0.0,0.0,0.0,0.0,5.0,0.0,0.0,0.0,0.0,0.0,0.0,0.0,0.0,8.0,4.0,0.0,0.0,0.0,0.0,0.0,0.0,0.0,0.0,0.0,0.0,0.0,21.0,17.0,56.984782,50.0,9.0,-6.247700000000001,0.0,129.0,58.399841,902.22,1118.0,2370.4093580000003,0.0,727.1293000000001,0.0,0.0,89.568077,2853.116,0.0,186.714716,5.0,192.0,120.609645,-16.11,50.0,63.0,70.0,99.383769,-8.730265,1,4.0,Medium
0.0,0.0,5.0,0.0,0.0,0.0,0.0,0.0,0.0,0.0,4.0,0.0,0.0,0.0,0.0,0.0,8.0,0.0,5.0,0.0,0.0,0.0,0.0,0.0,0.0,0.0,0.0,0.0,22.0,10.0,53.101447,43.0,10.0,0.6277999999999988,0.0,122.0,53.765381,878.36,1046.0,2052.440292,0.0,689.767,0.0,0.0,109.07122499999998,2684.33,0.0,176.80480500000002,-3.0,180.0,112.283725,-16.29,43.0,58.0,68.0,101.913824,-8.647661,1,4.0,Medium
0.0,0.0,0.0,0.0,6.0,0.0,0.0,0.0,0.0,0.0,3.0,0.0,0.0,0.0,0.0,6.0,6.0,0.0,0.0,0.0,0.0,0.0,0.0,0.0,0.0,0.0,0.0,0.0,21.0,12.0,72.195933,51.0,6.0,1.2224999999999993,0.0,147.0,64.84826400000001,810.99,1182.0,2650.5372930000003,0.0,772.572,0.0,0.0,90.998502,2925.672,0.0,186.81,0.0,204.0,129.862578,-17.189999999999998,51.0,57.0,75.0,92.240769,-8.695987,1,4.0,Medium
0.0,0.0,0.0,6.0,0.0,0.0,0.0,0.0,0.0,3.0,0.0,0.0,0.0,0.0,0.0,4.0,9.0,0.0,0.0,0.0,0.0,0.0,0.0,0.0,0.0,0.0,0.0,0.0,22.0,13.0,69.921365,51.0,9.0,-12.0625,3.0,141.0,63.880935,851.6400000000001,1156.0,2643.925451,0.0,740.8465000000001,3.0,3.0,87.96986299999999,2878.491,0.0,177.208483,0.0,201.0,124.084366,-18.02,51.0,60.0,69.0,87.341546,-8.766656,1,4.0,Medium
5.0,0.0,0.0,0.0,0.0,0.0,0.0,0.0,0.0,0.0,0.0,0.0,0.0,0.0,0.0,6.0,5.0,0.0,0.0,0.0,0.0,0.0,0.0,0.0,0.0,0.0,6.0,0.0,22.0,35.0,50.711255,86.0,5.0,-18.4203,6.0,153.0,72.000465,1503.61,1448.0,3663.070559,0.0,870.0065,6.0,6.0,91.794772,3722.977,0.0,233.037185,0.0,249.0,146.48545700000005,-17.81,86.0,96.0,74.0,111.07252300000002,-8.693966,1,2.0,Medium
0.0,0.0,0.0,0.0,0.0,0.0,0.0,5.0,0.0,0.0,5.0,0.0,0.0,0.0,0.0,6.0,5.0,0.0,0.0,0.0,0.0,0.0,0.0,0.0,0.0,0.0,0.0,0.0,21.0,11.0,67.532009,53.0,5.0,-6.7395,0.0,121.0,52.91694,811.18,1032.0,2135.3621,0.0,655.5862999999999,0.0,0.0,91.51198,2577.953,0.0,161.77,0.0,179.0,108.543401,-17.229999999999997,53.0,58.0,68.0,88.579426,-8.591532,1,4.0,Medium
0.0,0.0,0.0,0.0,6.0,0.0,0.0,0.0,0.0,0.0,0.0,0.0,0.0,0.0,0.0,4.0,8.0,3.0,0.0,0.0,0.0,0.0,0.0,0.0,0.0,0.0,0.0,0.0,21.0,10.0,72.653233,46.0,6.0,2.3321999999999994,0.0,144.0,63.07563999999999,770.5,1134.0,2580.822641,0.0,746.3584,0.0,0.0,86.40956600000001,2801.5800000000004,0.0,179.01,-2.0,196.0,125.83763,-16.99,46.0,52.0,68.0,83.322487,-8.647418,1,3.0,Medium
0.0,0.0,0.0,0.0,0.0,0.0,6.0,0.0,0.0,0.0,0.0,0.0,0.0,0.0,0.0,5.0,8.0,3.0,0.0,0.0,0.0,0.0,0.0,0.0,0.0,0.0,0.0,0.0,22.0,11.0,72.961896,49.0,6.0,-4.572400000000002,0.0,132.0,58.65997899999999,817.0300000000001,1078.0,2265.105739,0.0,696.3752000000001,0.0,0.0,86.12924800000002,2679.237,0.0,169.18,-2.0,187.0,115.243845,-17.82,49.0,55.0,71.0,88.83780300000001,-8.614901,1,3.0,Medium
6.0,2.0,0.0,0.0,0.0,0.0,0.0,0.0,0.0,0.0,0.0,0.0,0.0,0.0,0.0,6.0,8.0,0.0,0.0,0.0,0.0,0.0,0.0,0.0,0.0,0.0,0.0,0.0,22.0,16.0,46.002734,48.0,10.0,-10.7324,0.0,108.0,47.16693,1037.34,1016.0,2151.465296,0.0,649.095,0.0,0.0,92.799664,2680.354,0.0,180.029432,0.0,174.0,108.258672,-15.62,48.0,66.0,50.0,89.333428,-8.566158,1,3.0,Medium
0.0,2.0,0.0,0.0,5.0,0.0,0.0,0.0,0.0,0.0,0.0,0.0,0.0,0.0,0.0,4.0,10.0,0.0,0.0,0.0,0.0,0.0,0.0,0.0,0.0,0.0,0.0,0.0,21.0,13.0,65.208571,44.0,9.0,-7.663200000000002,0.0,126.0,55.044912,854.6,1048.0,2347.1620430000003,0.0,678.5022999999999,0.0,0.0,86.068626,2634.0550000000003,0.0,169.962358,-3.0,181.0,114.435089,-16.45,44.0,55.0,58.0,77.81107999999999,-8.70645,1,3.0,Medium
0.0,0.0,0.0,4.0,0.0,0.0,0.0,0.0,0.0,3.0,0.0,0.0,0.0,0.0,0.0,4.0,10.0,0.0,0.0,0.0,0.0,0.0,0.0,0.0,0.0,0.0,0.0,0.0,21.0,11.0,66.036796,49.0,7.0,-13.201,3.0,124.0,55.435405,830.29,1032.0,2352.311736,0.0,650.6811,3.0,3.0,80.34931900000001,2576.996,0.0,157.078483,-3.0,180.0,108.98126,-17.15,49.0,56.0,58.0,75.54155999999999,-8.698641,1,1.0,Medium
0.0,0.0,3.0,0.0,0.0,0.0,0.0,0.0,0.0,0.0,4.0,0.0,0.0,0.0,0.0,0.0,9.0,0.0,0.0,0.0,0.0,0.0,5.0,0.0,0.0,0.0,0.0,0.0,21.0,6.0,59.552032,43.0,6.0,9.117099999999995,0.0,136.0,59.74049599999999,805.01,1092.0,2273.906559,0.0,725.1584,0.0,0.0,101.131217,2746.718,0.0,179.856883,-6.0,188.0,119.118695,-16.0,43.0,52.0,76.0,99.553904,-8.615134,1,1.0,Medium
0.0,0.0,8.0,0.0,0.0,0.0,0.0,0.0,0.0,3.0,0.0,0.0,0.0,0.0,0.0,4.0,7.0,0.0,0.0,0.0,0.0,0.0,0.0,0.0,0.0,0.0,0.0,0.0,22.0,23.0,42.243633,43.0,19.0,-12.229500000000002,3.0,131.0,60.308333,1040.86,1172.0,2580.735395,0.0,773.8807,3.0,3.0,107.904383,3056.099,0.0,200.400171,4.0,201.0,127.11849399999998,-15.78,43.0,70.0,63.0,104.85962200000002,-8.71115,1,3.0,Medium
0.0,0.0,0.0,0.0,0.0,4.0,0.0,0.0,0.0,0.0,4.0,0.0,0.0,0.0,0.0,0.0,4.0,10.0,0.0,0.0,0.0,0.0,0.0,0.0,0.0,0.0,0.0,0.0,22.0,4.0,71.668274,48.0,4.0,14.7564,0.0,152.0,66.475728,688.6,1180.0,2542.206002,0.0,792.0247999999999,0.0,0.0,97.75348,2915.764,0.0,186.3,0.0,204.0,131.12641200000002,-17.700000000000003,48.0,52.0,80.0,101.193426,-8.431702,1,4.0,Medium
3.0,0.0,0.0,0.0,0.0,0.0,0.0,0.0,0.0,0.0,0.0,0.0,0.0,0.0,0.0,4.0,12.0,3.0,0.0,0.0,0.0,0.0,0.0,0.0,0.0,0.0,0.0,0.0,22.0,7.0,61.971263,48.0,3.0,-7.514800000000001,0.0,102.0,42.65306700000001,908.4,898.0,1897.252871,0.0,558.2545,0.0,0.0,82.588898,2299.71,0.0,147.328537,-9.0,156.0,93.295351,-16.79,48.0,54.0,45.0,69.44438,-8.491311,2,0.0,Low
0.0,0.0,0.0,5.0,0.0,0.0,0.0,0.0,0.0,0.0,1.0,0.0,0.0,0.0,0.0,4.0,11.0,0.0,0.0,0.0,0.0,0.0,0.0,0.0,0.0,0.0,0.0,0.0,21.0,9.0,69.586359,47.0,5.0,-10.558600000000002,0.0,114.0,49.591237,816.78,954.0,2063.169595,0.0,599.7517,0.0,0.0,82.60735,2377.722,0.0,149.01,-6.0,166.0,100.54129,-16.990000000000002,47.0,52.0,58.0,72.69002900000001,-8.5805025,2,0.0,Low
0.0,0.0,0.0,0.0,0.0,0.0,5.0,0.0,0.0,0.0,0.0,0.0,0.0,0.0,0.0,4.0,9.0,0.0,0.0,0.0,0.0,0.0,4.0,0.0,0.0,0.0,0.0,0.0,22.0,9.0,74.291247,48.0,5.0,2.182599999999997,0.0,144.0,64.014713,806.19,1138.0,2419.468961,0.0,744.9257,0.0,0.0,91.479189,2814.531,0.0,179.26,-4.0,197.0,123.141567,-17.74,48.0,53.0,79.0,94.716283,-8.610313,1,1.0,Medium
0.0,0.0,0.0,5.0,0.0,0.0,0.0,0.0,0.0,0.0,3.0,0.0,0.0,0.0,0.0,4.0,10.0,0.0,0.0,0.0,0.0,0.0,0.0,0.0,0.0,0.0,0.0,0.0,22.0,9.0,72.4493,51.0,5.0,-7.976700000000001,0.0,125.0,54.667605,847.71,1042.0,2226.093886,0.0,659.8457000000001,0.0,0.0,90.01629,2595.007,0.0,163.14,-5.0,181.0,110.20138,-17.86,51.0,56.0,67.0,83.753301,-8.609115,2,0.0,Low
0.0,0.0,0.0,0.0,0.0,0.0,5.0,0.0,0.0,0.0,0.0,0.0,0.0,0.0,4.0,10.0,2.0,0.0,0.0,0.0,0.0,0.0,0.0,0.0,0.0,0.0,0.0,0.0,21.0,23.0,71.375218,52.0,9.0,-2.7359000000000004,0.0,139.0,62.841111000000005,896.5799999999999,1158.0,2556.026548,0.0,757.3525000000001,0.0,0.0,84.58470899999999,2877.524,0.0,182.65,3.0,200.0,124.087227,-17.349999999999998,52.0,61.0,74.0,94.449893,-8.742935,1,3.0,Medium
0.0,0.0,4.0,0.0,0.0,0.0,0.0,0.0,0.0,0.0,3.0,0.0,0.0,0.0,0.0,3.0,12.0,0.0,0.0,0.0,0.0,0.0,0.0,0.0,0.0,0.0,0.0,0.0,22.0,11.0,57.741426,46.0,8.0,-11.452100000000002,0.0,103.0,44.029413000000005,954.7,930.0,1897.240569,0.0,583.7466000000001,0.0,0.0,95.055126,2394.2830000000004,0.0,154.855844,-8.0,161.0,96.432215,-16.62,46.0,58.0,52.0,79.666139,-8.586499,2,0.0,Low
0.0,0.0,0.0,0.0,3.0,0.0,0.0,0.0,0.0,12.0,0.0,0.0,0.0,0.0,0.0,3.0,6.0,0.0,0.0,0.0,0.0,0.0,0.0,0.0,0.0,0.0,0.0,0.0,24.0,18.0,66.09678,63.0,15.0,-15.5004,12.0,192.0,90.365337,952.23,1548.0,3841.832385,0.0,1001.2929,12.0,12.0,93.87189,3862.842,0.0,226.753932,9.0,270.0,167.63227200000003,-20.16,63.0,78.0,81.0,110.551212,-8.862014,1,3.0,Medium
0.0,5.0,0.0,0.0,0.0,0.0,0.0,0.0,0.0,0.0,0.0,0.0,0.0,0.0,0.0,2.0,4.0,0.0,0.0,10.0,0.0,0.0,0.0,0.0,0.0,0.0,0.0,0.0,21.0,12.0,56.081568,39.0,10.0,7.7382,0.0,124.0,53.232293,800.28,1036.0,2331.955902,0.0,701.0876000000001,0.0,0.0,85.91385,2654.436,0.0,176.11089500000003,1.0,178.0,116.990518,-15.420000000000002,39.0,54.0,45.0,79.934911,-8.630514,1,3.0,Medium
0.0,0.0,0.0,0.0,0.0,0.0,0.0,0.0,7.0,0.0,0.0,0.0,0.0,0.0,4.0,0.0,7.0,0.0,0.0,4.0,0.0,0.0,0.0,0.0,0.0,0.0,0.0,0.0,22.0,22.0,74.85372100000001,37.0,18.0,-6.756400000000001,0.0,140.0,63.321457,818.21,1126.0,2443.319051,0.0,759.4428,0.0,0.0,88.22658700000001,2781.661,0.0,177.18,0.0,195.0,124.14652199999998,-17.82,37.0,55.0,69.0,87.984857,-8.752976,1,1.0,Medium
0.0,5.0,0.0,0.0,0.0,0.0,0.0,0.0,5.0,0.0,0.0,0.0,0.0,0.0,0.0,6.0,6.0,0.0,0.0,0.0,0.0,0.0,0.0,0.0,0.0,0.0,0.0,0.0,22.0,26.0,56.606294000000005,40.0,20.0,-13.0997,0.0,129.0,59.284792,971.36,1130.0,2372.209628,0.0,753.1028,0.0,0.0,94.126365,2891.728,0.0,190.960895,4.0,194.0,122.82867000000002,-16.57,40.0,65.0,69.0,100.826492,-8.74126,1,2.0,Medium
5.0,0.0,0.0,0.0,0.0,0.0,0.0,0.0,0.0,0.0,0.0,0.0,0.0,0.0,0.0,6.0,6.0,0.0,0.0,0.0,0.0,0.0,5.0,0.0,0.0,0.0,0.0,0.0,22.0,11.0,58.166419000000005,50.0,5.0,9.579299999999998,0.0,144.0,63.530822,921.16,1190.0,2588.693573,0.0,787.6523,0.0,0.0,98.53355,3031.858,0.0,201.160895,-1.0,204.0,130.44669500000003,-16.37,50.0,60.0,74.0,104.549217,-8.611321,1,3.0,Medium
0.0,0.0,0.0,0.0,5.0,0.0,0.0,0.0,0.0,0.0,0.0,0.0,0.0,0.0,0.0,0.0,4.0,10.0,2.0,0.0,0.0,0.0,0.0,0.0,0.0,0.0,0.0,0.0,21.0,5.0,71.659241,42.0,5.0,21.8156,0.0,166.0,73.402346,629.82,1236.0,2758.3350130000003,0.0,849.1274999999999,0.0,0.0,92.10959,3034.1870000000004,0.0,196.21000000000004,1.0,213.0,141.260189,-16.79,42.0,47.0,82.0,100.180496,-8.423766,1,3.0,Medium
3.0,0.0,0.0,0.0,0.0,0.0,0.0,0.0,3.0,0.0,0.0,0.0,0.0,0.0,0.0,5.0,10.0,0.0,0.0,0.0,0.0,0.0,0.0,0.0,0.0,0.0,0.0,0.0,21.0,14.0,59.226197,44.0,9.0,-13.3389,0.0,105.0,45.975101,896.3900000000001,930.0,1945.631488,0.0,589.0174999999999,0.0,0.0,82.23885100000001,2374.9410000000003,0.0,152.95853699999998,-4.0,161.0,97.607098,-16.159999999999997,44.0,56.0,52.0,75.958634,-8.548923,1,1.0,Medium
0.0,4.0,0.0,0.0,0.0,0.0,0.0,0.0,0.0,0.0,0.0,0.0,0.0,0.0,0.0,6.0,4.0,0.0,0.0,0.0,0.0,0.0,0.0,0.0,8.0,0.0,0.0,0.0,22.0,14.0,57.052058,46.0,8.0,30.7388,0.0,192.0,88.573474,877.06,1464.0,2927.033516,0.0,1013.276,0.0,0.0,162.740104,3650.75,0.0,244.204716,0.0,250.0,161.59270600000002,-16.62,46.0,58.0,130.0,163.14048,-8.608825,1,2.0,Medium
0.0,0.0,6.0,0.0,0.0,0.0,6.0,0.0,0.0,0.0,0.0,0.0,0.0,0.0,0.0,4.0,6.0,0.0,0.0,0.0,0.0,0.0,0.0,0.0,0.0,0.0,0.0,0.0,22.0,22.0,53.22083000000001,42.0,18.0,-9.8374,0.0,138.0,63.77756399999999,951.78,1192.0,2472.563288,0.0,795.7282,0.0,0.0,107.740748,3058.416,0.0,203.433766,6.0,204.0,130.733296,-16.28,42.0,66.0,78.0,112.005338,-8.760161,1,3.0,Medium
0.0,0.0,3.0,0.0,0.0,0.0,4.0,0.0,0.0,0.0,0.0,0.0,0.0,0.0,0.0,5.0,10.0,0.0,0.0,0.0,0.0,0.0,0.0,0.0,0.0,0.0,0.0,0.0,22.0,15.0,62.62883099999999,46.0,10.0,-12.528300000000002,0.0,117.0,51.843822,927.13,1018.0,2121.553567,0.0,650.9362000000001,0.0,0.0,92.429783,2589.27,0.0,166.866883,-3.0,176.0,107.6578,-16.990000000000002,46.0,59.0,61.0,85.775294,-8.610117,1,3.0,Medium
3.0,0.0,0.0,0.0,0.0,0.0,0.0,0.0,0.0,0.0,0.0,0.0,0.0,0.0,0.0,4.0,10.0,4.0,0.0,0.0,0.0,0.0,0.0,0.0,0.0,0.0,0.0,0.0,21.0,7.0,58.874122,46.0,3.0,-3.4536000000000007,0.0,104.0,43.950307,854.44,900.0,1912.645346,0.0,568.5275,0.0,0.0,80.293976,2299.798,0.0,148.118537,-7.0,156.0,94.738367,-16.0,46.0,52.0,47.0,71.432793,-8.483237,2,0.0,Low
0.0,4.0,0.0,0.0,5.0,0.0,0.0,0.0,0.0,3.0,0.0,0.0,0.0,0.0,0.0,0.0,12.0,0.0,0.0,0.0,0.0,0.0,0.0,0.0,0.0,0.0,0.0,0.0,24.0,16.0,64.275787,47.0,16.0,-14.4634,3.0,150.0,67.42635899999999,982.13,1256.0,2867.1737270000003,0.0,819.5957999999999,3.0,3.0,100.441913,3187.655,0.0,203.653199,0.0,217.0,138.043189,-18.4,47.0,67.0,66.0,94.979686,-8.76525,1,3.0,Medium
0.0,0.0,0.0,0.0,0.0,0.0,0.0,0.0,5.0,0.0,4.0,0.0,0.0,0.0,0.0,4.0,8.0,0.0,0.0,0.0,0.0,0.0,0.0,0.0,0.0,0.0,0.0,0.0,21.0,14.0,68.363298,45.0,10.0,-9.1547,0.0,121.0,54.068651,816.98,1014.0,2062.187942,0.0,654.2552000000001,0.0,0.0,86.35824500000001,2522.012,0.0,158.89,-3.0,176.0,106.975504,-17.11,45.0,55.0,70.0,87.96959299999999,-8.624511,1,3.0,Medium
4.0,0.0,0.0,0.0,0.0,0.0,0.0,0.0,0.0,2.0,0.0,0.0,0.0,0.0,0.0,4.0,11.0,0.0,0.0,0.0,0.0,0.0,0.0,0.0,0.0,0.0,0.0,0.0,21.0,10.0,52.984919,48.0,6.0,-14.3435,2.0,101.0,43.702594,923.25,916.0,2003.423149,0.0,566.095,2.0,2.0,80.382186,2369.205,0.0,150.067038,-5.0,159.0,94.978278,-15.910000000000002,48.0,58.0,43.0,70.95747,-8.577331,2,0.0,Low
0.0,5.0,0.0,0.0,0.0,0.0,6.0,0.0,0.0,0.0,0.0,0.0,0.0,0.0,0.0,4.0,6.0,0.0,0.0,0.0,0.0,0.0,0.0,0.0,0.0,0.0,0.0,0.0,21.0,20.0,53.22083000000001,41.0,16.0,-11.5204,0.0,126.0,57.86633299999999,895.04,1096.0,2278.73083,0.0,725.1994000000001,0.0,0.0,91.576374,2808.61,0.0,185.790895,5.0,188.0,119.529234,-15.74,41.0,62.0,69.0,99.502105,-8.730836,1,3.0,Medium
0.0,5.0,0.0,0.0,0.0,0.0,0.0,0.0,0.0,0.0,2.0,0.0,0.0,0.0,0.0,4.0,10.0,0.0,0.0,0.0,0.0,0.0,0.0,0.0,0.0,0.0,0.0,0.0,21.0,14.0,51.691992,43.0,10.0,-12.1688,0.0,98.0,42.256235,942.18,904.0,1872.438364,0.0,572.9072000000001,0.0,0.0,85.60069999999999,2347.682,0.0,153.950895,-5.0,156.0,94.617808,-15.58,43.0,58.0,47.0,77.048137,-8.563021,1,1.0,Medium
0.0,0.0,3.0,0.0,0.0,0.0,2.0,0.0,0.0,3.0,0.0,0.0,0.0,0.0,0.0,0.0,14.0,0.0,0.0,0.0,0.0,0.0,0.0,0.0,0.0,0.0,0.0,0.0,22.0,11.0,57.90634,44.0,11.0,-19.5473,3.0,111.0,49.259004,913.43,970.0,2103.1603050000003,0.0,607.7899,3.0,3.0,88.495556,2479.053,0.0,154.13536599999998,-6.0,169.0,101.301175,-16.950000000000003,44.0,58.0,50.0,75.03299,-8.705161,2,0.0,Low
0.0,0.0,0.0,0.0,0.0,0.0,0.0,5.0,0.0,0.0,0.0,0.0,0.0,0.0,0.0,4.0,6.0,0.0,0.0,7.0,0.0,0.0,0.0,0.0,0.0,0.0,0.0,0.0,22.0,9.0,74.31132600000001,48.0,5.0,-1.174999999999999,0.0,126.0,53.65028,764.7,1030.0,2283.383395,0.0,669.1217,0.0,0.0,87.072365,2565.0689999999995,0.0,161.26,-1.0,179.0,112.428361,-17.74,48.0,53.0,52.0,73.40590700000001,-8.558228,1,3.0,Medium
5.0,0.0,0.0,0.0,0.0,0.0,0.0,0.0,0.0,5.0,0.0,0.0,0.0,0.0,0.0,6.0,6.0,0.0,0.0,0.0,0.0,0.0,0.0,0.0,0.0,0.0,0.0,0.0,22.0,16.0,49.982794,55.0,10.0,-11.9272,5.0,134.0,61.02608200000001,989.51,1180.0,2711.9530680000003,0.0,753.0358,5.0,5.0,89.058705,3041.6179999999995,0.0,191.1417,4.0,204.0,125.636715,-16.77,55.0,70.0,59.0,95.432787,-8.694646,1,4.0,Medium
5.0,0.0,0.0,0.0,0.0,0.0,0.0,0.0,0.0,0.0,0.0,0.0,0.0,0.0,0.0,6.0,3.0,0.0,0.0,0.0,0.0,0.0,8.0,0.0,0.0,0.0,0.0,0.0,22.0,11.0,59.695981,50.0,5.0,22.7787,0.0,171.0,76.53361100000001,879.67,1352.0,2975.2356170000003,0.0,919.2773,0.0,0.0,106.265168,3413.611,0.0,228.160895,2.0,231.0,151.553297,-16.37,50.0,60.0,92.0,122.780709,-8.566402,1,4.0,Medium
3.0,0.0,0.0,0.0,0.0,0.0,0.0,0.0,0.0,4.0,0.0,0.0,0.0,0.0,0.0,4.0,0.0,11.0,0.0,0.0,0.0,0.0,0.0,0.0,0.0,0.0,0.0,0.0,22.0,11.0,58.325091,52.0,7.0,16.7472,4.0,170.0,77.205623,797.12,1346.0,3081.696883,0.0,909.8773,4.0,4.0,92.63847,3385.666,0.0,215.313181,7.0,232.0,149.941263,-17.11,52.0,62.0,81.0,114.539404,-8.700659,1,4.0,Medium
0.0,0.0,0.0,0.0,0.0,0.0,0.0,0.0,0.0,0.0,0.0,0.0,0.0,0.0,0.0,5.0,6.0,0.0,0.0,0.0,0.0,0.0,8.0,0.0,0.0,0.0,2.0,0.0,21.0,13.0,70.690659,59.0,0.0,16.445,2.0,168.0,75.48736699999999,935.19,1316.0,3085.6213740000003,0.0,859.1344000000001,2.0,2.0,92.666132,3248.0610000000006,0.0,205.83543000000003,-6.0,227.0,141.896835,-17.27,59.0,59.0,89.0,105.71110000000002,-8.636194,1,1.0,Medium
0.0,4.0,0.0,0.0,0.0,0.0,0.0,0.0,0.0,0.0,0.0,0.0,0.0,0.0,0.0,4.0,9.0,4.0,0.0,0.0,0.0,0.0,0.0,0.0,0.0,0.0,0.0,0.0,21.0,12.0,55.669317,42.0,8.0,-4.314500000000002,0.0,107.0,46.088628,879.45,932.0,1981.6481670000005,0.0,602.3024,0.0,0.0,82.678024,2391.4350000000004,0.0,156.07471600000002,-5.0,161.0,99.374086,-15.75,42.0,54.0,49.0,76.48947,-8.556202,2,0.0,Low
0.0,0.0,0.0,0.0,0.0,0.0,6.0,0.0,0.0,0.0,0.0,0.0,0.0,0.0,0.0,3.0,8.0,0.0,0.0,0.0,0.0,0.0,5.0,0.0,0.0,0.0,0.0,0.0,22.0,9.0,74.809686,47.0,6.0,6.124699999999997,0.0,156.0,70.100992,776.5699999999999,1210.0,2572.308891,0.0,804.0096000000001,0.0,0.0,95.23428400000002,2983.887,0.0,191.26,-2.0,209.0,132.721451,-17.74,47.0,53.0,88.0,103.558326,-8.605551,1,3.0,Medium
0.0,0.0,0.0,0.0,5.0,0.0,0.0,0.0,0.0,0.0,4.0,0.0,0.0,0.0,0.0,4.0,8.0,0.0,0.0,0.0,0.0,0.0,0.0,0.0,0.0,0.0,0.0,0.0,21.0,9.0,70.934453,50.0,5.0,-1.1842000000000006,0.0,136.0,59.375186,802.98,1104.0,2423.178177,0.0,713.0367000000001,0.0,0.0,89.69841,2737.337,0.0,173.89,-3.0,191.0,119.832429,-17.11,50.0,55.0,70.0,86.781218,-8.633046,1,3.0,Medium
5.0,0.0,0.0,0.0,0.0,0.0,0.0,0.0,0.0,0.0,3.0,0.0,0.0,0.0,0.0,4.0,10.0,0.0,0.0,0.0,0.0,0.0,0.0,0.0,0.0,0.0,0.0,0.0,22.0,9.0,54.725865,51.0,5.0,-9.2817,0.0,105.0,44.793235,963.71,962.0,1981.857211,0.0,600.3027,0.0,0.0,90.91017,2496.772,0.0,163.120895,-5.0,166.0,100.289575,-16.41,51.0,61.0,52.0,83.34053600000001,-8.501188,2,0.0,Low
0.0,0.0,0.0,0.0,0.0,0.0,0.0,5.0,0.0,0.0,0.0,0.0,0.0,0.0,0.0,6.0,5.0,6.0,0.0,0.0,0.0,0.0,0.0,0.0,0.0,0.0,0.0,0.0,22.0,11.0,72.237458,50.0,5.0,0.9347999999999992,0.0,134.0,58.508594,791.3299999999999,1090.0,2351.583551,0.0,711.4273000000001,0.0,0.0,89.715098,2710.291,0.0,171.18,0.0,189.0,117.760335,-17.82,50.0,55.0,67.0,87.306221,-8.589706,1,4.0,Medium
0.0,0.0,5.0,0.0,0.0,0.0,0.0,0.0,0.0,0.0,4.0,0.0,0.0,0.0,0.0,0.0,7.0,0.0,6.0,0.0,0.0,0.0,0.0,0.0,0.0,0.0,0.0,0.0,22.0,10.0,52.96214499999999,43.0,10.0,3.2212,0.0,126.0,55.761163,864.53,1070.0,2093.6161620000003,0.0,710.6270000000001,0.0,0.0,110.936125,2741.446,0.0,180.804805,-2.0,184.0,115.405045,-16.29,43.0,58.0,71.0,105.740994,-8.669471,1,3.0,Medium
0.0,0.0,0.0,0.0,0.0,0.0,6.0,0.0,0.0,0.0,0.0,0.0,0.0,0.0,0.0,4.0,8.0,0.0,5.0,0.0,0.0,0.0,0.0,0.0,0.0,0.0,0.0,0.0,23.0,10.0,74.95795500000001,50.0,6.0,-2.8093000000000004,0.0,137.0,61.025292,823.1,1112.0,2251.4228810000004,0.0,721.7934,0.0,0.0,95.400634,2763.355,0.0,174.43,-2.0,193.0,118.535412,-18.57,50.0,56.0,76.0,96.397622,-8.608934,1,3.0,Medium
0.0,0.0,4.0,0.0,0.0,0.0,3.0,0.0,0.0,0.0,0.0,0.0,0.0,0.0,0.0,4.0,10.0,0.0,0.0,0.0,0.0,0.0,0.0,0.0,0.0,0.0,0.0,0.0,21.0,15.0,55.832148,42.0,11.0,-12.5341,0.0,109.0,48.269627,906.6,962.0,1999.020488,0.0,617.4535000000001,0.0,0.0,91.151903,2466.55,0.0,160.605844,-3.0,166.0,102.011915,-15.87,42.0,57.0,56.0,82.397591,-8.597628,1,3.0,Medium
0.0,0.0,0.0,0.0,0.0,0.0,4.0,0.0,0.0,2.0,0.0,0.0,0.0,0.0,0.0,4.0,11.0,0.0,0.0,0.0,0.0,0.0,0.0,0.0,0.0,0.0,0.0,0.0,21.0,10.0,66.595455,48.0,6.0,-14.8599,2.0,113.0,49.97557,830.45,956.0,2069.614101,0.0,595.2614,2.0,2.0,77.62907,2391.685,0.0,146.082322,-5.0,167.0,99.217126,-17.07,48.0,54.0,55.0,72.061238,-8.612788,2,0.0,Low
0.0,0.0,8.0,0.0,0.0,0.0,0.0,0.0,0.0,0.0,4.0,0.0,0.0,0.0,0.0,2.0,8.0,0.0,0.0,0.0,0.0,0.0,0.0,0.0,0.0,0.0,0.0,0.0,22.0,18.0,44.56202999999999,42.0,16.0,-7.557200000000001,0.0,120.0,53.727714000000006,1010.14,1088.0,2211.143476,0.0,717.4960000000001,0.0,0.0,113.21979199999998,2842.774,0.0,191.331688,0.0,186.0,117.447998,-15.62,42.0,66.0,66.0,106.046,-8.674456,1,4.0,Medium
0.0,0.0,6.0,0.0,0.0,0.0,0.0,0.0,0.0,3.0,0.0,0.0,0.0,0.0,0.0,4.0,9.0,0.0,0.0,0.0,0.0,0.0,0.0,0.0,0.0,0.0,0.0,0.0,22.0,19.0,48.653243,45.0,15.0,-13.849900000000002,3.0,123.0,55.696215,1007.64,1096.0,2419.7576750000003,0.0,709.4011,3.0,3.0,99.612845,2838.867,0.0,182.662249,0.0,189.0,116.983348,-16.28,45.0,66.0,57.0,92.771258,-8.665798,0,5.0,High
0.0,0.0,0.0,0.0,0.0,0.0,4.0,0.0,0.0,3.0,0.0,0.0,0.0,0.0,0.0,7.0,7.0,0.0,0.0,0.0,0.0,0.0,0.0,0.0,0.0,0.0,0.0,0.0,21.0,14.0,66.036316,52.0,7.0,-11.2343,3.0,129.0,58.343484,849.49,1080.0,2407.787279,0.0,685.1775,3.0,3.0,79.864947,2698.152,0.0,164.958483,0.0,188.0,113.642895,-17.27,52.0,59.0,64.0,84.01833599999999,-8.702755,1,4.0,Medium
0.0,0.0,0.0,5.0,0.0,0.0,0.0,0.0,0.0,0.0,0.0,0.0,0.0,0.0,4.0,0.0,5.0,0.0,0.0,8.0,0.0,0.0,0.0,0.0,0.0,0.0,0.0,0.0,22.0,13.0,76.938808,44.0,9.0,7.114299999999999,0.0,149.0,65.240359,762.0699999999999,1168.0,2709.57367,0.0,785.7975,0.0,0.0,89.601704,2884.762,0.0,184.26,0.0,202.0,131.46065599999997,-17.74,44.0,53.0,63.0,83.378274,-8.660701,1,3.0,Medium
0.0,0.0,0.0,0.0,0.0,0.0,0.0,0.0,6.0,0.0,0.0,0.0,0.0,0.0,0.0,4.0,9.0,2.0,0.0,0.0,0.0,0.0,0.0,0.0,0.0,0.0,0.0,0.0,21.0,16.0,69.460183,40.0,12.0,-10.2159,0.0,121.0,54.305386,801.13,996.0,2076.328481,0.0,650.3436,0.0,0.0,81.48629000000001,2472.047,0.0,156.01,-3.0,173.0,106.36534999999998,-16.990000000000002,40.0,52.0,65.0,81.238598,-8.672878,1,1.0,Medium
0.0,0.0,0.0,0.0,0.0,0.0,4.0,0.0,0.0,4.0,0.0,0.0,0.0,0.0,0.0,5.0,8.0,0.0,0.0,0.0,0.0,0.0,0.0,0.0,0.0,0.0,0.0,0.0,21.0,13.0,64.530957,51.0,8.0,-13.4872,4.0,130.0,59.153733,836.53,1084.0,2438.170572,0.0,686.8196,4.0,4.0,79.511424,2709.179,0.0,164.034644,0.0,189.0,114.148279,-17.27,51.0,59.0,63.0,83.136734,-8.724292,1,4.0,Medium
5.0,0.0,0.0,0.0,0.0,0.0,0.0,0.0,0.0,3.0,0.0,0.0,0.0,0.0,0.0,2.0,12.0,0.0,0.0,0.0,0.0,0.0,0.0,0.0,0.0,0.0,0.0,0.0,22.0,10.0,51.47955999999999,49.0,8.0,-16.827,3.0,108.0,47.31332,964.23,980.0,2158.722666,0.0,608.5132,3.0,3.0,85.622711,2546.86,0.0,161.30937799999998,-4.0,170.0,102.353331,-16.450000000000003,49.0,62.0,45.0,76.654071,-8.638292,2,0.0,Low
0.0,0.0,0.0,0.0,0.0,0.0,6.0,0.0,0.0,0.0,0.0,0.0,0.0,0.0,0.0,4.0,8.0,0.0,0.0,0.0,0.0,0.0,0.0,0.0,4.0,0.0,0.0,0.0,22.0,10.0,71.56471200000001,48.0,6.0,8.158199999999999,0.0,162.0,73.924338,796.8000000000001,1252.0,2515.4198800000004,0.0,833.4734000000001,0.0,0.0,122.60445,3084.048,0.0,198.22,-2.0,216.0,135.440554,-17.78,48.0,54.0,104.0,122.757126,-8.632149,1,4.0,Medium
5.0,0.0,0.0,0.0,0.0,0.0,0.0,0.0,0.0,0.0,0.0,0.0,0.0,0.0,0.0,5.0,5.0,8.0,0.0,0.0,0.0,0.0,0.0,0.0,0.0,0.0,0.0,0.0,23.0,10.0,59.494022,51.0,5.0,9.1949,0.0,139.0,60.672442,913.4,1164.0,2509.2592830000003,0.0,769.6424999999999,0.0,0.0,95.660264,2976.714,0.0,196.410895,0.0,200.0,127.437662,-17.12,51.0,61.0,67.0,101.196695,-8.572157,1,4.0,Medium
4.0,0.0,0.0,0.0,0.0,0.0,6.0,0.0,0.0,0.0,0.0,0.0,0.0,0.0,0.0,0.0,0.0,0.0,0.0,0.0,0.0,4.0,7.0,0.0,0.0,0.0,0.0,0.0,21.0,10.0,62.148081000000005,42.0,10.0,27.7909,0.0,194.0,88.35398299999999,689.5,1466.0,3246.296929,0.0,1027.6996,0.0,0.0,108.82156,3656.934,0.0,244.994716,10.0,250.0,170.60478999999998,-15.830000000000002,42.0,56.0,101.0,132.079484,-8.6565275,0,6.0,High
0.0,0.0,0.0,0.0,5.0,0.0,0.0,0.0,0.0,0.0,0.0,0.0,0.0,0.0,0.0,5.0,4.0,0.0,0.0,0.0,0.0,0.0,8.0,0.0,0.0,0.0,0.0,0.0,22.0,10.0,79.091062,49.0,5.0,26.793,0.0,198.0,88.723603,757.27,1468.0,3357.406565,0.0,1007.1155,0.0,0.0,105.646058,3593.028,0.0,234.22,1.0,252.0,167.38346,-17.78,49.0,54.0,105.0,120.404304,-8.524328,1,3.0,Medium
0.0,0.0,0.0,0.0,5.0,0.0,0.0,0.0,0.0,0.0,0.0,0.0,0.0,0.0,0.0,4.0,2.0,10.0,0.0,0.0,0.0,0.0,0.0,0.0,0.0,0.0,0.0,0.0,21.0,9.0,72.694821,46.0,5.0,21.3316,0.0,170.0,75.456914,683.0799999999999,1284.0,2922.2151810000005,0.0,878.0266999999999,0.0,0.0,90.45131,3156.307,0.0,204.05,3.0,221.0,146.15385700000002,-16.95,46.0,51.0,84.0,102.797116,-8.475811,1,4.0,Medium
0.0,0.0,0.0,0.0,6.0,0.0,0.0,0.0,0.0,5.0,0.0,0.0,0.0,0.0,0.0,4.0,6.0,0.0,0.0,0.0,0.0,0.0,0.0,0.0,0.0,0.0,0.0,0.0,21.0,15.0,66.695886,51.0,11.0,-6.1258,5.0,164.0,75.034979,811.19,1304.0,3134.401242,0.0,854.6859000000001,5.0,5.0,87.07551699999999,3234.166,0.0,198.990805,5.0,226.0,144.07341000000002,-17.39,51.0,62.0,74.0,94.06206,-8.838177,1,3.0,Medium
0.0,0.0,0.0,0.0,0.0,0.0,4.0,0.0,0.0,0.0,4.0,0.0,0.0,0.0,0.0,3.0,11.0,0.0,0.0,0.0,0.0,0.0,0.0,0.0,0.0,0.0,0.0,0.0,22.0,7.0,71.18102999999999,51.0,4.0,-9.9911,0.0,115.0,49.844971,846.0999999999999,976.0,1970.9928090000003,0.0,608.6872000000001,0.0,0.0,87.354596,2437.706,0.0,152.18,-7.0,170.0,101.005199,-17.82,51.0,55.0,64.0,81.59075999999999,-8.5549,2,0.0,Low
0.0,0.0,0.0,0.0,0.0,0.0,6.0,0.0,0.0,0.0,0.0,0.0,0.0,0.0,0.0,4.0,10.0,3.0,0.0,0.0,0.0,0.0,0.0,0.0,0.0,0.0,0.0,0.0,23.0,10.0,75.97745700000002,50.0,6.0,-6.825800000000001,0.0,132.0,58.25361799999999,850.76,1082.0,2259.461165,0.0,693.9244,0.0,0.0,88.821368,2691.204,0.0,169.42999999999998,-4.0,188.0,115.060722,-18.57,50.0,56.0,70.0,87.79158899999999,-8.615832,2,0.0,Low
4.0,0.0,0.0,0.0,0.0,0.0,0.0,0.0,0.0,0.0,4.0,0.0,0.0,0.0,0.0,4.0,10.0,0.0,0.0,0.0,0.0,0.0,0.0,0.0,0.0,0.0,0.0,0.0,22.0,8.0,57.759738,52.0,4.0,-8.299000000000001,0.0,106.0,45.083528,945.3,960.0,1966.359834,0.0,597.1756,0.0,0.0,90.625592,2474.3140000000003,0.0,160.124716,-6.0,166.0,99.550428,-16.700000000000003,52.0,60.0,54.0,83.054732,-8.479672,2,0.0,Low
5.0,0.0,0.0,0.0,0.0,0.0,0.0,0.0,0.0,3.0,0.0,0.0,0.0,0.0,0.0,4.0,11.0,0.0,0.0,0.0,0.0,0.0,0.0,0.0,0.0,0.0,0.0,0.0,23.0,12.0,55.062853,53.0,8.0,-15.553300000000002,3.0,117.0,51.441558,1017.16,1056.0,2337.752023,0.0,659.0268,3.0,3.0,89.868471,2736.091,0.0,173.439378,-3.0,183.0,110.522439,-17.32,53.0,66.0,50.0,83.311077,-8.6196165,1,1.0,Medium
0.0,0.0,0.0,0.0,0.0,0.0,0.0,5.0,0.0,0.0,0.0,0.0,0.0,0.0,0.0,4.0,8.0,0.0,0.0,0.0,0.0,5.0,0.0,0.0,0.0,0.0,0.0,0.0,22.0,9.0,74.851041,48.0,5.0,-4.408100000000001,0.0,123.0,51.624826000000006,792.36,1012.0,2276.719069,0.0,650.5307,0.0,0.0,87.76426000000001,2520.972,0.0,158.26000000000002,-3.0,176.0,110.041606,-17.74,48.0,53.0,45.0,67.817192,-8.584977,1,1.0,Medium
0.0,0.0,3.0,0.0,0.0,0.0,0.0,0.0,0.0,0.0,4.0,0.0,0.0,0.0,0.0,0.0,10.0,0.0,0.0,0.0,0.0,0.0,0.0,0.0,0.0,4.0,0.0,0.0,21.0,6.0,56.48282999999999,43.0,6.0,11.5353,0.0,143.0,63.678829,818.8400000000001,1134.0,2290.563607,0.0,755.4354000000001,0.0,0.0,122.158387,2843.899,0.0,186.856883,-7.0,195.0,122.744321,-16.0,43.0,52.0,90.0,113.727344,-8.638894,1,1.0,Medium
0.0,0.0,5.0,0.0,0.0,0.0,0.0,0.0,0.0,0.0,4.0,0.0,0.0,0.0,0.0,0.0,5.0,8.0,0.0,0.0,0.0,0.0,0.0,0.0,0.0,0.0,0.0,0.0,22.0,10.0,54.659269,43.0,10.0,11.5288,0.0,142.0,63.005767000000006,836.87,1166.0,2417.007966,0.0,789.283,0.0,0.0,107.067349,2967.894,0.0,196.804805,0.0,200.0,129.028885,-16.29,43.0,58.0,77.0,110.857486,-8.666784,1,4.0,Medium
7.0,0.0,0.0,0.0,0.0,0.0,0.0,0.0,0.0,0.0,0.0,0.0,0.0,0.0,0.0,0.0,7.0,0.0,0.0,0.0,0.0,0.0,0.0,0.0,0.0,0.0,4.0,4.0,22.0,43.0,41.557323,88.0,11.0,-29.0489,8.0,155.0,75.185359,1675.13,1520.0,3872.878789,0.0,905.5331,8.0,8.0,95.502548,3942.009,0.0,246.826705,0.0,261.0,152.066977,-17.55,88.0,106.0,76.0,117.521435,-8.68006,1,2.0,Medium
4.0,0.0,0.0,0.0,0.0,0.0,0.0,0.0,0.0,0.0,0.0,0.0,0.0,0.0,0.0,0.0,8.0,0.0,0.0,0.0,0.0,0.0,0.0,0.0,0.0,0.0,5.0,5.0,22.0,49.0,49.54305,99.0,9.0,-34.4075,10.0,163.0,79.85055399999999,1807.6,1594.0,4205.81137,0.0,926.8269,10.0,10.0,90.398957,4082.737000000001,0.0,247.58653100000004,-4.0,275.0,155.502078,-18.78,99.0,112.0,80.0,114.514185,-8.754234,2,0.0,Low
3.0,0.0,0.0,0.0,0.0,0.0,0.0,0.0,0.0,5.0,0.0,0.0,0.0,0.0,0.0,0.0,3.0,10.0,0.0,0.0,0.0,0.0,0.0,0.0,0.0,0.0,0.0,0.0,21.0,8.0,53.128775,47.0,8.0,10.2371,5.0,157.0,71.48522200000001,745.06,1244.0,2861.744941,0.0,835.5288,5.0,5.0,87.124109,3136.319,0.0,197.259342,5.0,215.0,138.233569,-16.240000000000002,47.0,58.0,72.0,103.490857,-8.749137,0,5.0,High
0.0,0.0,5.0,0.0,0.0,0.0,0.0,0.0,0.0,4.0,0.0,0.0,0.0,0.0,0.0,3.0,9.0,0.0,0.0,0.0,0.0,0.0,0.0,0.0,0.0,0.0,0.0,0.0,21.0,17.0,47.337128,44.0,14.0,-14.6596,4.0,120.0,54.606766,944.34,1058.0,2375.296682,0.0,681.2542000000001,4.0,4.0,92.421433,2729.3110000000006,0.0,172.61944899999995,0.0,183.0,112.604282,-15.78,44.0,63.0,54.0,86.89168799999999,-8.688067,1,3.0,Medium
0.0,0.0,0.0,0.0,0.0,0.0,0.0,0.0,0.0,0.0,0.0,0.0,0.0,0.0,0.0,6.0,5.0,0.0,0.0,0.0,0.0,0.0,6.0,0.0,0.0,0.0,4.0,0.0,21.0,22.0,68.224897,72.0,0.0,6.820900000000002,4.0,171.0,78.37736,1140.35,1408.0,3462.355897,0.0,889.6156,4.0,4.0,90.078684,3495.105,0.0,217.42086,-5.0,243.0,147.681988,-17.79,72.0,72.0,89.0,108.427554,-8.736804,1,1.0,Medium
0.0,5.0,0.0,0.0,0.0,0.0,6.0,0.0,0.0,0.0,0.0,0.0,0.0,0.0,0.0,3.0,8.0,0.0,0.0,0.0,0.0,0.0,0.0,0.0,0.0,0.0,0.0,0.0,22.0,19.0,56.236391,42.0,16.0,-13.7738,0.0,126.0,57.45997199999999,928.77,1100.0,2273.086256,0.0,722.7486000000001,0.0,0.0,94.268494,2820.577,0.0,186.040895,3.0,189.0,119.346111,-16.490000000000002,42.0,63.0,68.0,98.455891,-8.695927,1,2.0,Medium
4.0,0.0,0.0,0.0,0.0,0.0,0.0,0.0,0.0,0.0,0.0,0.0,0.0,0.0,0.0,4.0,10.0,0.0,0.0,0.0,0.0,0.0,0.0,0.0,0.0,0.0,4.0,0.0,22.0,24.0,55.17287,72.0,4.0,-19.6186,4.0,126.0,57.235108,1305.9,1192.0,2898.080542,0.0,708.5484,4.0,4.0,86.32588,3066.77,0.0,191.535576,-6.0,206.0,119.576444,-17.5,72.0,80.0,58.0,88.577324,-8.696029,2,0.0,Low
3.0,0.0,0.0,0.0,5.0,0.0,0.0,0.0,0.0,0.0,0.0,0.0,0.0,0.0,0.0,5.0,8.0,0.0,0.0,0.0,0.0,0.0,0.0,0.0,0.0,0.0,0.0,0.0,21.0,13.0,62.19301,47.0,8.0,-4.7864,0.0,132.0,58.030242,869.21,1104.0,2477.722841,0.0,717.6278,0.0,0.0,88.97055399999999,2790.684,0.0,181.878537,0.0,190.0,121.304379,-16.24,47.0,58.0,62.0,85.435497,-8.702737,1,4.0,Medium
0.0,0.0,0.0,0.0,0.0,5.0,0.0,0.0,0.0,3.0,0.0,0.0,0.0,0.0,0.0,4.0,10.0,0.0,0.0,0.0,0.0,0.0,0.0,0.0,0.0,0.0,0.0,0.0,22.0,12.0,68.84413799999999,51.0,8.0,-17.0716,3.0,124.0,54.604151,861.03,1048.0,2418.11274,0.0,657.1958,3.0,3.0,86.719256,2623.001,0.0,159.248483,-2.0,183.0,110.762225,-17.98,51.0,59.0,54.0,73.427381,-8.698143,1,3.0,Medium
0.0,0.0,4.0,0.0,0.0,0.0,0.0,0.0,0.0,0.0,3.0,0.0,0.0,0.0,0.0,6.0,8.0,0.0,0.0,0.0,0.0,0.0,0.0,0.0,0.0,0.0,0.0,0.0,21.0,14.0,55.104353,47.0,8.0,-6.847300000000001,0.0,109.0,47.45884,933.77,974.0,2026.001097,0.0,621.5070000000001,0.0,0.0,93.398766,2500.492,0.0,162.525844,-4.0,168.0,102.183492,-15.95,47.0,59.0,57.0,85.847833,-8.559968,1,1.0,Medium
0.0,0.0,0.0,0.0,5.0,0.0,0.0,0.0,0.0,0.0,0.0,0.0,0.0,0.0,0.0,5.0,6.0,0.0,0.0,0.0,0.0,5.0,0.0,0.0,0.0,0.0,0.0,0.0,21.0,10.0,75.44548,47.0,5.0,7.5817999999999985,0.0,148.0,63.498097,758.6300000000001,1158.0,2746.8011180000003,0.0,768.1865,0.0,0.0,86.3938,2859.6800000000003,0.0,183.01,-1.0,200.0,130.61147900000003,-16.99,47.0,52.0,56.0,76.971551,-8.608902,1,3.0,Medium
0.0,0.0,5.0,0.0,0.0,0.0,2.0,0.0,0.0,0.0,0.0,0.0,0.0,0.0,0.0,4.0,11.0,0.0,0.0,0.0,0.0,0.0,0.0,0.0,0.0,0.0,0.0,0.0,22.0,16.0,55.634319,43.0,12.0,-13.5196,0.0,110.0,48.417309,972.73,986.0,2049.8721920000003,0.0,632.0336000000001,0.0,0.0,96.811903,2545.028,0.0,166.724805,-4.0,170.0,104.352015,-16.37,43.0,60.0,55.0,84.63067999999998,-8.609781,1,1.0,Medium
4.0,0.0,0.0,0.0,0.0,0.0,0.0,0.0,0.0,0.0,4.0,0.0,0.0,0.0,0.0,0.0,9.0,0.0,0.0,0.0,0.0,0.0,0.0,0.0,0.0,0.0,4.0,0.0,21.0,20.0,50.527361,70.0,4.0,-15.9245,4.0,127.0,58.026196,1221.77,1188.0,2809.957007,0.0,712.5052000000001,4.0,4.0,89.44224000000001,3051.8230000000003,0.0,191.325576,-5.0,205.0,119.957454,-16.71,70.0,78.0,65.0,95.86833,-8.678165,2,0.0,Low
0.0,0.0,0.0,0.0,0.0,0.0,5.0,0.0,0.0,5.0,0.0,0.0,0.0,0.0,0.0,4.0,10.0,0.0,0.0,0.0,0.0,0.0,0.0,0.0,0.0,0.0,0.0,0.0,24.0,14.0,73.027086,57.0,10.0,-17.0795,5.0,149.0,68.05458,940.97,1238.0,2783.40261,0.0,784.5922,5.0,5.0,91.00155,3093.6520000000005,0.0,186.660805,0.0,216.0,130.569029,-19.72,57.0,67.0,72.0,94.720069,-8.75277,1,3.0,Medium
0.0,0.0,0.0,0.0,0.0,0.0,0.0,3.0,0.0,0.0,0.0,0.0,0.0,0.0,0.0,3.0,4.0,12.0,0.0,0.0,0.0,0.0,0.0,0.0,0.0,0.0,0.0,0.0,22.0,6.0,72.33559,47.0,3.0,15.433099999999998,0.0,147.0,64.104011,707.9300000000001,1138.0,2465.022666,0.0,764.0654999999999,0.0,0.0,89.45298600000001,2813.607,0.0,179.38,-1.0,197.0,125.843498,-17.62,47.0,50.0,73.0,93.716005,-8.396455,1,3.0,Medium
0.0,0.0,4.0,0.0,0.0,0.0,0.0,0.0,0.0,0.0,0.0,0.0,0.0,0.0,0.0,4.0,9.0,0.0,0.0,4.0,0.0,0.0,0.0,0.0,0.0,0.0,0.0,0.0,21.0,12.0,57.009141,42.0,8.0,-4.320900000000002,0.0,107.0,45.667108,879.45,932.0,2018.226563,0.0,602.2144000000001,0.0,0.0,88.28373599999999,2391.435,0.0,155.725844,-5.0,161.0,100.026634,-15.75,42.0,54.0,45.0,73.42533399999999,-8.595895,2,0.0,Low
0.0,4.0,0.0,0.0,0.0,0.0,3.0,0.0,0.0,0.0,0.0,0.0,0.0,0.0,0.0,0.0,4.0,11.0,0.0,0.0,0.0,0.0,0.0,0.0,0.0,0.0,0.0,0.0,22.0,11.0,59.464281,40.0,11.0,12.943499999999998,0.0,151.0,67.755199,769.0,1200.0,2547.122485,0.0,823.8173,0.0,0.0,95.309357,3027.718,0.0,200.324716,3.0,206.0,135.131803,-16.5,40.0,55.0,78.0,108.307466,-8.650198,1,3.0,Medium
0.0,0.0,0.0,0.0,0.0,0.0,4.0,0.0,0.0,0.0,0.0,0.0,0.0,0.0,0.0,4.0,10.0,0.0,0.0,3.0,0.0,0.0,0.0,0.0,0.0,0.0,0.0,0.0,21.0,8.0,70.17705699999999,46.0,4.0,-7.281500000000002,0.0,111.0,47.700036,789.28,924.0,1969.508921,0.0,583.8720000000001,0.0,0.0,77.928951,2304.627,0.0,144.09,-6.0,161.0,97.57005,-16.91,46.0,50.0,52.0,68.822682,-8.495039,2,0.0,Low
0.0,0.0,4.0,0.0,0.0,4.0,0.0,0.0,0.0,0.0,0.0,0.0,0.0,0.0,0.0,4.0,12.0,0.0,0.0,0.0,0.0,0.0,0.0,0.0,0.0,0.0,0.0,0.0,24.0,16.0,65.622728,48.0,12.0,-16.6096,0.0,120.0,51.989928,1017.6,1064.0,2295.1396,0.0,677.4612,0.0,0.0,105.279416,2724.8,0.0,176.19584400000002,-4.0,184.0,113.176948,-18.28,48.0,64.0,56.0,84.50128400000001,-8.658939,2,0.0,Low
0.0,3.0,0.0,0.0,3.0,0.0,0.0,0.0,0.0,0.0,0.0,0.0,0.0,0.0,0.0,5.0,10.0,0.0,0.0,0.0,0.0,0.0,0.0,0.0,0.0,0.0,0.0,0.0,21.0,14.0,60.76889,44.0,9.0,-9.8376,0.0,114.0,49.49128399999999,896.3900000000001,984.0,2162.225629,0.0,630.4385,0.0,0.0,84.24295000000001,2501.184,0.0,161.95853699999998,-4.0,170.0,105.596506,-16.159999999999997,44.0,56.0,52.0,75.245609,-8.618244,2,0.0,Low
6.0,0.0,0.0,0.0,0.0,0.0,0.0,0.0,0.0,0.0,0.0,0.0,0.0,0.0,0.0,5.0,6.0,0.0,0.0,0.0,0.0,0.0,0.0,0.0,0.0,0.0,5.0,0.0,22.0,31.0,48.134855,79.0,6.0,-17.7488,5.0,144.0,67.160744,1425.47,1368.0,3384.0797820000003,0.0,827.6356000000001,5.0,5.0,92.636398,3538.233,0.0,224.220649,0.0,235.0,139.43402300000002,-17.28,79.0,91.0,69.0,107.409939,-8.679231,1,3.0,Medium
0.0,0.0,5.0,0.0,0.0,0.0,0.0,0.0,0.0,3.0,0.0,0.0,0.0,0.0,0.0,8.0,5.0,0.0,0.0,0.0,0.0,0.0,0.0,0.0,0.0,0.0,0.0,0.0,21.0,21.0,49.410219,48.0,13.0,-8.8796,3.0,128.0,58.331116,976.5,1126.0,2529.58732,0.0,732.5765,3.0,3.0,94.328596,2895.548,0.0,185.423288,3.0,194.0,120.451129,-15.9,48.0,66.0,61.0,95.47651,-8.716477,1,3.0,Medium
0.0,0.0,0.0,0.0,0.0,0.0,0.0,0.0,0.0,0.0,0.0,0.0,0.0,0.0,0.0,4.0,5.0,0.0,0.0,0.0,0.0,0.0,8.0,0.0,0.0,0.0,5.0,0.0,22.0,24.0,71.25327300000001,78.0,0.0,11.191299999999998,5.0,195.0,90.151485,1225.5700000000002,1584.0,3939.283663,0.0,1007.5482,5.0,5.0,98.431878,3923.715,0.0,244.52357500000005,-5.0,273.0,167.321928,-18.74,78.0,78.0,103.0,123.119449,-8.746188,1,1.0,Medium
4.0,0.0,0.0,0.0,0.0,0.0,0.0,0.0,0.0,0.0,0.0,0.0,0.0,0.0,0.0,4.0,3.0,10.0,0.0,0.0,0.0,0.0,0.0,0.0,0.0,0.0,0.0,0.0,21.0,8.0,56.315301,46.0,4.0,15.2945,0.0,137.0,60.060084,785.27,1112.0,2409.483435,0.0,746.9616,0.0,0.0,88.168492,2822.229,0.0,186.074716,1.0,191.0,123.270902,-15.75,46.0,54.0,67.0,97.549104,-8.543713,1,4.0,Medium
3.0,0.0,0.0,0.0,0.0,0.0,0.0,0.0,0.0,3.0,0.0,0.0,0.0,0.0,0.0,4.0,0.0,12.0,0.0,0.0,0.0,0.0,0.0,0.0,0.0,0.0,0.0,0.0,22.0,10.0,59.559626,51.0,6.0,19.6322,3.0,168.0,75.77472,783.45,1324.0,2999.503514,0.0,898.4026,3.0,3.0,92.871311,3327.606,0.0,213.31702,6.0,228.0,147.911695,-17.03,51.0,60.0,81.0,113.795465,-8.646264,1,3.0,Medium
3.0,0.0,0.0,0.0,0.0,0.0,5.0,0.0,0.0,4.0,0.0,0.0,0.0,0.0,0.0,0.0,10.0,0.0,0.0,0.0,0.0,0.0,0.0,0.0,0.0,0.0,0.0,0.0,22.0,12.0,57.372956,48.0,12.0,-17.1841,4.0,133.0,61.050704,876.7,1130.0,2478.853112,0.0,723.3296,4.0,4.0,88.979937,2872.706,0.0,179.273181,2.0,196.0,120.96342,-17.15,48.0,63.0,65.0,92.32221,-8.70495,1,3.0,Medium
0.0,0.0,0.0,0.0,0.0,0.0,5.0,0.0,0.0,0.0,0.0,0.0,0.0,0.0,0.0,4.0,8.0,0.0,0.0,0.0,0.0,0.0,4.0,0.0,0.0,0.0,0.0,0.0,21.0,9.0,71.086442,46.0,5.0,3.2602999999999973,0.0,141.0,62.909541,766.0600000000001,1110.0,2363.555558,0.0,729.7217,0.0,0.0,88.269189,2743.476,0.0,175.05,-3.0,192.0,120.540613,-16.95,46.0,51.0,78.0,93.194757,-8.609802,1,3.0,Medium
0.0,0.0,0.0,0.0,0.0,0.0,0.0,5.0,0.0,0.0,0.0,0.0,0.0,0.0,0.0,4.0,10.0,0.0,0.0,2.0,0.0,0.0,0.0,0.0,0.0,0.0,0.0,0.0,21.0,9.0,68.89342099999999,46.0,5.0,-13.056299999999998,0.0,103.0,43.559948,793.72,882.0,1882.647802,0.0,549.7277,0.0,0.0,81.08844000000002,2208.434,0.0,137.05,-5.0,154.0,92.327407,-16.95,46.0,51.0,46.0,63.10238100000001,-8.475829,2,0.0,Low
0.0,0.0,0.0,0.0,0.0,0.0,6.0,0.0,0.0,0.0,5.0,0.0,0.0,0.0,0.0,3.0,8.0,0.0,0.0,0.0,0.0,0.0,0.0,0.0,0.0,0.0,0.0,0.0,22.0,9.0,71.405756,52.0,6.0,-6.725300000000001,0.0,131.0,58.35766699999999,822.72,1090.0,2195.599371,0.0,696.8596,0.0,0.0,92.845604,2713.207,0.0,171.06,-2.0,189.0,115.191621,-17.939999999999998,52.0,58.0,78.0,97.026871,-8.602355,1,3.0,Medium
0.0,0.0,5.0,0.0,0.0,0.0,0.0,0.0,0.0,0.0,0.0,0.0,0.0,0.0,0.0,4.0,8.0,0.0,0.0,0.0,0.0,0.0,0.0,0.0,0.0,0.0,5.0,0.0,22.0,34.0,51.150416,73.0,10.0,-19.9561,5.0,143.0,67.007676,1419.2600000000002,1342.0,3310.949179,0.0,817.7472,5.0,5.0,98.543075,3448.7870000000003,0.0,216.86838,-3.0,231.0,136.375521,-17.490000000000002,73.0,88.0,70.0,104.723047,-8.702557,1,1.0,Medium
0.0,0.0,0.0,0.0,0.0,0.0,0.0,8.0,0.0,0.0,0.0,0.0,0.0,0.0,0.0,4.0,6.0,4.0,0.0,0.0,0.0,0.0,0.0,0.0,0.0,0.0,0.0,0.0,22.0,12.0,71.613822,48.0,8.0,-7.570200000000001,0.0,130.0,57.10738799999999,778.02,1072.0,2280.439174,0.0,696.0527999999999,0.0,0.0,93.147592,2669.246,0.0,168.14,2.0,186.0,115.84688,-17.86,48.0,56.0,66.0,85.570808,-8.655814,1,4.0,Medium
0.0,0.0,0.0,0.0,0.0,4.0,0.0,0.0,0.0,0.0,3.0,0.0,0.0,0.0,0.0,4.0,10.0,0.0,0.0,0.0,0.0,0.0,0.0,0.0,0.0,0.0,0.0,0.0,21.0,8.0,68.31473700000001,49.0,4.0,-11.1279,0.0,107.0,45.40697,816.97,918.0,1965.960283,0.0,570.225,0.0,0.0,85.36474999999999,2296.516,0.0,142.97,-6.0,160.0,95.692498,-17.03,49.0,53.0,53.0,70.072597,-8.537277,2,0.0,Low
4.0,0.0,0.0,0.0,0.0,0.0,0.0,0.0,0.0,12.0,0.0,0.0,0.0,0.0,0.0,0.0,3.0,0.0,0.0,0.0,0.0,0.0,3.0,0.0,0.0,0.0,0.0,0.0,22.0,16.0,45.6936,56.0,16.0,-5.939599999999999,12.0,189.0,90.097573,894.6899999999999,1530.0,3734.639158,0.0,1011.8218,12.0,12.0,96.074654,3877.691,0.0,235.398648,13.0,265.0,168.28490600000003,-17.34,56.0,76.0,84.0,122.978308,-8.843441,1,4.0,Medium
5.0,0.0,0.0,0.0,0.0,0.0,0.0,0.0,0.0,0.0,0.0,0.0,0.0,0.0,0.0,8.0,5.0,4.0,0.0,0.0,0.0,0.0,0.0,0.0,0.0,0.0,0.0,0.0,22.0,13.0,56.426293,52.0,5.0,1.8657,0.0,125.0,54.492221,947.79,1088.0,2352.796299,0.0,705.4948999999999,0.0,0.0,90.343592,2798.351,0.0,184.080895,0.0,187.0,117.013059,-16.45,52.0,62.0,60.0,93.338633,-8.567851,1,4.0,Medium
0.0,0.0,3.0,0.0,0.0,0.0,0.0,0.0,0.0,0.0,5.0,0.0,0.0,0.0,0.0,5.0,8.0,0.0,0.0,0.0,0.0,0.0,0.0,0.0,0.0,0.0,0.0,0.0,21.0,11.0,57.77804999999999,49.0,6.0,-5.1736,0.0,110.0,47.612444,901.56,972.0,1990.965148,0.0,616.5024000000001,0.0,0.0,92.934057,2479.018,0.0,159.616883,-5.0,168.0,101.390978,-16.24,49.0,58.0,60.0,86.77765699999999,-8.520908,1,1.0,Medium
0.0,0.0,5.0,2.0,0.0,0.0,5.0,0.0,0.0,0.0,0.0,0.0,0.0,0.0,0.0,0.0,12.0,0.0,0.0,0.0,0.0,0.0,0.0,0.0,0.0,0.0,0.0,0.0,24.0,17.0,62.560204,43.0,17.0,-16.007600000000004,0.0,136.0,61.712526,980.44,1168.0,2407.819079,0.0,765.3749,0.0,0.0,110.658234,2984.8050000000003,0.0,196.104805,0.0,201.0,126.905048,-17.990000000000002,43.0,65.0,74.0,103.679089,-8.68234,1,1.0,Medium
0.0,0.0,0.0,0.0,0.0,0.0,6.0,0.0,0.0,3.0,0.0,0.0,0.0,0.0,0.0,5.0,7.0,0.0,0.0,0.0,0.0,0.0,0.0,0.0,0.0,0.0,0.0,0.0,21.0,14.0,66.05348599999999,50.0,9.0,-12.1497,3.0,135.0,61.847516,817.9100000000001,1116.0,2455.7724430000003,0.0,715.5953000000001,3.0,3.0,82.220725,2782.362,0.0,170.958483,2.0,194.0,118.73159499999998,-17.27,50.0,59.0,70.0,89.548094,-8.735386,1,3.0,Medium
0.0,0.0,5.0,0.0,0.0,0.0,0.0,0.0,0.0,3.0,0.0,0.0,0.0,0.0,0.0,0.0,8.0,5.0,0.0,0.0,0.0,0.0,0.0,0.0,0.0,0.0,0.0,0.0,21.0,13.0,48.434587,40.0,13.0,-3.367700000000001,3.0,129.0,58.250912,856.1500000000001,1084.0,2393.652894,0.0,718.7230999999999,3.0,3.0,94.76094600000002,2778.559,0.0,178.743288,0.0,187.0,118.398363,-15.580000000000002,40.0,58.0,60.0,92.484285,-8.713205,1,3.0,Medium
0.0,0.0,3.0,0.0,0.0,0.0,4.0,0.0,0.0,0.0,0.0,0.0,0.0,0.0,0.0,6.0,8.0,0.0,0.0,0.0,0.0,0.0,0.0,0.0,0.0,0.0,0.0,0.0,21.0,16.0,59.61327,45.0,10.0,-10.2749,0.0,117.0,52.25018299999999,893.4000000000001,1014.0,2127.198141,0.0,653.3870000000002,0.0,0.0,89.737663,2577.303,0.0,166.616883,-1.0,175.0,107.840923,-16.24,45.0,58.0,62.0,86.821508,-8.6417265,1,3.0,Medium
0.0,0.0,0.0,0.0,0.0,0.0,5.0,0.0,0.0,0.0,3.0,0.0,0.0,0.0,0.0,0.0,8.0,0.0,6.0,0.0,0.0,0.0,0.0,0.0,0.0,0.0,0.0,0.0,22.0,5.0,70.146247,47.0,5.0,0.9303999999999988,0.0,132.0,58.563015,739.1299999999999,1060.0,2065.419213,0.0,691.3015,0.0,0.0,96.586655,2631.216,0.0,166.3,-3.0,184.0,113.179747,-17.7,47.0,52.0,77.0,97.412306,-8.572389,1,3.0,Medium
0.0,0.0,0.0,0.0,0.0,0.0,5.0,0.0,0.0,0.0,0.0,0.0,0.0,0.0,0.0,4.0,9.0,0.0,0.0,0.0,0.0,4.0,0.0,0.0,0.0,0.0,0.0,0.0,22.0,9.0,75.162275,48.0,5.0,-3.4890000000000025,0.0,128.0,55.120677,806.19,1042.0,2284.948961,0.0,671.2457,0.0,0.0,84.83067700000001,2590.099,0.0,163.26,-4.0,181.0,112.690027,-17.74,48.0,53.0,55.0,75.77249499999999,-8.598834,2,0.0,Low
0.0,0.0,0.0,0.0,0.0,0.0,4.0,0.0,0.0,3.0,0.0,0.0,0.0,0.0,0.0,4.0,10.0,0.0,0.0,0.0,0.0,0.0,0.0,0.0,0.0,0.0,0.0,0.0,21.0,11.0,65.46858399999999,49.0,7.0,-14.761400000000002,3.0,120.0,53.808885,830.29,1008.0,2223.1133480000003,0.0,632.2131,3.0,3.0,78.311307,2520.8880000000004,0.0,153.078483,-3.0,176.0,105.290664,-17.15,49.0,56.0,58.0,76.31511599999999,-8.669768,1,3.0,Medium
2.0,0.0,0.0,0.0,0.0,0.0,5.0,0.0,0.0,0.0,0.0,0.0,0.0,0.0,0.0,4.0,10.0,0.0,0.0,0.0,0.0,0.0,0.0,0.0,0.0,0.0,0.0,0.0,21.0,11.0,62.637416,46.0,7.0,-12.6447,0.0,111.0,48.963099,849.0,958.0,1986.171808,0.0,605.3659,0.0,0.0,82.72846100000001,2425.6180000000004,0.0,154.962358,-3.0,166.0,100.935907,-16.45,46.0,55.0,58.0,78.999455,-8.581893,1,3.0,Medium
2.0,0.0,0.0,0.0,0.0,0.0,3.0,0.0,0.0,0.0,0.0,0.0,0.0,0.0,0.0,4.0,12.0,0.0,0.0,0.0,0.0,0.0,0.0,0.0,0.0,0.0,0.0,0.0,21.0,9.0,62.241758,46.0,5.0,-14.0807,0.0,99.0,42.436001,867.7800000000001,874.0,1815.07069,0.0,539.6385,0.0,0.0,79.336923,2223.232,0.0,141.04235799999998,-7.0,152.0,90.279053,-16.37,46.0,53.0,48.0,68.334217,-8.486396,2,0.0,Low
0.0,0.0,0.0,0.0,0.0,0.0,0.0,0.0,0.0,8.0,0.0,0.0,0.0,0.0,0.0,4.0,4.0,0.0,0.0,0.0,0.0,0.0,0.0,0.0,6.0,0.0,0.0,0.0,22.0,12.0,60.92029599999999,56.0,8.0,16.0666,8.0,206.0,97.001128,824.2,1560.0,3493.0053780000003,0.0,1047.4968,8.0,8.0,137.75689,3849.178,0.0,236.429288,4.0,270.0,169.614644,-18.18,56.0,64.0,120.0,148.30087600000002,-8.66603,0,5.0,High
5.0,0.0,0.0,0.0,0.0,0.0,0.0,0.0,0.0,0.0,0.0,0.0,0.0,0.0,0.0,4.0,9.0,0.0,0.0,0.0,0.0,0.0,4.0,0.0,0.0,0.0,0.0,0.0,22.0,9.0,57.278077,48.0,5.0,2.828099999999999,0.0,129.0,56.173493,922.19,1088.0,2336.7302710000004,0.0,708.4677,0.0,0.0,94.920584,2786.431,0.0,184.240895,-4.0,187.0,117.843007,-16.29,48.0,58.0,64.0,93.336573,-8.593459,1,2.0,Medium
3.0,0.0,0.0,0.0,0.0,0.0,0.0,0.0,0.0,5.0,0.0,0.0,0.0,0.0,0.0,4.0,10.0,0.0,0.0,0.0,0.0,0.0,0.0,0.0,0.0,0.0,0.0,0.0,22.0,12.0,56.013916,53.0,8.0,-15.9728,5.0,122.0,54.61240600000001,949.09,1068.0,2450.8314720000003,0.0,666.5820000000001,5.0,5.0,83.25484900000001,2732.2960000000003,0.0,167.309342,-2.0,186.0,111.531131,-17.189999999999998,53.0,64.0,51.0,80.183953,-8.693066,1,2.0,Medium
3.0,0.0,0.0,0.0,0.0,0.0,0.0,0.0,0.0,0.0,5.0,0.0,0.0,0.0,0.0,0.0,8.0,5.0,0.0,0.0,0.0,0.0,0.0,0.0,0.0,0.0,0.0,0.0,21.0,3.0,57.37015,47.0,3.0,3.976099999999999,0.0,117.0,50.234577,792.01,984.0,2005.246536,0.0,635.6103,0.0,0.0,89.634884,2500.164,0.0,162.078537,-5.0,170.0,105.293869,-16.04,47.0,53.0,62.0,88.52613699999999,-8.514236,1,1.0,Medium
0.0,0.0,5.0,0.0,0.0,0.0,0.0,0.0,0.0,0.0,0.0,0.0,0.0,0.0,0.0,5.0,6.0,5.0,0.0,0.0,0.0,0.0,0.0,0.0,0.0,0.0,0.0,0.0,21.0,15.0,52.76142,42.0,10.0,2.215299999999999,0.0,123.0,54.308632,888.6300000000001,1048.0,2240.945038,0.0,696.142,0.0,0.0,95.303635,2686.3900000000003,0.0,177.554805,-1.0,180.0,114.098134,-15.54,42.0,57.0,61.0,92.561351,-8.663,1,3.0,Medium
0.0,0.0,5.0,0.0,0.0,0.0,0.0,0.0,0.0,0.0,0.0,0.0,0.0,0.0,0.0,3.0,4.0,9.0,0.0,0.0,0.0,0.0,0.0,0.0,0.0,0.0,0.0,0.0,21.0,13.0,52.813588,40.0,10.0,11.7979,0.0,137.0,60.895214,820.51,1120.0,2403.052596,0.0,762.7403999999999,0.0,0.0,97.928187,2852.786,0.0,189.634805,1.0,192.0,124.70586,-15.46,40.0,55.0,69.0,101.46562699999998,-8.691053,1,3.0,Medium
3.0,0.0,0.0,0.0,0.0,0.0,0.0,0.0,0.0,0.0,0.0,0.0,0.0,0.0,0.0,4.0,9.0,0.0,0.0,6.0,0.0,0.0,0.0,0.0,0.0,0.0,0.0,0.0,22.0,7.0,64.303991,48.0,3.0,-0.9145000000000004,0.0,111.0,46.228023,866.9100000000001,952.0,2097.121865,0.0,606.8515,0.0,0.0,83.17237399999999,2428.977,0.0,156.328537,-6.0,165.0,102.163441,-16.79,48.0,54.0,42.0,69.452963,-8.508345,2,0.0,Low
0.0,0.0,0.0,0.0,0.0,0.0,0.0,5.0,0.0,0.0,0.0,0.0,0.0,0.0,0.0,4.0,8.0,5.0,0.0,0.0,0.0,0.0,0.0,0.0,0.0,0.0,0.0,0.0,22.0,9.0,71.751306,48.0,5.0,-4.4001,0.0,123.0,53.083116,792.36,1012.0,2157.161719,0.0,650.6406999999999,0.0,0.0,87.76426000000001,2520.972,0.0,158.26000000000002,-3.0,176.0,108.148211,-17.74,48.0,53.0,60.0,78.660802,-8.580294,1,3.0,Medium
0.0,0.0,0.0,0.0,0.0,0.0,3.0,0.0,0.0,0.0,0.0,0.0,0.0,0.0,0.0,5.0,8.0,6.0,0.0,0.0,0.0,0.0,0.0,0.0,0.0,0.0,0.0,0.0,22.0,8.0,72.691401,49.0,3.0,2.224099999999998,0.0,129.0,56.076568,803.71,1042.0,2222.371696,0.0,674.2151,0.0,0.0,83.787175,2589.087,0.0,163.3,-5.0,181.0,111.39047399999998,-17.7,49.0,52.0,65.0,83.369763,-8.5391445,2,0.0,Low
0.0,0.0,0.0,3.0,0.0,0.0,0.0,0.0,0.0,4.0,0.0,0.0,0.0,0.0,0.0,4.0,10.0,0.0,0.0,0.0,0.0,0.0,0.0,0.0,0.0,0.0,0.0,0.0,21.0,11.0,64.570043,50.0,7.0,-14.2106,4.0,124.0,55.598541,839.52,1036.0,2387.960827,0.0,650.1521,4.0,4.0,78.82628399999999,2590.9790000000003,0.0,156.114644,-3.0,181.0,108.803722,-17.189999999999998,50.0,57.0,56.0,74.65620799999999,-8.704287,1,1.0,Medium
3.0,0.0,0.0,0.0,0.0,0.0,0.0,0.0,0.0,3.0,0.0,0.0,0.0,0.0,0.0,4.0,0.0,11.0,0.0,0.0,0.0,0.0,0.0,0.0,0.0,0.0,0.0,0.0,21.0,10.0,56.247157,49.0,6.0,17.726399999999998,3.0,160.0,72.267136,757.1500000000001,1266.0,2872.2842330000003,0.0,857.7216000000001,3.0,3.0,88.74623299999999,3185.4080000000004,0.0,204.10702,6.0,218.0,141.266771,-16.240000000000002,49.0,58.0,77.0,108.764,-8.676749,0,5.0,High
0.0,5.0,0.0,0.0,0.0,0.0,0.0,0.0,0.0,0.0,0.0,0.0,0.0,0.0,0.0,4.0,7.0,0.0,0.0,0.0,0.0,0.0,6.0,0.0,0.0,0.0,0.0,0.0,22.0,14.0,58.297785,43.0,10.0,9.4927,0.0,147.0,65.39578900000001,908.53,1196.0,2594.424967,0.0,806.4712,0.0,0.0,100.074996,3036.013,0.0,202.240895,-2.0,205.0,132.37283000000002,-16.29,43.0,58.0,76.0,105.490901,-8.693464,1,2.0,Medium
3.0,0.0,0.0,0.0,0.0,0.0,9.0,0.0,0.0,4.0,0.0,0.0,0.0,0.0,0.0,0.0,5.0,0.0,0.0,0.0,0.0,0.0,0.0,0.0,0.0,0.0,0.0,0.0,21.0,16.0,54.95946699999999,46.0,16.0,-13.2344,4.0,154.0,72.999728,799.0099999999999,1270.0,2765.1419450000003,0.0,839.5803999999999,4.0,4.0,92.553013,3206.423,0.0,202.903181,11.0,219.0,139.676174,-16.52,46.0,65.0,84.0,112.13116,-8.767704,1,4.0,Medium
0.0,0.0,0.0,0.0,0.0,0.0,0.0,4.0,0.0,0.0,0.0,0.0,0.0,0.0,0.0,4.0,4.0,0.0,0.0,0.0,0.0,0.0,10.0,0.0,0.0,0.0,0.0,0.0,22.0,8.0,76.321466,48.0,4.0,24.7426,0.0,184.0,82.271458,732.6,1372.0,3024.244698,0.0,938.376,0.0,0.0,106.86146,3364.628,0.0,218.3,0.0,236.0,154.369488,-17.700000000000003,48.0,52.0,102.0,118.409432,-8.501023,1,2.0,Medium
0.0,0.0,0.0,0.0,5.0,0.0,0.0,0.0,0.0,0.0,0.0,0.0,0.0,0.0,4.0,8.0,5.0,0.0,0.0,0.0,0.0,0.0,0.0,0.0,0.0,0.0,0.0,0.0,22.0,21.0,76.77269,52.0,9.0,-0.3295000000000003,0.0,151.0,66.78352199999999,923.91,1228.0,2849.814232,0.0,806.2819,0.0,0.0,90.099114,3040.8080000000004,0.0,193.94,0.0,212.0,134.435707,-18.06,52.0,61.0,71.0,89.647564,-8.748031,1,4.0,Medium
0.0,0.0,0.0,0.0,0.0,0.0,0.0,6.0,0.0,0.0,0.0,0.0,0.0,0.0,0.0,5.0,2.0,0.0,0.0,8.0,0.0,0.0,0.0,0.0,0.0,0.0,0.0,0.0,21.0,11.0,71.728445,47.0,6.0,3.608000000000001,0.0,134.0,57.995901,707.75,1080.0,2422.853518,0.0,716.0402,0.0,0.0,87.0345,2683.357,0.0,169.97000000000003,4.0,187.0,120.025697,-17.03,47.0,53.0,57.0,79.681836,-8.596373,1,4.0,Medium
5.0,0.0,0.0,0.0,0.0,0.0,0.0,0.0,0.0,3.0,0.0,0.0,0.0,0.0,0.0,3.0,0.0,10.0,0.0,0.0,0.0,0.0,0.0,0.0,0.0,0.0,0.0,0.0,21.0,11.0,49.540639,48.0,8.0,15.2614,3.0,158.0,71.743801,792.2,1276.0,2877.42602,0.0,865.7339999999999,3.0,3.0,92.081371,3246.323,0.0,211.059378,8.0,219.0,142.976154,-15.7,48.0,61.0,76.0,112.799675,-8.71683,0,5.0,High
0.0,0.0,0.0,0.0,0.0,0.0,6.0,0.0,0.0,0.0,0.0,0.0,0.0,0.0,0.0,5.0,6.0,5.0,0.0,0.0,0.0,0.0,0.0,0.0,0.0,0.0,0.0,0.0,22.0,11.0,73.177224,49.0,6.0,1.3945999999999987,0.0,142.0,63.464803,789.3700000000001,1138.0,2407.717495,0.0,747.3292,0.0,0.0,87.959404,2821.523,0.0,179.18,0.0,197.0,123.331785,-17.82,49.0,55.0,77.0,95.857681,-8.605209,1,4.0,Medium
0.0,0.0,0.0,0.0,0.0,0.0,5.0,0.0,0.0,4.0,0.0,0.0,0.0,0.0,0.0,8.0,5.0,0.0,0.0,0.0,0.0,0.0,0.0,0.0,0.0,0.0,0.0,0.0,22.0,17.0,68.501323,56.0,9.0,-10.3198,4.0,148.0,68.057053,886.4699999999999,1226.0,2764.308465,0.0,787.8517,4.0,4.0,85.970833,3058.6910000000003,0.0,187.08464400000005,4.0,213.0,130.429891,-18.22,56.0,65.0,75.0,97.694099,-8.773906,1,4.0,Medium
0.0,0.0,5.0,0.0,0.0,0.0,0.0,0.0,0.0,0.0,0.0,0.0,0.0,0.0,0.0,4.0,10.0,0.0,0.0,0.0,0.0,2.0,0.0,0.0,0.0,0.0,0.0,0.0,21.0,14.0,53.489078,41.0,10.0,-7.914100000000002,0.0,105.0,45.006547000000005,923.72,934.0,2013.292367,0.0,602.0122000000001,0.0,0.0,92.040521,2413.8730000000005,0.0,158.594805,-5.0,161.0,99.939505,-15.5,41.0,56.0,44.0,75.12635,-8.621199,2,0.0,Low
0.0,0.0,0.0,0.0,6.0,0.0,0.0,0.0,0.0,0.0,0.0,0.0,0.0,0.0,0.0,0.0,6.0,0.0,0.0,0.0,0.0,0.0,6.0,0.0,0.0,0.0,3.0,0.0,21.0,18.0,72.179442,60.0,6.0,12.0774,3.0,198.0,90.898329,960.06,1536.0,3753.06405,0.0,1013.4228,3.0,3.0,100.129674,3778.992,0.0,240.60814500000004,0.0,264.0,170.39083200000002,-17.549999999999997,60.0,66.0,102.0,117.439257,-8.76809,1,3.0,Medium
0.0,0.0,0.0,0.0,0.0,0.0,0.0,0.0,5.0,0.0,0.0,0.0,0.0,0.0,4.0,10.0,0.0,2.0,0.0,0.0,0.0,0.0,0.0,0.0,0.0,0.0,0.0,0.0,21.0,28.0,71.590546,47.0,14.0,1.0961000000000003,0.0,149.0,68.19970500000001,882.92,1218.0,2698.638304,0.0,818.5600000000001,0.0,0.0,86.41486499999999,3014.8900000000003,0.0,192.65000000000003,5.0,210.0,132.63392199999998,-17.349999999999998,47.0,61.0,80.0,101.469771,-8.790907,1,3.0,Medium
0.0,0.0,0.0,5.0,0.0,0.0,0.0,0.0,0.0,0.0,4.0,0.0,0.0,0.0,0.0,0.0,3.0,10.0,0.0,0.0,0.0,0.0,0.0,0.0,0.0,0.0,0.0,0.0,22.0,5.0,72.598032,48.0,5.0,18.9853,0.0,167.0,74.631191,679.21,1276.0,2746.426202,0.0,866.4414999999999,0.0,0.0,99.19502,3143.2,0.0,202.26,2.0,220.0,143.03434,-17.740000000000002,48.0,53.0,93.0,113.352604,-8.410138,1,4.0,Medium
0.0,0.0,0.0,0.0,0.0,0.0,0.0,5.0,0.0,0.0,0.0,0.0,0.0,0.0,0.0,3.0,10.0,3.0,0.0,0.0,0.0,0.0,0.0,0.0,0.0,0.0,0.0,0.0,21.0,8.0,68.141929,45.0,5.0,-10.4651,0.0,107.0,45.661587,773.4899999999999,900.0,1897.078583,0.0,566.8279,0.0,0.0,82.20622400000002,2248.543,0.0,140.09,-5.0,157.0,94.67524,-16.91,45.0,50.0,51.0,67.551658,-8.507037,2,0.0,Low
0.0,5.0,0.0,0.0,0.0,0.0,5.0,0.0,0.0,0.0,4.0,0.0,0.0,0.0,0.0,0.0,8.0,0.0,0.0,0.0,0.0,0.0,0.0,0.0,0.0,0.0,0.0,0.0,22.0,15.0,54.787102,43.0,15.0,-10.6997,0.0,127.0,57.604216,900.56,1106.0,2216.8835420000005,0.0,726.7004999999999,0.0,0.0,99.416965,2834.58,0.0,187.040895,2.0,190.0,119.783725,-16.490000000000002,43.0,63.0,73.0,104.503544,-8.6719675,1,2.0,Medium
0.0,0.0,0.0,0.0,0.0,0.0,0.0,7.0,0.0,0.0,0.0,0.0,0.0,0.0,0.0,4.0,7.0,0.0,0.0,0.0,0.0,0.0,3.0,0.0,0.0,0.0,0.0,0.0,21.0,11.0,69.517863,46.0,7.0,-5.164899999999999,0.0,130.0,57.253129,761.11,1056.0,2260.983192,0.0,686.9361,0.0,0.0,91.909428,2622.233,0.0,165.97,0.0,183.0,114.262435,-17.03,46.0,53.0,68.0,84.767703,-8.657566,1,4.0,Medium
0.0,3.0,0.0,0.0,4.0,0.0,0.0,0.0,0.0,0.0,0.0,0.0,0.0,0.0,0.0,4.0,10.0,0.0,0.0,0.0,0.0,0.0,0.0,0.0,0.0,0.0,0.0,0.0,21.0,14.0,61.291706,43.0,10.0,-9.1282,0.0,120.0,52.415361,880.6,1020.0,2258.416258,0.0,659.4544000000001,0.0,0.0,86.08887200000001,2585.3700000000003,0.0,167.958537,-3.0,176.0,110.803992,-16.16,43.0,56.0,55.0,77.772813,-8.675267,1,3.0,Medium
3.0,0.0,0.0,0.0,3.0,0.0,0.0,0.0,0.0,0.0,0.0,0.0,0.0,0.0,0.0,5.0,10.0,0.0,0.0,0.0,0.0,0.0,0.0,0.0,0.0,0.0,0.0,0.0,21.0,11.0,60.76889,47.0,6.0,-8.556600000000001,0.0,114.0,49.15902199999999,887.99,984.0,2162.225629,0.0,624.2864,0.0,0.0,84.24295000000001,2504.1360000000004,0.0,161.95853699999998,-4.0,170.0,105.321253,-16.159999999999997,47.0,56.0,52.0,75.245609,-8.577216,2,0.0,Low
5.0,0.0,0.0,0.0,0.0,0.0,0.0,0.0,0.0,0.0,0.0,0.0,0.0,0.0,0.0,4.0,5.0,0.0,0.0,0.0,0.0,0.0,0.0,0.0,0.0,8.0,0.0,0.0,22.0,9.0,54.198797,48.0,5.0,34.0633,0.0,197.0,90.055737,866.87,1496.0,3143.128455,0.0,1032.2717,0.0,0.0,152.43815999999998,3744.299,0.0,252.240895,0.0,255.0,167.30746299999998,-16.29,48.0,58.0,128.0,158.146437,-8.566367,1,4.0,Medium
0.0,0.0,5.0,5.0,0.0,0.0,0.0,0.0,0.0,0.0,0.0,0.0,0.0,0.0,0.0,2.0,10.0,0.0,0.0,0.0,0.0,0.0,0.0,0.0,0.0,0.0,0.0,0.0,22.0,17.0,56.559583,41.0,15.0,-11.7665,0.0,127.0,57.21804,931.76,1094.0,2344.9059,0.0,718.4001000000001,0.0,0.0,103.410965,2800.5660000000003,0.0,184.684805,0.0,188.0,119.382387,-16.41,41.0,61.0,66.0,94.526112,-8.697011,1,1.0,Medium
0.0,0.0,3.0,0.0,0.0,0.0,0.0,0.0,0.0,0.0,0.0,0.0,0.0,0.0,0.0,4.0,2.0,0.0,0.0,12.0,0.0,0.0,0.0,0.0,0.0,0.0,0.0,0.0,21.0,10.0,63.754906000000005,43.0,6.0,15.6033,0.0,135.0,57.737305,752.2,1086.0,2489.453207,0.0,736.6786000000001,0.0,0.0,88.576247,2739.7470000000003,0.0,178.856883,1.0,187.0,122.959061,-16.0,43.0,52.0,50.0,81.432352,-8.535867,1,4.0,Medium
0.0,6.0,0.0,0.0,0.0,0.0,0.0,0.0,0.0,0.0,0.0,0.0,0.0,0.0,0.0,4.0,8.0,0.0,0.0,0.0,0.0,0.0,4.0,0.0,0.0,0.0,0.0,0.0,22.0,16.0,54.073272,42.0,12.0,1.113199999999999,0.0,132.0,58.533322,952.8,1120.0,2405.733092,0.0,746.344,0.0,0.0,97.304632,2876.1000000000004,0.0,192.197074,-2.0,192.0,122.662228,-16.04,42.0,60.0,66.0,98.39325,-8.703656,1,3.0,Medium
0.0,0.0,4.0,0.0,0.0,0.0,0.0,0.0,0.0,4.0,0.0,0.0,0.0,0.0,0.0,4.0,9.0,0.0,0.0,0.0,0.0,0.0,0.0,0.0,0.0,0.0,0.0,0.0,21.0,16.0,50.731177,46.0,12.0,-14.2941,4.0,119.0,53.81224,934.13,1044.0,2356.365799,0.0,666.6692,4.0,4.0,88.793544,2679.7830000000004,0.0,167.710488,-1.0,181.0,110.320786,-16.07,46.0,62.0,53.0,83.415246,-8.693714,1,3.0,Medium
0.0,0.0,5.0,0.0,0.0,0.0,0.0,0.0,0.0,0.0,4.0,0.0,0.0,0.0,0.0,8.0,5.0,0.0,0.0,0.0,0.0,0.0,0.0,0.0,0.0,0.0,0.0,0.0,22.0,18.0,55.311909,51.0,10.0,-2.9336000000000007,0.0,126.0,55.878735,998.71,1118.0,2339.024758,0.0,726.7054,0.0,0.0,103.889765,2871.454,0.0,188.484805,0.0,192.0,118.949741,-16.61,51.0,66.0,69.0,103.319894,-8.671645,1,4.0,Medium
4.0,0.0,0.0,0.0,0.0,0.0,2.0,0.0,0.0,0.0,0.0,0.0,0.0,0.0,0.0,4.0,11.0,0.0,0.0,0.0,0.0,0.0,0.0,0.0,0.0,0.0,0.0,0.0,21.0,10.0,55.634319,46.0,6.0,-13.104500000000002,0.0,99.0,42.563062,904.79,896.0,1867.5257730000003,0.0,557.919,0.0,0.0,82.40925,2313.185,0.0,149.994716,-5.0,155.0,93.488056,-15.830000000000002,46.0,56.0,47.0,73.114952,-8.50636,2,0.0,Low
0.0,0.0,3.0,0.0,0.0,0.0,0.0,0.0,0.0,0.0,3.0,0.0,0.0,0.0,0.0,4.0,0.0,11.0,0.0,0.0,0.0,0.0,0.0,0.0,0.0,0.0,0.0,0.0,21.0,10.0,59.114974,46.0,6.0,22.8096,0.0,154.0,68.556247,752.23,1218.0,2606.760941,0.0,834.2046,0.0,0.0,98.283095,3056.273,0.0,200.736883,3.0,209.0,136.031435,-16.12,46.0,55.0,83.0,113.2775,-8.523422,1,4.0,Medium
0.0,0.0,0.0,0.0,0.0,0.0,5.0,0.0,0.0,3.0,0.0,0.0,0.0,0.0,0.0,4.0,0.0,10.0,0.0,0.0,0.0,0.0,0.0,0.0,0.0,0.0,0.0,0.0,22.0,12.0,69.947858,51.0,8.0,14.7139,3.0,179.0,82.20172600000001,722.73,1378.0,3077.63609,0.0,935.0508,3.0,3.0,92.367856,3404.5660000000003,0.0,214.248483,8.0,238.0,153.65974500000002,-17.98,51.0,59.0,94.0,118.268651,-8.676938,0,5.0,High
3.0,0.0,0.0,0.0,0.0,0.0,3.0,0.0,0.0,0.0,0.0,0.0,0.0,0.0,0.0,6.0,10.0,0.0,0.0,0.0,0.0,0.0,0.0,0.0,0.0,0.0,0.0,0.0,22.0,12.0,62.620246,50.0,6.0,-11.9599,0.0,111.0,48.259544000000005,934.52,982.0,2063.102868,0.0,615.7242000000001,0.0,0.0,85.96673100000001,2508.036,0.0,161.128537,-4.0,170.0,102.716876,-16.990000000000002,50.0,59.0,55.0,80.0479,-8.513643,2,0.0,Low
4.0,0.0,0.0,0.0,0.0,0.0,0.0,0.0,0.0,3.0,0.0,0.0,0.0,0.0,0.0,5.0,9.0,0.0,0.0,0.0,0.0,0.0,0.0,0.0,0.0,0.0,0.0,0.0,21.0,12.0,52.047292,50.0,7.0,-13.069300000000002,3.0,111.0,49.047442,929.49,992.0,2218.480373,0.0,620.7015,3.0,3.0,81.582303,2557.496,0.0,161.02319899999998,-2.0,172.0,103.835893,-16.029999999999998,50.0,61.0,48.0,77.779088,-8.620091,1,3.0,Medium
0.0,0.0,3.0,0.0,0.0,0.0,0.0,0.0,0.0,0.0,4.0,0.0,0.0,0.0,0.0,0.0,10.0,0.0,0.0,0.0,0.0,0.0,0.0,0.0,0.0,0.0,5.0,0.0,22.0,26.0,56.119322,75.0,6.0,-18.9601,5.0,139.0,64.291818,1342.0400000000002,1290.0,3117.761327,0.0,772.4284,5.0,5.0,96.577897,3287.663,0.0,203.13045800000003,-7.0,223.0,129.222339,-17.990000000000002,75.0,84.0,72.0,101.447215,-8.7189865,2,0.0,Low
0.0,0.0,0.0,0.0,6.0,0.0,0.0,0.0,0.0,0.0,4.0,0.0,0.0,0.0,0.0,0.0,6.0,6.0,0.0,0.0,0.0,0.0,0.0,0.0,0.0,0.0,0.0,0.0,22.0,6.0,74.740326,48.0,6.0,12.8214,0.0,166.0,73.284308,725.1400000000001,1276.0,2818.443546,0.0,857.1542000000001,0.0,0.0,98.69115999999998,3142.172,0.0,202.22,0.0,220.0,143.552458,-17.78,48.0,54.0,86.0,104.186362,-8.551241,1,4.0,Medium
0.0,0.0,0.0,0.0,0.0,0.0,6.0,0.0,0.0,4.0,0.0,0.0,0.0,0.0,5.0,6.0,0.0,0.0,0.0,0.0,0.0,0.0,0.0,0.0,0.0,0.0,0.0,0.0,21.0,26.0,66.606769,52.0,15.0,-5.189499999999999,4.0,165.0,77.441644,870.1500000000001,1342.0,3093.9703170000003,0.0,891.7043000000001,4.0,4.0,87.817172,3331.308,0.0,206.714644,10.0,232.0,146.31957,-17.59,52.0,67.0,85.0,109.06640199999998,-8.850932,1,3.0,Medium
0.0,0.0,0.0,0.0,0.0,0.0,4.0,0.0,0.0,2.0,0.0,0.0,0.0,0.0,0.0,5.0,10.0,0.0,0.0,0.0,0.0,0.0,0.0,0.0,0.0,0.0,0.0,0.0,21.0,11.0,66.78469899999999,49.0,6.0,-13.6842,2.0,116.0,51.487103000000005,836.8499999999999,980.0,2131.172078,0.0,612.9162000000001,2.0,2.0,78.14695,2450.773,0.0,150.04232199999998,-4.0,171.0,102.001203,-17.11,49.0,55.0,57.0,74.628978,-8.62451,2,0.0,Low
0.0,0.0,3.0,0.0,0.0,0.0,0.0,0.0,0.0,3.0,0.0,0.0,0.0,0.0,4.0,12.0,0.0,0.0,0.0,0.0,0.0,0.0,0.0,0.0,0.0,0.0,0.0,0.0,22.0,29.0,60.974338,56.0,13.0,-2.3261,3.0,151.0,69.069726,1045.81,1294.0,3009.267431,0.0,851.1221,3.0,3.0,94.835642,3274.247,0.0,207.575366,6.0,223.0,139.037533,-17.509999999999998,56.0,72.0,72.0,105.337984,-8.815453,1,3.0,Medium
0.0,0.0,0.0,0.0,0.0,0.0,7.0,0.0,0.0,0.0,0.0,0.0,0.0,0.0,0.0,4.0,7.0,0.0,0.0,0.0,0.0,4.0,0.0,0.0,0.0,0.0,0.0,0.0,22.0,11.0,75.55793299999999,48.0,7.0,-2.053000000000001,0.0,140.0,61.647775,787.4100000000001,1126.0,2456.050079,0.0,736.9730999999999,0.0,0.0,88.222215,2792.485,0.0,177.18,0.0,195.0,123.346881,-17.82,48.0,55.0,65.0,86.43773300000001,-8.641603,1,4.0,Medium
0.0,4.0,0.0,0.0,0.0,0.0,0.0,0.0,0.0,3.0,0.0,0.0,0.0,0.0,0.0,0.0,10.0,4.0,0.0,0.0,0.0,0.0,0.0,0.0,0.0,0.0,0.0,0.0,21.0,11.0,51.531728,41.0,11.0,-8.721799999999998,3.0,116.0,51.542441,853.3700000000001,992.0,2195.914,0.0,642.5383,3.0,3.0,82.65321500000002,2542.692,0.0,161.223199,-3.0,172.0,106.458392,-15.83,41.0,56.0,50.0,78.980144,-8.674778,1,3.0,Medium
0.0,2.0,0.0,0.0,0.0,0.0,0.0,0.0,0.0,0.0,0.0,0.0,0.0,0.0,0.0,4.0,2.0,14.0,0.0,0.0,0.0,0.0,0.0,0.0,0.0,0.0,0.0,0.0,22.0,8.0,66.360372,46.0,4.0,23.6026,0.0,154.0,67.605802,748.06,1196.0,2612.614708,0.0,817.0308,0.0,0.0,90.270708,2984.742,0.0,194.372358,0.0,206.0,133.693808,-17.04,46.0,52.0,76.0,102.997032,-8.394536,1,4.0,Medium
0.0,0.0,2.0,0.0,0.0,0.0,0.0,0.0,0.0,0.0,0.0,0.0,0.0,0.0,0.0,5.0,9.0,0.0,0.0,6.0,0.0,0.0,0.0,0.0,0.0,0.0,0.0,0.0,22.0,9.0,67.69804,47.0,4.0,-0.6597000000000008,0.0,113.0,47.265759,865.0999999999999,956.0,2112.649099,0.0,612.2696000000001,0.0,0.0,84.82964799999999,2418.578,0.0,154.157922,-7.0,166.0,102.276519,-17.08,47.0,53.0,44.0,68.939036,-8.527458,2,0.0,Low
0.0,0.0,0.0,0.0,0.0,0.0,7.0,3.0,0.0,0.0,4.0,0.0,0.0,0.0,0.0,0.0,8.0,0.0,0.0,0.0,0.0,0.0,0.0,0.0,0.0,0.0,0.0,0.0,22.0,10.0,71.176965,48.0,10.0,-11.5508,0.0,136.0,61.52770299999999,770.56,1120.0,2237.5538880000004,0.0,725.203,0.0,0.0,97.186673,2783.438,0.0,176.06,2.0,194.0,120.380888,-17.939999999999998,48.0,58.0,82.0,100.305342,-8.682497,1,4.0,Medium
0.0,0.0,0.0,0.0,0.0,0.0,6.0,0.0,0.0,0.0,0.0,0.0,0.0,0.0,0.0,4.0,5.0,0.0,0.0,0.0,0.0,0.0,8.0,0.0,0.0,0.0,0.0,0.0,23.0,10.0,79.733297,50.0,6.0,19.4221,0.0,189.0,85.720486,781.61,1424.0,3076.3223150000003,0.0,968.4934,0.0,0.0,106.693782,3495.7830000000004,0.0,226.43,1.0,245.0,159.213084,-18.57,50.0,56.0,109.0,125.879084,-8.5274105,1,4.0,Medium
0.0,5.0,0.0,0.0,0.0,0.0,0.0,0.0,0.0,0.0,6.0,0.0,0.0,0.0,0.0,6.0,5.0,0.0,0.0,0.0,0.0,0.0,0.0,0.0,0.0,0.0,0.0,0.0,22.0,16.0,54.591557,51.0,10.0,-3.5759000000000003,0.0,123.0,54.326865000000005,976.71,1100.0,2265.489497,0.0,713.2008000000001,0.0,0.0,98.24434,2829.373,0.0,185.920895,0.0,189.0,116.905188,-16.61,51.0,66.0,68.0,102.788635,-8.626593,1,4.0,Medium
0.0,0.0,0.0,0.0,0.0,0.0,0.0,5.0,0.0,0.0,2.0,0.0,0.0,0.0,0.0,0.0,5.0,0.0,0.0,10.0,0.0,0.0,0.0,0.0,0.0,0.0,0.0,0.0,22.0,5.0,74.540346,46.0,5.0,5.5572,0.0,134.0,56.96644,688.41,1066.0,2351.0556890000003,0.0,705.9065,0.0,0.0,90.86414,2646.295,0.0,167.34,0.0,185.0,118.851189,-17.66,46.0,51.0,55.0,77.94589300000001,-8.465988,1,4.0,Medium
0.0,0.0,3.0,0.0,0.0,0.0,0.0,0.0,0.0,4.0,0.0,0.0,0.0,0.0,0.0,0.0,8.0,0.0,0.0,0.0,0.0,7.0,0.0,0.0,0.0,0.0,0.0,0.0,22.0,10.0,61.477088,45.0,10.0,-0.0115000000000016,4.0,141.0,61.340499,835.2400000000001,1148.0,2752.07987,0.0,757.1992,4.0,4.0,92.191801,2903.871,0.0,182.211527,-1.0,199.0,127.676402,-16.95,45.0,58.0,43.0,78.01014899999998,-8.754397,1,2.0,Medium
0.0,0.0,0.0,0.0,0.0,0.0,6.0,0.0,0.0,0.0,0.0,0.0,0.0,0.0,0.0,6.0,4.0,0.0,0.0,0.0,0.0,0.0,5.0,0.0,0.0,0.0,0.0,0.0,21.0,12.0,72.17261300000001,48.0,6.0,10.729499999999998,0.0,162.0,73.530419,755.64,1254.0,2701.069419,0.0,841.77,0.0,0.0,93.577924,3090.096,0.0,198.93,2.0,216.0,138.47272800000002,-17.07,48.0,54.0,93.0,109.74002000000002,-8.626408,1,4.0,Medium
8.0,0.0,0.0,0.0,0.0,0.0,0.0,0.0,0.0,0.0,0.0,0.0,0.0,0.0,0.0,4.0,8.0,0.0,0.0,0.0,0.0,0.0,0.0,0.0,0.0,0.0,2.0,0.0,22.0,20.0,43.988948,60.0,8.0,-14.23,2.0,120.0,53.969342,1190.04,1144.0,2601.220584,0.0,710.2604000000001,2.0,2.0,93.812988,3006.6040000000003,0.0,197.734862,0.0,196.0,119.57916,-16.02,60.0,76.0,56.0,96.50099,-8.625916,1,4.0,Medium
0.0,0.0,0.0,0.0,0.0,0.0,0.0,6.0,0.0,0.0,2.0,0.0,0.0,0.0,0.0,4.0,12.0,0.0,0.0,0.0,0.0,0.0,0.0,0.0,0.0,0.0,0.0,0.0,24.0,10.0,77.270792,54.0,6.0,-17.8756,0.0,116.0,49.394824,923.18,1008.0,2084.331134,0.0,622.1834,0.0,0.0,95.90728,2526.736,0.0,156.56,-6.0,176.0,104.103618,-19.44,54.0,60.0,58.0,77.16922,-8.595918,2,0.0,Low
0.0,0.0,0.0,3.0,0.0,0.0,0.0,0.0,0.0,0.0,0.0,0.0,0.0,0.0,0.0,4.0,10.0,0.0,0.0,4.0,0.0,0.0,0.0,0.0,0.0,0.0,0.0,0.0,21.0,7.0,70.848007,46.0,3.0,-4.237400000000001,0.0,112.0,47.453409,784.8400000000001,924.0,2049.821591,0.0,585.6973,0.0,0.0,78.316476,2302.6310000000003,0.0,144.13,-7.0,161.0,98.50957,-16.87,46.0,49.0,48.0,64.666296,-8.486979,2,0.0,Low
3.0,0.0,0.0,0.0,0.0,0.0,0.0,0.0,0.0,4.0,0.0,0.0,0.0,0.0,0.0,0.0,3.0,11.0,0.0,0.0,0.0,0.0,0.0,0.0,0.0,0.0,0.0,0.0,21.0,7.0,54.36331,46.0,7.0,13.1221,4.0,155.0,70.05431899999999,731.3900000000001,1222.0,2779.5515720000003,0.0,824.0541000000001,4.0,4.0,87.35695000000001,3078.259,0.0,195.263181,4.0,211.0,136.204001,-16.16,46.0,56.0,72.0,102.746918,-8.708063,1,4.0,Medium
0.0,0.0,0.0,0.0,0.0,0.0,5.0,0.0,0.0,4.0,0.0,0.0,0.0,0.0,0.0,3.0,10.0,0.0,0.0,0.0,0.0,0.0,0.0,0.0,0.0,0.0,0.0,0.0,22.0,12.0,67.555103,51.0,9.0,-16.198300000000003,4.0,133.0,60.49938800000001,854.47,1106.0,2456.5185800000004,0.0,699.5777,4.0,4.0,83.38143300000002,2763.251,0.0,167.284644,-1.0,193.0,116.509506,-18.02,51.0,60.0,65.0,84.855399,-8.727678,1,2.0,Medium
0.0,0.0,0.0,0.0,0.0,0.0,6.0,0.0,0.0,0.0,0.0,0.0,0.0,0.0,0.0,4.0,6.0,0.0,0.0,0.0,0.0,0.0,6.0,0.0,0.0,0.0,0.0,0.0,22.0,10.0,75.508784,48.0,6.0,11.7002,0.0,168.0,75.946788,769.1400000000001,1288.0,2762.7142160000003,0.0,865.5394,0.0,0.0,98.32937,3170.226,0.0,204.22,0.0,222.0,142.541062,-17.78,48.0,54.0,96.0,112.20323,-8.587161,1,4.0,Medium
0.0,0.0,0.0,0.0,0.0,0.0,6.0,0.0,0.0,0.0,3.0,0.0,0.0,0.0,0.0,0.0,9.0,3.0,0.0,0.0,0.0,0.0,0.0,0.0,0.0,0.0,0.0,0.0,21.0,6.0,68.29807500000001,45.0,6.0,-3.883800000000001,0.0,126.0,55.953936,731.1,1020.0,2061.918783,0.0,660.2322,0.0,0.0,86.62825800000002,2532.087,0.0,160.05,-3.0,177.0,109.31121,-16.95,45.0,51.0,72.0,88.79019599999998,-8.595564,1,3.0,Medium
3.0,0.0,0.0,0.0,0.0,0.0,0.0,0.0,0.0,2.0,0.0,0.0,0.0,0.0,0.0,5.0,12.0,0.0,0.0,0.0,0.0,0.0,0.0,0.0,0.0,0.0,0.0,0.0,22.0,10.0,59.583773,51.0,5.0,-15.0926,2.0,104.0,44.623994,955.97,936.0,2051.891708,0.0,573.3817,2.0,2.0,81.726018,2403.775,0.0,150.28085900000002,-7.0,163.0,96.094594,-16.990000000000002,51.0,59.0,44.0,69.990059,-8.606392,2,0.0,Low
0.0,0.0,0.0,0.0,0.0,0.0,6.0,0.0,0.0,0.0,0.0,0.0,0.0,0.0,0.0,2.0,5.0,0.0,0.0,0.0,0.0,0.0,8.0,0.0,0.0,0.0,0.0,0.0,21.0,8.0,72.945199,44.0,6.0,19.2261,0.0,177.0,80.487076,688.55,1320.0,2841.379555,0.0,902.7758,0.0,0.0,99.238022,3235.4970000000003,0.0,210.09,1.0,227.0,148.443022,-16.91,44.0,50.0,103.0,117.70055200000002,-8.552832,1,4.0,Medium
0.0,0.0,0.0,0.0,6.0,0.0,0.0,0.0,0.0,0.0,0.0,0.0,0.0,0.0,0.0,4.0,6.0,0.0,0.0,0.0,0.0,5.0,0.0,0.0,0.0,0.0,0.0,0.0,21.0,10.0,75.96829600000001,46.0,6.0,8.2912,0.0,154.0,66.422174,742.84,1194.0,2842.991747,0.0,797.2024,0.0,0.0,88.239722,2943.866,0.0,189.01,0.0,206.0,135.818965,-16.99,46.0,52.0,59.0,79.498755,-8.634185,1,4.0,Medium
0.0,0.0,0.0,0.0,0.0,0.0,6.0,0.0,0.0,3.0,0.0,0.0,0.0,0.0,0.0,0.0,9.0,0.0,4.0,0.0,0.0,0.0,0.0,0.0,0.0,0.0,0.0,0.0,22.0,9.0,67.754863,47.0,9.0,-8.732300000000002,3.0,139.0,63.378151,770.72,1120.0,2368.5994410000003,0.0,725.9653,3.0,3.0,90.300925,2786.441,0.0,171.368483,0.0,195.0,119.897444,-17.86,47.0,56.0,73.0,93.5396,-8.728185,1,4.0,Medium
0.0,0.0,0.0,0.0,0.0,0.0,0.0,5.0,0.0,0.0,5.0,0.0,0.0,0.0,0.0,4.0,8.0,0.0,0.0,0.0,0.0,0.0,0.0,0.0,0.0,0.0,0.0,0.0,22.0,9.0,70.358326,53.0,5.0,-10.1686,0.0,118.0,50.99904599999999,838.51,1012.0,2068.159549,0.0,635.4807000000001,0.0,0.0,93.68622,2530.832,0.0,158.06,-3.0,176.0,105.57620099999998,-17.939999999999998,53.0,58.0,65.0,84.96547199999999,-8.565918,1,3.0,Medium
0.0,0.0,3.0,0.0,0.0,0.0,0.0,0.0,0.0,0.0,4.0,0.0,0.0,0.0,0.0,0.0,10.0,0.0,0.0,5.0,0.0,0.0,0.0,0.0,0.0,0.0,0.0,0.0,22.0,6.0,62.420667,45.0,6.0,-1.0006000000000013,0.0,114.0,48.159513,845.1400000000001,970.0,2030.405412,0.0,625.1774,0.0,0.0,94.229112,2467.098,0.0,159.06688300000002,-7.0,168.0,104.041979,-16.79,45.0,54.0,52.0,79.47161,-8.588645,2,0.0,Low
0.0,0.0,5.0,0.0,0.0,0.0,3.0,0.0,0.0,0.0,0.0,0.0,0.0,0.0,0.0,3.0,11.0,0.0,0.0,0.0,0.0,0.0,0.0,0.0,0.0,0.0,0.0,0.0,22.0,16.0,55.642904,42.0,13.0,-13.9773,0.0,113.0,50.169325,956.94,1004.0,2073.864774,0.0,647.2425000000001,0.0,0.0,97.989792,2587.133,0.0,169.72480499999998,-3.0,173.0,106.89636500000002,-16.37,42.0,60.0,58.0,87.39555899999999,-8.624285,1,1.0,Medium
3.0,0.0,0.0,0.0,4.0,0.0,0.0,0.0,0.0,0.0,0.0,0.0,0.0,0.0,0.0,0.0,10.0,0.0,0.0,0.0,0.0,0.0,0.0,0.0,0.0,0.0,5.0,0.0,22.0,27.0,59.65129,74.0,7.0,-18.6282,5.0,156.0,72.259604,1314.48,1392.0,3500.275858,0.0,849.3281,5.0,5.0,92.350062,3529.17,0.0,220.392112,-3.0,240.0,144.673745,-17.990000000000002,74.0,84.0,73.0,99.780984,-8.71873,1,1.0,Medium
5.0,0.0,0.0,0.0,0.0,0.0,6.0,0.0,0.0,0.0,0.0,0.0,0.0,0.0,0.0,6.0,5.0,0.0,0.0,0.0,0.0,0.0,0.0,0.0,0.0,0.0,0.0,0.0,22.0,17.0,56.804123,50.0,11.0,-8.1117,0.0,135.0,61.440801,933.97,1172.0,2457.7601870000003,0.0,765.4594999999999,0.0,0.0,95.822134,3002.761,0.0,197.920895,6.0,201.0,127.239587,-16.61,50.0,66.0,74.0,106.159111,-8.72916,1,3.0,Medium
0.0,0.0,3.0,0.0,0.0,0.0,0.0,0.0,4.0,0.0,5.0,0.0,0.0,0.0,0.0,0.0,9.0,0.0,0.0,0.0,0.0,0.0,0.0,0.0,0.0,0.0,0.0,0.0,21.0,14.0,57.623146,40.0,14.0,-9.8881,0.0,119.0,53.551991,843.2,1020.0,2025.377499,0.0,667.886,0.0,0.0,97.127733,2584.414,0.0,167.656883,-2.0,176.0,109.151305,-16.2,40.0,57.0,70.0,95.269433,-8.656923,1,1.0,Medium
0.0,0.0,0.0,0.0,0.0,0.0,6.0,0.0,0.0,0.0,0.0,0.0,0.0,0.0,0.0,2.0,8.0,0.0,0.0,0.0,0.0,0.0,5.0,0.0,0.0,0.0,0.0,0.0,21.0,8.0,71.415637,44.0,6.0,6.026699999999998,0.0,150.0,67.484287,730.04,1158.0,2454.837511,0.0,771.1508,0.0,0.0,91.506404,2853.744,0.0,183.09,-2.0,200.0,127.33642,-16.91,44.0,50.0,85.0,99.46906,-8.608534,1,3.0,Medium
4.0,4.0,0.0,0.0,3.0,0.0,0.0,0.0,0.0,0.0,0.0,0.0,0.0,0.0,0.0,0.0,11.0,0.0,0.0,0.0,0.0,0.0,0.0,0.0,0.0,0.0,0.0,0.0,22.0,15.0,47.00345,40.0,15.0,-12.9853,0.0,117.0,51.62607,976.37,1052.0,2255.363252,0.0,687.2797,0.0,0.0,96.78379,2753.6800000000003,0.0,186.149432,0.0,180.0,115.712401,-15.500000000000002,40.0,63.0,53.0,89.21181999999999,-8.627936,1,3.0,Medium
3.0,0.0,0.0,0.0,5.0,0.0,0.0,0.0,0.0,0.0,0.0,0.0,0.0,0.0,0.0,4.0,10.0,0.0,0.0,0.0,0.0,0.0,0.0,0.0,0.0,0.0,0.0,0.0,22.0,12.0,65.208571,48.0,8.0,-7.039800000000001,0.0,132.0,57.623881,902.94,1108.0,2472.0782670000003,0.0,715.1769999999999,0.0,0.0,91.662674,2802.6510000000003,0.0,182.128537,-2.0,191.0,121.121256,-16.990000000000002,48.0,59.0,61.0,84.389283,-8.70513,1,3.0,Medium
0.0,3.0,0.0,0.0,0.0,0.0,0.0,0.0,0.0,0.0,0.0,0.0,0.0,0.0,0.0,4.0,10.0,5.0,0.0,0.0,0.0,0.0,0.0,0.0,0.0,0.0,0.0,0.0,22.0,10.0,62.186591,45.0,6.0,-2.828800000000001,0.0,112.0,47.790153,889.1400000000001,958.0,2039.864627,0.0,615.3606,0.0,0.0,84.419054,2439.044,0.0,157.328537,-7.0,166.0,101.658544,-16.79,45.0,54.0,51.0,76.464258,-8.544871,2,0.0,Low
0.0,0.0,0.0,0.0,0.0,0.0,4.0,0.0,0.0,0.0,0.0,0.0,0.0,0.0,0.0,6.0,4.0,8.0,0.0,0.0,0.0,0.0,0.0,0.0,0.0,0.0,0.0,0.0,22.0,10.0,73.293802,50.0,4.0,10.0848,0.0,148.0,65.656474,773.06,1168.0,2512.091988,0.0,775.6876,0.0,0.0,87.83098000000001,2891.654,0.0,184.22,0.0,202.0,127.590918,-17.78,50.0,54.0,78.0,98.29,-8.517219,1,4.0,Medium
0.0,0.0,0.0,0.0,0.0,0.0,0.0,5.0,0.0,0.0,0.0,0.0,0.0,0.0,0.0,4.0,5.0,0.0,0.0,7.0,0.0,0.0,0.0,0.0,0.0,0.0,0.0,0.0,21.0,9.0,71.106521,46.0,5.0,-0.0972999999999988,0.0,123.0,52.545108,724.57,1002.0,2227.4699920000003,0.0,653.9177,0.0,0.0,83.862365,2494.014,0.0,157.05,0.0,174.0,109.827407,-16.95,46.0,51.0,51.0,71.884381,-8.55476,1,4.0,Medium
0.0,0.0,3.0,0.0,0.0,0.0,0.0,0.0,0.0,0.0,0.0,0.0,0.0,0.0,0.0,5.0,8.0,0.0,0.0,5.0,0.0,0.0,0.0,0.0,0.0,0.0,0.0,0.0,21.0,11.0,60.84580999999999,44.0,6.0,-1.3636000000000008,0.0,110.0,46.669614,855.4100000000001,942.0,2068.260118,0.0,608.4674,0.0,0.0,85.210632,2399.023,0.0,154.81688300000002,-5.0,163.0,101.243138,-16.04,44.0,53.0,45.0,71.705292,-8.549833,2,0.0,Low
0.0,3.0,0.0,0.0,0.0,0.0,0.0,0.0,0.0,4.0,0.0,0.0,0.0,0.0,0.0,3.0,12.0,0.0,0.0,0.0,0.0,0.0,0.0,0.0,0.0,0.0,0.0,0.0,22.0,13.0,56.951543,48.0,10.0,-18.528,4.0,112.0,49.59982,951.25,992.0,2235.774248,0.0,618.1276,4.0,4.0,82.054732,2541.053,0.0,156.353181,-5.0,173.0,102.948769,-17.07,48.0,61.0,46.0,73.362335,-8.718099,2,0.0,Low
5.0,0.0,0.0,0.0,0.0,0.0,5.0,0.0,0.0,0.0,0.0,0.0,0.0,0.0,0.0,0.0,10.0,1.0,0.0,0.0,0.0,0.0,0.0,0.0,0.0,0.0,0.0,0.0,21.0,10.0,52.37368899999999,42.0,10.0,-11.8227,0.0,113.0,50.405294000000005,851.0,988.0,2018.2542410000003,0.0,636.94,0.0,0.0,88.724163,2547.128,0.0,167.990895,0.0,170.0,106.649714,-15.54,42.0,57.0,59.0,87.408465,-8.597774,1,3.0,Medium
0.0,0.0,0.0,0.0,6.0,0.0,0.0,0.0,0.0,0.0,0.0,0.0,0.0,0.0,0.0,5.0,2.0,0.0,0.0,0.0,0.0,0.0,8.0,0.0,0.0,0.0,0.0,0.0,21.0,11.0,76.59831700000001,47.0,6.0,29.7558,0.0,204.0,92.054041,707.75,1500.0,3459.241768,0.0,1038.5822,0.0,0.0,104.79986,3665.247,0.0,239.97,4.0,257.0,172.774069,-17.03,47.0,53.0,109.0,123.977722,-8.557867,0,5.0,High
6.0,0.0,0.0,0.0,0.0,0.0,0.0,0.0,0.0,0.0,0.0,0.0,0.0,0.0,0.0,6.0,4.0,6.0,0.0,0.0,0.0,0.0,0.0,0.0,0.0,0.0,0.0,0.0,22.0,12.0,53.058328,50.0,6.0,6.328399999999999,0.0,132.0,57.969284,921.14,1132.0,2441.294922,0.0,746.7114,0.0,0.0,93.522036,2918.034,0.0,194.117074,2.0,194.0,123.80156,-16.119999999999997,50.0,62.0,64.0,100.279708,-8.624897,1,4.0,Medium
0.0,0.0,0.0,0.0,0.0,0.0,2.0,0.0,0.0,0.0,0.0,0.0,0.0,0.0,0.0,5.0,10.0,4.0,0.0,0.0,0.0,0.0,0.0,0.0,0.0,0.0,0.0,0.0,21.0,7.0,69.073439,47.0,2.0,-3.3832000000000013,0.0,110.0,46.903023,800.6300000000001,912.0,1938.295978,0.0,575.1934,0.0,0.0,77.05125000000001,2274.553,0.0,142.13,-8.0,159.0,95.373153,-16.87,47.0,49.0,53.0,69.49574,-8.461699,2,0.0,Low
0.0,0.0,0.0,0.0,5.0,0.0,0.0,0.0,0.0,0.0,0.0,0.0,0.0,0.0,0.0,3.0,10.0,3.0,0.0,0.0,0.0,0.0,0.0,0.0,0.0,0.0,0.0,0.0,21.0,8.0,71.75192899999999,45.0,5.0,-0.7286000000000019,0.0,132.0,57.128497,773.4899999999999,1050.0,2361.516058,0.0,682.0329,0.0,0.0,83.527884,2599.2180000000003,0.0,165.08999999999995,-5.0,182.0,115.06199,-16.91,45.0,50.0,61.0,75.659803,-8.62406,2,0.0,Low
0.0,0.0,0.0,0.0,6.0,0.0,0.0,0.0,0.0,12.0,0.0,0.0,0.0,0.0,0.0,2.0,4.0,0.0,0.0,0.0,0.0,0.0,0.0,0.0,0.0,0.0,0.0,0.0,24.0,20.0,68.04371599999999,62.0,18.0,-11.0208,12.0,216.0,102.16063400000002,917.66,1704.0,4253.520226000001,0.0,1123.6502,12.0,12.0,100.445416,4233.576,0.0,252.673932,14.0,296.0,188.822884,-20.24,62.0,80.0,94.0,123.268304,-8.840744,1,4.0,Medium
0.0,0.0,0.0,2.0,0.0,0.0,0.0,0.0,0.0,3.0,0.0,0.0,0.0,0.0,0.0,4.0,12.0,0.0,0.0,0.0,0.0,0.0,0.0,0.0,0.0,0.0,0.0,0.0,21.0,9.0,65.357032,49.0,5.0,-15.4172,3.0,110.0,48.095047,849.07,936.0,2116.611424,0.0,575.7197,3.0,3.0,75.93877499999999,2346.5560000000005,0.0,141.158483,-7.0,164.0,96.479108,-17.07,49.0,54.0,48.0,65.2631,-8.626501,2,0.0,Low
3.0,0.0,0.0,0.0,4.0,0.0,0.0,0.0,0.0,0.0,0.0,0.0,0.0,0.0,0.0,6.0,9.0,0.0,0.0,0.0,0.0,0.0,0.0,0.0,0.0,0.0,0.0,0.0,22.0,13.0,64.874999,50.0,7.0,-6.573500000000001,0.0,129.0,56.211337,925.13,1096.0,2437.445615,0.0,703.8159,0.0,0.0,90.334632,2777.553,0.0,180.08853699999997,-2.0,189.0,118.697847,-17.029999999999998,50.0,60.0,60.0,84.42981900000001,-8.660396,1,3.0,Medium
0.0,0.0,0.0,0.0,0.0,0.0,0.0,0.0,0.0,4.0,0.0,0.0,0.0,0.0,0.0,4.0,5.0,0.0,0.0,0.0,0.0,0.0,0.0,0.0,10.0,0.0,0.0,0.0,23.0,8.0,67.747637,54.0,4.0,37.4517,4.0,229.0,106.756168,809.65,1668.0,3460.711545,0.0,1146.078,4.0,4.0,177.97625799999997,4080.749,0.0,260.654644,-1.0,287.0,183.034142,-18.65,54.0,58.0,153.0,179.82377000000002,-8.560182,1,4.0,Medium
0.0,0.0,0.0,5.0,0.0,0.0,0.0,0.0,4.0,0.0,4.0,0.0,0.0,0.0,0.0,0.0,8.0,0.0,0.0,0.0,0.0,0.0,0.0,0.0,0.0,0.0,0.0,0.0,21.0,13.0,69.10790300000001,42.0,13.0,-8.608,0.0,138.0,62.999111,751.02,1116.0,2319.6562550000003,0.0,736.1251,0.0,0.0,93.61731600000002,2761.551,0.0,175.89,1.0,193.0,121.67439799999998,-17.11,42.0,55.0,82.0,98.062164,-8.723748,1,3.0,Medium
0.0,3.0,0.0,0.0,0.0,0.0,0.0,0.0,0.0,2.0,0.0,0.0,0.0,0.0,0.0,4.0,13.0,0.0,0.0,0.0,0.0,0.0,0.0,0.0,0.0,0.0,0.0,0.0,22.0,12.0,59.394529,47.0,8.0,-17.549300000000002,2.0,101.0,43.444723,957.97,912.0,1990.333731,0.0,561.879,2.0,2.0,81.20813799999999,2341.735,0.0,146.32085899999998,-8.0,159.0,93.58577,-16.95,47.0,58.0,42.0,67.422319,-8.679053,2,0.0,Low
0.0,0.0,0.0,0.0,5.0,0.0,0.0,0.0,0.0,2.0,0.0,0.0,0.0,0.0,0.0,4.0,11.0,0.0,0.0,0.0,0.0,0.0,0.0,0.0,0.0,0.0,0.0,0.0,22.0,11.0,72.569244,50.0,7.0,-9.384100000000002,2.0,137.0,60.204596,861.19,1116.0,2572.068298,0.0,712.3641,2.0,2.0,85.875004,2774.338,0.0,172.252322,-4.0,194.0,120.462187,-17.9,50.0,57.0,61.0,77.727008,-8.730725,2,0.0,Low
0.0,0.0,0.0,0.0,6.0,0.0,0.0,0.0,0.0,0.0,0.0,0.0,0.0,0.0,0.0,0.0,5.0,0.0,0.0,0.0,0.0,0.0,6.0,0.0,0.0,0.0,4.0,0.0,21.0,22.0,71.361793,66.0,6.0,11.0773,4.0,207.0,95.921822,1045.61,1624.0,4039.499671,0.0,1063.7109999999998,4.0,4.0,101.154216,4000.221,0.0,253.42086,1.0,279.0,178.926904,-17.79,66.0,72.0,107.0,123.590778,-8.786579,1,3.0,Medium
0.0,4.0,0.0,0.0,0.0,0.0,0.0,0.0,0.0,0.0,0.0,0.0,0.0,0.0,0.0,5.0,4.0,8.0,0.0,0.0,0.0,0.0,0.0,0.0,0.0,0.0,0.0,0.0,21.0,13.0,56.289217,43.0,8.0,8.7952,0.0,130.0,57.20980899999999,830.53,1076.0,2328.4296560000003,0.0,721.8652,0.0,0.0,86.856216,2735.0950000000003,0.0,180.034716,0.0,185.0,118.334043,-15.79,43.0,55.0,63.0,93.096966,-8.600861,1,3.0,Medium
0.0,0.0,4.0,0.0,0.0,0.0,0.0,0.0,0.0,0.0,0.0,0.0,0.0,0.0,0.0,3.0,12.0,2.0,0.0,0.0,0.0,0.0,0.0,0.0,0.0,0.0,0.0,0.0,21.0,11.0,55.264745,41.0,8.0,-9.8968,0.0,98.0,41.772271,900.7100000000002,872.0,1823.42259,0.0,552.1616,0.0,0.0,87.37687199999999,2246.169,0.0,145.765844,-8.0,151.0,91.330497,-15.71,41.0,53.0,45.0,70.851872,-8.601468,2,0.0,Low
0.0,0.0,0.0,0.0,0.0,0.0,5.0,0.0,0.0,0.0,6.0,0.0,0.0,0.0,0.0,5.0,5.0,0.0,0.0,0.0,0.0,0.0,0.0,0.0,0.0,0.0,0.0,0.0,21.0,10.0,68.210678,53.0,5.0,-2.184400000000001,0.0,132.0,58.99761000000001,800.18,1098.0,2230.756807,0.0,706.5465,0.0,0.0,91.075065,2732.25,0.0,172.77,0.0,190.0,116.359962,-17.229999999999997,53.0,58.0,80.0,100.079079,-8.601583,1,4.0,Medium
8.0,0.0,0.0,0.0,0.0,0.0,0.0,0.0,0.0,0.0,0.0,0.0,0.0,0.0,0.0,4.0,4.0,0.0,0.0,0.0,0.0,0.0,5.0,0.0,0.0,0.0,0.0,0.0,21.0,12.0,44.968711,46.0,8.0,10.846899999999998,0.0,144.0,64.48849899999999,909.66,1210.0,2616.672679,0.0,813.855,0.0,0.0,101.439934,3129.346,0.0,212.899432,4.0,206.0,135.083732,-14.75,46.0,62.0,75.0,113.062242,-8.713743,1,4.0,Medium
3.0,0.0,0.0,0.0,0.0,0.0,4.0,0.0,0.0,0.0,5.0,0.0,0.0,0.0,0.0,0.0,10.0,0.0,0.0,0.0,0.0,0.0,0.0,0.0,0.0,0.0,0.0,0.0,22.0,7.0,60.827951,49.0,7.0,-9.147100000000002,0.0,119.0,52.381885,863.73,1030.0,2046.832785,0.0,654.8841,0.0,0.0,95.05257,2620.276,0.0,169.128537,-3.0,178.0,108.988681,-16.990000000000002,49.0,59.0,68.0,93.828444,-8.582044,1,3.0,Medium
6.0,0.0,0.0,0.0,0.0,0.0,0.0,0.0,0.0,4.0,0.0,0.0,0.0,0.0,0.0,5.0,6.0,0.0,0.0,0.0,0.0,0.0,0.0,0.0,0.0,0.0,0.0,0.0,21.0,15.0,44.510811,51.0,10.0,-11.2766,4.0,124.0,56.271367,956.95,1108.0,2509.985262,0.0,708.7974,4.0,4.0,87.032636,2877.845,0.0,183.931718,4.0,191.0,118.446861,-15.61,51.0,67.0,55.0,92.14632,-8.671742,1,3.0,Medium
0.0,0.0,0.0,0.0,0.0,0.0,0.0,5.0,0.0,3.0,0.0,0.0,0.0,0.0,0.0,0.0,7.0,6.0,0.0,0.0,0.0,0.0,0.0,0.0,0.0,0.0,0.0,0.0,21.0,8.0,64.516576,45.0,8.0,-4.746200000000002,3.0,134.0,59.834169,712.3199999999999,1074.0,2386.820027,0.0,701.1496,3.0,3.0,85.444529,2672.317,0.0,164.198483,1.0,187.0,116.675533,-17.03,45.0,53.0,63.0,83.139889,-8.708639,1,4.0,Medium
0.0,0.0,0.0,0.0,0.0,0.0,0.0,3.0,0.0,0.0,0.0,0.0,0.0,0.0,0.0,5.0,8.0,6.0,0.0,0.0,0.0,0.0,0.0,0.0,0.0,0.0,0.0,0.0,22.0,8.0,72.068094,49.0,3.0,-0.116500000000002,0.0,123.0,52.712605,803.71,1006.0,2160.303352,0.0,646.5131,0.0,0.0,84.998278,2504.925,0.0,157.3,-5.0,175.0,107.147832,-17.7,49.0,52.0,59.0,77.791851,-8.540339,2,0.0,Low
0.0,0.0,5.0,0.0,0.0,0.0,0.0,0.0,0.0,0.0,3.0,0.0,0.0,0.0,0.0,0.0,8.0,6.0,0.0,0.0,0.0,0.0,0.0,0.0,0.0,0.0,0.0,0.0,22.0,10.0,54.614873,42.0,10.0,3.7319999999999984,0.0,128.0,56.215345000000006,869.1299999999999,1076.0,2220.890766,0.0,715.884,0.0,0.0,103.137723,2752.4930000000004,0.0,181.844805,-3.0,185.0,117.411377,-16.25,42.0,57.0,67.0,99.066735,-8.651444,1,1.0,Medium
0.0,0.0,0.0,0.0,0.0,0.0,0.0,3.0,0.0,4.0,0.0,0.0,0.0,0.0,0.0,5.0,12.0,0.0,0.0,0.0,0.0,0.0,0.0,0.0,0.0,0.0,0.0,0.0,24.0,12.0,73.32423599999998,57.0,7.0,-19.7789,4.0,127.0,55.841737,966.31,1090.0,2458.291878,0.0,671.8659,4.0,4.0,88.656758,2736.9890000000005,0.0,163.70464399999997,-5.0,191.0,112.380072,-19.6,57.0,64.0,55.0,76.79078100000001,-8.686699,2,0.0,Low
6.0,0.0,0.0,0.0,0.0,0.0,6.0,0.0,0.0,0.0,0.0,0.0,0.0,0.0,0.0,4.0,6.0,0.0,0.0,0.0,0.0,0.0,0.0,0.0,0.0,0.0,0.0,0.0,22.0,16.0,53.22083000000001,48.0,12.0,-9.616,0.0,132.0,60.11303999999999,934.98,1156.0,2403.647054,0.0,755.7220000000001,0.0,0.0,97.170422,2980.158,0.0,197.957074,6.0,198.0,125.940148,-16.28,48.0,66.0,72.0,106.080308,-8.703291,1,2.0,Medium
0.0,0.0,0.0,0.0,0.0,0.0,5.0,0.0,0.0,0.0,0.0,0.0,0.0,0.0,0.0,5.0,5.0,0.0,0.0,0.0,0.0,0.0,6.0,0.0,0.0,0.0,0.0,0.0,21.0,10.0,72.29539399999999,47.0,5.0,13.2356,0.0,162.0,73.08959999999999,744.8,1242.0,2682.808231,0.0,835.1265000000001,0.0,0.0,93.941481,3057.066,0.0,197.01,0.0,214.0,137.395758,-16.990000000000002,47.0,52.0,92.0,107.916825,-8.581033,1,4.0,Medium
5.0,0.0,0.0,0.0,0.0,0.0,0.0,0.0,0.0,0.0,6.0,0.0,0.0,0.0,0.0,0.0,5.0,6.0,0.0,0.0,0.0,0.0,0.0,0.0,0.0,0.0,0.0,0.0,22.0,5.0,54.102077,50.0,5.0,9.4059,0.0,135.0,59.118369,841.3299999999999,1136.0,2323.976903,0.0,749.8805,0.0,0.0,100.627528,2906.623,0.0,192.160895,0.0,195.0,124.005791,-16.369999999999997,50.0,60.0,74.0,108.441829,-8.571247,1,4.0,Medium
3.0,2.0,0.0,0.0,0.0,0.0,0.0,0.0,0.0,0.0,0.0,0.0,0.0,0.0,0.0,5.0,11.0,0.0,0.0,0.0,0.0,0.0,0.0,0.0,0.0,0.0,0.0,0.0,21.0,12.0,52.2231,45.0,7.0,-13.3717,0.0,93.0,39.46431,949.38,868.0,1826.985453,0.0,539.5199,0.0,0.0,81.91964,2263.492,0.0,147.990895,-6.0,150.0,90.067496,-15.54,45.0,57.0,41.0,70.074131,-8.532645,2,0.0,Low
0.0,0.0,0.0,0.0,4.0,0.0,0.0,0.0,0.0,0.0,4.0,0.0,0.0,0.0,0.0,0.0,8.0,0.0,0.0,0.0,0.0,0.0,0.0,0.0,8.0,0.0,0.0,0.0,24.0,4.0,77.309936,52.0,4.0,34.7084,0.0,220.0,100.175216,796.52,1608.0,3238.517376,0.0,1103.7268,0.0,0.0,174.36972,3925.532,0.0,256.72,-4.0,276.0,178.732812,-19.28,52.0,56.0,148.0,170.01365199999998,-8.495738,1,1.0,Medium
0.0,0.0,0.0,0.0,0.0,0.0,6.0,6.0,0.0,0.0,0.0,0.0,0.0,0.0,0.0,4.0,5.0,0.0,0.0,0.0,0.0,0.0,0.0,0.0,0.0,0.0,0.0,0.0,21.0,16.0,69.185215,46.0,12.0,-13.9941,0.0,135.0,61.689406,755.65,1116.0,2322.883391,0.0,728.8636,0.0,0.0,92.252954,2774.499,0.0,175.77,7.0,193.0,121.212182,-17.23,46.0,58.0,77.0,95.05861000000002,-8.726043,1,3.0,Medium
0.0,0.0,0.0,0.0,4.0,0.0,0.0,0.0,0.0,0.0,0.0,0.0,0.0,0.0,0.0,5.0,4.0,8.0,0.0,0.0,0.0,0.0,0.0,0.0,0.0,0.0,0.0,0.0,21.0,9.0,71.956677,47.0,4.0,14.6552,0.0,154.0,67.728013,726.53,1188.0,2683.412796,0.0,798.0568,0.0,0.0,86.775232,2929.835,0.0,188.05,0.0,205.0,132.858431,-16.95,47.0,51.0,75.0,93.250034,-8.523697,1,4.0,Medium
3.0,0.0,0.0,0.0,0.0,0.0,0.0,0.0,0.0,0.0,0.0,0.0,0.0,0.0,0.0,4.0,8.0,7.0,0.0,0.0,0.0,0.0,0.0,0.0,0.0,0.0,0.0,0.0,22.0,7.0,62.401919,48.0,3.0,4.4192,0.0,122.0,52.262715,853.08,1018.0,2182.476383,0.0,660.1625,0.0,0.0,86.24921,2584.282,0.0,167.328537,-5.0,176.0,109.471231,-16.79,48.0,54.0,57.0,83.484136,-8.523319,2,0.0,Low
6.0,0.0,0.0,0.0,0.0,0.0,0.0,0.0,0.0,0.0,0.0,0.0,0.0,0.0,0.0,4.0,8.0,0.0,0.0,0.0,0.0,0.0,4.0,0.0,0.0,0.0,0.0,0.0,22.0,10.0,54.073272,48.0,6.0,3.6752,0.0,132.0,57.868798,936.0,1120.0,2405.733092,0.0,734.0398,0.0,0.0,97.304632,2882.004,0.0,192.197074,-2.0,192.0,122.111722,-16.04,48.0,60.0,66.0,98.39325,-8.630216,1,3.0,Medium
0.0,0.0,0.0,0.0,0.0,0.0,4.0,0.0,0.0,0.0,0.0,0.0,0.0,0.0,4.0,11.0,0.0,2.0,0.0,0.0,0.0,0.0,0.0,0.0,0.0,0.0,0.0,0.0,21.0,23.0,71.58196099999999,53.0,8.0,3.6888,0.0,146.0,65.893919,884.71,1200.0,2674.645722,0.0,793.0976,0.0,0.0,85.236976,2977.7050000000004,0.0,189.65000000000003,4.0,207.0,129.630817,-17.35,53.0,61.0,77.0,98.704892,-8.744223,1,3.0,Medium
0.0,0.0,3.0,0.0,0.0,0.0,0.0,0.0,0.0,0.0,2.0,0.0,0.0,0.0,0.0,0.0,10.0,6.0,0.0,0.0,0.0,0.0,0.0,0.0,0.0,0.0,0.0,0.0,21.0,6.0,57.99061,41.0,6.0,1.3594999999999988,0.0,113.0,48.512457,800.3800000000001,942.0,1950.494199,0.0,613.7554,0.0,0.0,89.536715,2391.091,0.0,154.93688300000002,-7.0,163.0,101.145709,-15.92,41.0,50.0,56.0,80.68597199999999,-8.577658,2,0.0,Low
0.0,0.0,0.0,0.0,0.0,0.0,0.0,0.0,0.0,6.0,0.0,0.0,0.0,0.0,0.0,4.0,2.0,0.0,0.0,0.0,0.0,0.0,10.0,0.0,0.0,0.0,0.0,0.0,22.0,10.0,69.6,54.0,6.0,25.5824,6.0,210.0,96.702436,769.2,1564.0,3685.795736,0.0,1065.5674,6.0,6.0,102.557002,3847.29,0.0,240.43696600000004,4.0,270.0,175.153864,-18.02,54.0,60.0,108.0,130.03944,-8.685738,0,5.0,High
0.0,0.0,0.0,0.0,0.0,0.0,6.0,0.0,0.0,3.0,0.0,0.0,0.0,0.0,0.0,0.0,12.0,2.0,0.0,0.0,0.0,0.0,0.0,0.0,0.0,0.0,0.0,0.0,23.0,9.0,71.732204,49.0,9.0,-14.2166,3.0,136.0,61.305019,838.5100000000001,1112.0,2402.4211199999995,0.0,708.6833,3.0,3.0,87.88148100000001,2771.318,0.0,169.578483,-3.0,194.0,118.101058,-18.65,49.0,58.0,68.0,86.772324,-8.724581,1,1.0,Medium
0.0,0.0,0.0,0.0,0.0,0.0,0.0,5.0,0.0,0.0,4.0,0.0,0.0,0.0,0.0,0.0,7.0,0.0,0.0,0.0,6.0,0.0,0.0,0.0,0.0,0.0,0.0,0.0,22.0,5.0,72.961816,48.0,5.0,-1.1503999999999994,0.0,126.0,53.19206,734.53,1030.0,2149.150175,0.0,667.4445000000001,0.0,0.0,100.70463,2564.061,0.0,161.26,-2.0,179.0,111.910325,-17.740000000000002,48.0,53.0,53.0,76.798103,-8.599838,1,3.0,Medium
5.0,0.0,0.0,0.0,0.0,0.0,0.0,0.0,0.0,0.0,0.0,0.0,0.0,0.0,0.0,3.0,4.0,10.0,0.0,0.0,0.0,0.0,0.0,0.0,0.0,0.0,0.0,0.0,22.0,8.0,56.126057,47.0,5.0,13.8882,0.0,140.0,61.349028,832.81,1148.0,2472.841682,0.0,770.0829,0.0,0.0,93.24466,2929.769,0.0,194.280895,1.0,197.0,127.356494,-16.25,47.0,57.0,68.0,101.559567,-8.566334,1,4.0,Medium
0.0,0.0,0.0,0.0,0.0,0.0,0.0,6.0,0.0,0.0,5.0,0.0,0.0,0.0,0.0,0.0,6.0,0.0,0.0,0.0,0.0,0.0,5.0,0.0,0.0,0.0,0.0,0.0,22.0,6.0,72.14068,49.0,6.0,7.065399999999999,0.0,155.0,68.76645699999999,734.3700000000001,1216.0,2531.025492,0.0,807.8662,0.0,0.0,106.6002,3003.8740000000003,0.0,192.18,0.0,210.0,133.53177599999998,-17.82,49.0,55.0,90.0,108.55364699999998,-8.590009,0,5.0,High
0.0,0.0,0.0,0.0,0.0,0.0,0.0,3.0,0.0,0.0,4.0,0.0,0.0,0.0,0.0,0.0,9.0,6.0,0.0,0.0,0.0,0.0,0.0,0.0,0.0,0.0,0.0,0.0,22.0,3.0,70.438146,48.0,3.0,1.3241999999999976,0.0,124.0,53.097332,753.31,1006.0,2066.535243,0.0,648.0191,0.0,0.0,90.806758,2501.945,0.0,157.34,-6.0,175.0,107.345719,-17.66,48.0,51.0,65.0,84.036643,-8.536572,2,0.0,Low
0.0,0.0,0.0,0.0,0.0,0.0,6.0,0.0,0.0,0.0,0.0,0.0,0.0,0.0,0.0,6.0,6.0,3.0,0.0,0.0,0.0,0.0,0.0,0.0,0.0,0.0,0.0,0.0,21.0,12.0,69.946335,48.0,6.0,-2.319000000000001,0.0,132.0,59.06634,783.3000000000001,1074.0,2270.750313,0.0,698.826,0.0,0.0,83.437128,2667.27,0.0,168.92999999999998,0.0,186.0,115.426968,-17.07,48.0,54.0,72.0,89.884017,-8.621757,1,4.0,Medium
0.0,5.0,0.0,0.0,2.0,0.0,0.0,0.0,0.0,3.0,0.0,0.0,0.0,0.0,0.0,0.0,12.0,0.0,0.0,0.0,0.0,0.0,0.0,0.0,0.0,0.0,0.0,0.0,22.0,15.0,52.525192,42.0,15.0,-17.5432,3.0,120.0,53.715244000000006,946.65,1052.0,2351.103924,0.0,676.7985,3.0,3.0,89.314555,2710.312,0.0,173.30937799999998,-2.0,182.0,113.227058,-16.450000000000003,42.0,62.0,51.0,81.708479,-8.671483,1,1.0,Medium
3.0,0.0,0.0,0.0,0.0,0.0,0.0,0.0,0.0,0.0,2.0,0.0,0.0,0.0,0.0,0.0,12.0,5.0,0.0,0.0,0.0,0.0,0.0,0.0,0.0,0.0,0.0,0.0,22.0,3.0,61.087751,46.0,3.0,-2.591000000000001,0.0,108.0,45.382955,845.94,922.0,1900.643607,0.0,583.4793,0.0,0.0,86.54647399999999,2351.874,0.0,151.408537,-9.0,160.0,97.306119,-16.71,46.0,52.0,51.0,75.735044,-8.527545,2,0.0,Low
0.0,0.0,0.0,0.0,8.0,0.0,0.0,0.0,0.0,0.0,0.0,0.0,0.0,0.0,0.0,4.0,5.0,0.0,0.0,0.0,0.0,0.0,4.0,0.0,0.0,0.0,0.0,0.0,21.0,12.0,75.793777,46.0,8.0,14.7511,0.0,183.0,82.07667599999999,737.89,1380.0,3197.791611,0.0,938.7688,0.0,0.0,98.70076,3383.7030000000004,0.0,219.93,3.0,237.0,157.830982,-17.07,46.0,54.0,93.0,107.291214,-8.645858,1,3.0,Medium
3.0,0.0,0.0,0.0,0.0,0.0,0.0,0.0,0.0,0.0,0.0,0.0,0.0,0.0,0.0,2.0,12.0,4.0,0.0,0.0,0.0,0.0,0.0,0.0,0.0,0.0,0.0,0.0,21.0,5.0,58.495634,44.0,3.0,-5.805000000000001,0.0,98.0,40.927241,841.6400000000001,852.0,1789.529392,0.0,533.2179000000001,0.0,0.0,79.258216,2181.622,0.0,140.198537,-9.0,148.0,89.170213,-15.920000000000002,44.0,50.0,43.0,66.297313,-8.476327,2,0.0,Low
5.0,0.0,0.0,5.0,0.0,0.0,0.0,0.0,0.0,0.0,0.0,0.0,0.0,0.0,0.0,3.0,10.0,0.0,0.0,0.0,0.0,0.0,0.0,0.0,0.0,0.0,0.0,0.0,23.0,13.0,59.953632,49.0,10.0,-11.484000000000002,0.0,128.0,56.780975,964.29,1116.0,2404.947085,0.0,717.9204,0.0,0.0,98.33024,2865.494,0.0,188.290895,0.0,192.0,120.773128,-17.240000000000002,49.0,64.0,64.0,93.677853,-8.638834,1,4.0,Medium
5.0,5.0,0.0,0.0,0.0,0.0,0.0,0.0,0.0,0.0,0.0,0.0,0.0,0.0,0.0,4.0,8.0,0.0,0.0,0.0,0.0,0.0,0.0,0.0,0.0,0.0,0.0,0.0,22.0,19.0,39.214636,43.0,15.0,-12.6706,0.0,108.0,47.866736,1060.56,1032.0,2166.354984,0.0,671.0817,0.0,0.0,96.532,2750.372,0.0,188.02179,2.0,176.0,111.503201,-15.04,43.0,68.0,50.0,94.311302,-8.589985,1,3.0,Medium
4.0,0.0,0.0,0.0,0.0,0.0,0.0,0.0,0.0,0.0,0.0,0.0,0.0,0.0,0.0,5.0,8.0,0.0,0.0,0.0,0.0,0.0,0.0,0.0,0.0,0.0,4.0,0.0,21.0,25.0,52.157309,71.0,4.0,-17.3652,4.0,126.0,57.641469,1272.17,1188.0,2903.725116,0.0,710.9992,4.0,4.0,83.63376000000001,3054.803,0.0,191.285576,-4.0,205.0,119.759567,-16.75,71.0,79.0,59.0,89.623538,-8.702522,2,0.0,Low
4.0,0.0,0.0,0.0,0.0,0.0,5.0,0.0,0.0,0.0,0.0,0.0,0.0,0.0,0.0,3.0,9.0,0.0,0.0,0.0,0.0,0.0,0.0,0.0,0.0,0.0,0.0,0.0,21.0,12.0,56.038562,45.0,9.0,-12.1262,0.0,114.0,50.842176,870.22,998.0,2062.619473,0.0,638.8553,0.0,0.0,86.978677,2557.6760000000004,0.0,166.914716,0.0,172.0,106.68926,-15.91,45.0,58.0,60.0,86.54506900000001,-8.593663,1,4.0,Medium
2.0,0.0,0.0,0.0,6.0,0.0,0.0,0.0,0.0,0.0,0.0,0.0,0.0,0.0,0.0,6.0,8.0,0.0,0.0,0.0,0.0,0.0,0.0,0.0,0.0,0.0,0.0,0.0,22.0,14.0,69.503924,50.0,8.0,-3.6504,0.0,144.0,63.387252,892.54,1184.0,2683.940006,0.0,771.5852,0.0,0.0,92.678188,2968.528,0.0,192.052358,0.0,204.0,130.412258,-17.36,50.0,60.0,68.0,89.56303,-8.73844,1,4.0,Medium
0.0,0.0,3.0,0.0,0.0,0.0,0.0,0.0,0.0,0.0,4.0,0.0,0.0,0.0,0.0,10.0,4.0,0.0,0.0,0.0,0.0,0.0,0.0,0.0,0.0,0.0,0.0,0.0,21.0,16.0,58.895202,53.0,6.0,-1.124900000000001,0.0,121.0,53.184511,938.16,1062.0,2245.249589,0.0,682.3314,0.0,0.0,93.423987,2701.343,0.0,174.456883,-1.0,183.0,111.781795,-16.4,53.0,62.0,66.0,94.845484,-8.587324,1,3.0,Medium
0.0,0.0,0.0,0.0,0.0,0.0,0.0,0.0,4.0,0.0,0.0,0.0,0.0,0.0,0.0,4.0,5.0,0.0,0.0,0.0,0.0,0.0,8.0,0.0,0.0,0.0,0.0,0.0,21.0,12.0,72.92802900000001,42.0,8.0,18.4335,0.0,171.0,77.42606,731.3299999999999,1284.0,2793.394391,0.0,880.5608,0.0,0.0,96.882244,3147.351000000001,0.0,204.09,-1.0,221.0,143.721326,-16.91,42.0,50.0,97.0,112.170794,-8.59097,1,1.0,Medium
0.0,0.0,3.0,0.0,0.0,0.0,0.0,0.0,0.0,5.0,0.0,0.0,0.0,0.0,0.0,4.0,9.0,0.0,0.0,0.0,0.0,0.0,0.0,0.0,0.0,0.0,0.0,0.0,21.0,15.0,52.809111,48.0,11.0,-15.0058,5.0,122.0,55.339496,917.36,1058.0,2429.3761860000004,0.0,671.3811000000001,5.0,5.0,85.330012,2700.37,0.0,165.837688,-1.0,184.0,111.326751,-16.4,48.0,62.0,53.0,81.624942,-8.714805,1,3.0,Medium
0.0,0.0,0.0,0.0,0.0,0.0,6.0,0.0,0.0,0.0,2.0,0.0,0.0,0.0,0.0,5.0,8.0,0.0,0.0,0.0,0.0,0.0,0.0,0.0,0.0,0.0,0.0,0.0,21.0,11.0,69.092235,49.0,6.0,-8.7856,0.0,122.0,54.318767,809.19,1020.0,2102.28559,0.0,649.6302000000001,0.0,0.0,84.372954,2540.983,0.0,159.89,-2.0,177.0,107.570117,-17.11,49.0,55.0,69.0,86.32820600000001,-8.608177,1,3.0,Medium
0.0,0.0,0.0,0.0,0.0,0.0,0.0,0.0,0.0,7.0,0.0,0.0,0.0,0.0,0.0,0.0,6.0,0.0,0.0,0.0,0.0,0.0,5.0,0.0,0.0,0.0,4.0,0.0,22.0,23.0,61.896287,75.0,7.0,-5.021300000000002,11.0,196.0,92.912276,1154.79,1602.0,4094.568819,0.0,1013.6777,11.0,11.0,92.379857,3988.802,0.0,237.84398700000003,1.0,278.0,169.057712,-18.9,75.0,82.0,93.0,118.242622,-8.818002,1,1.0,Medium
0.0,0.0,0.0,0.0,0.0,0.0,6.0,0.0,0.0,0.0,5.0,0.0,0.0,0.0,0.0,8.0,2.0,0.0,0.0,0.0,0.0,0.0,0.0,0.0,0.0,0.0,0.0,0.0,21.0,14.0,69.147171,55.0,6.0,0.2309000000000001,0.0,143.0,64.81016,814.59,1182.0,2447.475853,0.0,769.9296,0.0,0.0,92.225004,2937.592,0.0,186.65,4.0,204.0,126.511052,-17.35,55.0,61.0,87.0,108.344045,-8.693149,1,4.0,Medium
0.0,5.0,0.0,0.0,0.0,0.0,0.0,0.0,0.0,0.0,0.0,0.0,0.0,0.0,0.0,3.0,8.0,5.0,0.0,0.0,0.0,0.0,0.0,0.0,0.0,0.0,0.0,0.0,21.0,13.0,52.382932,40.0,10.0,-2.0866000000000007,0.0,112.0,48.785566,875.8299999999999,970.0,2060.398889,0.0,637.7474,0.0,0.0,85.45927,2498.079,0.0,165.070895,-3.0,167.0,104.994445,-15.46,40.0,55.0,52.0,82.488346,-8.592623,1,3.0,Medium
0.0,0.0,4.0,0.0,0.0,0.0,4.0,0.0,0.0,0.0,4.0,0.0,0.0,0.0,0.0,0.0,10.0,0.0,0.0,0.0,0.0,0.0,0.0,0.0,0.0,0.0,0.0,0.0,22.0,12.0,57.794078,44.0,12.0,-10.2774,0.0,122.0,54.534608000000006,893.34,1056.0,2108.274318,0.0,684.682,0.0,0.0,102.384032,2694.906,0.0,175.775844,-2.0,182.0,112.92326,-16.700000000000003,44.0,60.0,70.0,98.064268,-8.635355,1,3.0,Medium
0.0,0.0,0.0,0.0,0.0,0.0,4.0,0.0,0.0,0.0,0.0,0.0,0.0,0.0,0.0,5.0,8.0,0.0,0.0,4.0,0.0,0.0,0.0,0.0,0.0,0.0,0.0,0.0,21.0,9.0,70.808921,47.0,4.0,-3.514000000000001,0.0,118.0,51.00860099999999,781.8500000000001,972.0,2100.031336,0.0,622.3648000000001,0.0,0.0,79.001616,2420.831,0.0,152.05,-4.0,169.0,103.854127,-16.95,47.0,51.0,55.0,73.146822,-8.541119,2,0.0,Low
0.0,0.0,4.0,0.0,3.0,0.0,0.0,0.0,0.0,0.0,0.0,0.0,0.0,0.0,0.0,4.0,11.0,0.0,0.0,0.0,0.0,0.0,0.0,0.0,0.0,0.0,0.0,0.0,22.0,15.0,60.579646,44.0,11.0,-10.110500000000002,0.0,121.0,52.890982,946.73,1044.0,2271.528032,0.0,674.0785000000001,0.0,0.0,96.366002,2663.848,0.0,173.815844,-4.0,180.0,112.602277,-16.660000000000004,44.0,59.0,57.0,83.20609199999998,-8.688593,1,1.0,Medium
0.0,0.0,4.0,0.0,0.0,0.0,0.0,0.0,0.0,0.0,0.0,0.0,0.0,0.0,0.0,4.0,9.0,4.0,0.0,0.0,0.0,0.0,0.0,0.0,0.0,0.0,0.0,0.0,21.0,12.0,55.669317,42.0,8.0,-2.754100000000002,0.0,111.0,48.088628,879.45,956.0,2027.5923230000003,0.0,620.7704000000001,0.0,0.0,89.724908,2447.543,0.0,159.725844,-5.0,165.0,102.202514,-15.75,42.0,54.0,53.0,80.43948999999999,-8.584605,2,0.0,Low
2.0,0.0,0.0,0.0,5.0,0.0,0.0,0.0,0.0,0.0,0.0,0.0,0.0,0.0,4.0,10.0,0.0,0.0,0.0,0.0,0.0,0.0,0.0,0.0,0.0,0.0,0.0,0.0,21.0,25.0,67.536763,52.0,11.0,4.7938,0.0,160.0,72.092026,924.2,1312.0,3055.022425,0.0,877.5317,0.0,0.0,92.69297,3279.075,0.0,213.562358,7.0,225.0,145.940337,-16.849999999999998,52.0,65.0,78.0,103.374872,-8.817917,1,3.0,Medium
0.0,0.0,3.0,0.0,0.0,4.0,0.0,0.0,0.0,0.0,0.0,0.0,0.0,0.0,0.0,5.0,9.0,0.0,0.0,0.0,0.0,0.0,0.0,0.0,0.0,0.0,0.0,0.0,21.0,15.0,59.402362,44.0,10.0,-13.011,0.0,110.0,47.879886,887.0,966.0,2108.468508,0.0,617.2642,0.0,0.0,92.021527,2462.107,0.0,158.656883,-2.0,167.0,103.09059,-16.2,44.0,57.0,52.0,76.460264,-8.6045,1,2.0,Medium
0.0,0.0,0.0,0.0,6.0,0.0,0.0,0.0,0.0,0.0,6.0,0.0,0.0,0.0,0.0,0.0,4.0,0.0,0.0,0.0,0.0,0.0,6.0,0.0,0.0,0.0,0.0,0.0,22.0,6.0,76.811602,50.0,6.0,24.9788,0.0,198.0,88.84661,715.94,1480.0,3270.703254,0.0,1012.4322,0.0,0.0,112.862868,3625.05,0.0,236.14,2.0,254.0,168.560978,-17.86,50.0,56.0,112.0,129.131458,-8.507675,0,5.0,High
5.0,0.0,0.0,0.0,0.0,0.0,0.0,0.0,0.0,0.0,4.0,0.0,0.0,0.0,0.0,4.0,9.0,0.0,0.0,0.0,0.0,0.0,0.0,0.0,0.0,0.0,0.0,0.0,22.0,9.0,54.554933,52.0,5.0,-7.451900000000001,0.0,109.0,46.778833,959.11,992.0,2035.362655,0.0,622.7477,0.0,0.0,93.00964,2569.887,0.0,168.080895,-4.0,171.0,103.819143,-16.45,52.0,62.0,56.0,88.11140900000001,-8.49916,1,2.0,Medium
0.0,0.0,0.0,0.0,5.0,0.0,0.0,0.0,0.0,0.0,4.0,0.0,0.0,0.0,0.0,0.0,9.0,4.0,0.0,0.0,0.0,0.0,0.0,0.0,0.0,0.0,0.0,0.0,22.0,5.0,73.812938,48.0,5.0,4.969299999999999,0.0,147.0,64.043874,762.19,1156.0,2518.0831840000005,0.0,759.5294999999999,0.0,0.0,94.49720200000002,2856.612,0.0,182.26,-4.0,200.0,127.472955,-17.74,48.0,53.0,75.0,92.07154,-8.591763,1,1.0,Medium
0.0,0.0,0.0,6.0,0.0,0.0,0.0,0.0,0.0,0.0,3.0,0.0,0.0,0.0,0.0,0.0,8.0,0.0,0.0,0.0,0.0,0.0,4.0,0.0,0.0,0.0,0.0,0.0,21.0,6.0,70.866817,45.0,6.0,7.105499999999998,0.0,153.0,68.52353199999999,717.27,1182.0,2557.188123,0.0,787.0032000000001,0.0,0.0,97.248866,2911.8240000000005,0.0,187.05,-2.0,204.0,130.85733,-16.95,45.0,51.0,87.0,101.408701,-8.6082945,1,3.0,Medium
3.0,0.0,0.0,0.0,6.0,0.0,0.0,0.0,0.0,0.0,0.0,0.0,0.0,0.0,0.0,5.0,8.0,0.0,0.0,0.0,0.0,0.0,0.0,0.0,0.0,0.0,0.0,0.0,22.0,14.0,66.109875,49.0,9.0,-3.979,0.0,144.0,63.57102400000001,899.95,1192.0,2691.3848500000004,0.0,779.5025,0.0,0.0,94.544356,3005.0130000000004,0.0,196.048537,1.0,205.0,131.896896,-17.07,49.0,61.0,68.0,92.051967,-8.740189,1,4.0,Medium
0.0,0.0,0.0,0.0,2.0,0.0,0.0,0.0,0.0,17.0,0.0,0.0,0.0,0.0,0.0,2.0,2.0,0.0,0.0,0.0,0.0,0.0,0.0,0.0,0.0,0.0,0.0,0.0,23.0,21.0,56.356316,65.0,19.0,-16.991,17.0,212.0,102.479597,914.29,1696.0,4334.108634,0.0,1106.5219,17.0,17.0,91.191393,4235.44,0.0,243.604737,17.0,296.0,184.623368,-19.69,65.0,84.0,88.0,122.636392,-8.890124,1,4.0,Medium
0.0,3.0,0.0,0.0,5.0,0.0,0.0,0.0,0.0,0.0,0.0,0.0,0.0,0.0,0.0,4.0,10.0,0.0,0.0,0.0,0.0,0.0,0.0,0.0,0.0,0.0,0.0,0.0,22.0,15.0,65.208571,45.0,11.0,-8.320800000000002,0.0,132.0,57.956143,911.34,1108.0,2472.0782670000003,0.0,721.3290999999999,0.0,0.0,91.662674,2799.699,0.0,182.128537,-2.0,191.0,121.396509,-16.990000000000002,45.0,59.0,61.0,84.389283,-8.72806,1,3.0,Medium
0.0,0.0,5.0,0.0,0.0,0.0,0.0,0.0,5.0,0.0,5.0,0.0,0.0,0.0,0.0,0.0,7.0,0.0,0.0,0.0,0.0,0.0,0.0,0.0,0.0,0.0,0.0,0.0,22.0,20.0,54.61617,39.0,20.0,-9.0544,0.0,136.0,62.643584,909.96,1166.0,2327.8191810000003,0.0,782.484,0.0,0.0,110.32504,2972.9100000000003,0.0,196.564805,3.0,200.0,127.307583,-16.53,39.0,64.0,82.0,114.211942,-8.721028,1,3.0,Medium
0.0,0.0,4.0,0.0,0.0,0.0,0.0,0.0,0.0,0.0,0.0,0.0,0.0,0.0,0.0,4.0,8.0,0.0,0.0,0.0,0.0,0.0,0.0,0.0,0.0,0.0,5.0,0.0,21.0,32.0,51.150416,72.0,8.0,-19.6886,5.0,136.0,63.596445,1362.5200000000002,1276.0,3174.546916,0.0,770.3034,5.0,5.0,91.187306,3269.116,0.0,203.789419,-4.0,220.0,128.706994,-16.950000000000003,72.0,84.0,66.0,97.157339,-8.735031,2,0.0,Low
0.0,0.0,0.0,0.0,0.0,0.0,0.0,6.0,0.0,0.0,0.0,0.0,0.0,0.0,0.0,4.0,6.0,0.0,5.0,0.0,0.0,0.0,0.0,0.0,0.0,0.0,0.0,0.0,21.0,10.0,67.301731,46.0,6.0,-5.335099999999999,0.0,119.0,52.087022,742.84,984.0,2015.459387,0.0,635.9814,0.0,0.0,91.40283999999998,2452.921,0.0,154.01,0.0,171.0,104.84822,-16.99,46.0,52.0,62.0,82.198746,-8.607765,1,4.0,Medium
0.0,0.0,0.0,0.0,5.0,0.0,0.0,0.0,0.0,0.0,0.0,0.0,0.0,0.0,0.0,5.0,9.0,2.0,0.0,0.0,0.0,0.0,0.0,0.0,0.0,0.0,0.0,0.0,21.0,10.0,72.022753,47.0,5.0,-1.360700000000001,0.0,133.0,57.749151000000005,800.12,1068.0,2413.326134,0.0,691.8655,0.0,0.0,83.648566,2646.2510000000007,0.0,168.01,-4.0,185.0,116.586174,-16.990000000000002,47.0,52.0,62.0,77.285344,-8.632365,2,0.0,Low
3.0,3.0,0.0,0.0,0.0,0.0,0.0,0.0,0.0,2.0,0.0,0.0,0.0,0.0,0.0,0.0,13.0,0.0,0.0,0.0,0.0,0.0,0.0,0.0,0.0,0.0,0.0,0.0,21.0,11.0,45.818333,41.0,11.0,-18.6331,2.0,95.0,41.379334,933.67,884.0,1895.196883,0.0,552.7721,2.0,2.0,83.078762,2321.0470000000005,0.0,150.139396,-5.0,153.0,92.654653,-15.25,41.0,58.0,39.0,70.799864,-8.644894,1,1.0,Medium
0.0,0.0,0.0,0.0,0.0,0.0,5.0,0.0,0.0,0.0,0.0,0.0,0.0,0.0,0.0,0.0,6.0,0.0,0.0,0.0,0.0,0.0,5.0,0.0,0.0,0.0,5.0,0.0,21.0,25.0,66.751075,72.0,5.0,-2.0432000000000023,5.0,183.0,86.315137,1154.38,1508.0,3678.349103,0.0,954.4185,5.0,5.0,93.897585,3740.52,0.0,232.27357500000005,-1.0,260.0,159.120199,-17.990000000000002,72.0,77.0,101.0,119.758566,-8.803715,1,1.0,Medium
4.0,0.0,0.0,0.0,0.0,0.0,3.0,0.0,0.0,0.0,0.0,0.0,0.0,0.0,4.0,11.0,0.0,0.0,0.0,0.0,0.0,0.0,0.0,0.0,0.0,0.0,0.0,0.0,22.0,26.0,61.554389,55.0,11.0,-0.6855,0.0,145.0,65.711938,1017.13,1254.0,2778.408094,0.0,826.7723000000001,0.0,0.0,94.457243,3187.5730000000003,0.0,208.724716,7.0,215.0,135.890264,-17.1,55.0,70.0,75.0,108.100629,-8.797347,1,4.0,Medium
0.0,5.0,0.0,0.0,0.0,0.0,0.0,0.0,0.0,3.0,0.0,0.0,0.0,0.0,0.0,4.0,0.0,10.0,0.0,0.0,0.0,0.0,0.0,0.0,0.0,0.0,0.0,0.0,22.0,17.0,52.934688,46.0,13.0,13.2244,3.0,164.0,74.914276,852.73,1328.0,2994.8974,0.0,908.8463,3.0,3.0,95.809251,3371.5460000000003,0.0,219.229378,8.0,228.0,148.81994,-16.53,46.0,64.0,79.0,116.888941,-8.762882,1,4.0,Medium
0.0,0.0,0.0,0.0,6.0,0.0,0.0,0.0,0.0,0.0,5.0,0.0,0.0,0.0,0.0,0.0,5.0,0.0,0.0,0.0,0.0,0.0,0.0,0.0,0.0,0.0,6.0,0.0,22.0,30.0,69.017516,85.0,6.0,-9.2504,6.0,194.0,90.996392,1316.8200000000002,1654.0,4162.727448,0.0,1028.4664,6.0,6.0,101.447414,4115.803,0.0,254.05629,1.0,285.0,174.034638,-19.26,85.0,91.0,102.0,124.806727,-8.670428,1,2.0,Medium
0.0,5.0,0.0,0.0,0.0,0.0,0.0,0.0,0.0,0.0,0.0,0.0,0.0,0.0,0.0,5.0,9.0,4.0,0.0,0.0,0.0,0.0,0.0,0.0,0.0,0.0,0.0,0.0,23.0,15.0,59.063366,46.0,10.0,-4.874100000000001,0.0,119.0,51.616564,982.72,1044.0,2224.0357710000003,0.0,677.988,0.0,0.0,91.999952,2687.222,0.0,176.410895,-4.0,180.0,111.720537,-17.12,46.0,61.0,55.0,87.15693900000001,-8.60376,2,0.0,Low
6.0,0.0,0.0,0.0,0.0,0.0,0.0,0.0,0.0,0.0,0.0,0.0,0.0,0.0,0.0,5.0,5.0,6.0,0.0,0.0,0.0,0.0,0.0,0.0,0.0,0.0,0.0,0.0,22.0,11.0,52.869084,49.0,6.0,5.152699999999999,0.0,129.0,56.457751,914.74,1108.0,2379.736945,0.0,729.0566,0.0,0.0,93.004156,2858.946,0.0,190.157074,1.0,190.0,121.017483,-16.08,49.0,61.0,62.0,97.711968,-8.6066675,1,4.0,Medium
0.0,0.0,0.0,0.0,0.0,0.0,6.0,0.0,0.0,0.0,0.0,0.0,0.0,0.0,0.0,5.0,9.0,3.0,0.0,0.0,0.0,0.0,0.0,0.0,0.0,0.0,0.0,0.0,23.0,11.0,76.16670099999999,51.0,6.0,-5.650100000000002,0.0,135.0,59.765151,857.16,1106.0,2321.019142,0.0,711.5792,0.0,0.0,89.33924800000001,2750.2920000000004,0.0,173.39,-3.0,192.0,117.844799,-18.61,51.0,57.0,72.0,90.359329,-8.615836,1,1.0,Medium
0.0,0.0,0.0,0.0,0.0,0.0,0.0,0.0,0.0,0.0,0.0,0.0,0.0,0.0,0.0,0.0,0.0,0.0,0.0,0.0,0.0,0.0,6.0,4.0,6.0,6.0,0.0,0.0,22.0,0.0,72.954018,44.0,0.0,89.6392,0.0,302.0,140.41905799999998,578.6,2032.0,4168.227728,0.0,1476.024,0.0,0.0,209.233042,4895.758,0.0,328.62,0.0,346.0,234.75971600000003,-17.380000000000003,44.0,44.0,214.0,232.568142,-8.308546,1,3.0,Medium
0.0,0.0,0.0,0.0,0.0,0.0,6.0,0.0,0.0,0.0,4.0,0.0,0.0,0.0,0.0,2.0,9.0,0.0,0.0,0.0,0.0,0.0,0.0,0.0,0.0,0.0,0.0,0.0,21.0,8.0,68.182639,48.0,6.0,-8.6531,0.0,121.0,53.755364,780.79,1008.0,2024.622547,0.0,641.5558000000001,0.0,0.0,87.018254,2509.949,0.0,157.93,-3.0,175.0,106.277022,-17.07,48.0,54.0,71.0,88.166732,-8.603,1,3.0,Medium
3.0,0.0,0.0,0.0,0.0,0.0,0.0,0.0,0.0,4.0,0.0,0.0,0.0,0.0,0.0,0.0,10.0,4.0,0.0,0.0,0.0,0.0,0.0,0.0,0.0,0.0,0.0,0.0,21.0,7.0,53.609662,46.0,7.0,-7.7624,4.0,120.0,53.237435,828.2,1012.0,2280.4104260000004,0.0,645.7151,4.0,4.0,80.951404,2580.258,0.0,160.263181,-3.0,176.0,107.896211,-16.16,46.0,56.0,51.0,78.177345,-8.664162,1,3.0,Medium
0.0,0.0,5.0,0.0,0.0,0.0,0.0,0.0,0.0,5.0,0.0,0.0,0.0,0.0,0.0,0.0,10.0,2.0,0.0,0.0,0.0,0.0,0.0,0.0,0.0,0.0,0.0,0.0,22.0,15.0,49.062658,44.0,15.0,-13.1989,5.0,131.0,59.81547800000001,937.45,1126.0,2542.647157,0.0,731.3995000000001,5.0,5.0,96.590186,2894.5910000000003,0.0,181.94561,0.0,195.0,121.014483,-16.53,44.0,64.0,58.0,91.98375,-8.710223,1,1.0,Medium
0.0,0.0,0.0,0.0,5.0,0.0,0.0,0.0,0.0,0.0,0.0,0.0,0.0,0.0,0.0,4.0,7.0,6.0,0.0,0.0,0.0,0.0,0.0,0.0,0.0,0.0,0.0,0.0,22.0,9.0,75.46897,48.0,5.0,8.319899999999999,0.0,153.0,66.952438,778.53,1192.0,2692.905072,0.0,791.3226999999999,0.0,0.0,90.000998,2942.7900000000004,0.0,188.26,-2.0,206.0,132.578931,-17.740000000000002,48.0,53.0,73.0,90.278886,-8.585102,1,3.0,Medium
0.0,6.0,0.0,0.0,0.0,0.0,0.0,0.0,0.0,0.0,0.0,0.0,0.0,0.0,0.0,4.0,8.0,4.0,0.0,0.0,0.0,0.0,0.0,0.0,0.0,0.0,0.0,0.0,22.0,16.0,52.464512,42.0,12.0,-4.5520000000000005,0.0,116.0,50.805918,952.8,1024.0,2175.567212,0.0,672.752,0.0,0.0,90.65612000000002,2651.668,0.0,176.197074,-2.0,176.0,110.695972,-16.04,42.0,60.0,54.0,88.12435,-8.628232,1,3.0,Medium
0.0,0.0,0.0,0.0,0.0,0.0,5.0,0.0,0.0,4.0,0.0,0.0,0.0,0.0,0.0,4.0,9.0,0.0,0.0,0.0,0.0,0.0,0.0,0.0,0.0,0.0,0.0,0.0,22.0,13.0,67.74434699999999,52.0,9.0,-15.0226,4.0,136.0,62.010921,860.87,1130.0,2518.0765570000003,0.0,717.2325000000001,4.0,4.0,83.899313,2822.339,0.0,171.244644,0.0,197.0,119.293583,-18.06,52.0,61.0,67.0,87.42313899999999,-8.737527,1,4.0,Medium
0.0,0.0,0.0,0.0,0.0,0.0,8.0,0.0,0.0,0.0,0.0,0.0,0.0,0.0,0.0,5.0,4.0,0.0,0.0,0.0,0.0,0.0,4.0,0.0,0.0,0.0,0.0,0.0,21.0,13.0,71.869173,47.0,8.0,6.589999999999999,0.0,162.0,74.211721,744.2900000000001,1260.0,2681.765212,0.0,845.9676000000001,0.0,0.0,93.874376,3106.143,0.0,199.89,4.0,217.0,139.30997100000002,-17.11,47.0,55.0,95.0,111.76035400000002,-8.685363,1,4.0,Medium
0.0,0.0,3.0,0.0,0.0,0.0,0.0,0.0,0.0,0.0,4.0,0.0,0.0,0.0,0.0,4.0,11.0,0.0,0.0,0.0,0.0,0.0,0.0,0.0,0.0,0.0,0.0,0.0,22.0,10.0,60.96454299999999,49.0,6.0,-9.256800000000002,0.0,106.0,45.220485,939.89,946.0,1931.81513,0.0,591.6066000000001,0.0,0.0,93.526707,2417.87,0.0,154.906883,-8.0,164.0,97.678287,-16.950000000000003,49.0,58.0,55.0,80.96056999999999,-8.543281,2,0.0,Low
0.0,0.0,0.0,0.0,5.0,0.0,0.0,0.0,0.0,0.0,0.0,0.0,0.0,0.0,0.0,4.0,0.0,10.0,0.0,2.0,0.0,0.0,0.0,0.0,0.0,0.0,0.0,0.0,21.0,9.0,73.580061,46.0,5.0,26.5152,0.0,178.0,79.05097799999999,655.42,1332.0,3060.1440570000004,0.0,919.7027,0.0,0.0,91.56088,3270.539,0.0,212.05,5.0,229.0,153.15385700000002,-16.95,46.0,51.0,86.0,106.309916,-8.434189,1,3.0,Medium
0.0,0.0,3.0,0.0,0.0,0.0,0.0,0.0,0.0,0.0,4.0,0.0,0.0,0.0,0.0,0.0,10.0,0.0,0.0,0.0,0.0,0.0,5.0,0.0,0.0,0.0,0.0,0.0,22.0,6.0,62.756837,45.0,6.0,8.039399999999997,0.0,139.0,60.845668,845.1400000000001,1120.0,2329.819962,0.0,740.3624,0.0,0.0,104.341217,2817.773,0.0,184.066883,-7.0,193.0,121.719649,-16.79,45.0,54.0,77.0,101.07543,-8.623657,1,1.0,Medium
0.0,0.0,0.0,0.0,6.0,0.0,0.0,0.0,0.0,0.0,5.0,0.0,0.0,0.0,0.0,0.0,5.0,0.0,0.0,0.0,0.0,0.0,5.0,0.0,0.0,0.0,0.0,0.0,21.0,6.0,73.267875,47.0,6.0,19.8269,0.0,182.0,81.421577,694.24,1368.0,3032.437059,0.0,930.9082,0.0,0.0,104.976192,3353.6290000000004,0.0,217.97000000000003,1.0,235.0,155.394922,-17.029999999999998,47.0,53.0,101.0,116.761895,-8.54405,1,4.0,Medium
0.0,0.0,6.0,0.0,0.0,0.0,0.0,0.0,0.0,0.0,5.0,0.0,0.0,0.0,0.0,0.0,6.0,0.0,5.0,0.0,0.0,0.0,0.0,0.0,0.0,0.0,0.0,0.0,22.0,12.0,49.72571,43.0,12.0,3.2678,0.0,130.0,58.05703799999999,890.3700000000001,1114.0,2186.434596,0.0,744.4518,0.0,0.0,115.31646399999998,2866.061,0.0,190.633766,0.0,191.0,120.880866,-16.08,43.0,61.0,75.0,112.728879,-8.704714,1,4.0,Medium
0.0,0.0,4.0,0.0,0.0,0.0,0.0,0.0,0.0,0.0,0.0,0.0,0.0,0.0,0.0,4.0,10.0,0.0,0.0,3.0,0.0,0.0,0.0,0.0,0.0,0.0,0.0,0.0,21.0,12.0,56.566521,42.0,8.0,-6.912700000000002,0.0,103.0,43.870076000000005,893.2800000000001,908.0,1949.262125,0.0,581.3764000000001,0.0,0.0,87.728951,2334.319,0.0,151.725844,-6.0,157.0,96.526634,-15.75,42.0,54.0,44.0,71.668934,-8.594284,2,0.0,Low
0.0,0.0,0.0,0.0,6.0,0.0,0.0,0.0,0.0,0.0,0.0,0.0,0.0,0.0,0.0,0.0,4.0,0.0,0.0,0.0,0.0,0.0,8.0,0.0,0.0,0.0,3.0,0.0,21.0,18.0,73.19915,60.0,6.0,20.877,3.0,216.0,99.566855,932.4,1644.0,4010.758746,0.0,1101.1728,3.0,3.0,105.284086,4033.494,0.0,258.60814500000004,2.0,282.0,184.4619,-17.55,60.0,66.0,114.0,129.593585,-8.697135,0,5.0,High
0.0,0.0,6.0,0.0,4.0,0.0,0.0,0.0,0.0,0.0,0.0,0.0,0.0,0.0,0.0,4.0,10.0,0.0,0.0,0.0,0.0,0.0,0.0,0.0,0.0,0.0,0.0,0.0,24.0,20.0,61.291706,46.0,16.0,-8.7604,0.0,144.0,64.14905399999999,1050.82,1236.0,2702.081164,0.0,815.6368,0.0,0.0,113.441342,3166.464,0.0,209.933766,0.0,212.0,135.93089400000002,-17.78,46.0,68.0,70.0,103.432452,-8.715083,1,3.0,Medium
0.0,5.0,0.0,0.0,0.0,0.0,5.0,0.0,0.0,0.0,0.0,0.0,0.0,0.0,0.0,8.0,4.0,0.0,0.0,0.0,0.0,0.0,0.0,0.0,0.0,0.0,0.0,0.0,22.0,23.0,56.984782,47.0,15.0,-8.6133,0.0,135.0,61.754088,970.16,1178.0,2495.3255820000004,0.0,778.1589,0.0,0.0,95.162125,3014.8240000000005,0.0,198.880895,6.0,202.0,127.938069,-16.65,47.0,67.0,73.0,105.96197200000002,-8.754859,1,3.0,Medium
2.0,0.0,0.0,0.0,0.0,0.0,0.0,0.0,0.0,2.0,0.0,0.0,0.0,0.0,0.0,4.0,13.0,0.0,0.0,0.0,0.0,0.0,0.0,0.0,0.0,0.0,0.0,0.0,21.0,8.0,59.394529,48.0,4.0,-16.0377,2.0,95.0,40.311984,895.6300000000001,852.0,1865.417507,0.0,514.9508000000001,2.0,2.0,75.61409,2178.059,0.0,134.15467999999998,-9.0,149.0,86.440848,-16.41,48.0,54.0,39.0,60.844116,-8.567499,2,0.0,Low
0.0,0.0,0.0,0.0,5.0,0.0,0.0,0.0,0.0,0.0,0.0,0.0,0.0,0.0,0.0,3.0,8.0,0.0,0.0,0.0,0.0,0.0,6.0,0.0,0.0,0.0,0.0,0.0,22.0,8.0,77.692866,47.0,5.0,15.642,0.0,174.0,77.03201100000001,772.1299999999999,1312.0,2976.595915,0.0,884.0558999999998,0.0,0.0,99.455886,3220.3500000000004,0.0,208.3,-3.0,226.0,147.744238,-17.7,47.0,52.0,89.0,103.114496,-8.57807,1,1.0,Medium
0.0,0.0,0.0,0.0,0.0,0.0,6.0,0.0,0.0,0.0,0.0,0.0,0.0,0.0,4.0,9.0,0.0,2.0,0.0,0.0,0.0,0.0,0.0,0.0,0.0,0.0,0.0,0.0,21.0,23.0,71.599131,51.0,10.0,2.7734,0.0,152.0,69.39795099999999,853.13,1236.0,2722.630886,0.0,823.5154,0.0,0.0,87.59275400000001,3061.9150000000004,0.0,195.65,6.0,213.0,134.719517,-17.35,51.0,61.0,83.0,104.23465,-8.773172,1,3.0,Medium
0.0,4.0,0.0,0.0,0.0,0.0,0.0,0.0,0.0,3.0,0.0,0.0,0.0,0.0,0.0,0.0,11.0,3.0,0.0,0.0,0.0,0.0,0.0,0.0,0.0,0.0,0.0,0.0,21.0,11.0,51.424064,41.0,11.0,-11.7053,3.0,111.0,49.140029,867.1999999999999,962.0,2124.608122,0.0,617.0613000000001,3.0,3.0,81.73813700000001,2471.549,0.0,156.223199,-4.0,167.0,102.414422,-15.830000000000002,41.0,56.0,47.0,75.47020499999999,-8.681204,1,1.0,Medium
0.0,0.0,4.0,0.0,0.0,0.0,5.0,0.0,0.0,0.0,0.0,0.0,0.0,0.0,0.0,4.0,8.0,0.0,0.0,0.0,0.0,0.0,0.0,0.0,0.0,0.0,0.0,0.0,21.0,17.0,56.227806,42.0,13.0,-11.0981,0.0,121.0,54.796725,887.8199999999999,1046.0,2170.121606,0.0,683.1809000000001,0.0,0.0,94.543441,2668.936,0.0,174.525844,1.0,180.0,112.668769,-15.95,42.0,59.0,66.0,93.062829,-8.701879,1,3.0,Medium
3.0,0.0,0.0,0.0,0.0,0.0,0.0,0.0,0.0,0.0,0.0,0.0,0.0,0.0,0.0,5.0,10.0,4.0,0.0,0.0,0.0,0.0,0.0,0.0,0.0,0.0,0.0,0.0,22.0,8.0,62.268171,49.0,3.0,-3.3556000000000017,0.0,110.0,46.567012,900.97,952.0,2030.116726,0.0,601.3863,0.0,0.0,84.02185600000001,2429.941,0.0,156.288537,-7.0,165.0,100.123398,-16.83,49.0,55.0,50.0,75.522059,-8.498172,2,0.0,Low
0.0,0.0,3.0,0.0,0.0,0.0,0.0,0.0,0.0,0.0,0.0,0.0,0.0,0.0,0.0,8.0,2.0,8.0,0.0,0.0,0.0,0.0,0.0,0.0,0.0,0.0,0.0,0.0,21.0,14.0,60.061754,47.0,6.0,13.0725,0.0,139.0,61.438349,833.12,1134.0,2478.558883,0.0,761.0578,0.0,0.0,91.310971,2859.851,0.0,186.696883,1.0,195.0,124.447129,-16.16,47.0,56.0,70.0,98.706024,-8.612903,1,4.0,Medium
5.0,0.0,0.0,0.0,0.0,0.0,0.0,0.0,0.0,0.0,0.0,0.0,0.0,0.0,0.0,4.0,7.0,0.0,0.0,0.0,0.0,0.0,0.0,0.0,0.0,0.0,6.0,0.0,22.0,33.0,50.332767,84.0,5.0,-20.7717,6.0,147.0,68.977399,1490.81,1400.0,3539.954605,0.0,834.6968999999999,6.0,6.0,90.759012,3604.801,0.0,225.117185,-2.0,241.0,140.917303,-17.73,84.0,94.0,70.0,105.93704300000002,-8.692976,2,0.0,Low
2.0,0.0,0.0,0.0,0.0,0.0,4.0,0.0,0.0,3.0,0.0,0.0,0.0,0.0,0.0,0.0,12.0,0.0,0.0,0.0,0.0,0.0,0.0,0.0,0.0,0.0,0.0,0.0,21.0,9.0,58.301998,45.0,9.0,-17.770000000000003,3.0,114.0,51.153363,832.3100000000001,976.0,2114.887082,0.0,612.7381,3.0,3.0,81.00788299999999,2475.682,0.0,153.150841,-3.0,170.0,102.691786,-16.490000000000002,45.0,56.0,54.0,76.15751,-8.671659,1,3.0,Medium
0.0,0.0,0.0,0.0,0.0,0.0,0.0,0.0,0.0,10.0,0.0,0.0,0.0,0.0,0.0,4.0,4.0,0.0,0.0,0.0,4.0,0.0,0.0,0.0,0.0,0.0,0.0,0.0,22.0,14.0,62.120332000000005,58.0,10.0,-7.654400000000001,10.0,164.0,75.509562,851.54,1328.0,3265.137896,0.0,857.9762000000001,10.0,10.0,86.97349,3320.0560000000005,0.0,194.42161,6.0,232.0,143.092676,-18.34,58.0,68.0,60.0,90.866288,-8.837265,1,4.0,Medium
0.0,0.0,0.0,0.0,0.0,0.0,0.0,6.0,0.0,0.0,0.0,0.0,0.0,0.0,0.0,4.0,6.0,0.0,0.0,5.0,0.0,0.0,0.0,0.0,0.0,0.0,0.0,0.0,21.0,10.0,70.211341,46.0,6.0,-5.343099999999999,0.0,119.0,51.093272,742.84,984.0,2154.402227,0.0,635.8714,0.0,0.0,84.85226499999999,2452.921,0.0,154.01,0.0,171.0,106.74162,-16.99,46.0,52.0,52.0,71.844896,-8.579574,1,4.0,Medium
0.0,0.0,0.0,0.0,0.0,0.0,3.0,0.0,0.0,0.0,0.0,0.0,0.0,0.0,0.0,4.0,11.0,0.0,0.0,0.0,0.0,0.0,0.0,0.0,0.0,0.0,0.0,0.0,18.0,7.0,59.036953,40.0,3.0,-12.5418,0.0,84.0,35.729875,719.77,726.0,1509.324839,0.0,442.8823,0.0,0.0,64.938827,1818.921,0.0,112.5,-8.0,127.0,73.938761,-14.5,40.0,43.0,41.0,53.656285,-8.329017,1,2.0,Medium
