A,B,C,D,E,H,I,P,N,DP,total_hba,total_num_aromatic_heterocycles,total_rot_bonds,total_n_nitrogen,total_num_rings,total_logp,total_tpsa,total_heavy_atom_count,total_hallkieralpha,total_kappa3,total_kappa2,total_balabanj,total_chi1v,total_n_carbon,total_n_oxygen,total_chi0v,total_num_aliphatic_rings,total_arom_rings,total_mw,total_bertzct,total_hbd,charge,total_num_valence_electrons,total_molar_ref,total_num_heteroatoms,total_num_sat_rings,total_kappa1,predicted_docking_score,Consensus_Class,score,fluorescence
0.0,5.0,2.0,8.0,0.0,0.0,6.0,0.0,0.0,21.0,54.0,0.0,73.0,8.0,5.0,16.4422,679.76,214.0,-21.87,95.485557,95.493087,63.921626,66.17851,160.0,46.0,131.148902,0.0,5.0,3011.69,3220.8868170000005,0.0,6.0,1190.0,829.739,54.0,0.0,182.609385,-8.71284,2,0,High
0.0,0.0,2.0,8.0,5.0,0.0,6.0,0.0,0.0,21.0,54.0,0.0,68.0,8.0,0.0,10.5407,679.76,189.0,-17.97,97.729017,90.816027,67.617716,58.39286,135.0,46.0,119.215142,0.0,0.0,2701.335,2279.499092,0.0,6.0,1080.0,731.7139999999999,54.0,0.0,171.03,-8.372367,2,0,High
0.0,0.0,2.0,8.0,5.0,0.0,0.0,6.0,0.0,21.0,60.0,0.0,80.0,8.0,6.0,13.0787,735.1400000000001,219.0,-23.85,89.823591,100.889061,60.955568,66.436064,159.0,52.0,130.763678,0.0,6.0,3085.5930000000003,3402.56105,0.0,6.0,1212.0,834.308,60.0,0.0,183.640596,-8.720289,2,0,High
0.0,7.0,2.0,8.0,0.0,5.0,0.0,0.0,0.0,22.0,61.0,0.0,76.0,8.0,7.0,10.5837,807.21,224.0,-24.42,87.013675,101.077696,64.711134,66.804277,163.0,53.0,131.537965,0.0,7.0,3147.62,3555.210779,5.0,6.0,1232.0,847.854,61.0,0.0,186.251139,-8.840594,2,0,High
0.0,4.0,2.0,8.0,7.0,0.0,0.0,0.0,0.0,21.0,54.0,0.0,66.0,8.0,4.0,11.4453,679.76,197.0,-21.09,83.658195,90.218841,64.063238,59.48632800000001,143.0,46.0,119.298044,0.0,4.0,2781.295,2856.602644,0.0,6.0,1096.0,755.1500000000001,54.0,0.0,168.293508,-8.447251,2,0,High
0.0,5.0,2.0,8.0,7.0,0.0,0.0,0.0,0.0,22.0,56.0,0.0,69.0,8.0,5.0,13.3611,706.0600000000001,209.0,-22.66,86.238394,94.556192,66.49692,63.14441200000001,153.0,48.0,125.992856,0.0,5.0,2943.483,3121.0295290000004,0.0,6.0,1158.0,801.585,56.0,0.0,176.81938499999998,-8.607079,2,0,High
0.0,6.0,2.0,8.0,6.0,0.0,0.0,0.0,0.0,22.0,56.0,0.0,70.0,8.0,6.0,14.5414,706.06,214.0,-23.44,85.78970199999999,95.491604,65.757702,64.701542,158.0,48.0,128.37960800000002,0.0,6.0,3005.554,3309.3070740000003,0.0,6.0,1180.0,821.19,56.0,0.0,179.13526199999998,-8.703588,2,0,High
0.0,0.0,2.0,8.0,0.0,0.0,5.0,6.0,0.0,21.0,60.0,0.0,85.0,8.0,6.0,16.2592,735.1400000000001,229.0,-23.85,100.053636,104.504756,61.45357299999999,70.715274,169.0,52.0,138.65043300000002,0.0,6.0,3225.8630000000003,3549.23324,0.0,6.0,1272.0,880.128,60.0,0.0,193.640596,-8.739942,2,0,High
0.0,0.0,2.0,8.0,0.0,3.0,0.0,8.0,0.0,21.0,65.0,0.0,89.0,8.0,8.0,12.1141,814.2900000000001,236.0,-25.93,92.284066,108.483425,58.749644,71.15617900000001,171.0,57.0,138.230855,0.0,8.0,3317.784,3870.159608,3.0,6.0,1298.0,891.0694000000001,65.0,0.0,194.724128,-8.839426,2,0,High
0.0,4.0,2.0,8.0,8.0,0.0,0.0,0.0,0.0,22.0,56.0,0.0,68.0,8.0,4.0,12.1808,706.0600000000001,204.0,-21.88,86.687086,93.62078,67.236138,61.587282,148.0,48.0,123.60610400000002,0.0,4.0,2881.4120000000003,2932.751984,0.0,6.0,1136.0,781.98,56.0,0.0,174.503508,-8.444449,2,0,High
0.0,0.0,2.0,8.0,0.0,5.0,0.0,8.0,0.0,23.0,71.0,0.0,95.0,8.0,8.0,11.5299,907.35,252.0,-27.59,99.010914,117.147575,64.972504,75.57632899999999,181.0,63.0,147.155617,0.0,8.0,3550.016,4045.508752,5.0,6.0,1390.0,947.553,71.0,0.0,209.064128,-8.8066225,2,0,High
0.0,7.0,2.0,8.0,0.0,4.0,0.0,0.0,0.0,21.0,58.0,0.0,73.0,8.0,7.0,10.875799999999998,760.6800000000001,216.0,-23.59,83.650251,96.745621,61.599704,64.594202,158.0,50.0,127.075584,0.0,7.0,3031.504,3467.536207,4.0,6.0,1186.0,819.6122,58.0,0.0,179.081139,-8.854114,2,0,High
0.0,0.0,2.0,8.0,0.0,4.0,0.0,7.0,0.0,21.0,65.0,0.0,87.0,8.0,7.0,10.0274,825.2900000000001,230.0,-24.99,91.890161,107.011583,59.698931,69.068924,165.0,57.0,134.883069,0.0,7.0,3241.686,3665.173409,4.0,6.0,1270.0,866.2182,65.0,0.0,191.582362,-8.800976,2,0,High
0.0,0.0,2.0,8.0,6.0,0.0,6.0,0.0,0.0,22.0,56.0,0.0,70.0,8.0,0.0,11.2762,706.06,196.0,-18.76,100.757908,94.217966,70.790616,60.493814,140.0,48.0,123.523202,0.0,0.0,2801.452,2355.648432,0.0,6.0,1120.0,758.5440000000001,56.0,0.0,177.24,-8.338531,2,0,High
0.0,8.0,2.0,8.0,0.0,4.0,0.0,0.0,0.0,22.0,60.0,0.0,76.0,8.0,8.0,12.7916,786.98,228.0,-25.16,86.23044999999999,101.082972,64.033386,68.252286,168.0,52.0,133.770396,0.0,8.0,3193.692,3731.963092,4.0,6.0,1248.0,866.0472000000001,60.0,0.0,187.607016,-8.880936,2,0,High
0.0,0.0,3.0,9.0,5.0,0.0,6.0,0.0,0.0,23.0,61.0,0.0,76.0,9.0,0.0,9.5116,778.3900000000001,209.0,-20.12,107.868188,100.359436,74.092226,64.153011,148.0,52.0,131.009187,0.0,0.0,2987.639,2550.100412,0.0,6.0,1193.0,802.499,61.0,0.0,188.88,-8.42722,2,0,High
0.0,0.0,3.0,9.0,5.0,0.0,0.0,5.0,0.0,22.0,64.0,0.0,83.0,9.0,5.0,10.255,798.24,225.0,-24.23,96.205433,104.628553,65.267935,67.898885,161.0,55.0,134.747556,0.0,5.0,3179.683,3380.501599,0.0,6.0,1251.0,852.0,64.0,0.0,191.17883,-8.692731,2,0,High
0.0,0.0,2.0,8.0,5.0,0.0,0.0,7.0,0.0,22.0,63.0,0.0,85.0,8.0,7.0,14.8733,770.6700000000001,233.0,-25.62,93.58092,106.692978,63.117711,70.733394,170.0,55.0,138.573845,0.0,7.0,3277.807,3695.221821,0.0,6.0,1286.0,887.4010000000001,63.0,0.0,193.952362,-8.758588,2,0,High
0.0,0.0,2.0,8.0,6.0,0.0,0.0,6.0,0.0,22.0,62.0,0.0,82.0,8.0,6.0,13.8142,761.44,226.0,-24.64,92.852482,104.291,64.128468,68.537018,164.0,54.0,135.07173799999998,0.0,6.0,3185.71,3478.71039,0.0,6.0,1252.0,861.138,62.0,0.0,189.850596,-8.705069,2,0,High
0.0,0.0,3.0,9.0,5.0,0.0,0.0,4.0,0.0,21.0,61.0,0.0,78.0,9.0,4.0,8.4604,762.71,211.0,-22.46,92.448104,98.824636,63.105792,63.601555000000005,150.0,52.0,126.937389,0.0,4.0,2987.469,3087.840828,0.0,6.0,1177.0,798.9069999999999,61.0,0.0,180.867064,-8.666326,2,0,High
0.0,7.0,2.0,8.0,0.0,0.0,0.0,0.0,5.0,22.0,56.0,0.0,76.0,18.0,7.0,5.913699999999999,935.51,229.0,-26.87,92.87125,97.686571,66.085779,67.508672,163.0,48.0,133.653115,0.0,7.0,3207.695,3826.305024,10.0,6.0,1252.0,868.6505,66.0,0.0,188.801139,-8.87596,2,0,High
0.0,0.0,2.0,8.0,6.0,0.0,0.0,5.0,0.0,21.0,59.0,0.0,77.0,8.0,5.0,12.0196,725.91,212.0,-22.87,89.09515300000001,98.487083,61.966325,64.239688,153.0,51.0,127.261571,0.0,5.0,2993.496,3186.049619,0.0,6.0,1178.0,808.0450000000001,59.0,0.0,179.53883,-8.663065,2,0,High
0.0,0.0,3.0,9.0,5.0,0.0,5.0,0.0,0.0,22.0,59.0,0.0,73.0,9.0,0.0,8.14,752.09,200.0,-19.33,102.793288,96.234358,70.819725,61.196215,141.0,50.0,125.123776,0.0,0.0,2859.4680000000003,2444.616634,0.0,6.0,1141.0,766.505,59.0,0.0,180.67,-8.449593,2,0,High
0.0,8.0,2.0,8.0,0.0,0.0,0.0,0.0,3.0,21.0,54.0,0.0,73.0,14.0,8.0,10.2817,817.4300000000001,223.0,-25.8,86.381571,94.716222,61.746743,66.464848,163.0,46.0,130.57710500000002,0.0,8.0,3113.621,3806.945067000001,6.0,6.0,1214.0,850.2833,60.0,0.0,181.967016,-8.922476,2,0,High
0.0,4.0,3.0,9.0,0.0,0.0,0.0,5.0,0.0,21.0,62.0,0.0,85.0,9.0,9.0,14.2407,771.9399999999999,238.0,-26.56,91.381774,104.968262,59.138163000000006,72.026451,176.0,53.0,139.986504,0.0,9.0,3327.8499999999995,4057.462439,0.0,6.0,1299.0,903.59,62.0,0.0,194.232338,-8.897886,2,0,High
0.0,0.0,3.0,9.0,5.0,0.0,0.0,6.0,0.0,23.0,67.0,0.0,88.0,9.0,6.0,12.0496,833.77,239.0,-26.0,99.962762,110.43247,67.430078,72.196215,172.0,58.0,142.557723,0.0,6.0,3371.8970000000004,3673.16237,0.0,6.0,1325.0,905.093,67.0,0.0,201.490596,-8.713372,2,0,High
0.0,0.0,2.0,8.0,0.0,4.0,0.0,8.0,0.0,22.0,68.0,0.0,92.0,8.0,8.0,11.822,860.82,244.0,-26.76,95.64749,112.8155,61.861074,73.366254,176.0,60.0,142.693236,0.0,8.0,3433.9,3957.83418,4.0,6.0,1344.0,919.3112,68.0,0.0,201.894128,-8.81769,2,0,High
0.0,5.0,3.0,9.0,0.0,0.0,0.0,4.0,0.0,21.0,61.0,0.0,83.0,9.0,9.0,14.3619,762.71,236.0,-26.36,90.204644,103.501696,59.409702,71.387205,175.0,52.0,138.871149,0.0,9.0,3297.824,4029.228553000001,0.0,6.0,1287.0,896.932,61.0,0.0,192.446449,-8.903572,2,0,High
0.0,0.0,2.0,8.0,0.0,0.0,0.0,7.0,4.0,21.0,61.0,0.0,87.0,16.0,7.0,6.2914,927.93,234.0,-26.950000000000003,96.576221,104.298683,60.798647,69.63244,165.0,53.0,136.575189,0.0,7.0,3289.746,3882.048805,8.0,6.0,1286.0,882.8553999999999,69.0,0.0,193.622362,-8.817325,2,0,High
0.0,6.0,3.0,9.0,0.0,0.0,0.0,3.0,0.0,21.0,60.0,0.0,81.0,9.0,9.0,14.4831,753.4800000000001,234.0,-26.16,89.027514,102.03513,59.681241,70.74795900000001,174.0,51.0,137.755794,0.0,9.0,3267.798,4000.994667,0.0,6.0,1275.0,890.2740000000001,60.0,0.0,190.66056,-8.906035,2,0,High
0.0,5.0,3.0,9.0,5.0,0.0,0.0,0.0,0.0,22.0,59.0,0.0,73.0,9.0,5.0,10.861,752.09,215.0,-23.23,90.319783,97.295723,66.62563,64.702655,156.0,50.0,129.170781,0.0,5.0,3029.553,3239.3321690000007,0.0,6.0,1191.0,818.7099999999999,59.0,0.0,182.249385,-8.68534,2,0,High
0.0,0.0,2.0,8.0,4.0,0.0,0.0,7.0,0.0,21.0,61.0,0.0,83.0,8.0,7.0,14.1378,744.37,226.0,-24.83,90.552029,103.291039,59.944811,68.63244,165.0,53.0,134.265785,0.0,7.0,3177.6900000000005,3619.072481,0.0,6.0,1246.0,860.571,61.0,0.0,187.742362,-8.772641,2,0,High
0.0,0.0,3.0,9.0,4.0,0.0,0.0,6.0,0.0,22.0,65.0,0.0,86.0,9.0,6.0,11.3141,807.47,232.0,-25.21,96.93387099999998,107.030531,64.257178,70.095261,167.0,56.0,138.249663,0.0,6.0,3271.78,3597.01303,0.0,6.0,1285.0,878.2629999999999,65.0,0.0,195.280596,-8.721075,2,0,High
0.0,8.0,2.0,8.0,0.0,0.0,0.0,0.0,4.0,22.0,56.0,0.0,76.0,16.0,8.0,9.055599999999998,889.62,232.0,-27.12,90.91651,98.370072,65.133102,68.815802,168.0,48.0,135.462516,0.0,8.0,3241.752,3948.838488,8.0,6.0,1264.0,882.6844000000001,64.0,0.0,189.647016,-8.894114,2,0,High
0.0,4.0,3.0,9.0,5.0,0.0,0.0,0.0,0.0,21.0,57.0,0.0,70.0,9.0,4.0,8.9452,725.79,203.0,-21.66,87.739584,92.958372,64.191948,61.044571,146.0,48.0,122.475969,0.0,4.0,2867.365,2974.905284,0.0,6.0,1129.0,772.275,57.0,0.0,173.723508,-8.622807,2,0,High
0.0,6.0,3.0,9.0,0.0,0.0,0.0,0.0,4.0,22.0,59.0,0.0,78.0,17.0,6.0,4.1949,935.65,228.0,-26.13,95.895283,99.238779,66.740248,67.25978500000001,161.0,50.0,133.866937,0.0,6.0,3203.68,3690.586038,8.0,6.0,1253.0,860.5994000000001,67.0,0.0,190.445262,-8.775534,2,0,High
0.0,4.0,3.0,9.0,0.0,0.0,5.0,0.0,0.0,21.0,57.0,0.0,75.0,9.0,4.0,12.125699999999998,725.79,213.0,-21.66,97.969629,96.574067,64.689953,65.323781,156.0,48.0,130.362724,0.0,4.0,3007.635,3121.577474,0.0,6.0,1189.0,818.095,57.0,0.0,183.723508,-8.675278,2,0,High
0.0,8.0,3.0,9.0,0.0,2.0,0.0,0.0,0.0,22.0,61.0,0.0,78.0,9.0,8.0,12.346700000000002,792.55,232.0,-25.65,89.642773,101.962231,64.285036,69.592287,171.0,52.0,136.639679,0.0,8.0,3247.764,3827.215268,2.0,6.0,1269.0,880.3486,61.0,0.0,191.117016,-8.851692,2,0,High
0.0,5.0,3.0,9.0,0.0,0.0,6.0,0.0,0.0,23.0,61.0,0.0,81.0,9.0,5.0,15.4131,778.3900000000001,234.0,-24.020000000000003,105.624728,105.036496,70.396136,71.938661,173.0,52.0,142.942947,0.0,5.0,3297.994,3491.4881370000003,0.0,6.0,1303.0,900.5239999999999,61.0,0.0,200.459385,-8.710387,2,0,High
0.0,5.0,3.0,9.0,0.0,0.0,5.0,0.0,0.0,22.0,59.0,0.0,78.0,9.0,5.0,14.0415,752.09,225.0,-23.23,100.549828,100.911418,67.12363500000001,68.981865,166.0,50.0,137.057536,0.0,5.0,3169.823,3386.0043590000005,0.0,6.0,1251.0,864.53,59.0,0.0,192.249385,-8.72195,2,0,High
0.0,8.0,2.0,8.0,0.0,3.0,0.0,0.0,0.0,21.0,57.0,0.0,73.0,8.0,8.0,13.0837,740.45,220.0,-24.33,82.867026,96.750897,60.921956,66.042211,163.0,49.0,129.308015,0.0,8.0,3077.576,3644.288520000001,3.0,6.0,1202.0,837.8054000000001,57.0,0.0,180.437016,-8.900179,2,0,High
0.0,5.0,3.0,9.0,0.0,0.0,4.0,0.0,0.0,21.0,57.0,0.0,75.0,9.0,5.0,12.6699,725.7900000000001,216.0,-22.44,95.474928,96.78634,63.851134,66.025069,159.0,48.0,131.172125,0.0,5.0,3041.652,3280.5205810000007,0.0,6.0,1199.0,828.536,57.0,0.0,184.039385,-8.72798,2,0,High
0.0,7.0,3.0,9.0,5.0,0.0,0.0,0.0,0.0,24.0,63.0,0.0,79.0,9.0,7.0,14.6926,804.69,239.0,-26.37,95.480181,105.970425,71.49299400000001,72.018823,176.0,54.0,142.560405,0.0,7.0,3353.929,3768.185939,0.0,6.0,1315.0,911.58,63.0,0.0,199.301139,-8.758852,2,0,High
0.0,5.0,3.0,9.0,4.0,0.0,0.0,0.0,0.0,21.0,57.0,0.0,71.0,9.0,5.0,10.1255,725.7900000000001,208.0,-22.44,87.29089200000001,93.893784,63.45273,62.601701,151.0,48.0,124.862721,0.0,5.0,2929.436,3163.1828290000003,0.0,6.0,1151.0,791.8799999999999,57.0,0.0,176.039385,-8.685062,2,0,High
0.0,5.0,4.0,10.0,0.0,0.0,0.0,2.0,0.0,21.0,62.0,0.0,81.0,10.0,7.0,9.7436,790.28,228.0,-24.97,92.829157,101.437271,61.559926,68.552696,166.0,52.0,135.04485999999997,0.0,7.0,3199.7,3714.508331000001,0.0,6.0,1252.0,861.5310000000001,62.0,0.0,189.672917,-8.796896,2,0,High
0.0,5.0,4.0,10.0,0.0,0.0,0.0,3.0,0.0,22.0,65.0,0.0,86.0,10.0,8.0,11.5382,825.8100000000001,242.0,-26.74,96.586486,107.24118800000002,63.722069000000005,72.850026,177.0,55.0,142.85502699999998,0.0,8.0,3391.914,4007.169102,0.0,6.0,1326.0,914.624,65.0,0.0,199.984683,-8.80631,2,0,High
0.0,4.0,2.0,8.0,9.0,0.0,0.0,0.0,0.0,23.0,58.0,0.0,70.0,8.0,4.0,12.9163,732.36,211.0,-22.67,89.71597700000001,97.022719,70.409038,63.688236,153.0,50.0,127.914164,0.0,4.0,2981.529,3008.901324,0.0,6.0,1176.0,808.81,58.0,0.0,180.713508,-8.432497,2,0,High
0.0,5.0,4.0,10.0,0.0,0.0,0.0,5.0,0.0,24.0,71.0,0.0,96.0,10.0,10.0,15.1274,896.87,270.0,-30.28,104.101144,118.84902200000002,68.046355,81.44468599999999,199.0,61.0,158.475361,0.0,10.0,3776.342,4592.490644,0.0,6.0,1474.0,1020.81,71.0,0.0,220.608215,-8.813414,2,0,High
0.0,0.0,3.0,9.0,5.0,0.0,4.0,0.0,0.0,21.0,57.0,0.0,70.0,9.0,0.0,6.7684,725.7900000000001,191.0,-18.54,97.718388,92.10928,67.547224,58.239419000000005,134.0,48.0,119.238365,0.0,0.0,2731.2970000000005,2339.132856,0.0,6.0,1089.0,730.511,57.0,0.0,172.46,-8.460493,2,0,High
0.0,6.0,3.0,9.0,4.0,0.0,0.0,0.0,0.0,22.0,59.0,0.0,74.0,9.0,6.0,12.0413,752.0900000000001,220.0,-24.01,89.871091,98.231135,65.88641199999999,66.25978500000001,161.0,50.0,131.557533,0.0,6.0,3091.624,3427.609714,0.0,6.0,1213.0,838.315,59.0,0.0,184.565262,-8.741561,2,0,High
0.0,0.0,4.0,10.0,0.0,0.0,3.0,5.0,0.0,22.0,67.0,0.0,90.0,10.0,5.0,9.663199999999998,844.27,237.0,-24.8,106.424849,109.53750100000002,65.695448,72.024654,170.0,57.0,142.657534,0.0,5.0,3349.915,3586.807553,0.0,6.0,1320.0,896.6170000000001,67.0,0.0,202.60883,-8.697797,2,0,High
0.0,4.0,5.0,11.0,0.0,0.0,0.0,3.0,0.0,23.0,70.0,0.0,91.0,11.0,7.0,8.5933,898.1400000000001,250.0,-27.32,104.145458,112.447246,67.762897,74.952093,180.0,59.0,147.95426,0.0,7.0,3516.03,4013.343537,0.0,6.0,1377.0,938.974,70.0,0.0,209.308806,-8.74201,2,0,High
0.0,4.0,4.0,10.0,0.0,0.0,0.0,4.0,0.0,22.0,66.0,0.0,88.0,10.0,8.0,11.417,835.0400000000001,244.0,-26.94,97.763616,108.707754,63.45053,73.489272,178.0,56.0,143.97038199999997,0.0,8.0,3421.94,4035.402988,0.0,6.0,1338.0,921.2820000000002,66.0,0.0,201.770572,-8.7964325,2,0,High
0.0,6.0,3.0,9.0,0.0,0.0,3.0,0.0,0.0,21.0,57.0,0.0,75.0,9.0,6.0,13.214099999999998,725.7900000000001,219.0,-23.22,92.980227,96.998613,63.012315,66.72635700000001,162.0,48.0,131.981526,0.0,6.0,3075.669,3439.4636880000003,0.0,6.0,1209.0,838.9770000000001,57.0,0.0,184.355262,-8.776667,2,0,High
0.0,0.0,3.0,9.0,0.0,0.0,6.0,0.0,4.0,22.0,59.0,0.0,78.0,17.0,0.0,0.9296999999999996,935.65,210.0,-21.450000000000003,110.86348900000002,97.965141,71.773162,63.052057,143.0,50.0,129.010531,0.0,0.0,2999.578,2736.927396,8.0,6.0,1193.0,797.9533999999999,67.0,0.0,188.55,-8.588497,2,0,High
0.0,3.0,2.0,8.0,0.0,0.0,8.0,0.0,0.0,21.0,54.0,0.0,73.0,8.0,3.0,15.3538,679.76,208.0,-20.31,100.474959,95.068541,65.599264,64.775934,154.0,46.0,129.5301,0.0,3.0,2943.656,2903.0006030000004,0.0,6.0,1170.0,808.857,54.0,0.0,181.977631,-8.578853,2,0,High
0.0,0.0,4.0,10.0,4.0,0.0,0.0,4.0,0.0,22.0,66.0,0.0,84.0,10.0,4.0,6.6958,835.0400000000001,224.0,-23.82,99.558384,104.966106,66.407402,67.260752,158.0,56.0,134.423374,0.0,4.0,3173.656,3282.292808,0.0,6.0,1250.0,842.8620000000001,66.0,0.0,192.507064,-8.694228,2,0,High
0.0,5.0,2.0,9.0,0.0,0.0,5.0,0.0,0.0,21.0,55.0,0.0,74.0,9.0,5.0,15.1859,685.6600000000001,215.0,-21.91,95.720127,96.36285,63.843990000000005,66.326216,160.0,46.0,131.725872,0.0,5.0,3026.705,3236.1775530000004,0.0,7.0,1195.0,833.75,55.0,0.0,183.569385,-8.710147,2,0,High
0.0,0.0,4.0,10.0,5.0,0.0,0.0,5.0,0.0,24.0,71.0,0.0,91.0,10.0,5.0,9.2259,896.87,245.0,-26.379999999999995,106.344604,114.171962,71.742445,73.659036,174.0,61.0,146.541601,0.0,5.0,3465.987,3651.102919,0.0,6.0,1364.0,922.785,71.0,0.0,209.02883,-8.692102,2,0,High
0.0,3.0,4.0,10.0,0.0,0.0,0.0,4.0,0.0,21.0,64.0,0.0,85.0,10.0,7.0,9.5012,808.74,232.0,-25.37,95.183417,104.370403,61.016848,69.831188,168.0,54.0,137.27557,0.0,7.0,3259.7520000000004,3770.976103,0.0,6.0,1276.0,874.847,64.0,0.0,193.244695,-8.772504,2,0,High
0.0,0.0,4.0,10.0,3.0,0.0,0.0,4.0,0.0,21.0,64.0,0.0,82.0,10.0,4.0,5.9603,808.74,217.0,-23.03,96.529493,101.564167,63.234502000000006,65.159798,153.0,54.0,130.11531399999998,0.0,4.0,3073.539,3206.143468,0.0,6.0,1210.0,816.0320000000002,64.0,0.0,186.297064,-8.695509,2,0,High
0.0,3.0,4.0,10.0,0.0,0.0,0.0,5.0,0.0,22.0,67.0,0.0,90.0,10.0,8.0,11.295799999999998,844.27,246.0,-27.14,98.940746,110.17432,63.178991,74.128518,179.0,57.0,145.085737,0.0,8.0,3451.9660000000003,4063.636874,0.0,6.0,1350.0,927.94,67.0,0.0,203.556461,-8.787805,2,0,High
0.0,5.0,4.0,10.0,0.0,0.0,2.0,0.0,0.0,21.0,60.0,0.0,77.0,10.0,5.0,8.8976,771.82,218.0,-23.01,95.464299,98.07959300000002,63.780642,65.871628,158.0,50.0,131.195348,0.0,5.0,3071.614,3340.1543450000004,0.0,6.0,1208.0,827.3330000000001,60.0,0.0,185.469385,-8.739064,2,0,High
0.0,0.0,3.0,9.0,4.0,0.0,5.0,0.0,0.0,21.0,57.0,0.0,71.0,9.0,0.0,7.4045,725.7900000000001,193.0,-18.54,99.764397,92.83241900000002,67.646825,59.095261,136.0,48.0,120.815716,0.0,0.0,2759.351,2368.467294,0.0,6.0,1101.0,739.675,57.0,0.0,174.46,-8.476908,2,0,High
0.0,2.0,4.0,10.0,5.0,0.0,0.0,0.0,0.0,21.0,60.0,0.0,72.0,10.0,2.0,4.0845,771.82,199.0,-20.67,92.718357,93.827079,65.799094,59.488554,139.0,50.0,120.88039,0.0,2.0,2829.293,2716.652834,0.0,6.0,1118.0,750.1899999999999,60.0,0.0,174.52175400000002,-8.603059,2,0,High
0.0,5.0,4.0,10.0,0.0,0.0,0.0,0.0,3.0,22.0,62.0,0.0,80.0,16.0,5.0,2.4761000000000006,935.79,227.0,-25.39,98.919316,100.79098700000002,67.394717,67.010898,159.0,52.0,134.080759,0.0,5.0,3199.665,3554.8670520000005,6.0,6.0,1254.0,852.5483,68.0,0.0,192.089385,-8.718239,2,0,High
0.0,7.0,3.0,9.0,0.0,0.0,0.0,0.0,2.0,21.0,57.0,0.0,75.0,13.0,7.0,8.5629,817.57,222.0,-25.06,89.405604,96.26843,62.401212,66.21596100000001,161.0,48.0,130.790927,0.0,7.0,3109.606,3671.226081,4.0,6.0,1215.0,842.2322,61.0,0.0,183.611139,-8.851204,2,0,High
0.0,0.0,2.0,8.0,7.0,0.0,0.0,4.0,0.0,21.0,58.0,0.0,74.0,8.0,4.0,10.9605,716.6800000000001,205.0,-21.89,88.366715,96.085105,62.977082,62.043312,147.0,50.0,123.759464,0.0,4.0,2901.3990000000003,2969.538188,0.0,6.0,1144.0,781.7820000000002,58.0,0.0,175.437064,-8.581017,2,0,High
0.0,6.0,3.0,9.0,0.0,3.0,0.0,0.0,0.0,21.0,60.0,0.0,75.0,9.0,6.0,8.222999999999999,786.4800000000001,216.0,-23.34,87.845799,97.619604,62.529102,64.486194,156.0,51.0,127.712436,0.0,6.0,3039.504,3386.036070000001,3.0,6.0,1191.0,815.7204000000002,60.0,0.0,181.235262,-8.775195,2,0,High
0.0,0.0,2.0,8.0,6.0,0.0,5.0,0.0,0.0,21.0,54.0,0.0,67.0,8.0,0.0,9.9046,679.76,187.0,-17.97,95.683008,90.09288800000002,67.518115,57.537018,133.0,46.0,117.637791,0.0,0.0,2673.281,2250.164654,0.0,6.0,1068.0,722.5500000000001,54.0,0.0,169.03,-8.352498,2,0,High
0.0,6.0,3.0,9.0,0.0,0.0,0.0,6.0,0.0,24.0,69.0,0.0,96.0,9.0,12.0,19.8669,860.0700000000002,276.0,-31.47,100.299501,119.446881,66.16767,83.639949,207.0,60.0,161.186295,0.0,12.0,3844.44,4878.97698,0.0,6.0,1497.0,1049.553,69.0,0.0,221.595858,-8.881493,2,0,High
0.0,0.0,1.0,7.0,7.0,0.0,0.0,6.0,0.0,21.0,57.0,0.0,76.0,7.0,6.0,15.5788,689.1100000000001,213.0,-23.28,85.74220199999999,98.14953,60.826858,64.87782100000001,156.0,50.0,127.585753,0.0,6.0,2999.523,3284.25841,0.0,6.0,1179.0,817.183,57.0,0.0,178.210596,-8.689242,2,0,High
0.0,3.0,3.0,9.0,0.0,0.0,6.0,0.0,0.0,21.0,57.0,0.0,75.0,9.0,3.0,11.581499999999998,725.79,210.0,-20.880000000000003,100.46433,96.361794,65.528772,64.62249299999999,153.0,48.0,129.553323,0.0,3.0,2973.6179999999995,2962.634367,0.0,6.0,1179.0,807.654,57.0,0.0,183.407631,-8.650852,2,0,High
0.0,3.333333,2.320676,8.333333,0.0,0.0,7.0,0.0,0.0,20.987342,54.949369,0.0,73.616035,8.333333,3.333333,14.292251041899998,694.2624871800001,209.540086,-20.74329152,99.578715234653,95.512807147904,65.254646897171,64.924933977862,154.590717,46.616036,129.740152299133,0.0,3.333333,2963.17073931,2973.963023773724,0.0,6.012656999999999,1175.624483,811.5467118,54.949369,0.0,182.449718448041,-8.633986,2,0,High
0.0,2.677075,2.320676,8.333333,0.0,0.0,7.0,0.0,0.0,20.331084,53.636853,0.0,71.647261,8.333333,2.677075,13.034991965499998,677.0029017800001,201.66499,-19.71296646,97.885438999311,92.666385855346,63.657523615215005,62.52428708819,148.02813700000002,45.30352,125.346628365637,0.0,2.677075,2856.7335668059995,2800.430765077393,0.0,6.012656999999999,1134.936487,781.07337157,53.636853,0.0,176.85454345977502,-8.580291,2,0,High
0.0,6.0,2.0,8.0,7.0,0.0,0.0,0.0,0.0,23.0,58.0,0.0,72.0,8.0,6.0,15.2769,732.36,221.0,-24.23,88.81859299999999,98.893543,68.93060200000001,66.802496,163.0,50.0,132.687668,0.0,6.0,3105.671,3385.456414,0.0,6.0,1220.0,848.02,58.0,0.0,185.345262,-8.690656,2,0,High
0.0,5.0,4.0,10.0,3.0,0.0,0.0,0.0,0.0,22.0,62.0,0.0,77.0,10.0,5.0,8.3609,798.12,221.0,-23.8,94.40117200000002,100.035254,66.75434,66.260898,159.0,52.0,132.348706,0.0,5.0,3115.623,3357.634809,0.0,6.0,1224.0,835.835,62.0,0.0,187.679385,-8.7217655,2,0,High
0.0,6.0,3.0,9.0,0.0,5.0,0.0,0.0,0.0,23.0,66.0,0.0,81.0,9.0,6.0,7.6388,879.5400000000001,232.0,-25.0,94.572647,106.283754,68.75196199999999,68.906344,166.0,57.0,136.637198,0.0,6.0,3271.736,3561.3852140000004,5.0,6.0,1283.0,872.2040000000002,66.0,0.0,195.575262,-8.748007,2,0,High
0.0,5.0,3.0,9.0,7.0,0.0,0.0,0.0,0.0,24.0,63.0,0.0,77.0,9.0,5.0,12.332,804.69,229.0,-24.81,96.377565,104.099601,72.97143,68.904563,166.0,54.0,137.786901,0.0,5.0,3229.787,3391.6308490000006,0.0,6.0,1271.0,872.3699999999999,63.0,0.0,194.669385,-8.652677,2,0,High
0.0,4.0,4.0,10.0,0.0,0.0,0.0,3.0,0.0,21.0,63.0,0.0,83.0,10.0,7.0,9.6224,799.5100000000001,230.0,-25.17,94.006287,102.903837,61.288387,69.19194200000001,167.0,53.0,136.160215,0.0,7.0,3229.726,3742.742217,0.0,6.0,1264.0,868.1890000000001,63.0,0.0,191.458806,-8.779561,2,0,High
0.0,4.0,3.0,9.0,6.0,0.0,0.0,0.0,0.0,22.0,59.0,0.0,72.0,9.0,4.0,9.6807,752.0899999999999,210.0,-22.450000000000003,90.768475,96.360311,67.364848,63.145525,151.0,50.0,126.784029,0.0,4.0,2967.482,3051.054624,0.0,6.0,1169.0,799.105,59.0,0.0,179.933508,-8.6130905,2,0,High
0.0,2.0,3.0,9.0,0.0,0.0,7.0,0.0,0.0,21.0,57.0,0.0,75.0,9.0,2.0,11.037299999999998,725.7900000000001,207.0,-20.1,102.959031,96.149521,66.367591,63.921205,150.0,48.0,128.743922,0.0,2.0,2939.601,2803.69126,0.0,6.0,1169.0,797.213,57.0,0.0,183.091754,-8.5864935,2,0,High
0.0,0.0,3.0,9.0,5.0,0.0,7.0,0.0,0.0,24.0,63.0,0.0,79.0,9.0,0.0,10.8832,804.69,218.0,-20.91,112.943088,104.484514,77.364727,67.109807,155.0,54.0,136.894598,0.0,0.0,3115.8100000000004,2655.58419,0.0,6.0,1245.0,838.4929999999999,63.0,0.0,197.09,-8.378951,2,0,High
0.0,5.0,1.0,7.0,8.0,0.0,0.0,0.0,0.0,21.0,51.0,0.0,63.0,7.0,5.0,15.1257,633.73,196.0,-21.3,79.12811400000001,88.414722,63.195310000000006,59.485215,145.0,44.0,118.506871,0.0,5.0,2757.2960000000003,2926.577549,0.0,6.0,1085.0,757.63,51.0,0.0,165.179385,-8.462785,2,0,High
0.0,7.0,2.0,8.0,5.0,0.0,0.0,0.0,0.0,22.0,56.0,0.0,71.0,8.0,7.0,15.721699999999998,706.0600000000001,219.0,-24.22,85.34101,96.427016,65.018484,66.258672,163.0,48.0,130.76636,0.0,7.0,3067.625,3497.584619,0.0,6.0,1202.0,840.795,56.0,0.0,181.451139,-8.762656,2,0,High
0.0,0.0,2.0,8.0,4.0,0.0,7.0,0.0,0.0,21.0,54.0,0.0,69.0,8.0,0.0,11.176799999999998,679.76,191.0,-17.97,99.775026,91.539166,67.71731700000001,59.248702,137.0,46.0,120.792493,0.0,0.0,2729.389,2308.83353,0.0,6.0,1092.0,740.878,54.0,0.0,173.03,-8.397758,2,0,High
0.0,5.0,2.0,8.0,0.0,0.0,0.0,8.0,0.0,23.0,66.0,0.0,95.0,8.0,13.0,22.5694,806.2,272.0,-31.29,95.094789,117.173955,61.583764,82.816374,206.0,58.0,158.317772,0.0,13.0,3780.376,4929.270317,0.0,6.0,1470.0,1038.5190000000002,66.0,0.0,215.843513,-8.976715,2,0,High
0.0,6.0,2.0,8.0,0.0,0.0,0.0,7.0,0.0,23.0,65.0,0.0,93.0,8.0,13.0,22.6906,796.97,270.0,-31.09,93.917659,115.707389,61.855303000000006,82.177128,205.0,57.0,157.202417,0.0,13.0,3750.35,4901.036431,0.0,6.0,1458.0,1031.861,65.0,0.0,214.057624,-8.978459,2,0,High
0.0,7.0,2.0,8.0,0.0,0.0,0.0,6.0,0.0,23.0,64.0,0.0,91.0,8.0,13.0,22.8118,787.74,268.0,-30.89,92.740529,114.240823,62.126842,81.537882,204.0,56.0,156.087062,0.0,13.0,3720.324,4872.8025450000005,0.0,6.0,1446.0,1025.203,64.0,0.0,212.271735,-8.9823265,2,0,High
0.0,0.0,1.0,7.0,5.0,0.0,8.0,0.0,0.0,21.0,51.0,0.0,66.0,7.0,0.0,14.313,633.73,187.0,-17.4,97.739646,89.522774,67.688208,58.546301,136.0,44.0,119.191919,0.0,0.0,2671.373,2219.865328,0.0,6.0,1071.0,732.917,51.0,0.0,169.60000000000002,-8.319059,2,0,High
0.0,0.0,2.0,8.0,7.0,0.0,4.0,0.0,0.0,21.0,54.0,0.0,66.0,8.0,0.0,9.2685,679.7600000000001,185.0,-17.97,93.636999,89.36974900000001,67.41851399999999,56.68117600000001,131.0,46.0,116.06044,0.0,0.0,2645.227,2220.830216,0.0,6.0,1056.0,713.3860000000001,54.0,0.0,167.03,-8.336957,2,0,High
0.0,0.0,2.0,8.0,4.0,0.0,0.0,9.0,0.0,23.0,67.0,0.0,93.0,8.0,9.0,17.727,815.4300000000001,254.0,-28.37,98.066687,114.898873,64.269097,77.22710000000001,187.0,59.0,149.886119,0.0,9.0,3562.1180000000004,4204.394023,0.0,6.0,1394.0,966.757,67.0,0.0,208.36589400000005,-8.809276,2,0,High
0.0,4.0,2.0,8.0,0.0,0.0,0.0,9.0,0.0,23.0,67.0,0.0,97.0,8.0,13.0,22.4482,815.4300000000001,274.0,-31.49,96.271919,118.640521,61.312225,83.45562000000001,207.0,59.0,159.433127,0.0,13.0,3810.402,4957.504203,0.0,6.0,1482.0,1045.177,67.0,0.0,217.62940200000003,-8.976242,2,0,High
0.0,5.0,2.0,8.0,0.0,0.0,0.0,9.0,0.0,24.0,69.0,0.0,100.0,8.0,14.0,24.364,841.73,286.0,-33.06,98.852118,122.977872,63.745907,87.11370400000001,217.0,61.0,166.127939,0.0,14.0,3972.59,5221.931088,0.0,6.0,1544.0,1091.612,69.0,0.0,226.155279,-8.958655,2,0,High
0.0,3.0,2.0,8.0,0.0,0.0,0.0,10.0,0.0,23.0,68.0,0.0,99.0,8.0,13.0,22.327,824.6600000000001,276.0,-31.69,97.449049,120.107087,61.04068600000001,84.094866,208.0,60.0,160.54848199999998,0.0,13.0,3840.428,4985.738089,0.0,6.0,1494.0,1051.835,68.0,0.0,219.415291,-8.969186,2,0,High
0.0,0.0,2.0,8.0,0.0,6.0,0.0,7.0,0.0,23.0,71.0,0.0,93.0,8.0,7.0,9.4432,918.35,246.0,-26.65,98.617009,115.675733,65.921791,73.489074,175.0,63.0,143.807831,0.0,7.0,3473.918,3840.522553,6.0,6.0,1362.0,922.7018,71.0,0.0,205.922362,-8.769159,2,0,High
0.0,6.0,2.0,8.0,0.0,0.0,0.0,8.0,0.0,24.0,68.0,0.0,98.0,8.0,14.0,24.4852,832.5,284.0,-32.86,97.674988,121.511306,64.017446,86.474458,216.0,60.0,165.012584,0.0,14.0,3942.564,5193.697202,0.0,6.0,1532.0,1084.9540000000002,68.0,0.0,224.36939,-8.965163,2,0,High
0.0,0.0,2.0,8.0,0.0,0.0,7.0,4.0,0.0,21.0,58.0,0.0,81.0,8.0,4.0,15.413199999999998,716.6800000000001,219.0,-21.89,102.688778,101.147078,63.674289,68.034206,161.0,50.0,134.80092100000002,0.0,4.0,3097.777,3174.879254,0.0,6.0,1228.0,845.9300000000001,58.0,0.0,189.437064,-8.65381,2,0,High
0.0,6.0,2.0,8.0,0.0,0.0,8.0,0.0,0.0,24.0,60.0,0.0,82.0,8.0,6.0,21.1012,758.66,244.0,-25.02,108.215556,108.080594,72.90031,75.750186,184.0,52.0,149.61453600000002,0.0,6.0,3430.22,3696.281258,0.0,6.0,1356.0,948.162,60.0,0.0,207.555262,-8.735014,2,0,High
0.0,0.0,1.0,7.0,6.0,0.0,7.0,0.0,0.0,21.0,51.0,0.0,65.0,7.0,0.0,13.6769,633.73,185.0,-17.400000000000002,95.693637,88.799635,67.588607,57.690459,134.0,44.0,117.614568,0.0,0.0,2643.319,2190.53089,0.0,6.0,1059.0,723.753,51.0,0.0,167.6,-8.301449,2,0,High
0.0,0.0,2.0,8.0,0.0,3.0,0.0,9.0,0.0,22.0,68.0,0.0,94.0,8.0,9.0,13.9087,849.82,250.0,-27.7,96.041395,114.287342,60.911787,75.453509,182.0,60.0,146.041022,0.0,9.0,3509.998,4162.820379,3.0,6.0,1372.0,944.1624000000002,68.0,0.0,205.035894,-8.87122,2,0,High
0.0,9.0,2.0,8.0,0.0,2.0,0.0,0.0,0.0,21.0,56.0,0.0,73.0,8.0,9.0,15.2916,720.22,224.0,-25.07,82.08380100000001,96.756173,60.244208,67.49022,168.0,48.0,131.54044599999995,0.0,9.0,3123.648,3821.040833,2.0,6.0,1218.0,855.9986000000001,56.0,0.0,181.792893,-8.924017,2,0,High
0.0,9.0,2.0,8.0,0.0,3.0,0.0,0.0,0.0,22.0,59.0,0.0,76.0,8.0,9.0,14.9995,766.7500000000001,232.0,-25.9,85.447225,101.088248,63.355638,69.700295,173.0,51.0,136.002827,0.0,9.0,3239.764,3908.715405,3.0,6.0,1264.0,884.2404000000001,59.0,0.0,188.962893,-8.904316,2,0,High
0.0,0.0,3.0,9.0,0.0,0.0,0.0,6.0,3.0,21.0,63.0,0.0,87.0,15.0,6.0,4.6938,918.84,231.0,-26.01,98.423124,104.384325,61.724655,68.744307,162.0,54.0,135.673656,0.0,6.0,3255.705,3718.095933,6.0,6.0,1275.0,868.1463,69.0,0.0,193.480596,-8.730972,2,0,High
0.0,6.0,1.0,8.0,0.0,0.0,6.0,0.0,0.0,21.0,52.0,0.0,72.0,8.0,6.0,19.5024,639.6300000000001,216.0,-22.12,93.236055,95.28187,63.075663000000006,67.180945,164.0,44.0,132.51205,0.0,6.0,3030.76,3335.4868960000003,0.0,7.0,1196.0,845.394,52.0,0.0,182.455262,-8.75203,2,0,High
2.0,0.0,4.0,10.0,0.0,0.0,5.0,0.0,0.0,21.0,58.0,0.0,73.0,12.0,0.0,2.7488,805.4000000000001,195.0,-19.11,104.208004,91.811124,67.839345,58.831042,135.0,48.0,120.917633,0.0,0.0,2787.3450000000003,2450.29806,2.0,6.0,1110.0,741.9228,60.0,0.0,175.89,-8.589088,2,0,High
2.0,0.0,2.0,8.0,0.0,0.0,0.0,9.0,0.0,21.0,61.0,0.0,87.0,10.0,9.0,14.1004,796.4100000000001,236.0,-26.79,92.371123,104.334169,57.987107,71.20273,173.0,53.0,138.193991,0.0,9.0,3303.808,4015.623469,2.0,6.0,1290.0,898.2198000000001,63.0,0.0,191.945894,-8.914638,2,0,High
2.0,8.0,3.0,9.0,0.0,0.0,0.0,0.0,0.0,22.0,57.0,0.0,74.0,11.0,8.0,12.246300000000002,785.6700000000001,226.0,-25.57,89.335925,96.341133,64.47178600000001,67.55158300000001,167.0,48.0,133.25502899999998,0.0,8.0,3157.69,3767.69293,2.0,6.0,1233.0,862.6478,59.0,0.0,185.197016,-8.857879,2,0,High
2.0,5.0,4.0,10.0,0.0,0.0,0.0,0.0,0.0,21.0,58.0,0.0,73.0,12.0,5.0,5.469800000000001,805.4000000000001,210.0,-23.01,91.734499,92.872489,63.64525,62.337482,150.0,48.0,124.964638,0.0,5.0,2957.4300000000003,3245.0135950000004,2.0,6.0,1160.0,794.1278,60.0,0.0,177.469385,-8.730422,2,0,High
2.0,7.0,3.0,9.0,0.0,0.0,0.0,0.0,0.0,21.0,55.0,0.0,71.0,11.0,7.0,10.3305,759.37,214.0,-24.0,86.755726,92.003782,62.038104,63.893499000000006,157.0,46.0,126.560217,0.0,7.0,2995.5019999999995,3503.2660450000003,2.0,6.0,1171.0,816.2128,57.0,0.0,176.67113899999998,-8.846882,2,0,High
3.0,0.0,2.0,8.0,0.0,0.0,0.0,8.0,0.0,21.0,59.0,0.0,83.0,11.0,8.0,11.9635,803.97,227.0,-25.81,91.823794,100.051778,59.029769,68.095123,165.0,51.0,133.15388,0.0,8.0,3182.673,3780.876101,3.0,6.0,1244.0,864.5182,62.0,0.0,185.844128,-8.8714285,2,0,High
3.0,0.0,3.0,9.0,0.0,0.0,6.0,0.0,0.0,21.0,54.0,0.0,69.0,12.0,0.0,4.807199999999999,776.1600000000001,189.0,-18.54,102.353733,87.914319,67.842141,57.21741,132.0,45.0,117.779055,0.0,0.0,2700.291,2343.093921,3.0,6.0,1077.0,726.5232000000001,57.0,0.0,170.46,-8.569316,2,0,High
4.0,0.0,2.0,8.0,0.0,0.0,8.0,0.0,0.0,22.0,52.0,0.0,68.0,12.0,0.0,8.2372,773.22,192.0,-18.76,105.574362,88.14259200000001,71.11743799999999,58.560574,136.0,44.0,120.525888,0.0,0.0,2741.408,2341.37356,4.0,6.0,1096.0,747.1176,56.0,0.0,173.24,-8.493328,2,0,High
4.0,0.0,2.0,8.0,0.0,0.0,0.0,7.0,0.0,21.0,57.0,0.0,79.0,12.0,7.0,9.8266,811.5300000000001,218.0,-24.83,91.276465,95.769387,60.072431,64.987516,157.0,49.0,128.113769,0.0,7.0,3061.538,3546.1287330000005,4.0,6.0,1198.0,830.8166000000001,61.0,0.0,179.742362,-8.831117,2,0,High
4.0,0.0,1.0,7.0,0.0,0.0,0.0,9.0,0.0,21.0,56.0,0.0,81.0,11.0,9.0,14.4449,783.96,226.0,-26.22,88.65195200000001,97.833812,57.922207,67.822025,166.0,49.0,131.940058,0.0,9.0,3159.662,3860.848955,4.0,6.0,1233.0,866.2176000000001,60.0,0.0,182.515894,-8.971989,2,0,High
4.0,0.0,2.0,8.0,0.0,0.0,0.0,8.0,0.0,22.0,60.0,0.0,84.0,12.0,8.0,11.6212,847.0600000000001,232.0,-26.6,95.033794,101.573304,62.234574,69.28484599999999,168.0,52.0,135.923936,0.0,8.0,3253.752,3838.789504,4.0,6.0,1272.0,883.9096000000001,64.0,0.0,190.054128,-8.854481,2,0,High
4.0,6.0,3.0,9.0,0.0,0.0,0.0,0.0,0.0,22.0,55.0,0.0,70.0,13.0,6.0,7.7301,819.25,212.0,-24.01,90.595527,90.709483,66.014032,62.614861000000005,153.0,46.0,125.405517,0.0,6.0,2975.472,3354.6659660000005,4.0,6.0,1165.0,808.5606,59.0,0.0,176.565262,-8.79641,2,0,High
4.0,0.0,3.0,9.0,0.0,0.0,6.0,0.0,0.0,22.0,55.0,0.0,70.0,13.0,0.0,4.464899999999999,819.25,194.0,-19.33,105.563733,89.435845,71.046946,58.407133,135.0,46.0,120.549111,0.0,0.0,2771.37,2401.007324,4.0,6.0,1105.0,745.9146000000001,59.0,0.0,174.67000000000002,-8.562142,2,0,High
4.0,0.0,1.0,7.0,0.0,0.0,10.0,0.0,0.0,22.0,49.0,0.0,66.0,11.0,0.0,12.0095,727.19,190.0,-18.19,105.584991,86.84933900000001,71.18793,58.714015,137.0,42.0,120.502665,0.0,0.0,2711.446,2281.739796,4.0,6.0,1087.0,748.3206,53.0,0.0,171.81,-8.4502,2,0,High
4.0,0.0,1.0,7.0,0.0,0.0,9.0,0.0,0.0,21.0,47.0,0.0,63.0,11.0,0.0,10.6379,700.8900000000001,181.0,-17.4,100.51009100000002,82.72426100000001,67.91542899999999,55.757219000000006,130.0,40.0,114.617254,0.0,0.0,2583.275,2176.256018,4.0,6.0,1035.0,712.3266000000001,51.0,0.0,163.60000000000002,-8.448525,2,0,High
5.0,0.0,2.0,8.0,0.0,0.0,0.0,6.0,0.0,21.0,55.0,0.0,75.0,13.0,6.0,7.6897,819.0900000000001,209.0,-23.85,90.729136,91.486996,61.115093,61.879909,149.0,47.0,123.073658,0.0,6.0,2940.403,3311.381365,5.0,6.0,1152.0,797.115,60.0,0.0,173.64059600000002,-8.785952,2,0,High
5.0,0.0,1.0,7.0,0.0,0.0,0.0,8.0,0.0,21.0,54.0,0.0,77.0,12.0,8.0,12.308,791.52,217.0,-25.24,88.104623,93.551421,58.96486899999999,64.714418,158.0,47.0,126.899947,0.0,8.0,3038.527,3626.101587,5.0,6.0,1187.0,832.5160000000001,59.0,0.0,176.414128,-8.93878,2,0,High
5.0,6.0,3.0,9.0,0.0,0.0,0.0,0.0,0.0,23.0,56.0,0.0,71.0,14.0,6.0,7.3878,862.3399999999999,217.0,-24.8,93.805527,92.231009,69.21883700000001,63.804584000000006,156.0,47.0,128.175573,0.0,6.0,3046.551,3412.579369,5.0,6.0,1193.0,827.952,61.0,0.0,180.775262,-8.795617,2,0,High
5.0,0.0,2.0,8.0,0.0,0.0,0.0,8.0,0.0,23.0,61.0,0.0,85.0,13.0,8.0,11.2789,890.1500000000001,237.0,-27.39,98.243794,103.09483,65.439379,70.474569,171.0,53.0,138.69399199999998,0.0,8.0,3324.831,3896.702907,5.0,6.0,1300.0,903.301,66.0,0.0,194.264128,-8.828179,2,0,High
5.0,0.0,2.0,8.0,0.0,0.0,0.0,7.0,0.0,22.0,58.0,0.0,80.0,13.0,7.0,9.4843,854.6200000000001,223.0,-25.62,94.486465,97.290913,63.277236,66.177239,160.0,50.0,130.883825,0.0,7.0,3132.617,3604.042136,5.0,6.0,1226.0,850.2080000000001,63.0,0.0,183.952362,-8.815965,2,0,High
5.0,0.0,1.0,7.0,0.0,0.0,9.0,0.0,0.0,22.0,48.0,0.0,64.0,12.0,0.0,10.2956,743.98,186.0,-18.19,103.720091,84.245787,71.120234,56.94694200000001,133.0,41.0,117.38731,0.0,0.0,2654.3540000000003,2234.169421,5.0,6.0,1063.0,731.7180000000001,53.0,0.0,167.81,-8.439757,2,0,High
5.0,0.0,1.0,7.0,0.0,0.0,0.0,9.0,0.0,22.0,57.0,0.0,82.0,12.0,9.0,14.1026,827.05,231.0,-27.01,91.861952,99.355338,61.12701199999999,69.011748,169.0,50.0,134.710114,0.0,9.0,3230.741,3918.762358,5.0,6.0,1261.0,885.6090000000002,62.0,0.0,186.725894,-8.936525,2,0,High
6.0,0.0,1.0,7.0,0.0,0.0,0.0,8.0,0.0,22.0,55.0,0.0,78.0,13.0,8.0,11.9657,834.6100000000001,222.0,-26.03,91.314623,95.072947,62.169674,65.904141,161.0,48.0,129.670003,0.0,8.0,3109.606,3684.01499,6.0,6.0,1215.0,851.9074,61.0,0.0,180.624128,-8.909232,2,0,High
6.0,0.0,1.0,7.0,0.0,0.0,0.0,7.0,0.0,21.0,52.0,0.0,73.0,13.0,7.0,10.1711,799.0800000000002,208.0,-24.26,87.557294,89.26903,60.007531,61.606811,150.0,45.0,121.859836,0.0,7.0,2917.392,3391.3542190000003,6.0,6.0,1141.0,798.8144,58.0,0.0,170.312362,-8.89859,2,0,High
0.0,6.0,2.0,8.0,0.0,0.0,5.0,0.0,0.0,21.0,54.0,0.0,73.0,8.0,6.0,16.9864,679.76,217.0,-22.65,92.990856,95.70536,63.082807,66.87979800000001,163.0,46.0,131.958303,0.0,6.0,3045.707,3379.829924,0.0,6.0,1200.0,840.1800000000001,54.0,0.0,182.925262,-8.766401,1,1,Medium
0.0,6.0,2.0,8.0,0.0,0.0,6.0,0.0,0.0,22.0,56.0,0.0,76.0,8.0,6.0,18.358,706.06,226.0,-23.44,98.065756,99.830438,66.35530800000001,69.836594,170.0,48.0,137.843714,0.0,6.0,3173.878,3485.3137020000004,0.0,6.0,1252.0,876.174,56.0,0.0,191.135262,-8.753975,1,1,Medium
0.0,6.0,2.0,8.0,5.0,0.0,0.0,0.0,0.0,21.0,54.0,0.0,68.0,8.0,6.0,13.8059,679.76,207.0,-22.65,82.76081099999999,92.089665,62.584802,62.600588,153.0,46.0,124.071548,0.0,6.0,2905.437,3233.1577340000003,0.0,6.0,1140.0,794.36,54.0,0.0,172.925262,-8.713326,1,1,Medium
0.0,5.0,2.0,8.0,6.0,0.0,0.0,0.0,0.0,21.0,54.0,0.0,67.0,8.0,5.0,12.6256,679.76,202.0,-21.87,83.209503,91.15425299999998,63.32402,61.04345800000001,148.0,46.0,121.684796,0.0,5.0,2843.366,3044.8801890000004,0.0,6.0,1118.0,774.7550000000001,54.0,0.0,170.60938499999995,-8.617027,1,1,Medium
0.0,0.0,2.0,8.0,0.0,5.0,0.0,6.0,0.0,21.0,65.0,0.0,85.0,8.0,6.0,7.9407,836.29,224.0,-24.05,91.496256,105.539741,60.648218,66.981669,159.0,57.0,131.535283,0.0,6.0,3165.588,3460.18721,5.0,6.0,1242.0,841.367,65.0,0.0,188.440596,-8.7634535,1,1,Medium
0.0,0.0,1.0,7.0,6.0,0.0,0.0,7.0,0.0,21.0,58.0,0.0,79.0,7.0,7.0,16.637900000000002,698.34,220.0,-24.26,86.47064,100.551508,59.816101,67.074197,162.0,51.0,131.08786,0.0,7.0,3091.62,3500.7698410000003,0.0,6.0,1213.0,843.4460000000001,58.0,0.0,182.312362,-8.758166,1,1,Medium
0.0,0.0,3.0,9.0,4.0,0.0,0.0,5.0,0.0,21.0,62.0,0.0,81.0,9.0,5.0,9.5195,771.94,218.0,-23.44,93.17654199999998,101.226614,62.095035,65.797931,156.0,53.0,130.439496,0.0,5.0,3079.566,3304.352259,0.0,6.0,1211.0,825.17,62.0,0.0,184.96883,-8.706938,1,1,Medium
0.0,0.0,4.0,10.0,5.0,0.0,0.0,3.0,0.0,22.0,65.0,0.0,81.0,10.0,3.0,5.636699999999999,825.8100000000001,217.0,-22.84,98.829946,102.564128,67.418159,65.06437600000001,152.0,55.0,130.921267,0.0,3.0,3081.559,3065.781377,0.0,6.0,1216.0,816.599,65.0,0.0,188.405298,-8.668081,1,1,Medium
0.0,0.0,1.0,7.0,5.0,0.0,0.0,8.0,0.0,21.0,59.0,0.0,82.0,7.0,8.0,17.697,707.57,227.0,-25.24,87.199078,102.953486,58.805344000000005,69.270573,168.0,52.0,134.589967,0.0,8.0,3183.717,3717.281272,0.0,6.0,1247.0,869.7090000000001,59.0,0.0,186.414128,-8.827852,1,1,Medium
0.0,8.0,2.0,8.0,0.0,0.0,3.0,0.0,0.0,21.0,54.0,0.0,73.0,8.0,8.0,18.0748,679.76,223.0,-24.21,88.001454,96.129906,61.405169,68.282374,169.0,46.0,133.57710500000002,0.0,8.0,3113.741,3697.716138,0.0,6.0,1220.0,861.062,54.0,0.0,183.557016,-8.855559,1,1,Medium
0.0,0.0,3.0,9.0,0.0,0.0,0.0,6.0,4.0,22.0,65.0,0.0,90.0,17.0,6.0,3.4677,991.03,240.0,-27.33,102.958063,108.038175,65.111014,71.09526100000001,167.0,56.0,140.559067,0.0,6.0,3383.836,3859.989354,8.0,6.0,1325.0,900.5473999999999,73.0,0.0,201.160596,-8.712617,1,1,Medium
0.0,4.0,2.0,8.0,0.0,0.0,8.0,0.0,0.0,22.0,56.0,0.0,76.0,8.0,4.0,17.269599999999997,706.0600000000001,220.0,-21.88,103.055158,99.405892,68.03294600000001,68.43401800000001,164.0,48.0,136.22491200000002,0.0,4.0,3105.844,3167.4274880000003,0.0,6.0,1232.0,855.292,56.0,0.0,190.503508,-8.65563,1,1,Medium
0.0,5.0,1.0,7.0,0.0,0.0,8.0,0.0,0.0,21.0,51.0,0.0,71.0,7.0,5.0,20.2145,633.73,212.0,-21.3,95.496186,94.199834,63.992118000000005,66.331951,161.0,44.0,131.125679,0.0,5.0,2981.728,3161.2530530000004,0.0,6.0,1181.0,830.942,51.0,0.0,181.179385,-8.696421,1,1,Medium
0.0,4.0,3.0,9.0,0.0,0.0,0.0,6.0,0.0,22.0,65.0,0.0,90.0,9.0,10.0,16.0353,807.47,252.0,-28.33,95.139103,110.772179,61.300306000000006,76.323781,187.0,56.0,147.796671,0.0,10.0,3520.064,4350.12321,0.0,6.0,1373.0,956.683,65.0,0.0,204.544104,-8.888108,1,1,Medium
0.0,0.0,2.0,8.0,0.0,0.0,6.0,5.0,0.0,21.0,59.0,0.0,83.0,8.0,5.0,15.836199999999998,725.91,224.0,-22.87,101.371207,102.825917,62.563931,69.37474,165.0,51.0,136.725677,0.0,5.0,3161.82,3362.056247,0.0,6.0,1250.0,863.0290000000001,59.0,0.0,191.53883,-8.695096,1,1,Medium
0.0,0.0,1.0,7.0,0.0,5.0,0.0,8.0,0.0,21.0,64.0,0.0,87.0,7.0,8.0,12.559,808.72,232.0,-25.44,88.87174300000001,107.604166,58.497994000000006,69.81617800000001,168.0,57.0,135.361572,0.0,8.0,3263.712,3774.907432,5.0,6.0,1277.0,876.768,64.0,0.0,191.214128,-8.873961,1,1,Medium
0.0,0.0,3.0,9.0,0.0,0.0,5.0,4.0,0.0,21.0,61.0,0.0,83.0,9.0,4.0,11.640899999999998,762.71,221.0,-22.46,102.678149,102.440331,63.603797,67.880765,160.0,52.0,134.824144,0.0,4.0,3127.739,3234.513018,0.0,6.0,1237.0,844.7270000000001,61.0,0.0,190.867064,-8.6797,1,1,Medium
0.0,0.0,3.0,9.0,0.0,0.0,4.0,5.0,0.0,21.0,62.0,0.0,85.0,9.0,5.0,12.0639,771.94,226.0,-23.44,101.360578,104.11917,62.493439,69.221299,164.0,53.0,136.7489,0.0,5.0,3191.782,3421.690011,0.0,6.0,1259.0,861.826,62.0,0.0,192.96883,-8.699869,1,1,Medium
0.0,5.0,4.0,10.0,0.0,2.0,0.0,0.0,0.0,21.0,62.0,0.0,77.0,10.0,5.0,5.570200000000001,812.28,216.0,-23.09,92.04134700000002,98.49358700000002,63.4585,64.378186,154.0,52.0,128.34928799999997,0.0,5.0,3047.504,3304.535933,2.0,6.0,1196.0,811.8286,62.0,0.0,183.389385,-8.724589,1,1,Medium
0.0,5.0,4.0,10.0,0.0,0.0,0.0,0.0,2.0,21.0,60.0,0.0,77.0,14.0,5.0,3.702200000000001,863.6,218.0,-24.07,94.384377,97.137137,64.008358,64.659944,154.0,50.0,129.195348,0.0,5.0,3071.534,3412.9736310000003,4.0,6.0,1204.0,820.1472,64.0,0.0,184.409385,-8.730042,1,1,Medium
0.0,4.0,3.0,9.0,0.0,0.0,6.0,0.0,0.0,22.0,59.0,0.0,78.0,9.0,4.0,13.4973,752.0899999999999,222.0,-22.450000000000003,103.044529,100.699145,67.96245400000001,68.280577,163.0,50.0,136.248135,0.0,4.0,3135.806,3227.0612519999995,0.0,6.0,1241.0,854.0889999999999,59.0,0.0,191.933508,-8.671134,1,1,Medium
0.0,6.0,3.0,9.0,0.0,0.0,0.0,0.0,6.0,24.0,63.0,0.0,84.0,21.0,6.0,1.7426999999999992,1080.0300000000002,246.0,-28.77,104.965161,106.546479,73.512966,71.961693,171.0,54.0,143.63775900000002,0.0,6.0,3459.942,3974.37288,12.0,6.0,1353.0,925.4016,75.0,0.0,205.805262,-8.739549,1,1,Medium
0.0,5.0,3.0,9.0,0.0,0.0,0.0,5.0,0.0,22.0,64.0,0.0,88.0,9.0,10.0,16.1565,798.24,250.0,-28.130000000000003,93.961973,109.305613,61.571845,75.684535,186.0,55.0,146.681316,0.0,10.0,3490.038,4321.889324000001,0.0,6.0,1361.0,950.025,64.0,0.0,202.758215,-8.895657,1,1,Medium
0.0,6.0,3.0,9.0,0.0,4.0,0.0,0.0,0.0,22.0,63.0,0.0,78.0,9.0,6.0,7.930899999999999,833.0100000000001,224.0,-24.17,91.209223,101.951679,65.640532,66.696269,161.0,54.0,132.174817,0.0,6.0,3155.62,3473.7106420000005,4.0,6.0,1237.0,843.9622000000002,63.0,0.0,188.405262,-8.756107,1,1,Medium
0.0,0.0,1.0,7.0,8.0,0.0,0.0,6.0,0.0,22.0,59.0,0.0,78.0,7.0,6.0,16.3143,715.4100000000001,220.0,-24.07,88.77109300000001,101.551469,63.999758,66.978775,161.0,52.0,131.89381300000002,0.0,6.0,3099.6400000000003,3360.40775,0.0,6.0,1219.0,844.013,59.0,0.0,184.420596,-8.670772,1,1,Medium
0.0,0.0,5.0,11.0,4.0,0.0,0.0,2.0,0.0,22.0,67.0,0.0,82.0,11.0,2.0,2.0775,862.6100000000001,216.0,-22.43,102.182897,102.901681,68.557626,64.426243,149.0,56.0,130.597085,0.0,2.0,3075.532,2967.572586,0.0,6.0,1215.0,807.4610000000001,67.0,0.0,189.73353200000005,-8.660105,1,1,Medium
0.0,4.0,4.0,10.0,0.0,0.0,4.0,0.0,0.0,22.0,62.0,0.0,80.0,10.0,4.0,9.725,798.1200000000001,224.0,-23.02,103.0339,101.992398,67.891962,68.12713600000001,162.0,52.0,136.271358,0.0,4.0,3165.768,3286.695016,0.0,6.0,1250.0,852.8860000000001,62.0,0.0,193.363508,-8.700883,1,1,Medium
0.0,9.0,2.0,8.0,0.0,0.0,0.0,0.0,2.0,21.0,54.0,0.0,73.0,12.0,9.0,13.4236,771.5400000000001,226.0,-26.05,84.426831,95.399723,60.794066,67.771978,168.0,46.0,132.386506,0.0,9.0,3147.6780000000003,3929.478531,4.0,6.0,1226.0,864.3172000000001,58.0,0.0,182.812893,-8.939115,1,1,Medium
0.0,5.0,4.0,10.0,0.0,3.0,0.0,0.0,0.0,22.0,65.0,0.0,80.0,10.0,5.0,5.2781,858.8100000000001,224.0,-23.92,95.404771,102.825662,66.56993,66.588261,159.0,55.0,132.811669,0.0,5.0,3163.62,3392.2105050000005,3.0,6.0,1242.0,840.0704000000001,65.0,0.0,190.559385,-8.724061,1,1,Medium
0.0,4.0,1.0,7.0,0.0,0.0,9.0,0.0,0.0,21.0,51.0,0.0,71.0,7.0,4.0,19.6703,633.73,209.0,-20.52,97.990887,93.987561,64.830937,65.630663,158.0,44.0,130.316278,0.0,4.0,2947.711,3002.3099460000003,0.0,6.0,1171.0,820.5010000000001,51.0,0.0,180.863508,-8.628062,1,1,Medium
0.0,7.0,2.0,8.0,0.0,0.0,5.0,0.0,0.0,22.0,56.0,0.0,76.0,8.0,7.0,18.9022,706.0600000000001,229.0,-24.22,95.571055,100.042711,65.516489,70.53788200000001,173.0,48.0,138.653115,0.0,7.0,3207.895,3644.256809,0.0,6.0,1262.0,886.615,56.0,0.0,191.451139,-8.8002405,1,1,Medium
0.0,0.0,2.0,8.0,0.0,0.0,4.0,7.0,0.0,21.0,61.0,0.0,87.0,8.0,7.0,16.6822,744.37,234.0,-24.83,98.736065,106.183595,60.343215,72.055808,173.0,53.0,140.575189,0.0,7.0,3289.906,3736.410233,0.0,6.0,1294.0,897.2270000000001,61.0,0.0,195.742362,-8.776148,1,1,Medium
0.0,10.0,2.0,8.0,0.0,1.0,0.0,0.0,0.0,21.0,55.0,0.0,73.0,8.0,10.0,17.499499999999998,699.99,228.0,-25.81,81.30057599999999,96.761449,59.566460000000006,68.938229,173.0,47.0,133.772877,0.0,10.0,3169.7200000000003,3997.793146,1.0,6.0,1234.0,874.1918000000001,55.0,0.0,183.14877,-8.947856,1,1,Medium
0.0,0.0,2.0,8.0,0.0,3.0,8.0,0.0,0.0,21.0,57.0,0.0,73.0,8.0,0.0,8.7301,740.45,196.0,-18.09,102.824634,95.052713,67.632508,60.43190700000001,139.0,49.0,122.832807,0.0,0.0,2805.44,2372.743664,3.0,6.0,1122.0,754.2774000000001,57.0,0.0,177.91,-8.539248,1,1,Medium
0.0,7.0,2.0,8.0,0.0,0.0,0.0,7.0,0.0,24.0,67.0,0.0,96.0,8.0,14.0,24.6064,823.2700000000001,282.0,-32.66,96.497858,120.04474,64.288985,85.835212,215.0,59.0,163.89722899999998,0.0,14.0,3912.538,5165.463316,0.0,6.0,1520.0,1078.296,67.0,0.0,222.583501,-8.968284,1,1,Medium
0.0,0.0,1.0,7.0,8.0,0.0,6.0,0.0,0.0,22.0,53.0,0.0,66.0,7.0,0.0,13.7763,660.03,190.0,-18.19,96.676519,91.478435,70.661906,58.935571,137.0,46.0,120.345277,0.0,0.0,2715.382,2237.345792,0.0,6.0,1087.0,741.4190000000001,53.0,0.0,171.81,-8.247255,1,1,Medium
0.0,5.0,0.0,6.0,0.0,5.0,0.0,5.0,0.0,21.0,58.0,0.0,79.0,6.0,10.0,17.7833,735.0,230.0,-25.83,80.36158,102.335761,57.705465,69.454457,172.0,52.0,133.611086,0.0,10.0,3211.706,3948.458224,5.0,6.0,1252.0,878.879,58.0,0.0,185.058215,-9.037323,1,1,Medium
0.0,0.0,1.0,7.0,5.0,0.0,9.0,0.0,0.0,22.0,53.0,0.0,69.0,7.0,0.0,15.6846,660.0300000000001,196.0,-18.19,102.814546,93.647852,70.96070900000001,61.503097,143.0,46.0,125.07733,0.0,0.0,2799.544,2325.349106,0.0,6.0,1123.0,768.9110000000001,53.0,0.0,177.81,-8.297389,1,1,Medium
0.0,6.0,1.0,7.0,0.0,0.0,7.0,0.0,0.0,21.0,51.0,0.0,71.0,7.0,6.0,20.7587,633.73,215.0,-22.08,93.001485,94.412107,63.153299,67.03323900000001,164.0,44.0,131.93508,0.0,6.0,3015.745,3320.19616,0.0,6.0,1191.0,841.3829999999999,51.0,0.0,181.495262,-8.7543125,1,1,Medium
0.0,0.0,2.0,8.0,0.0,0.0,6.0,6.0,0.0,22.0,62.0,0.0,88.0,8.0,6.0,17.6308,761.44,238.0,-24.64,105.128536,108.629834,64.726074,73.67207,176.0,54.0,144.535844,0.0,6.0,3354.034,3654.717018,0.0,6.0,1324.0,916.122,62.0,0.0,201.850596,-8.725085,1,1,Medium
0.0,8.0,2.0,8.0,0.0,5.0,0.0,0.0,0.0,23.0,63.0,0.0,79.0,8.0,8.0,12.4995,833.51,236.0,-25.99,89.593874,105.415047,67.14481599999999,70.462361,173.0,55.0,138.232777,0.0,8.0,3309.808,3819.637664,5.0,6.0,1294.0,894.289,63.0,0.0,194.777016,-8.862858,1,1,Medium
0.0,6.0,4.0,10.0,0.0,0.0,0.0,0.0,4.0,24.0,66.0,0.0,86.0,18.0,6.0,3.1658,1034.28,248.0,-28.28,106.034454,108.782188,73.214758,73.019936,174.0,56.0,145.660982,0.0,6.0,3489.984,3961.187358,8.0,6.0,1366.0,931.3844,74.0,0.0,208.295262,-8.720831,1,1,Medium
2.0,9.0,2.0,8.0,0.0,0.0,0.0,0.0,0.0,21.0,52.0,0.0,69.0,10.0,9.0,15.1912,713.34,218.0,-24.99,81.77695299999999,91.135075,60.430958,65.449516,164.0,44.0,128.155796,0.0,9.0,3033.574,3761.518495,2.0,6.0,1182.0,838.2978,54.0,0.0,175.87289299999998,-8.923325,1,1,Medium
3.0,8.0,2.0,8.0,0.0,0.0,0.0,0.0,0.0,21.0,51.0,0.0,67.0,11.0,8.0,12.9331,730.1300000000001,211.0,-24.21,82.406754,88.31925,61.202081,62.981155,157.0,43.0,124.23104,0.0,8.0,2942.465,3555.0050130000004,3.0,6.0,1148.0,811.2542000000001,54.0,0.0,171.55701599999998,-8.893658,1,1,Medium
3.0,4.0,4.0,10.0,0.0,0.0,0.0,0.0,0.0,21.0,57.0,0.0,71.0,13.0,4.0,3.2117,822.19,203.0,-22.23,92.3643,90.05666400000001,64.416373,59.869121,143.0,47.0,121.039882,0.0,4.0,2866.321,3038.500113,3.0,6.0,1126.0,767.0842,60.0,0.0,173.153508,-8.688551,1,1,Medium
4.0,0.0,2.0,8.0,0.0,0.0,7.0,0.0,0.0,21.0,50.0,0.0,65.0,12.0,0.0,6.865599999999999,746.9200000000001,183.0,-17.970000000000002,100.499462,84.017514,67.844937,55.603778,129.0,42.0,114.640477,0.0,0.0,2613.237,2235.889782,4.0,6.0,1044.0,711.1236,54.0,0.0,165.03,-8.500992,1,1,Medium
4.0,7.0,2.0,8.0,0.0,0.0,0.0,0.0,0.0,21.0,50.0,0.0,65.0,12.0,7.0,10.675,746.9200000000001,204.0,-23.43,83.03655499999999,85.503425,61.973204,60.512794,150.0,42.0,120.306284,0.0,7.0,2851.356,3348.491531,4.0,6.0,1114.0,784.2106000000001,54.0,0.0,167.24113899999998,-8.835122,1,1,Medium
4.0,0.0,3.0,9.0,0.0,0.0,0.0,5.0,0.0,21.0,58.0,0.0,77.0,13.0,5.0,5.208299999999999,839.1,210.0,-23.44,93.900978,93.704962,62.222655,62.153007,148.0,49.0,124.28748,0.0,5.0,2963.414,3231.408511,4.0,6.0,1163.0,795.4156,62.0,0.0,176.96883,-8.713242,1,1,Medium
4.0,5.0,3.0,9.0,0.0,0.0,0.0,0.0,0.0,21.0,53.0,0.0,67.0,13.0,5.0,5.814300000000001,792.95,200.0,-22.44,88.015328,86.372132,63.58035,58.956777,143.0,44.0,118.710705,0.0,5.0,2813.284,3090.2390810000006,4.0,6.0,1103.0,762.1256000000001,57.0,0.0,168.039385,-8.713709,1,1,Medium
5.0,0.0,3.0,9.0,0.0,0.0,5.0,0.0,0.0,22.0,54.0,0.0,68.0,14.0,0.0,2.7509999999999994,836.04,190.0,-19.33,103.698833,86.83229300000002,70.97925,56.64006,131.0,45.0,117.433756,0.0,0.0,2714.278,2353.436949,5.0,6.0,1081.0,729.3120000000001,59.0,0.0,170.67000000000002,-8.5612,1,1,Medium
5.0,5.0,3.0,9.0,0.0,0.0,0.0,0.0,0.0,22.0,54.0,0.0,68.0,14.0,5.0,5.472,836.04,205.0,-23.23,91.225328,87.893658,66.785155,60.1465,146.0,45.0,121.480761,0.0,5.0,2884.3630000000003,3148.152484,5.0,6.0,1131.0,781.517,59.0,0.0,172.249385,-8.721786,1,1,Medium
0.0,4.0,2.0,8.0,0.0,0.0,7.0,0.0,0.0,21.0,54.0,0.0,73.0,8.0,4.0,15.897999999999998,679.76,211.0,-21.09,97.980258,95.280814,64.760445,65.47722200000001,157.0,46.0,130.339501,0.0,4.0,2977.673,3061.94371,0.0,6.0,1180.0,819.298,54.0,0.0,182.293508,-8.661071,1,2,Medium
0.0,5.0,2.0,8.0,0.0,0.0,0.0,6.0,0.0,21.0,60.0,0.0,85.0,8.0,11.0,18.9802,735.1400000000001,244.0,-27.75,87.580131,105.566121,57.259478,74.221714,184.0,52.0,142.69743799999998,0.0,11.0,3395.948,4343.948775000001,0.0,6.0,1322.0,932.333,60.0,0.0,195.219981,-8.977406,1,2,Medium
0.0,0.0,1.0,7.0,0.0,0.0,0.0,8.0,5.0,21.0,59.0,0.0,87.0,17.0,8.0,7.888999999999999,937.02,237.0,-27.89,94.729318,104.213041,59.872639,70.520573,168.0,52.0,137.476722,0.0,8.0,3323.7870000000003,4046.001677,10.0,6.0,1297.0,897.5645000000001,69.0,0.0,193.764128,-8.953049,1,2,Medium
0.0,9.0,1.0,7.0,0.0,5.0,0.0,0.0,0.0,22.0,58.0,0.0,74.0,7.0,9.0,15.444399999999998,761.18,228.0,-25.41,82.034902,100.208989,63.103988,68.360294,170.0,51.0,133.133544,0.0,9.0,3185.692,3813.463229,5.0,6.0,1243.0,869.9390000000001,58.0,0.0,185.452893,-8.932079,1,2,Medium
0.0,4.0,2.0,8.0,0.0,0.0,0.0,7.0,0.0,21.0,61.0,0.0,87.0,8.0,11.0,18.859,744.37,246.0,-27.95,88.757261,107.032687,56.987939,74.86096,185.0,53.0,143.812793,0.0,11.0,3425.974,4372.182661000001,0.0,6.0,1334.0,938.991,61.0,0.0,197.00587,-8.977852,1,2,Medium
0.0,0.0,2.0,8.0,0.0,0.0,0.0,8.0,5.0,23.0,66.0,0.0,95.0,18.0,8.0,6.8599,1035.65,257.0,-30.04,104.868489,113.75645,66.347149,76.28072399999999,181.0,58.0,149.270767,0.0,8.0,3610.091,4316.602997,10.0,6.0,1410.0,968.3495,76.0,0.0,211.614128,-8.787417,1,2,Medium
0.0,3.0,2.0,8.0,0.0,0.0,0.0,8.0,0.0,21.0,62.0,0.0,89.0,8.0,11.0,18.7378,753.6,248.0,-28.15,89.934391,108.499253,56.71640000000001,75.50020599999999,186.0,54.0,144.928148,0.0,11.0,3456.0,4400.416547000001,0.0,6.0,1346.0,945.649,62.0,0.0,198.791759,-8.981985,1,2,Medium
0.0,5.0,2.0,8.0,0.0,0.0,7.0,0.0,0.0,22.0,56.0,0.0,76.0,8.0,5.0,17.8138,706.0600000000001,223.0,-22.66,100.560457,99.618165,67.19412700000001,69.13530600000001,167.0,48.0,137.034313,0.0,5.0,3139.861,3326.3705950000003,0.0,6.0,1242.0,865.7330000000001,56.0,0.0,190.819385,-8.703017,1,2,Medium
0.0,6.0,2.0,8.0,0.0,0.0,0.0,5.0,0.0,21.0,59.0,0.0,83.0,8.0,11.0,19.1014,725.91,242.0,-27.55,86.40300099999999,104.099555,57.531017000000006,73.582468,183.0,51.0,141.582083,0.0,11.0,3365.922,4315.714889000001,0.0,6.0,1310.0,925.675,59.0,0.0,193.434092,-8.976997,1,2,Medium
0.0,0.0,2.0,8.0,0.0,0.0,0.0,8.0,4.0,22.0,64.0,0.0,92.0,16.0,8.0,8.085999999999999,963.46,248.0,-28.72,100.33355,110.1026,62.96079,73.92977,176.0,56.0,144.385356,0.0,8.0,3481.96,4174.709576,8.0,6.0,1360.0,935.9484,72.0,0.0,203.934128,-8.835842,1,2,Medium
0.0,0.0,3.0,9.0,0.0,0.0,0.0,5.0,4.0,21.0,62.0,0.0,85.0,17.0,5.0,1.673099999999999,955.5,226.0,-25.56,99.200734,102.234258,62.948871,66.797931,156.0,53.0,132.7489,0.0,5.0,3191.622,3567.328583,8.0,6.0,1251.0,847.4544000000001,70.0,0.0,190.84883,-8.704966,1,2,Medium
0.0,0.0,2.0,8.0,0.0,4.0,7.0,0.0,0.0,21.0,58.0,0.0,73.0,8.0,0.0,7.066399999999998,760.6800000000001,195.0,-18.13,101.113158,95.25971,67.47143700000001,59.685186,137.0,50.0,121.409777,0.0,0.0,2793.385,2354.934458,4.0,6.0,1116.0,746.5252,58.0,0.0,176.87,-8.566371,1,2,Medium
0.0,4.0,2.0,8.0,0.0,0.0,0.0,8.0,0.0,22.0,64.0,0.0,92.0,8.0,12.0,20.6536,779.9000000000001,260.0,-29.72,92.51459,112.836604,59.150082,79.15829,196.0,56.0,151.62296,0.0,12.0,3618.188,4664.843432,0.0,6.0,1408.0,992.084,64.0,0.0,207.317636,-8.982385,1,2,Medium
0.0,5.0,3.0,9.0,0.0,0.0,0.0,6.0,0.0,23.0,67.0,0.0,93.0,9.0,11.0,17.9511,833.77,264.0,-29.9,97.719302,115.10953,63.733988,79.981865,197.0,58.0,154.49148300000002,0.0,11.0,3682.252,4614.5500950000005,0.0,6.0,1435.0,1003.118,67.0,0.0,213.069981,-8.883365,1,2,Medium
0.0,6.0,3.0,9.0,0.0,0.0,0.0,0.0,3.0,21.0,57.0,0.0,75.0,15.0,6.0,5.420999999999999,863.46,219.0,-24.81,91.360344,95.584929,63.353889,64.908831,156.0,48.0,128.981526,0.0,6.0,3075.549,3548.6926170000006,6.0,6.0,1203.0,828.1983000000001,63.0,0.0,182.765262,-8.800603,1,2,Medium
0.0,5.0,4.0,10.0,0.0,0.0,0.0,4.0,0.0,23.0,68.0,0.0,91.0,10.0,9.0,13.3328,861.34,256.0,-28.51,100.343815,113.045105,65.884212,77.147356,188.0,58.0,150.665194,0.0,9.0,3584.128,4299.829873000001,0.0,6.0,1400.0,967.717,68.0,0.0,210.296449,-8.811221,1,2,Medium
0.0,0.0,5.0,11.0,3.0,0.0,0.0,2.0,0.0,21.0,65.0,0.0,80.0,11.0,2.0,1.3419999999999996,836.3100000000002,209.0,-21.64,99.154006,99.499742,65.384726,62.325289000000005,144.0,54.0,126.289025,0.0,2.0,2975.415,2891.423246,0.0,6.0,1175.0,780.6310000000001,65.0,0.0,183.523532,-8.648543,1,2,Medium
0.0,7.0,2.0,8.0,0.0,0.0,0.0,4.0,0.0,21.0,58.0,0.0,81.0,8.0,11.0,19.2226,716.6800000000001,240.0,-27.35,85.225871,102.632989,57.802556,72.943222,182.0,50.0,140.466728,0.0,11.0,3335.896,4287.481003,0.0,6.0,1298.0,919.017,58.0,0.0,191.648203,-8.977495,1,2,Medium
0.0,7.0,1.0,7.0,0.0,0.0,6.0,0.0,0.0,21.0,51.0,0.0,71.0,7.0,7.0,21.3029,633.73,218.0,-22.86,90.506784,94.62438,62.31448,67.734527,167.0,44.0,132.744481,0.0,7.0,3049.762,3479.1392670000005,0.0,6.0,1201.0,851.8240000000001,51.0,0.0,181.811139,-8.807944,1,2,Medium
0.0,5.0,2.0,8.0,0.0,0.0,0.0,7.0,0.0,22.0,63.0,0.0,90.0,8.0,12.0,20.7748,770.6700000000001,258.0,-29.52,91.33746,111.370038,59.421621,78.51904400000001,195.0,55.0,150.50760499999998,0.0,12.0,3588.162,4636.609546000001,0.0,6.0,1396.0,985.4260000000002,63.0,0.0,205.531747,-8.983317,1,2,Medium
0.0,0.0,2.0,8.0,0.0,0.0,5.0,7.0,0.0,22.0,63.0,0.0,90.0,8.0,7.0,18.053800000000003,770.6700000000001,243.0,-25.62,103.810965,110.308673,63.61571599999999,75.012604,180.0,55.0,146.4606,0.0,7.0,3418.077,3841.894011,0.0,6.0,1346.0,933.221,63.0,0.0,203.952362,-8.767797,1,2,Medium
0.0,4.0,1.0,7.0,0.0,9.0,0.0,0.0,0.0,21.0,60.0,0.0,71.0,7.0,4.0,4.696999999999999,815.8,200.0,-20.88,82.587603,95.850534,63.381298,58.910174,140.0,53.0,117.509008,0.0,4.0,2839.2160000000003,2842.0270920000003,9.0,6.0,1117.0,750.7312000000001,60.0,0.0,171.503508,-8.706253,1,2,Medium
0.0,0.0,1.0,7.0,6.0,0.0,0.0,8.0,0.0,22.0,61.0,0.0,84.0,7.0,8.0,18.4325,733.8700000000001,234.0,-26.03,90.227969,106.355425,61.978244,71.371527,173.0,54.0,138.898027,0.0,8.0,3283.834,3793.430612,0.0,6.0,1287.0,896.5390000000001,61.0,0.0,192.624128,-8.786569,1,2,Medium
0.0,6.0,1.0,7.0,7.0,0.0,0.0,0.0,0.0,21.0,51.0,0.0,64.0,7.0,6.0,16.306,633.73,201.0,-22.08,78.679422,89.35013400000001,62.456092,61.042345000000005,150.0,44.0,120.893623,0.0,6.0,2819.367,3114.855094,0.0,6.0,1107.0,777.2349999999999,51.0,0.0,167.495262,-8.640492,1,2,Medium
0.0,6.0,3.0,9.0,0.0,0.0,0.0,0.0,5.0,23.0,61.0,0.0,81.0,19.0,6.0,2.9688,1007.84,237.0,-27.45,100.430222,102.892629,70.126607,69.610739,166.0,52.0,138.752348,0.0,6.0,3331.811,3832.479459,10.0,6.0,1303.0,893.0005000000001,71.0,0.0,198.125262,-8.765587,1,2,Medium
0.0,0.0,1.0,7.0,0.0,0.0,8.0,6.0,0.0,22.0,59.0,0.0,86.0,7.0,6.0,21.4031,715.4100000000001,236.0,-24.07,105.139165,107.336581,64.796566,73.825511,177.0,52.0,144.51262100000002,0.0,6.0,3324.072,3595.083254,0.0,6.0,1315.0,917.325,59.0,0.0,200.420596,-8.72246,1,2,Medium
0.0,5.0,0.0,6.0,0.0,0.0,5.0,0.0,5.0,21.0,48.0,0.0,69.0,16.0,5.0,10.998300000000002,817.1500000000001,210.0,-23.380000000000003,92.80701,90.550441,64.6319,63.456182000000005,152.0,42.0,126.102456,0.0,5.0,2951.566,3283.667504,10.0,6.0,1162.0,814.1805,58.0,0.0,177.099385,-8.787988,1,2,Medium
0.0,0.0,2.0,8.0,7.0,4.0,0.0,0.0,0.0,21.0,58.0,0.0,66.0,8.0,0.0,2.6137,760.6800000000001,181.0,-18.13,86.79109500000001,90.197737,66.77422999999999,53.694292,123.0,50.0,110.36832,0.0,0.0,2597.007,2149.593392,4.0,6.0,1032.0,682.3772000000001,58.0,0.0,162.87,-8.450269,1,2,Medium
0.0,0.0,1.0,7.0,5.0,0.0,0.0,9.0,0.0,22.0,62.0,0.0,87.0,7.0,9.0,19.4916,743.1,241.0,-27.01,90.956407,108.757403,60.967487000000006,73.567903,179.0,55.0,142.400134,0.0,9.0,3375.931,4009.942043,0.0,6.0,1321.0,922.802,62.0,0.0,196.725894,-8.845437,1,2,Medium
0.0,0.0,1.0,7.0,4.0,0.0,0.0,9.0,0.0,21.0,60.0,0.0,85.0,7.0,9.0,18.7561,716.8,234.0,-26.22,87.927516,105.355464,57.79458699999999,71.466949,174.0,53.0,138.09207400000005,0.0,9.0,3275.8140000000003,3933.792703,0.0,6.0,1281.0,895.9720000000001,60.0,0.0,190.515894,-8.894243,1,2,Medium
0.0,8.0,1.0,7.0,0.0,0.0,5.0,0.0,0.0,21.0,51.0,0.0,71.0,7.0,8.0,21.8471,633.73,221.0,-23.64,88.012083,94.836653,61.475661,68.435815,170.0,44.0,133.553882,0.0,8.0,3083.779,3638.082374,0.0,6.0,1211.0,862.2650000000001,51.0,0.0,182.127016,-8.857149,1,2,Medium
0.0,8.0,1.0,7.0,0.0,6.0,0.0,0.0,0.0,22.0,59.0,0.0,74.0,7.0,8.0,13.2365,781.4100000000001,224.0,-24.67,82.818127,100.203713,63.781736,66.912285,165.0,52.0,130.90111299999998,0.0,8.0,3139.62,3636.710916,6.0,6.0,1227.0,851.7458000000001,59.0,0.0,184.097016,-8.90734,1,2,Medium
0.0,8.0,1.0,7.0,0.0,0.0,6.0,0.0,0.0,22.0,53.0,0.0,74.0,7.0,8.0,23.2187,660.0300000000001,230.0,-24.43,93.086983,98.961731,64.74816200000001,71.392611,177.0,46.0,139.439293,0.0,8.0,3211.95,3743.566152,0.0,6.0,1263.0,898.259,53.0,0.0,190.337016,-8.839925,1,2,Medium
0.0,8.0,2.0,8.0,0.0,0.0,0.0,5.0,0.0,23.0,63.0,0.0,89.0,8.0,13.0,22.933,778.51,266.0,-30.69,91.563399,112.774257,62.398381,80.898636,203.0,55.0,154.971707,0.0,13.0,3690.298,4844.5686590000005,0.0,6.0,1434.0,1018.545,63.0,0.0,210.485846,-8.985827,1,2,Medium
3.0,0.0,2.0,8.0,8.0,0.0,0.0,0.0,0.0,21.0,51.0,0.0,59.0,11.0,0.0,3.4907000000000004,730.13,171.0,-17.97,85.99629,80.835954,67.115825,50.524115,117.0,43.0,105.137024,0.0,0.0,2445.897,2048.784653,3.0,6.0,972.0,654.4141999999999,54.0,0.0,153.03,-8.337897,1,2,Medium
4.0,0.0,2.0,8.0,7.0,0.0,0.0,0.0,0.0,21.0,50.0,0.0,58.0,12.0,0.0,2.4129,746.9200000000001,169.0,-17.970000000000002,86.177399,78.95554100000001,67.14773,49.612884,115.0,42.0,103.59902,0.0,0.0,2416.859,2030.548716,4.0,6.0,960.0,646.9756,54.0,0.0,151.03,-8.3401165,1,2,Medium
4.0,0.0,2.0,8.0,9.0,0.0,0.0,0.0,0.0,23.0,54.0,0.0,62.0,12.0,0.0,3.8839,799.5200000000001,183.0,-19.55,92.235181,85.75941900000001,73.49352999999999,53.814792,125.0,46.0,112.21514,0.0,0.0,2617.093,2182.847396,4.0,6.0,1040.0,700.6356000000001,58.0,0.0,163.45,-8.321545,1,2,Medium
4.0,0.0,3.0,9.0,0.0,0.0,5.0,0.0,0.0,21.0,53.0,0.0,67.0,13.0,0.0,3.0933,792.95,185.0,-18.54,100.488833,85.310767,67.774445,55.450337000000005,128.0,44.0,114.6637,0.0,0.0,2643.199,2295.523546,4.0,6.0,1053.0,709.9206,57.0,0.0,166.46,-8.563315,1,2,Medium
4.0,0.0,2.0,8.0,0.0,0.0,0.0,9.0,0.0,23.0,63.0,0.0,89.0,12.0,9.0,13.4158,882.59,246.0,-28.37,98.791123,107.377221,64.396717,73.582176,179.0,55.0,143.734103,0.0,9.0,3445.966,4131.450275,4.0,6.0,1346.0,937.0026,67.0,0.0,200.36589400000005,-8.850404,1,2,Medium
4.0,0.0,1.0,7.0,0.0,0.0,0.0,10.0,0.0,22.0,59.0,0.0,86.0,11.0,10.0,16.2395,819.49,240.0,-27.99,92.409281,103.637729,60.08435,72.119355,177.0,52.0,139.750225,0.0,10.0,3351.876,4153.509726,4.0,6.0,1307.0,919.3106,63.0,0.0,192.82766,-8.964485,1,2,Medium
5.0,6.0,2.0,8.0,0.0,0.0,0.0,0.0,0.0,21.0,49.0,0.0,63.0,13.0,6.0,8.4169,763.71,197.0,-22.65,83.66635600000001,82.6876,62.744327,58.044433,143.0,41.0,116.381528,0.0,6.0,2760.2470000000003,3141.9780490000003,5.0,6.0,1080.0,757.167,54.0,0.0,162.92526199999998,-8.756198,1,2,Medium
5.0,0.0,2.0,8.0,0.0,0.0,6.0,0.0,0.0,21.0,49.0,0.0,63.0,13.0,0.0,5.1517,763.71,179.0,-17.97,98.63456200000002,81.413962,67.777241,53.836705,125.0,41.0,111.525122,0.0,0.0,2556.145,2188.319407,5.0,6.0,1020.0,694.521,54.0,0.0,161.03,-8.474797,1,2,Medium
5.0,0.0,1.0,7.0,8.0,0.0,0.0,0.0,0.0,21.0,46.0,0.0,53.0,12.0,0.0,3.8352,717.6800000000001,161.0,-17.4,82.277119,74.335597,67.05092499999999,47.14341,110.0,39.0,98.883091,0.0,0.0,2301.751,1894.010139,5.0,6.0,915.0,622.412,51.0,0.0,143.6,-8.277179,1,2,Medium
5.0,0.0,3.0,9.0,0.0,0.0,0.0,4.0,0.0,21.0,56.0,0.0,73.0,14.0,4.0,3.0714,846.66,201.0,-22.46,93.353649,89.422571,63.265317,59.0454,140.0,47.0,119.247369,0.0,4.0,2842.2789999999995,2996.6611430000003,5.0,6.0,1117.0,761.7140000000002,61.0,0.0,170.867064,-8.6702175,1,2,Medium
5.0,4.0,3.0,9.0,0.0,0.0,0.0,0.0,0.0,21.0,52.0,0.0,65.0,14.0,4.0,3.5562,809.74,193.0,-21.66,88.645129,83.556307,64.351473,56.488416,136.0,43.0,114.785949,0.0,4.0,2722.175,2883.7255990000003,5.0,6.0,1069.0,735.0820000000001,57.0,0.0,163.723508,-8.665105,1,2,Medium
5.0,5.0,2.0,9.0,0.0,0.0,0.0,0.0,0.0,21.0,50.0,0.0,64.0,14.0,5.0,6.6164000000000005,769.6100000000001,195.0,-21.91,86.39562699999999,83.34509,63.50551,57.490851000000006,140.0,41.0,116.149097,0.0,5.0,2741.245,2998.325678,5.0,7.0,1075.0,750.7370000000001,55.0,0.0,163.569385,-8.684649,1,2,Medium
5.0,0.0,2.0,8.0,6.0,0.0,0.0,0.0,0.0,21.0,49.0,0.0,57.0,13.0,0.0,1.3351000000000002,763.71,167.0,-17.97,86.358508,77.075128,67.17963499999999,48.701653,113.0,41.0,102.061016,0.0,0.0,2387.821,2012.312779,5.0,6.0,948.0,639.537,54.0,0.0,149.03,-8.344542,1,2,Medium
5.0,7.0,0.0,6.0,0.0,3.0,0.0,0.0,0.0,21.0,46.0,0.0,59.0,11.0,7.0,11.514599999999998,732.34,193.0,-22.41,76.05848499999999,80.93435799999999,61.563279,56.81244,142.0,40.0,112.875393,0.0,7.0,2698.175,3128.22601,8.0,6.0,1054.0,746.7574000000001,51.0,0.0,157.261139,-8.852363,1,2,Medium
5.0,4.0,0.0,6.0,6.0,0.0,0.0,0.0,0.0,21.0,43.0,0.0,53.0,11.0,4.0,11.0565,671.6500000000001,175.0,-19.950000000000003,76.40096199999999,75.337714,63.965343,51.813687,127.0,37.0,105.252174,0.0,4.0,2463.965,2528.817679,5.0,6.0,970.0,683.7070000000001,48.0,0.0,147.433508,-8.278215,1,2,Medium
6.0,0.0,2.0,8.0,5.0,0.0,0.0,0.0,0.0,21.0,48.0,0.0,56.0,14.0,0.0,0.2573000000000003,780.5,165.0,-17.97,86.53961699999999,75.194715,67.21154,47.790422,111.0,40.0,100.523012,0.0,0.0,2358.783,1994.076842,6.0,6.0,936.0,632.0984,54.0,0.0,147.03,-8.344027,1,2,Medium
6.0,0.0,2.0,8.0,0.0,0.0,0.0,5.0,0.0,21.0,53.0,0.0,71.0,14.0,5.0,5.5528,826.65,200.0,-22.87,90.181807,87.204605,62.157755,58.772302,141.0,45.0,118.033547,0.0,5.0,2819.268,3076.633997,6.0,6.0,1106.0,763.4134,59.0,0.0,167.53883,-8.712888,1,2,Medium
6.0,0.0,2.0,8.0,0.0,0.0,6.0,0.0,0.0,22.0,50.0,0.0,64.0,14.0,0.0,4.8094,806.8,184.0,-18.76,101.844562,82.935488,70.982046,55.026428,128.0,42.0,114.295178,0.0,0.0,2627.224,2246.2328099999995,6.0,6.0,1048.0,713.9123999999999,56.0,0.0,165.24,-8.466698,1,2,Medium
7.0,4.0,2.0,8.0,0.0,0.0,0.0,0.0,0.0,21.0,47.0,0.0,59.0,15.0,4.0,3.900699999999999,797.2900000000001,183.0,-21.09,84.92595800000001,77.05595,64.286573,53.107711,129.0,39.0,108.532016,0.0,4.0,2578.0289999999995,2728.951085,7.0,6.0,1012.0,703.0798,54.0,0.0,154.29350799999995,-8.53661,1,2,Medium
7.0,6.0,1.0,7.0,0.0,0.0,0.0,0.0,0.0,21.0,44.0,0.0,57.0,14.0,6.0,8.761399999999998,751.26,187.0,-22.08,79.947185,76.187243,62.679427,54.66372799999999,136.0,37.0,110.127595,0.0,6.0,2616.101,2987.203535,7.0,6.0,1023.0,725.1648,51.0,0.0,153.495262,-8.696748,1,2,Medium
0.0,2.0,0.0,5.0,0.0,8.0,7.0,0.0,0.0,22.0,57.0,0.0,71.0,5.0,2.0,11.6725,769.94,201.0,-19.46,94.13944,97.181053,68.640636,61.21685,144.0,52.0,122.598454,0.0,2.0,2866.431,2572.509362,8.0,5.0,1141.0,770.7873999999999,57.0,0.0,177.731754,-8.571451,1,3,Medium
0.0,2.0,0.0,6.0,0.0,8.0,6.0,0.0,0.0,22.0,58.0,0.0,72.0,6.0,2.0,10.4162,775.8399999999999,202.0,-19.5,94.37401,98.050816,68.563,61.36455599999999,144.0,52.0,123.175424,0.0,2.0,2881.446,2587.800098,8.0,6.0,1146.0,774.7984000000001,58.0,0.0,178.691754,-8.605598,1,3,Medium
0.0,2.0,0.0,6.0,0.0,7.0,7.0,0.0,0.0,22.0,57.0,0.0,72.0,6.0,2.0,12.0799,755.61,203.0,-19.46,96.085486,97.843819,68.72407100000001,62.111277,146.0,51.0,124.598454,0.0,2.0,2893.501,2605.609304,7.0,6.0,1152.0,782.5506,57.0,0.0,179.731754,-8.563723,1,3,Medium
0.0,3.0,0.0,5.0,0.0,8.0,6.0,0.0,0.0,22.0,57.0,0.0,71.0,5.0,3.0,12.2167,769.94,204.0,-20.24,91.64473900000002,97.393326,67.801817,61.918138,147.0,52.0,123.40785499999998,0.0,3.0,2900.448,2731.452469,8.0,5.0,1151.0,781.2284,57.0,0.0,178.04763099999997,-8.637385,1,3,Medium
0.0,6.0,5.0,6.0,0.0,0.0,0.0,0.0,6.0,23.0,62.0,0.0,80.0,18.0,6.0,-0.8920000000000012,1116.29,236.0,-28.92,98.696153,100.65909200000002,70.487661,67.959485,162.0,56.0,134.913944,0.0,6.0,3316.62,3911.70295,12.0,1.0,1294.0,866.9466,74.0,0.0,195.655262,-8.983204,1,3,Medium
0.0,4.0,0.0,5.0,0.0,0.0,0.0,10.0,2.0,21.0,57.0,0.0,88.0,9.0,14.0,23.7335,765.88,256.0,-30.77,83.51131400000001,107.670479,54.103201,77.83005399999999,195.0,52.0,146.963645,0.0,14.0,3543.0840000000003,4871.9746620000005,4.0,5.0,1373.0,981.4972,61.0,0.0,198.431168,-9.216922,1,3,Medium
0.0,6.0,0.0,5.0,0.0,0.0,5.0,0.0,6.0,22.0,49.0,0.0,71.0,17.0,6.0,11.572699999999998,883.44,221.0,-25.44,94.612678,93.54680100000002,67.257076,66.36071799999999,160.0,44.0,131.220298,0.0,6.0,3098.699,3569.213296,12.0,5.0,1217.0,853.0116,61.0,0.0,184.135262,-8.846312,1,3,Medium
0.0,5.0,4.0,6.0,6.0,0.0,0.0,0.0,0.0,21.0,56.0,0.0,67.0,6.0,5.0,10.1062,748.22,202.0,-22.85,82.24996499999999,90.261707,63.49358,60.145752,146.0,50.0,119.423362,0.0,5.0,2843.23,3102.9847730000006,0.0,2.0,1116.0,756.3050000000001,56.0,0.0,169.62938499999998,-8.697886,1,3,Medium
0.0,5.0,2.0,8.0,0.0,6.0,0.0,0.0,0.0,21.0,60.0,0.0,73.0,8.0,5.0,6.46,801.1400000000001,208.0,-22.11,85.216701,96.73506899999998,62.9552,61.698184000000005,148.0,52.0,122.61072199999998,0.0,5.0,2939.36,3114.031581,6.0,6.0,1154.0,783.2258000000002,60.0,0.0,176.36938499999997,-8.735426,1,3,Medium
0.0,6.0,2.0,8.0,0.0,5.0,0.0,0.0,0.0,21.0,59.0,0.0,73.0,8.0,6.0,8.6679,780.91,212.0,-22.85,84.433476,96.740345,62.277452,63.146193,153.0,51.0,124.843153,0.0,6.0,2985.432,3290.783894,5.0,6.0,1170.0,801.4190000000001,59.0,0.0,177.725262,-8.790977,1,3,Medium
0.0,5.0,2.0,7.0,0.0,0.0,7.0,0.0,0.0,21.0,53.0,0.0,72.0,7.0,5.0,17.6985,673.86,213.0,-21.83,95.250987,94.623324,63.99926200000001,66.030804,160.0,46.0,130.571932,0.0,5.0,2996.675,3205.596081,0.0,5.0,1185.0,825.728,53.0,0.0,181.649385,-8.713167,1,3,Medium
0.0,0.0,2.0,8.0,5.0,6.0,0.0,0.0,0.0,21.0,60.0,0.0,68.0,8.0,0.0,0.5585,801.1400000000001,183.0,-18.21,87.460161,92.058009,66.65128999999999,53.912534,123.0,52.0,110.676962,0.0,0.0,2629.005,2172.643856,6.0,6.0,1044.0,685.2008000000001,60.0,0.0,164.79,-8.560251,1,3,Medium
0.0,0.0,2.0,8.0,0.0,5.0,6.0,0.0,0.0,21.0,59.0,0.0,73.0,8.0,0.0,5.402699999999999,780.9100000000001,194.0,-18.17,99.401682,95.466707,67.310366,58.938465,135.0,51.0,119.986747,0.0,0.0,2781.33,2337.125252,5.0,6.0,1110.0,738.7729999999999,59.0,0.0,175.82999999999998,-8.58156,1,3,Medium
0.0,4.0,2.0,8.0,0.0,7.0,0.0,0.0,0.0,21.0,61.0,0.0,73.0,8.0,4.0,4.252099999999999,821.3700000000001,204.0,-21.37,85.999926,96.729793,63.632948,60.250175,143.0,53.0,120.378291,0.0,4.0,2893.288,2937.279268,7.0,6.0,1138.0,765.0326,61.0,0.0,175.013508,-8.701476,1,3,Medium
0.0,0.0,2.0,8.0,0.0,6.0,0.0,5.0,0.0,21.0,65.0,0.0,83.0,8.0,5.0,5.853999999999999,847.2900000000001,218.0,-23.11,91.102351,104.067899,61.597505,64.894414,153.0,57.0,128.187497,0.0,5.0,3089.49,3255.201011,6.0,6.0,1214.0,816.5158,65.0,0.0,185.29883,-8.727228,1,3,Medium
0.0,7.0,2.0,8.0,0.0,0.0,0.0,0.0,4.0,21.0,54.0,0.0,73.0,16.0,7.0,7.139799999999998,863.32,220.0,-25.55,88.336311,94.032721,62.69942,65.157718,158.0,46.0,128.76770399999998,0.0,7.0,3079.564,3684.411603,8.0,6.0,1202.0,836.2493999999999,62.0,0.0,181.121139,-8.905185,1,3,Medium
0.0,4.0,3.0,9.0,0.0,5.0,0.0,0.0,0.0,21.0,62.0,0.0,75.0,9.0,4.0,3.8072,826.9399999999999,208.0,-21.86,89.412249,97.609052,63.884598,61.590176,146.0,53.0,123.247574,0.0,4.0,2947.36,3032.531444,5.0,6.0,1159.0,779.3340000000001,62.0,0.0,178.523508,-8.699738,1,3,Medium
0.0,0.0,1.0,7.0,0.0,7.0,0.0,6.0,0.0,21.0,64.0,0.0,83.0,7.0,6.0,8.3856,830.72,220.0,-23.56,88.083933,104.660482,60.396568,65.641668,156.0,57.0,128.666,0.0,6.0,3111.516,3364.935034,7.0,6.0,1221.0,827.0656,64.0,0.0,184.930596,-8.7835655,1,3,Medium
0.0,8.0,1.0,7.0,0.0,5.0,0.0,0.0,0.0,21.0,56.0,0.0,71.0,7.0,8.0,13.5286,734.8800000000001,216.0,-23.84,79.45470300000001,95.871638,60.670306,64.70221000000001,160.0,49.0,126.438732,0.0,8.0,3023.504,3549.036344,5.0,6.0,1181.0,823.5040000000001,56.0,0.0,176.92701599999998,-8.921635,1,3,Medium
0.0,5.0,2.0,10.0,0.0,0.0,0.0,0.0,4.0,21.0,56.0,0.0,75.0,18.0,5.0,3.538800000000001,875.12,216.0,-24.07,93.79485300000002,95.347701,64.221786,64.050554,152.0,46.0,128.302842,0.0,5.0,3041.56,3397.106861,8.0,8.0,1192.0,823.3894,64.0,0.0,182.409385,-8.7023,1,3,Medium
0.0,5.0,3.0,9.0,0.0,0.0,0.0,0.0,4.0,21.0,57.0,0.0,75.0,17.0,5.0,2.279100000000001,909.35,216.0,-24.56,93.315084,94.901428,64.306566,63.601701,151.0,48.0,127.172125,0.0,5.0,3041.492,3426.1591530000005,8.0,6.0,1191.0,814.1643999999999,65.0,0.0,181.919385,-8.730955,1,3,Medium
0.0,0.0,3.0,9.0,0.0,4.0,5.0,0.0,0.0,21.0,61.0,0.0,75.0,9.0,0.0,3.2941,806.71,197.0,-18.7,101.102529,96.552963,67.40094500000001,59.531745,136.0,52.0,121.433,0.0,0.0,2823.347,2414.568222,4.0,6.0,1125.0,745.3222000000001,61.0,0.0,178.3,-8.597696,1,3,Medium
0.0,0.0,2.0,8.0,0.0,0.0,0.0,7.0,5.0,22.0,63.0,0.0,90.0,18.0,7.0,5.065300000000001,1000.12,243.0,-28.270000000000003,101.11116,107.952533,64.18500599999999,71.983394,170.0,55.0,141.4606,0.0,7.0,3417.8770000000004,4023.942226,10.0,6.0,1336.0,915.2565,73.0,0.0,201.302362,-8.792486,1,3,Medium
0.0,6.0,1.0,7.0,0.0,7.0,0.0,0.0,0.0,21.0,58.0,0.0,71.0,7.0,6.0,9.1128,775.3400000000001,208.0,-22.36,81.021153,95.861086,62.025802,61.806192,150.0,51.0,121.97387,0.0,6.0,2931.36,3195.531718,7.0,6.0,1149.0,787.1175999999999,58.0,0.0,174.215262,-8.785529,1,3,Medium
0.0,0.0,2.0,8.0,0.0,0.0,6.0,0.0,6.0,22.0,56.0,0.0,76.0,20.0,0.0,-0.4934000000000011,981.4,208.0,-21.94,109.794196,95.729432,72.07137,61.99381400000001,140.0,48.0,126.987308,0.0,0.0,2969.536,2750.112918,12.0,6.0,1180.0,791.9706000000001,68.0,0.0,186.06,-8.597939,1,3,Medium
0.0,5.0,2.0,8.0,0.0,7.0,0.0,0.0,0.0,22.0,63.0,0.0,76.0,8.0,5.0,6.1679,847.6700000000001,216.0,-22.94,88.58012500000001,101.06714399999998,66.06663,63.908259,153.0,55.0,127.073103,0.0,5.0,3055.476,3201.706153,7.0,6.0,1200.0,811.4676000000001,63.0,0.0,183.539385,-8.738602,1,3,Medium
0.0,0.0,2.0,8.0,0.0,6.0,5.0,0.0,0.0,21.0,60.0,0.0,73.0,8.0,0.0,3.739,801.1400000000001,193.0,-18.21,97.690206,95.673704,67.149295,58.191744,133.0,52.0,118.563717,0.0,0.0,2769.275,2319.316046,6.0,6.0,1104.0,731.0208,60.0,0.0,174.79000000000002,-8.595369,1,3,Medium
0.0,3.0,3.0,9.0,0.0,6.0,0.0,0.0,0.0,21.0,63.0,0.0,75.0,9.0,3.0,1.5992999999999995,847.1700000000001,204.0,-21.12,90.195474,97.603776,64.56234599999999,60.14216699999999,141.0,54.0,121.015143,0.0,3.0,2901.288,2855.779131,6.0,6.0,1143.0,761.1408000000001,63.0,0.0,177.16763099999997,-8.685923,1,3,Medium
0.0,5.0,3.0,9.0,0.0,4.0,0.0,0.0,0.0,21.0,61.0,0.0,75.0,9.0,5.0,6.0151,806.71,212.0,-22.6,88.62902400000002,97.614328,63.20685,63.038185,151.0,52.0,125.480005,0.0,5.0,2993.432,3209.2837570000006,4.0,6.0,1175.0,797.5272,61.0,0.0,179.879385,-8.731465,1,3,Medium
0.0,4.0,4.0,10.0,0.0,0.0,0.0,0.0,4.0,22.0,62.0,0.0,80.0,18.0,4.0,-0.6658,981.68,224.0,-25.14,100.874056,100.107486,68.347394,65.70376800000001,154.0,52.0,132.271358,0.0,4.0,3165.608,3432.333588,8.0,6.0,1242.0,838.5144,70.0,0.0,191.243508,-8.69816,1,3,Medium
0.0,5.0,3.0,9.0,0.0,5.0,0.0,0.0,0.0,22.0,64.0,0.0,78.0,9.0,5.0,5.723000000000001,853.24,220.0,-23.43,91.992448,101.946403,66.31828,65.24826,156.0,55.0,129.942386,0.0,5.0,3109.548,3296.9583290000005,5.0,6.0,1221.0,825.769,64.0,0.0,187.049385,-8.729925,1,3,Medium
0.0,0.0,4.0,10.0,0.0,0.0,0.0,4.0,4.0,22.0,66.0,0.0,88.0,18.0,4.0,-1.1506000000000003,1018.6,232.0,-25.94,105.582576,105.97375,67.261238,68.26075200000001,158.0,56.0,136.732778,0.0,4.0,3285.712,3545.2691320000004,8.0,6.0,1290.0,865.1464000000001,74.0,0.0,198.387064,-8.659457,1,3,Medium
0.0,6.0,2.0,8.0,0.0,6.0,0.0,0.0,0.0,22.0,62.0,0.0,76.0,8.0,6.0,8.375799999999998,827.44,220.0,-23.68,87.7969,101.07242,65.388882,65.356268,158.0,54.0,129.305534,0.0,6.0,3101.548,3378.458466,6.0,6.0,1216.0,829.6608000000001,62.0,0.0,184.895262,-8.787235,1,3,Medium
0.0,4.0,4.0,10.0,0.0,0.0,0.0,0.0,3.0,21.0,60.0,0.0,77.0,16.0,4.0,0.5602999999999998,909.49,215.0,-23.82,96.339117,96.453636,64.961035,63.35281400000001,149.0,50.0,127.385947,0.0,4.0,3037.477,3290.440167,6.0,6.0,1192.0,806.1133000000001,66.0,0.0,183.563508,-8.694601,1,3,Medium
0.0,5.0,1.0,7.0,9.0,0.0,0.0,0.0,0.0,22.0,53.0,0.0,65.0,7.0,5.0,15.8612,660.0300000000001,203.0,-22.09,82.157005,91.816661,66.36821,61.586169,150.0,46.0,122.814931,0.0,5.0,2857.413,3002.726889,0.0,6.0,1125.0,784.46,53.0,0.0,171.389385,-8.461918,1,3,Medium
0.0,0.0,3.0,9.0,0.0,4.0,0.0,5.0,0.0,21.0,66.0,0.0,85.0,9.0,5.0,5.409099999999999,852.86,222.0,-23.6,94.514674,104.947158,61.849155,66.234415,156.0,57.0,131.05678,0.0,5.0,3143.562,3350.453187,4.0,6.0,1235.0,830.8172000000001,66.0,0.0,188.80883,-8.713506,1,3,Medium
0.0,4.0,2.0,8.0,0.0,8.0,0.0,0.0,0.0,22.0,64.0,0.0,76.0,8.0,4.0,3.959999999999999,867.9000000000001,212.0,-22.2,89.36335,101.061868,66.744378,62.46025,148.0,56.0,124.840672,0.0,4.0,3009.404,3024.95384,8.0,6.0,1184.0,793.2744,64.0,0.0,182.183508,-8.708619,1,3,Medium
0.0,7.0,2.0,8.0,0.0,0.0,4.0,0.0,0.0,21.0,54.0,0.0,73.0,8.0,7.0,17.5306,679.7600000000001,220.0,-23.43,90.496155,95.917633,62.243988,67.581086,166.0,46.0,132.76770399999998,0.0,7.0,3079.724,3538.773031,0.0,6.0,1210.0,850.621,54.0,0.0,183.241139,-8.81052,1,3,Medium
0.0,0.0,3.0,9.0,6.0,4.0,0.0,0.0,0.0,22.0,63.0,0.0,72.0,9.0,0.0,0.8491,833.0100000000001,194.0,-19.49,93.901375,96.339207,70.07584,57.353489,131.0,54.0,117.854305,0.0,0.0,2783.194,2344.045372,4.0,6.0,1105.0,726.3322000000001,63.0,0.0,174.51,-8.556035,1,3,Medium
0.0,0.0,1.0,7.0,0.0,6.0,8.0,0.0,0.0,22.0,59.0,0.0,74.0,7.0,0.0,8.8829,781.41,200.0,-18.43,102.775735,98.505529,70.492288,61.301981,141.0,52.0,124.425905,0.0,0.0,2867.484,2365.16606,6.0,6.0,1147.0,768.2178000000001,59.0,0.0,181.57,-8.5392685,1,3,Medium
0.0,10.0,2.0,8.0,0.0,2.0,0.0,0.0,0.0,22.0,58.0,0.0,76.0,8.0,10.0,17.2074,746.52,236.0,-26.64,84.664,101.093524,62.677890000000005,71.148304,178.0,50.0,138.235258,0.0,10.0,3285.836,4085.467718,2.0,6.0,1280.0,902.4336,58.0,0.0,190.31877,-8.928155,1,3,Medium
0.0,5.0,1.0,7.0,0.0,8.0,0.0,0.0,0.0,21.0,59.0,0.0,71.0,7.0,5.0,6.9049,795.57,204.0,-21.62,81.80437800000001,95.85581,62.70355000000001,60.358183,145.0,52.0,119.741439,0.0,5.0,2885.288,3018.779405,8.0,6.0,1133.0,768.9244,59.0,0.0,172.85938499999995,-8.729262,1,3,Medium
0.0,3.0,2.0,8.0,0.0,8.0,0.0,0.0,0.0,21.0,62.0,0.0,73.0,8.0,3.0,2.044199999999999,841.6,200.0,-20.63,86.783151,96.724517,64.31069600000001,58.802166,138.0,54.0,118.14586,0.0,3.0,2847.216,2760.5269550000003,8.0,6.0,1122.0,746.8394,62.0,0.0,173.65763099999998,-8.689388,1,3,Medium
0.0,0.0,2.0,8.0,0.0,0.0,0.0,6.0,6.0,22.0,62.0,0.0,88.0,20.0,6.0,2.044599999999999,1036.7800000000002,238.0,-27.82,101.88877,105.802466,65.409222,70.037018,164.0,54.0,138.535844,0.0,6.0,3353.7940000000003,3873.174876,12.0,6.0,1312.0,894.5646,74.0,0.0,198.670596,-8.744429,1,3,Medium
0.0,6.0,2.0,8.0,0.0,7.0,0.0,0.0,0.0,23.0,65.0,0.0,79.0,8.0,6.0,8.083699999999999,873.97,228.0,-24.51,91.160324,105.404495,68.50031200000001,67.566343,163.0,57.0,133.76791500000002,0.0,6.0,3217.664,3466.133038,7.0,6.0,1262.0,857.9026,65.0,0.0,192.065262,-8.775351,1,3,Medium
0.0,4.0,2.0,8.0,0.0,9.0,0.0,0.0,0.0,23.0,67.0,0.0,79.0,8.0,4.0,3.667899999999999,914.43,220.0,-23.03,92.726774,105.393943,69.855808,64.670325,153.0,59.0,129.303053,0.0,4.0,3125.5200000000004,3112.628412,9.0,6.0,1230.0,821.5162,67.0,0.0,189.353508,-8.7163925,1,3,Medium
0.0,5.0,0.0,6.0,0.0,8.0,0.0,0.0,2.0,21.0,56.0,0.0,69.0,10.0,5.0,5.481800000000002,841.32,202.0,-22.11,80.73508500000001,93.620101,63.001758,59.29994000000001,142.0,50.0,117.718216,0.0,5.0,2855.246,3031.964927,12.0,6.0,1120.0,762.9416,60.0,0.0,170.36938500000002,-8.763027,1,3,Medium
0.0,6.0,0.0,6.0,3.0,0.0,0.0,0.0,6.0,21.0,48.0,0.0,66.0,18.0,6.0,7.0365,863.04,207.0,-24.69,83.634321,88.12206899999998,63.608136,60.984102,147.0,42.0,121.179804,0.0,6.0,2901.381,3391.01694,12.0,6.0,1134.0,793.5366000000001,60.0,0.0,170.88526199999998,-8.856165,1,3,Medium
0.0,0.0,2.0,8.0,0.0,4.0,8.0,0.0,0.0,22.0,60.0,0.0,76.0,8.0,0.0,8.437999999999999,786.98,204.0,-18.92,106.188058,99.384788,70.743938,62.641982,144.0,52.0,127.295188,0.0,0.0,2921.556,2460.418236,4.0,6.0,1168.0,782.5192,60.0,0.0,185.08,-8.546333,1,3,Medium
0.0,0.0,1.0,7.0,8.0,6.0,0.0,0.0,0.0,22.0,59.0,0.0,66.0,7.0,0.0,3.7941,781.4100000000001,184.0,-18.43,86.407663,92.720417,69.69548,54.455245,125.0,52.0,111.807097,0.0,0.0,2643.052,2130.490556,6.0,6.0,1051.0,694.9058,59.0,0.0,165.57,-8.419031,1,3,Medium
0.0,6.0,1.0,7.0,0.0,8.0,0.0,0.0,0.0,22.0,61.0,0.0,74.0,7.0,6.0,8.8207,821.8700000000001,216.0,-23.19,84.38457700000001,100.193161,65.137232,64.016267,155.0,54.0,126.436251,0.0,6.0,3047.476,3283.20629,8.0,6.0,1195.0,815.3593999999999,61.0,0.0,181.385262,-8.784067,1,3,Medium
0.0,5.0,1.0,7.0,0.0,0.0,9.0,0.0,0.0,22.0,53.0,0.0,74.0,7.0,5.0,21.5861,660.0300000000001,221.0,-22.09,100.571086,98.324912,67.26461900000001,69.288747,168.0,46.0,137.01109,0.0,5.0,3109.8990000000003,3266.736831,0.0,6.0,1233.0,866.936,53.0,0.0,189.389385,-8.693182,1,3,Medium
0.0,0.0,0.0,6.0,5.0,0.0,5.0,5.0,0.0,21.0,53.0,0.0,74.0,6.0,5.0,20.2003,633.85,210.0,-21.73,91.16242,96.623716,62.20691,65.402412,157.0,47.0,128.792476,0.0,5.0,2961.626,3096.116529,0.0,6.0,1172.0,819.615,53.0,0.0,178.67883,-8.608615,1,3,Medium
0.0,9.0,1.0,7.0,0.0,4.0,0.0,0.0,0.0,21.0,55.0,0.0,71.0,7.0,9.0,15.736499999999998,714.65,220.0,-24.58,78.67147800000001,95.876914,59.992558,66.15021899999999,165.0,48.0,128.67116299999998,0.0,9.0,3069.576,3725.788657,4.0,6.0,1197.0,841.6972000000001,55.0,0.0,178.282893,-8.948798,1,3,Medium
0.0,8.0,1.0,7.0,6.0,0.0,0.0,0.0,0.0,22.0,53.0,0.0,68.0,7.0,8.0,19.4021,660.0300000000001,218.0,-24.43,80.810929,94.622897,64.150556,66.25755900000001,165.0,46.0,129.975187,0.0,8.0,3043.626,3567.559524,0.0,6.0,1191.0,843.2750000000001,53.0,0.0,178.33701599999998,-8.786912,1,3,Medium
0.0,7.0,1.0,7.0,6.0,0.0,0.0,0.0,0.0,21.0,51.0,0.0,65.0,7.0,7.0,17.4863,633.73,206.0,-22.86,78.23073,90.285546,61.716874,62.599475000000005,155.0,44.0,123.280375,0.0,7.0,2881.438,3303.1326390000004,0.0,6.0,1129.0,796.8400000000001,51.0,0.0,169.81113899999997,-8.742953,1,3,Medium
0.0,8.0,1.0,7.0,5.0,0.0,0.0,0.0,0.0,21.0,51.0,0.0,66.0,7.0,8.0,18.6666,633.73,211.0,-23.64,77.782038,91.220958,60.977656,64.15660500000001,160.0,44.0,125.667127,0.0,8.0,2943.509,3491.4101840000003,0.0,6.0,1151.0,816.445,51.0,0.0,172.127016,-8.822614,1,3,Medium
0.0,10.0,1.0,7.0,0.0,0.0,3.0,0.0,0.0,21.0,51.0,0.0,71.0,7.0,10.0,22.9355,633.73,227.0,-25.2,83.022681,95.261199,59.798023,69.838391,176.0,44.0,135.172684,0.0,10.0,3151.813,3955.968588,0.0,6.0,1231.0,883.1469999999999,51.0,0.0,182.75877,-8.932204,1,3,Medium
0.0,5.0,1.0,7.0,0.0,9.0,0.0,0.0,0.0,22.0,62.0,0.0,74.0,7.0,5.0,6.6128,842.1,212.0,-22.45,85.16780200000001,100.187885,65.81498,62.568258,150.0,55.0,124.20382,0.0,5.0,3001.4040000000005,3106.453977,9.0,6.0,1179.0,797.1662,62.0,0.0,180.029385,-8.734181,1,3,Medium
0.0,4.0,0.0,6.0,5.0,0.0,6.0,0.0,0.0,21.0,48.0,0.0,64.0,6.0,4.0,20.2621,587.7,197.0,-19.950000000000003,87.771471,89.078613,64.403424,61.50489400000001,149.0,42.0,122.4063,0.0,4.0,2777.479,2796.003992,0.0,6.0,1102.0,775.884,48.0,0.0,169.433508,-8.449732,1,3,Medium
0.0,4.0,1.0,7.0,0.0,0.0,10.0,0.0,0.0,22.0,53.0,0.0,74.0,7.0,4.0,21.0419,660.03,218.0,-21.31,103.065787,98.112639,68.103438,68.587459,165.0,46.0,136.201689,0.0,4.0,3075.882,3107.793724,0.0,6.0,1223.0,856.4950000000001,53.0,0.0,189.073508,-8.629041,1,3,Medium
4.0,0.0,2.0,8.0,8.0,0.0,0.0,0.0,0.0,22.0,52.0,0.0,60.0,12.0,0.0,3.1484,773.22,176.0,-18.76,89.20629,82.35748000000001,70.32063,51.713838,120.0,44.0,107.90708,0.0,0.0,2516.976,2106.698056,4.0,6.0,1000.0,673.8056,56.0,0.0,157.24,-8.336653,1,3,Medium
4.0,7.0,0.0,6.0,0.0,0.0,0.0,0.0,4.0,21.0,44.0,0.0,61.0,18.0,7.0,7.8288,838.4200000000001,200.0,-24.41,80.89796899999999,81.032007,62.56962,58.396308,144.0,38.0,116.259838,0.0,7.0,2791.2719999999995,3374.862575,12.0,6.0,1088.0,772.2450000000001,56.0,0.0,162.261139,-8.8659725,1,3,Medium
5.0,7.0,2.0,8.0,0.0,0.0,0.0,0.0,0.0,22.0,51.0,0.0,66.0,13.0,7.0,10.332699999999996,790.0100000000001,209.0,-24.22,86.246555,87.024951,65.178009,61.702517,153.0,43.0,123.07634,0.0,7.0,2922.4349999999995,3406.404934,5.0,6.0,1142.0,803.6020000000001,56.0,0.0,171.451139,-8.836896,1,3,Medium
5.0,8.0,2.0,8.0,0.0,0.0,0.0,0.0,0.0,23.0,53.0,0.0,69.0,13.0,8.0,12.248499999999998,816.3100000000001,221.0,-25.790000000000003,88.826754,91.362302,67.61169100000001,65.360601,163.0,45.0,129.771152,0.0,8.0,3084.623,3670.831819000001,5.0,6.0,1204.0,850.037,58.0,0.0,179.977016,-8.857159,1,3,Medium
5.0,5.0,0.0,6.0,0.0,5.0,0.0,0.0,0.0,21.0,48.0,0.0,59.0,11.0,5.0,7.098800000000001,772.8000000000001,185.0,-20.93,77.624935,80.923806,62.918775,53.916422,132.0,42.0,108.410531,0.0,5.0,2606.031,2774.721384,10.0,6.0,1022.0,710.3710000000001,53.0,0.0,154.549385,-8.724062,1,3,Medium
5.0,0.0,2.0,8.0,7.0,0.0,0.0,0.0,0.0,22.0,51.0,0.0,59.0,13.0,0.0,2.0706,790.0100000000001,174.0,-18.76,89.387399,80.477067,70.352535,50.802607,118.0,43.0,106.369076,0.0,0.0,2487.938,2088.462119,5.0,6.0,988.0,666.367,56.0,0.0,155.24,-8.341279,1,3,Medium
6.0,6.0,2.0,7.0,0.0,0.0,0.0,0.0,0.0,21.0,47.0,0.0,60.0,13.0,6.0,7.959299999999999,774.6000000000001,192.0,-22.61,81.566886,79.21428499999999,62.754267,56.129654,139.0,40.0,112.689203,0.0,6.0,2688.14,3079.116938,6.0,5.0,1051.0,736.5534,53.0,0.0,157.965262,-8.752024,1,3,Medium
6.0,5.0,2.0,8.0,0.0,0.0,0.0,0.0,0.0,21.0,48.0,0.0,61.0,14.0,5.0,6.1588,780.5000000000001,190.0,-21.87,84.296157,79.871775,63.51545,55.576072,136.0,40.0,112.456772,0.0,5.0,2669.138,2935.4645670000004,6.0,6.0,1046.0,730.1234000000001,54.0,0.0,158.609385,-8.658652,1,3,Medium
6.0,6.0,2.0,8.0,0.0,0.0,0.0,0.0,0.0,22.0,50.0,0.0,64.0,14.0,6.0,8.074599999999998,806.8000000000001,202.0,-23.44,86.87635599999999,84.209126,65.94913199999999,59.234156,146.0,42.0,119.151584,0.0,6.0,2831.326,3199.8914520000003,6.0,6.0,1108.0,776.5584,56.0,0.0,167.13526199999998,-8.754797,1,3,Medium
6.0,0.0,2.0,8.0,0.0,0.0,5.0,0.0,0.0,21.0,48.0,0.0,61.0,14.0,0.0,3.4378,780.5,175.0,-17.97,96.769662,78.81041,67.70954499999999,52.069632,121.0,40.0,108.409767,0.0,0.0,2499.053,2140.749032,6.0,6.0,996.0,677.9184,54.0,0.0,157.03,-8.438815,1,3,Medium
6.0,7.0,1.0,7.0,0.0,0.0,0.0,0.0,0.0,21.0,45.0,0.0,59.0,13.0,7.0,11.0195,734.47,194.0,-22.86,79.317384,79.00306800000001,61.908304,57.13208900000001,143.0,38.0,114.052351,0.0,7.0,2707.21,3193.717017,6.0,6.0,1057.0,752.2084,51.0,0.0,157.811139,-8.802085,1,3,Medium
7.0,0.0,1.0,6.0,0.0,0.0,0.0,7.0,0.0,21.0,50.0,0.0,70.0,13.0,7.0,9.7135,809.97,203.0,-24.22,85.457824,85.795715,60.017471,59.692032,146.0,44.0,118.167511,0.0,7.0,2845.285,3328.493108,7.0,5.0,1112.0,778.2008000000001,57.0,0.0,165.35236199999997,-8.9434595,1,3,Medium
7.0,0.0,1.0,7.0,0.0,0.0,6.0,0.0,0.0,21.0,44.0,0.0,57.0,14.0,0.0,5.4962,751.26,169.0,-17.4,94.915391,74.913605,67.712341,50.456,118.0,37.0,105.271189,0.0,0.0,2411.999,2033.544893,7.0,6.0,963.0,662.5188,51.0,0.0,151.60000000000002,-8.387839,1,3,Medium
8.0,0.0,1.0,7.0,5.0,0.0,0.0,0.0,0.0,21.0,43.0,0.0,50.0,15.0,0.0,0.6018000000000003,768.0500000000001,155.0,-17.4,82.820446,68.694358,67.14663999999999,44.409717,104.0,36.0,94.269079,0.0,0.0,2214.637,1839.302328,8.0,6.0,879.0,600.0962,51.0,0.0,137.6,-8.262859,1,3,Medium
8.0,4.0,2.0,8.0,0.0,0.0,0.0,0.0,0.0,22.0,48.0,0.0,60.0,16.0,4.0,3.5584,840.38,188.0,-21.880000000000003,88.135958,78.57747599999999,67.491378,54.297434,132.0,40.0,111.302072,0.0,4.0,2649.108,2786.864488,8.0,6.0,1040.0,722.4712000000001,56.0,0.0,158.503508,-8.547267,1,3,Medium
0.0,0.0,3.0,3.0,0.0,8.0,8.0,0.0,0.0,22.0,61.0,0.0,72.0,3.0,0.0,5.548699999999998,878.5300000000001,196.0,-19.41,97.924105,96.287451,70.494978,58.615421,135.0,58.0,118.164471,0.0,0.0,2813.208,2357.07076,8.0,0.0,1123.0,726.2414,61.0,0.0,176.59,-8.53561,1,4,Medium
0.0,0.0,2.0,5.0,0.0,6.0,8.0,0.0,0.0,21.0,57.0,0.0,70.0,5.0,0.0,7.507899999999999,783.4399999999999,190.0,-18.09,96.98649600000002,93.064415,67.382203,57.748626,133.0,52.0,116.832807,0.0,0.0,2724.23,2273.443838,6.0,3.0,1089.0,718.9878000000001,57.0,0.0,171.91,-8.539595,1,4,Medium
0.0,0.0,2.0,4.0,0.0,8.0,8.0,0.0,0.0,22.0,60.0,0.0,72.0,4.0,0.0,6.808399999999999,844.3000000000001,196.0,-18.92,98.403874,96.733724,70.41019800000001,59.064274,136.0,56.0,119.295188,0.0,0.0,2813.276,2328.018468,8.0,2.0,1124.0,735.4664,60.0,0.0,177.08,-8.543747,1,4,Medium
0.0,0.0,2.0,5.0,0.0,0.0,8.0,7.0,0.0,22.0,60.0,0.0,87.0,5.0,7.0,21.8227,752.97,240.0,-25.5,103.107255,107.699384,63.848624,74.569486,180.0,55.0,144.72969,0.0,7.0,3373.032,3796.021803000001,0.0,3.0,1331.0,921.188,60.0,0.0,201.072362,-8.8072815,1,4,Medium
0.0,7.0,3.0,5.0,0.0,6.0,0.0,0.0,0.0,21.0,59.0,0.0,71.0,5.0,7.0,8.801299999999998,823.5699999999999,212.0,-24.08,79.27839,94.973816,61.517614,62.356495,153.0,54.0,121.944867,0.0,7.0,2977.296,3430.388615,6.0,2.0,1163.0,786.8607999999999,59.0,0.0,174.591139,-8.994501,1,4,Medium
0.0,0.0,1.0,5.0,0.0,8.0,8.0,0.0,0.0,22.0,59.0,0.0,72.0,5.0,0.0,8.0681,810.07,196.0,-18.43,98.883643,97.179997,70.325418,59.513127,137.0,54.0,120.425905,0.0,0.0,2813.344,2298.966176,8.0,4.0,1125.0,744.6914,59.0,0.0,177.57,-8.539012,1,4,Medium
0.0,6.0,0.0,0.0,6.0,5.0,0.0,0.0,5.0,22.0,49.0,0.0,60.0,10.0,6.0,8.3168,909.2,199.0,-24.91,73.146355,86.365365,66.12843699999999,57.359373,140.0,49.0,112.756192,0.0,6.0,2795.065,3191.297315,15.0,0.0,1092.0,742.8045,59.0,0.0,162.66526199999998,-9.068271,1,4,Medium
0.0,8.0,2.0,5.0,0.0,6.0,0.0,0.0,0.0,21.0,57.0,0.0,70.0,5.0,8.0,11.8615,783.44,214.0,-24.33,77.028888,94.762599,60.671651,63.35893,157.0,52.0,123.30801499999998,0.0,8.0,2996.366,3544.988694,6.0,3.0,1169.0,802.5158000000001,57.0,0.0,174.43701599999997,-9.026076,1,4,Medium
0.0,0.0,2.0,5.0,0.0,8.0,7.0,0.0,0.0,22.0,61.0,0.0,73.0,5.0,0.0,5.552099999999999,850.2,197.0,-18.96,98.638444,97.603487,70.332562,59.21198,136.0,56.0,119.872158,0.0,0.0,2828.291,2343.309204,8.0,3.0,1129.0,739.4774,61.0,0.0,178.04,-8.558149,1,4,Medium
0.0,6.0,0.0,4.0,5.0,0.0,0.0,0.0,6.0,21.0,46.0,0.0,62.0,16.0,6.0,8.2769,851.24,201.0,-24.61,79.073163,84.93626499999999,63.564206,58.977006,143.0,42.0,116.871162,0.0,6.0,2815.243,3301.766592,12.0,4.0,1100.0,767.1866,58.0,0.0,164.965262,-8.901096,1,4,Medium
0.0,6.0,0.0,5.0,5.0,0.0,0.0,0.0,5.0,21.0,47.0,0.0,63.0,15.0,6.0,9.6183,811.25,202.0,-24.12,79.84769399999999,86.277256,63.372712,59.730554,145.0,42.0,118.448132,0.0,6.0,2830.298,3280.647685,10.0,5.0,1107.0,774.7905,57.0,0.0,166.455262,-8.856854,1,4,Medium
0.0,3.0,0.0,4.0,0.0,8.0,7.0,0.0,0.0,22.0,56.0,0.0,70.0,4.0,3.0,13.473,764.0400000000001,203.0,-20.2,91.410169,96.523563,67.87945300000001,61.770432,147.0,52.0,122.830885,0.0,3.0,2885.433,2716.161733,8.0,4.0,1146.0,777.2174,56.0,0.0,177.087631,-8.623473,1,4,Medium
0.0,0.0,3.0,5.0,0.0,0.0,0.0,7.0,7.0,22.0,62.0,0.0,88.0,19.0,7.0,1.1228000000000016,1114.33,241.0,-29.74,99.082329,104.824278,64.65277400000001,70.027445,165.0,57.0,137.175943,0.0,7.0,3387.699,4095.232332000001,14.0,2.0,1321.0,890.8237000000001,76.0,0.0,197.832362,-9.051565,1,4,Medium
0.0,4.0,0.0,5.0,0.0,5.0,8.0,0.0,0.0,22.0,54.0,0.0,71.0,5.0,4.0,17.752,709.25,210.0,-20.9,94.284466,96.984608,67.446211,64.859589,156.0,49.0,128.486346,0.0,4.0,2970.63,2943.8231940000005,5.0,5.0,1179.0,814.9259999999999,54.0,0.0,181.483508,-8.6409855,1,4,Medium
0.0,0.0,5.0,5.0,6.0,0.0,0.0,0.0,6.0,22.0,59.0,0.0,70.0,17.0,0.0,-8.0891,1084.09,196.0,-23.41,96.078835,90.05177900000001,71.728104,55.51220300000001,125.0,54.0,114.131051,0.0,0.0,2801.008,2661.263166,12.0,0.0,1105.0,709.3116,71.0,0.0,172.58999999999995,-8.49951,1,4,Medium
0.0,3.0,0.0,5.0,0.0,7.0,7.0,0.0,0.0,22.0,56.0,0.0,71.0,5.0,3.0,13.880399999999998,749.71,205.0,-20.2,93.356215,97.186329,67.96288799999999,62.664859,149.0,51.0,124.830885,0.0,3.0,2912.503,2749.261675,7.0,5.0,1157.0,788.9806,56.0,0.0,179.087631,-8.600235,1,4,Medium
0.0,3.0,0.0,6.0,0.0,7.0,6.0,0.0,0.0,22.0,57.0,0.0,72.0,6.0,3.0,12.6241,755.6100000000001,206.0,-20.24,93.590785,98.056092,67.88525200000001,62.81256499999999,149.0,51.0,125.407855,0.0,3.0,2927.518,2764.552411,7.0,6.0,1162.0,792.9916000000001,57.0,0.0,180.04763099999997,-8.617496,1,4,Medium
0.0,0.0,0.0,4.0,0.0,0.0,6.0,6.0,6.0,22.0,54.0,0.0,82.0,16.0,6.0,12.101799999999995,932.92,232.0,-26.6,101.440888,101.476434,65.705478,70.04848799999999,166.0,50.0,137.33545800000002,0.0,6.0,3263.84,3723.325876,12.0,4.0,1284.0,888.9486,66.0,0.0,193.890596,-8.855332,1,4,Medium
0.0,6.0,3.0,7.0,0.0,0.0,0.0,0.0,5.0,21.0,55.0,0.0,73.0,17.0,6.0,2.738199999999999,943.44,217.0,-25.79,89.811282,92.902947,63.736877,63.401735,152.0,48.0,125.827586,0.0,6.0,3045.4390000000003,3590.930431,10.0,4.0,1189.0,812.9905000000001,65.0,0.0,179.785262,-8.95168,1,4,Medium
0.0,5.0,5.0,5.0,0.0,0.0,7.0,0.0,0.0,22.0,59.0,0.0,76.0,5.0,5.0,14.0347,808.7500000000001,223.0,-24.130000000000003,99.12115,98.279346,67.448467,67.788747,164.0,54.0,133.64216199999998,0.0,5.0,3139.657,3413.5274710000003,0.0,0.0,1239.0,838.058,59.0,0.0,189.349385,-8.774497,1,4,Medium
0.0,2.0,0.0,6.0,0.0,6.0,8.0,0.0,0.0,22.0,56.0,0.0,72.0,6.0,2.0,13.7436,735.38,204.0,-19.42,97.796962,97.636822,68.885142,62.85799800000001,148.0,50.0,126.021484,0.0,2.0,2905.556,2623.4185099999995,6.0,6.0,1158.0,790.3028,56.0,0.0,180.771754,-8.526207,1,4,Medium
0.0,0.0,3.0,6.0,6.0,0.0,0.0,0.0,6.0,21.0,54.0,0.0,66.0,18.0,0.0,-5.6850000000000005,983.43,186.0,-21.6,91.728903,85.94948400000001,68.36367899999999,53.305407,120.0,48.0,109.930104,0.0,0.0,2657.958,2482.384068,12.0,3.0,1050.0,687.7566,66.0,0.0,164.39999999999998,-8.498382,1,4,Medium
0.0,3.0,0.0,5.0,0.0,0.0,8.0,0.0,6.0,22.0,49.0,0.0,71.0,17.0,3.0,9.9401,883.44,212.0,-23.1,102.096781,92.909982,69.773533,64.256854,151.0,44.0,128.792095,0.0,3.0,2996.648,3092.383975,12.0,5.0,1187.0,821.6886000000001,61.0,0.0,183.187631,-8.7190695,1,4,Medium
0.0,0.0,3.0,5.0,7.0,0.0,0.0,0.0,6.0,21.0,53.0,0.0,64.0,17.0,0.0,-5.0648,977.53,183.0,-21.56,89.448324,84.356582,68.341714,52.30185900000001,118.0,48.0,107.775783,0.0,0.0,2614.889,2437.758894,12.0,2.0,1033.0,674.5816,65.0,0.0,161.44,-8.488381,1,4,Medium
0.0,7.0,2.0,6.0,0.0,0.0,0.0,0.0,6.0,21.0,52.0,0.0,71.0,18.0,7.0,4.456999999999999,943.3,218.0,-26.53,86.78724899999999,91.350739,63.082408,63.650622000000006,154.0,46.0,125.613764,0.0,7.0,3049.454,3726.649417,12.0,4.0,1188.0,821.0416,64.0,0.0,178.14113899999995,-9.0466175,1,4,Medium
0.0,0.0,4.0,4.0,7.0,0.0,0.0,0.0,7.0,22.0,56.0,0.0,67.0,18.0,0.0,-7.550599999999999,1083.95,192.0,-23.37,93.503494,87.564159,71.812853,54.20396000000001,122.0,52.0,111.530477,0.0,0.0,2742.952,2608.704607,14.0,0.0,1082.0,697.7577,70.0,0.0,168.63,-8.510601,1,4,Medium
0.0,0.0,0.0,4.0,6.0,0.0,0.0,5.0,6.0,21.0,51.0,0.0,71.0,16.0,5.0,6.490599999999999,897.39,206.0,-24.83,85.407505,91.333683,62.945729,60.616106,143.0,47.0,120.061185,0.0,5.0,2903.302,3254.658477,12.0,4.0,1138.0,780.8716000000001,63.0,0.0,171.57882999999998,-8.860651,1,4,Medium
0.0,0.0,5.0,5.0,0.0,6.0,0.0,0.0,6.0,22.0,65.0,0.0,76.0,17.0,0.0,-14.2547,1205.47,202.0,-23.65,98.086033,95.632595,71.359284,56.166929,125.0,60.0,115.056977,0.0,0.0,2897.002,2730.414558,18.0,0.0,1141.0,717.7824,77.0,0.0,178.34999999999997,-8.515467,1,4,Medium
0.0,0.0,3.0,3.0,8.0,0.0,0.0,0.0,8.0,22.0,53.0,0.0,64.0,19.0,0.0,-7.0121,1083.81,188.0,-23.33,90.928153,85.076539,71.897602,52.895717000000005,119.0,50.0,108.929903,0.0,0.0,2684.896,2556.146048,16.0,0.0,1059.0,686.2038,69.0,0.0,164.67,-8.515904,1,4,Medium
0.0,6.0,0.0,5.0,0.0,2.0,0.0,0.0,9.0,22.0,51.0,0.0,71.0,23.0,6.0,0.4521999999999977,1061.5700000000002,219.0,-27.11,89.56984299999999,92.547111,67.27650799999999,63.04975,150.0,46.0,125.374238,0.0,6.0,3074.469,3642.823813,20.0,5.0,1199.0,826.7284999999999,69.0,0.0,180.465262,-8.96093,1,4,Medium
0.0,6.0,0.0,5.0,4.0,0.0,0.0,0.0,6.0,21.0,47.0,0.0,64.0,17.0,6.0,7.656699999999999,857.14,204.0,-24.65,81.353742,86.529167,63.586171,59.980554,145.0,42.0,119.025483,0.0,6.0,2858.312,3346.391766,12.0,5.0,1117.0,780.3616,59.0,0.0,167.92526199999998,-8.878671,1,4,Medium
0.0,2.0,0.0,5.0,0.0,0.0,0.0,13.0,2.0,22.0,62.0,0.0,97.0,9.0,15.0,25.2857,819.87,274.0,-32.94,89.622903,116.407528,55.722266,83.405876,208.0,57.0,157.004522,0.0,15.0,3795.35,5221.103204999999,4.0,5.0,1471.0,1047.9062,66.0,0.0,212.31471200000004,-9.2380495,1,4,Medium
0.0,7.0,5.0,5.0,0.0,0.0,4.0,0.0,0.0,21.0,57.0,0.0,73.0,5.0,7.0,13.751499999999998,782.45,220.0,-24.9,89.056848,94.578814,62.498328,66.234527,163.0,52.0,129.375553,0.0,7.0,3079.5199999999995,3625.929907,0.0,0.0,1207.0,822.946,57.0,0.0,181.771139,-8.906812,1,4,Medium
0.0,6.0,0.0,5.0,0.0,4.0,0.0,0.0,6.0,21.0,51.0,0.0,68.0,17.0,6.0,3.5462999999999987,938.06,208.0,-24.81,82.691874,90.249711,63.340291,60.417038,145.0,46.0,119.642767,0.0,6.0,2922.308,3392.492694,16.0,5.0,1141.0,786.0088000000001,63.0,0.0,171.765262,-8.916276,1,4,Medium
0.0,6.0,4.0,5.0,6.0,0.0,0.0,0.0,0.0,21.0,55.0,0.0,66.0,5.0,6.0,11.9067,742.3199999999999,204.0,-23.59,79.520694,89.604217,62.732397,60.699334,149.0,50.0,119.655793,0.0,6.0,2862.232,3246.6371440000003,0.0,1.0,1121.0,762.735,55.0,0.0,168.98526199999998,-8.799252,1,4,Medium
0.0,5.0,0.0,4.0,0.0,5.0,0.0,0.0,7.0,21.0,51.0,0.0,67.0,18.0,5.0,-0.0029999999999983,998.28,203.0,-24.56,82.700568,88.903444,64.20953300000001,58.215481,138.0,47.0,115.833366,0.0,5.0,2861.181,3236.859288000001,19.0,4.0,1118.0,760.2117000000001,65.0,0.0,168.91938499999998,-8.855531,1,4,Medium
0.0,5.0,0.0,5.0,0.0,5.0,0.0,0.0,6.0,21.0,52.0,0.0,68.0,17.0,5.0,1.3384,958.29,204.0,-24.07,83.475099,90.244435,64.018039,58.969029,140.0,47.0,117.410336,0.0,5.0,2876.236,3215.740381,17.0,5.0,1125.0,767.8156000000001,64.0,0.0,170.409385,-8.812033,1,4,Medium
0.0,8.0,0.0,2.0,0.0,0.0,0.0,0.0,6.0,16.0,34.0,0.0,50.0,14.0,8.0,8.2004,707.94,170.0,-22.14,58.47016599999999,66.61159,46.17734,49.5794,124.0,32.0,95.795724,0.0,8.0,2352.6620000000003,3208.324634,12.0,2.0,910.0,645.8966,46.0,0.0,132.627016,-9.192433,1,4,Medium
0.0,6.0,2.0,6.0,0.0,0.0,7.0,0.0,0.0,21.0,52.0,0.0,71.0,6.0,6.0,19.499,667.96,215.0,-22.57,92.521716,93.965834,63.238079000000006,66.584386,163.0,46.0,130.804363,0.0,6.0,3015.677,3349.2484520000003,0.0,4.0,1190.0,832.158,52.0,0.0,181.005262,-8.778648,1,4,Medium
0.0,2.0,0.0,5.0,0.0,7.0,8.0,0.0,0.0,22.0,56.0,0.0,71.0,5.0,2.0,13.3362,749.71,202.0,-19.42,95.850916,96.974056,68.80170700000001,61.963571,146.0,51.0,124.021484,0.0,2.0,2878.486,2590.318568,7.0,5.0,1147.0,778.5396,56.0,0.0,178.771754,-8.535707,1,4,Medium
0.0,0.0,4.0,4.0,0.0,0.0,8.0,0.0,6.0,22.0,56.0,0.0,74.0,16.0,0.0,-0.5002000000000013,1038.06,206.0,-22.84,108.365518,93.09736,72.396202,60.80069600000001,138.0,52.0,123.571934,0.0,0.0,2939.37,2777.63603,12.0,0.0,1168.0,765.4986,68.0,0.0,183.16000000000005,-8.6026745,1,4,Medium
0.0,8.0,0.0,5.0,0.0,2.0,0.0,0.0,6.0,21.0,49.0,0.0,68.0,17.0,8.0,7.962099999999999,897.5999999999999,216.0,-26.29,81.125424,90.260263,61.984795,63.313056,155.0,44.0,124.107629,0.0,8.0,3014.452,3745.99732,14.0,5.0,1173.0,822.3952,61.0,0.0,174.477016,-9.066197,1,4,Medium
0.0,0.0,3.0,3.0,0.0,0.0,6.0,0.0,10.0,22.0,53.0,0.0,72.0,23.0,0.0,-7.1187000000000005,1175.59,204.0,-24.39,106.216303,89.919195,72.922126,58.53076900000001,131.0,50.0,119.548711,0.0,0.0,2909.248,2863.640838,20.0,0.0,1151.0,752.3299999999999,73.0,0.0,179.61,-8.595273,1,4,Medium
0.0,9.0,0.0,2.0,0.0,2.0,0.0,0.0,8.0,21.0,46.0,0.0,65.0,18.0,9.0,7.0798000000000005,971.68,216.0,-28.01,76.84709099999999,86.920791,61.6066,62.359542000000005,154.0,44.0,121.18612,0.0,9.0,3003.344,3931.887505,18.0,2.0,1164.0,813.6174,62.0,0.0,170.852893,-9.299091,1,4,Medium
0.0,6.0,0.0,6.0,0.0,0.0,0.0,3.0,6.0,21.0,51.0,0.0,75.0,18.0,9.0,10.2138,890.73,228.0,-27.630000000000003,85.81963499999999,95.328003,60.575865,67.57323,165.0,45.0,131.686125,0.0,9.0,3177.672,4040.551233,12.0,6.0,1236.0,872.3256000000001,63.0,0.0,183.19056,-9.055206,1,4,Medium
0.0,4.0,5.0,5.0,7.0,0.0,0.0,0.0,0.0,21.0,57.0,0.0,66.0,5.0,4.0,7.6662,782.45,197.0,-22.56,82.21888799999999,88.88002200000001,64.317578,58.13976900000001,140.0,52.0,115.905893,0.0,4.0,2781.091,2943.75952,0.0,0.0,1093.0,727.4749999999999,57.0,0.0,166.823508,-8.637977,1,4,Medium
0.0,4.0,0.0,5.0,0.0,0.0,7.0,0.0,5.0,21.0,47.0,0.0,68.0,15.0,4.0,11.710399999999998,811.25,206.0,-22.56,95.067141,89.468405,65.54835500000002,62.607188,149.0,42.0,124.716085,0.0,4.0,2902.534,3109.433661,10.0,5.0,1147.0,799.7284999999999,57.0,0.0,175.823508,-8.763605,1,4,Medium
0.0,6.0,0.0,4.0,0.0,4.0,0.0,0.0,7.0,21.0,50.0,0.0,67.0,18.0,6.0,2.2049000000000003,978.05,207.0,-25.3,81.91734299999999,88.90872,63.531785,59.66349,143.0,46.0,118.065797,0.0,6.0,2907.253,3413.611601,18.0,4.0,1134.0,778.4049,64.0,0.0,170.275262,-8.984746,1,4,Medium
0.0,4.0,0.0,5.0,0.0,0.0,5.0,0.0,8.0,22.0,49.0,0.0,71.0,21.0,4.0,5.2889,975.22,215.0,-24.94,98.522158,92.179799,69.16243,63.746458,150.0,44.0,127.601496,0.0,4.0,3030.585,3324.146368,16.0,5.0,1193.0,824.9438,65.0,0.0,182.443508,-8.749321,1,4,Medium
0.0,3.0,0.0,5.0,0.0,8.0,7.0,0.0,0.0,23.0,59.0,0.0,74.0,5.0,3.0,13.588299999999998,796.24,213.0,-21.03,96.719639,101.518404,71.074318,64.874934,154.0,54.0,129.293266,0.0,3.0,3028.619,2836.936247,8.0,5.0,1203.0,817.2224,59.0,0.0,186.257631,-8.619054,1,4,Medium
0.0,5.0,5.0,5.0,6.0,0.0,0.0,0.0,0.0,21.0,57.0,0.0,67.0,5.0,5.0,8.8465,782.45,202.0,-23.340000000000003,81.770196,89.81543400000001,63.57836,59.69689900000001,145.0,52.0,118.292645,0.0,5.0,2843.1620000000003,3132.0370650000004,0.0,0.0,1115.0,747.08,57.0,0.0,169.13938499999998,-8.771664,1,4,Medium
0.0,5.0,0.0,4.0,0.0,0.0,6.0,0.0,6.0,21.0,46.0,0.0,67.0,16.0,5.0,10.9132,851.24,208.0,-23.83,91.797909,88.339687,64.90102999999999,62.554928,150.0,42.0,123.948516,0.0,5.0,2921.496,3289.495675,12.0,4.0,1150.0,802.5656000000001,58.0,0.0,174.649385,-8.832334,1,4,Medium
0.0,2.0,0.0,5.0,0.0,0.0,7.0,0.0,8.0,22.0,49.0,0.0,71.0,21.0,2.0,4.2005,975.22,209.0,-23.380000000000003,103.51156,91.755253,70.840068,62.34388200000001,144.0,44.0,125.982694,0.0,2.0,2962.551,3006.260154,16.0,5.0,1173.0,804.0618,65.0,0.0,181.811754,-8.668135,1,4,Medium
0.0,5.0,0.0,6.0,5.0,0.0,0.0,0.0,6.0,22.0,50.0,0.0,67.0,18.0,5.0,6.591700000000001,889.34,209.0,-24.700000000000003,87.111904,90.588596,67.520254,61.52792600000001,147.0,44.0,123.101112,0.0,5.0,2939.427,3278.888735,12.0,6.0,1152.0,800.7616,62.0,0.0,174.779385,-8.76175,1,4,Medium
0.0,0.0,2.0,8.0,0.0,0.0,5.0,0.0,6.0,21.0,54.0,0.0,73.0,20.0,0.0,-1.865,955.1,199.0,-21.15,104.719296,91.604354,68.798869,59.037018,133.0,46.0,121.101897,0.0,0.0,2841.365,2644.62914,12.0,6.0,1128.0,755.9766000000001,66.0,0.0,177.85000000000002,-8.577583,1,4,Medium
0.0,0.0,3.0,9.0,0.0,5.0,5.0,0.0,0.0,22.0,64.0,0.0,78.0,9.0,0.0,3.002,853.24,205.0,-19.53,104.465953,100.885038,70.51237499999999,61.74182,141.0,55.0,125.895381,0.0,0.0,2939.463,2502.242794,5.0,6.0,1171.0,773.5640000000001,64.0,0.0,185.47,-8.598618,1,4,Medium
0.0,0.0,2.0,8.0,0.0,0.0,0.0,6.0,5.0,21.0,60.0,0.0,85.0,18.0,6.0,3.2707,964.59,229.0,-26.5,97.353831,102.148616,62.022863,67.686064,159.0,52.0,133.650433,0.0,6.0,3225.6630000000005,3731.281455,10.0,6.0,1262.0,862.1635,70.0,0.0,190.990596,-8.779067,1,4,Medium
0.0,6.0,2.0,8.0,0.0,0.0,0.0,0.0,5.0,21.0,54.0,0.0,73.0,18.0,6.0,3.9979,909.21,217.0,-25.3,90.291051,93.34922,63.652097000000005,63.850588,153.0,46.0,126.958303,0.0,6.0,3045.507,3561.8781390000004,10.0,6.0,1190.0,822.2155,64.0,0.0,180.275262,-8.84883,1,4,Medium
0.0,0.0,2.0,8.0,6.0,0.0,0.0,0.0,5.0,21.0,54.0,0.0,67.0,18.0,0.0,-3.0838999999999994,909.21,187.0,-20.62,92.983203,87.736748,68.08740499999999,54.507808,123.0,46.0,112.637791,0.0,0.0,2673.081,2432.212869,10.0,6.0,1058.0,704.5855,64.0,0.0,166.38,-8.514327,1,4,Medium
0.0,6.0,1.0,7.0,0.0,0.0,0.0,7.0,0.0,21.0,58.0,0.0,85.0,7.0,13.0,23.719700000000003,698.34,250.0,-28.94,83.77848800000001,106.16398,55.380793,76.416977,192.0,51.0,145.408372,0.0,13.0,3464.046,4630.435111000001,0.0,6.0,1345.0,961.076,58.0,0.0,196.207624,-9.072732,1,4,Medium
0.0,5.0,0.0,6.0,0.0,5.0,0.0,6.0,0.0,22.0,61.0,0.0,84.0,6.0,11.0,19.5779,770.53,244.0,-27.6,84.118909,108.139678,59.867608,73.75178700000001,183.0,55.0,141.42125299999998,0.0,11.0,3403.92,4241.118995000001,5.0,6.0,1326.0,931.972,61.0,0.0,195.369981,-9.04042,1,4,Medium
0.0,7.0,1.0,7.0,0.0,0.0,0.0,6.0,0.0,21.0,57.0,0.0,83.0,7.0,13.0,23.8409,689.1100000000001,248.0,-28.74,82.601358,104.697414,55.652332,75.777731,191.0,50.0,144.293017,0.0,13.0,3434.02,4602.201225000001,0.0,6.0,1333.0,954.418,57.0,0.0,194.421735,-9.070738,1,4,Medium
0.0,7.0,1.0,7.0,0.0,0.0,0.0,0.0,6.0,21.0,51.0,0.0,71.0,19.0,7.0,5.716699999999998,909.07,218.0,-26.04,87.267018,91.797012,62.997628,64.09947500000001,155.0,44.0,126.744481,0.0,7.0,3049.522,3697.597125,12.0,6.0,1189.0,830.2666000000002,63.0,0.0,178.63113899999996,-8.949809,1,4,Medium
0.0,5.0,1.0,7.0,0.0,0.0,0.0,8.0,0.0,21.0,59.0,0.0,87.0,7.0,13.0,23.5985,707.57,252.0,-29.14,84.955618,107.630546,55.10925400000001,77.05622299999999,193.0,52.0,146.523727,0.0,13.0,3494.072,4658.668997000001,0.0,6.0,1357.0,967.734,59.0,0.0,197.993513,-9.074651,1,4,Medium
0.0,0.0,2.0,8.0,7.0,0.0,0.0,0.0,4.0,21.0,54.0,0.0,66.0,16.0,0.0,-1.1222999999999996,863.32,185.0,-20.09,91.477155,87.484837,67.87394599999999,54.257808,123.0,46.0,112.06044,0.0,0.0,2645.067,2366.468788,8.0,6.0,1048.0,699.0144,62.0,0.0,164.91,-8.51554,1,4,Medium
0.0,8.0,1.0,7.0,0.0,0.0,0.0,0.0,5.0,21.0,51.0,0.0,71.0,17.0,8.0,8.8586,863.1800000000001,221.0,-26.290000000000003,85.312278,92.480513,62.044951000000005,65.40660500000001,160.0,44.0,128.553882,0.0,8.0,3083.579,3820.130589,10.0,6.0,1201.0,844.3005,61.0,0.0,179.477016,-8.972184,1,4,Medium
0.0,0.0,1.0,7.0,0.0,0.0,0.0,8.0,6.0,22.0,61.0,0.0,90.0,19.0,8.0,6.662899999999999,1009.21,246.0,-29.21,99.264257,107.866891,63.258998,72.871527,173.0,54.0,142.362133,0.0,8.0,3451.918,4187.895098,12.0,6.0,1347.0,929.9656,73.0,0.0,201.444128,-8.925563,1,4,Medium
0.0,0.0,2.0,8.0,5.0,0.0,0.0,0.0,6.0,21.0,54.0,0.0,68.0,20.0,0.0,-5.0455000000000005,955.1,189.0,-21.15,94.489251,87.98865900000001,68.30086399999999,54.757808,123.0,46.0,113.215142,0.0,0.0,2701.0950000000003,2497.95695,12.0,6.0,1068.0,710.1566,66.0,0.0,167.85,-8.5148735,1,4,Medium
0.0,0.0,3.0,9.0,0.0,5.0,0.0,0.0,4.0,21.0,62.0,0.0,75.0,17.0,0.0,-8.7604,1010.5,196.0,-20.86,97.231209,94.875048,67.695306,56.361656,126.0,53.0,116.00997,0.0,0.0,2811.132,2542.397588,13.0,6.0,1111.0,723.1984,70.0,0.0,175.14,-8.545686,1,4,Medium
0.0,0.0,2.0,8.0,0.0,0.0,6.0,0.0,5.0,21.0,54.0,0.0,73.0,18.0,0.0,0.7326999999999995,909.21,199.0,-20.62,105.259257,92.075582,68.685011,59.642860000000006,135.0,46.0,122.101897,0.0,0.0,2841.405,2608.219497,10.0,6.0,1130.0,759.5695000000001,64.0,0.0,178.38000000000002,-8.600938,1,4,Medium
0.0,6.0,1.0,7.0,0.0,0.0,0.0,8.0,0.0,22.0,61.0,0.0,90.0,7.0,14.0,25.5143,733.8700000000001,264.0,-30.71,87.53581700000001,111.967897,57.542936,80.71430699999999,203.0,54.0,153.218539,0.0,14.0,3656.26,4923.095882,0.0,6.0,1419.0,1014.169,61.0,0.0,206.51939,-9.067354,1,4,Medium
0.0,6.0,2.0,8.0,0.0,0.0,0.0,6.0,0.0,22.0,62.0,0.0,88.0,8.0,12.0,20.896,761.44,256.0,-29.32,90.16033,109.903472,59.693160000000006,77.879798,194.0,54.0,149.39225,0.0,12.0,3558.136,4608.37566,0.0,6.0,1384.0,978.768,62.0,0.0,203.745858,-8.984357,1,4,Medium
0.0,0.0,3.0,9.0,0.0,0.0,0.0,4.0,6.0,22.0,63.0,0.0,86.0,21.0,4.0,-2.5737000000000005,1064.35,230.0,-26.43,104.513283,103.738041,67.55944600000001,67.20250899999999,155.0,54.0,134.709555,0.0,4.0,3255.67,3558.454654,12.0,6.0,1277.0,859.1636000000001,75.0,0.0,195.897064,-8.66057,1,4,Medium
0.0,0.0,4.0,10.0,0.0,4.0,3.0,0.0,0.0,21.0,64.0,0.0,77.0,10.0,0.0,-0.4782000000000002,852.74,199.0,-19.27,101.0919,97.846216,67.330453,59.378304,135.0,54.0,121.456223,0.0,0.0,2853.309,2474.201986,4.0,6.0,1134.0,744.1192000000001,64.0,0.0,179.73,-8.605825,1,4,Medium
0.0,3.0,4.0,10.0,0.0,0.0,0.0,0.0,4.0,21.0,60.0,0.0,77.0,18.0,3.0,-2.5816000000000003,955.38,212.0,-23.57,98.293857,95.770135,65.913712,62.045684,144.0,50.0,125.576546,0.0,3.0,3003.42,3167.906703,8.0,6.0,1180.0,792.0794000000001,68.0,0.0,182.717631,-8.647574,1,4,Medium
0.0,0.0,3.0,9.0,5.0,0.0,0.0,0.0,4.0,21.0,57.0,0.0,70.0,17.0,0.0,-3.6224,909.35,191.0,-20.66,95.55854399999998,90.224368,68.002656,55.816051,126.0,48.0,115.238365,0.0,0.0,2731.137,2484.771428,8.0,6.0,1081.0,716.1394,65.0,0.0,170.34,-8.517775,1,4,Medium
0.0,0.0,3.0,9.0,0.0,5.0,0.0,4.0,0.0,21.0,66.0,0.0,83.0,9.0,4.0,3.3224,863.86,216.0,-22.66,94.120769,103.475316,62.798442,64.14716,150.0,57.0,127.708994,0.0,4.0,3067.464,3145.466988,5.0,6.0,1207.0,805.9660000000001,66.0,0.0,185.667064,-8.689592,1,4,Medium
0.0,0.0,3.0,9.0,0.0,0.0,5.0,0.0,4.0,21.0,57.0,0.0,75.0,17.0,0.0,-0.4419000000000004,909.35,201.0,-20.66,105.788589,93.840063,68.500661,60.095261,136.0,48.0,123.12512,0.0,0.0,2871.407,2631.443618,8.0,6.0,1141.0,761.9594,65.0,0.0,180.34,-8.584285,1,4,Medium
0.0,4.0,3.0,9.0,0.0,6.0,0.0,0.0,0.0,22.0,65.0,0.0,78.0,9.0,4.0,3.5150999999999994,873.47,216.0,-22.69,92.775673,101.941127,66.996028,63.800251,151.0,56.0,127.70995499999998,0.0,4.0,3063.476,3120.206016,6.0,6.0,1205.0,807.5758000000001,65.0,0.0,185.693508,-8.701331,1,4,Medium
0.0,0.0,3.0,9.0,0.0,0.0,0.0,5.0,5.0,22.0,64.0,0.0,88.0,19.0,5.0,0.4469999999999992,1027.69,235.0,-26.880000000000003,103.735673,105.888108,66.33523,69.148885,161.0,55.0,137.634311,0.0,5.0,3319.753,3709.222004,10.0,6.0,1301.0,879.8555,74.0,0.0,198.52883,-8.6894455,1,4,Medium
0.0,5.0,0.0,6.0,5.0,0.0,0.0,0.0,5.0,21.0,48.0,0.0,64.0,16.0,5.0,7.817800000000002,817.1500000000001,200.0,-23.380000000000003,82.576965,86.93474599999999,64.133895,59.176972000000006,142.0,42.0,118.215701,0.0,5.0,2811.2960000000003,3136.995314,10.0,6.0,1102.0,768.3605,58.0,0.0,167.099385,-8.739611,1,4,Medium
0.0,3.0,4.0,10.0,0.0,0.0,0.0,0.0,5.0,22.0,62.0,0.0,80.0,20.0,3.0,-3.8077,1027.57,221.0,-24.89,102.828796,99.423985,69.300071,64.396638,149.0,52.0,130.46195699999998,0.0,3.0,3131.5510000000004,3309.8001240000003,10.0,6.0,1230.0,824.4805,72.0,0.0,190.397631,-8.636916,1,4,Medium
0.0,5.0,0.0,6.0,0.0,0.0,0.0,6.0,4.0,21.0,54.0,0.0,81.0,14.0,11.0,16.134000000000004,826.6400000000001,240.0,-28.730000000000004,85.44154499999999,101.094703,57.855894,72.10522800000001,178.0,48.0,138.650992,0.0,11.0,3335.864,4370.319819,8.0,6.0,1296.0,920.3674,62.0,0.0,190.239981,-9.087134,1,4,Medium
0.0,5.0,1.0,7.0,0.0,0.0,0.0,9.0,0.0,22.0,62.0,0.0,92.0,7.0,14.0,25.3931,743.1,266.0,-30.91,88.71294700000001,113.434463,57.27139700000001,81.353553,204.0,55.0,154.333894,0.0,14.0,3686.286,4951.329768,0.0,6.0,1431.0,1020.827,62.0,0.0,208.305279,-9.068835,1,4,Medium
0.0,0.0,3.0,9.0,0.0,5.0,0.0,0.0,5.0,22.0,64.0,0.0,78.0,19.0,0.0,-9.9865,1082.69,205.0,-22.18,101.766148,98.528898,71.081665,58.712610000000005,131.0,55.0,120.895381,0.0,0.0,2939.263,2684.291009,15.0,6.0,1161.0,755.5995,74.0,0.0,182.82,-8.555276,1,4,Medium
0.0,7.0,1.0,7.0,0.0,6.0,0.0,0.0,0.0,21.0,57.0,0.0,71.0,7.0,7.0,11.3207,755.1100000000001,212.0,-23.1,80.237928,95.866362,61.348054,63.254201,155.0,50.0,124.206301,0.0,7.0,2977.432,3372.284031,6.0,6.0,1165.0,805.3108000000002,57.0,0.0,175.57113899999996,-8.857412,1,4,Medium
0.0,7.0,0.0,6.0,0.0,3.0,0.0,0.0,5.0,21.0,51.0,0.0,69.0,16.0,7.0,7.095599999999999,877.8399999999999,213.0,-25.06,82.68318,91.595978,62.471049,62.618595000000006,152.0,45.0,123.452168,0.0,7.0,2983.4349999999995,3548.1261000000004,13.0,6.0,1164.0,811.8059000000001,61.0,0.0,174.61113899999998,-8.950268,1,4,Medium
0.0,7.0,0.0,6.0,0.0,2.0,0.0,6.0,0.0,21.0,56.0,0.0,81.0,6.0,13.0,24.2858,683.54,244.0,-28.25,79.18903499999999,103.818155,55.400682,74.43773,188.0,50.0,141.423734,0.0,13.0,3379.948,4506.949049,2.0,6.0,1312.0,940.1166,56.0,0.0,190.911735,-9.104598,1,4,Medium
0.0,2.0,3.0,9.0,0.0,7.0,0.0,0.0,0.0,21.0,64.0,0.0,75.0,9.0,2.0,-0.6086000000000005,867.4000000000001,200.0,-20.38,90.978699,97.5985,65.240094,58.694158,136.0,55.0,118.782712,0.0,2.0,2855.216,2679.0268180000003,7.0,6.0,1127.0,742.9476,64.0,0.0,175.811754,-8.6637535,1,4,Medium
0.0,7.0,2.0,8.0,0.0,0.0,0.0,5.0,0.0,22.0,61.0,0.0,86.0,8.0,12.0,21.017199999999995,752.21,254.0,-29.12,88.98320000000001,108.436906,59.964699,77.24055200000001,193.0,53.0,148.276895,0.0,12.0,3528.11,4580.141774,0.0,6.0,1372.0,972.11,61.0,0.0,201.959969,-8.984552,1,4,Medium
0.0,3.0,2.0,8.0,0.0,9.0,0.0,0.0,0.0,22.0,65.0,0.0,76.0,8.0,3.0,1.752099999999999,888.13,208.0,-21.46,90.146575,101.056592,67.422126,61.012241,143.0,57.0,122.608241,0.0,3.0,2963.3320000000003,2848.201527,9.0,6.0,1168.0,775.0812,65.0,0.0,180.827631,-8.6966095,1,4,Medium
0.0,0.0,3.0,9.0,4.0,5.0,0.0,0.0,0.0,21.0,62.0,0.0,71.0,9.0,0.0,-0.914,826.94,188.0,-18.74,91.207017,93.867404,66.84147,55.361656,126.0,53.0,113.700566,0.0,0.0,2699.076,2279.421264,5.0,6.0,1071.0,700.914,62.0,0.0,169.26,-8.591444,1,4,Medium
0.0,6.0,2.0,8.0,0.0,0.0,0.0,5.996695,0.0,21.996695,61.990085,0.0,87.983475,8.0,11.996695,20.890068847,761.32257335,255.95373,-29.31415015,90.147912027655,109.884290054315,59.686014117385,77.86559532435,193.963645,53.990085,149.366437398065,0.0,11.996695,3557.50073273,4607.408416151845,0.0,6.0,1383.75543,978.592527635,61.990085,0.0,203.71177761337,-8.984195,1,4,Medium
0.0,5.97523,2.0,8.0,0.0,0.0,0.0,5.996695,0.0,21.971925,61.940545,0.0,87.909165,8.0,11.971925,20.842614481,760.67112235,255.65649,-29.27526125,90.084000498425,109.776853870045,59.625731814245,77.77498458367,193.715945,53.940545,149.200606904825,0.0,11.971925,3553.48333597,4600.858562210395,0.0,6.0,1382.21969,977.442332685,61.940545,0.0,203.50059164008,-8.983893,1,4,Medium
0.0,5.0,0.0,6.0,0.0,0.0,5.0,5.0,0.0,21.0,53.0,0.0,79.0,6.0,10.0,26.1018,633.85,235.0,-25.630000000000003,88.91896,101.300776,58.51082,73.188062,182.0,47.0,140.726236,0.0,10.0,3271.981,4037.504254,0.0,6.0,1282.0,917.64,53.0,0.0,190.258215,-8.921096,1,4,Medium
0.0,8.0,0.0,6.0,0.0,2.0,0.0,0.0,5.0,21.0,50.0,0.0,69.0,16.0,8.0,9.3035,857.61,217.0,-25.8,81.899955,91.601254,61.793301,64.066604,157.0,44.0,125.684599,0.0,8.0,3029.507,3724.878413,12.0,6.0,1180.0,829.9991,60.0,0.0,175.967016,-9.000105,1,4,Medium
0.0,7.0,1.0,7.0,0.0,0.0,0.0,7.0,0.0,22.0,60.0,0.0,88.0,7.0,14.0,25.6355,724.6400000000001,262.0,-30.51,86.358687,110.501331,57.814475,80.075061,202.0,53.0,152.103184,0.0,14.0,3626.234,4894.8619960000005,0.0,6.0,1407.0,1007.5110000000002,60.0,0.0,204.733501,-9.065959,1,4,Medium
0.0,8.0,1.0,7.0,0.0,0.0,0.0,5.0,0.0,21.0,56.0,0.0,81.0,7.0,13.0,23.9621,679.8800000000001,246.0,-28.54,81.424228,103.230848,55.923871000000005,75.138485,190.0,49.0,143.177662,0.0,13.0,3403.994,4573.967339000001,0.0,6.0,1321.0,947.76,56.0,0.0,192.635846,-9.068814,1,4,Medium
0.0,0.0,1.0,7.0,0.0,0.0,7.0,0.0,6.0,21.0,51.0,0.0,71.0,19.0,0.0,1.9072999999999976,909.07,197.0,-20.58,104.729925,90.311101,68.869361,59.190459,134.0,44.0,121.078674,0.0,0.0,2811.403,2584.995376,12.0,6.0,1119.0,757.1796,63.0,0.0,176.42000000000002,-8.6171465,1,4,Medium
0.0,7.0,1.0,7.0,0.0,0.0,7.0,0.0,0.0,22.0,53.0,0.0,74.0,7.0,7.0,22.674499999999995,660.0300000000001,227.0,-23.65,95.581684,98.749458,65.58698100000001,70.69132300000001,174.0,46.0,138.62989199999998,0.0,7.0,3177.933,3584.6230450000003,0.0,6.0,1253.0,887.8180000000001,53.0,0.0,190.021139,-8.793844,1,4,Medium
0.0,5.0,0.0,6.0,5.0,0.0,0.0,5.0,0.0,21.0,53.0,0.0,74.0,6.0,10.0,22.9213,633.85,225.0,-25.630000000000003,78.68891500000001,97.685081,58.012815,68.908852,172.0,47.0,132.839481,0.0,10.0,3131.711,3890.832064,0.0,6.0,1222.0,871.82,53.0,0.0,180.258215,-8.926777,1,4,Medium
0.0,5.0,0.0,6.0,0.0,4.0,0.0,0.0,6.0,21.0,52.0,0.0,69.0,18.0,5.0,1.745800000000001,943.96,206.0,-24.07,85.421145,90.907201,64.101474,59.863456000000006,142.0,46.0,119.410336,0.0,5.0,2903.306,3248.840323,16.0,6.0,1136.0,779.5788000000001,64.0,0.0,172.409385,-8.776856,1,4,Medium
0.0,8.0,0.0,6.0,0.0,1.0,0.0,0.0,6.0,21.0,49.0,0.0,69.0,18.0,8.0,8.3695,883.27,218.0,-26.29,83.07147,90.923029,62.06823,64.207483,157.0,43.0,126.107629,0.0,8.0,3041.522,3779.097262,13.0,6.0,1184.0,834.1584,61.0,0.0,176.477016,-9.0064,1,4,Medium
0.0,8.0,2.0,8.0,0.0,0.0,0.0,4.0,0.0,22.0,60.0,0.0,84.0,8.0,12.0,21.1384,742.98,252.0,-28.92,87.80606999999999,106.97034,60.236238,76.601306,192.0,52.0,147.16154,0.0,12.0,3498.084,4551.907888000001,0.0,6.0,1360.0,965.452,60.0,0.0,200.17408,-8.985002,1,4,Medium
0.0,8.0,1.0,7.0,0.0,0.0,0.0,6.0,0.0,22.0,59.0,0.0,86.0,7.0,14.0,25.7567,715.4100000000001,260.0,-30.31,85.181557,109.034765,58.086014000000006,79.435815,201.0,52.0,150.98782899999998,0.0,14.0,3596.208,4866.62811,0.0,6.0,1395.0,1000.853,59.0,0.0,202.947612,-9.064733,1,4,Medium
0.0,8.0,0.0,6.0,2.0,0.0,0.0,0.0,6.0,22.0,50.0,0.0,70.0,18.0,8.0,10.1326,889.34,224.0,-27.04,85.765828,93.394832,65.3026,66.19931600000001,162.0,44.0,130.261368,0.0,8.0,3125.64,3843.72137,12.0,6.0,1218.0,859.5766,62.0,0.0,181.727016,-8.942985,1,4,Medium
0.0,9.0,1.0,7.0,0.0,0.0,0.0,0.0,4.0,21.0,51.0,0.0,71.0,15.0,9.0,12.0005,817.29,224.0,-26.540000000000003,83.357538,93.164014,61.092274,66.713735,165.0,44.0,130.363283,0.0,9.0,3117.636,3942.664053,8.0,6.0,1213.0,858.3344,59.0,0.0,180.322893,-8.989264,1,4,Medium
0.0,8.0,0.0,6.0,0.0,0.0,0.0,6.0,2.0,22.0,56.0,0.0,84.0,10.0,14.0,24.3336,761.16,258.0,-30.8,84.112264,106.799056,58.384222,78.377572,198.0,50.0,148.964606,0.0,14.0,3566.166,4879.813631999999,4.0,6.0,1382.0,994.8702,60.0,0.0,200.457612,-9.10794,1,4,Medium
2.0,8.0,0.0,4.0,0.0,0.0,0.0,0.0,7.0,21.0,44.0,0.0,63.0,20.0,8.0,6.520300000000001,930.71,209.0,-26.700000000000003,80.04404499999998,83.298174,62.363039,60.518804,149.0,40.0,119.146009,0.0,8.0,2909.323,3707.593889,16.0,4.0,1130.0,797.0905,60.0,0.0,167.067016,-9.109225,1,4,Medium
3.0,0.0,4.0,10.0,0.0,5.0,0.0,0.0,0.0,22.0,64.0,0.0,74.0,13.0,0.0,-5.911999999999999,949.64,195.0,-20.1,98.860624,94.367635,70.23879500000001,56.28716,128.0,54.0,116.57253899999998,0.0,0.0,2798.149,2419.165433,8.0,6.0,1108.0,722.5532000000001,67.0,0.0,174.9,-8.563755,1,4,Medium
4.0,8.0,2.0,8.0,0.0,0.0,0.0,0.0,0.0,22.0,52.0,0.0,68.0,12.0,8.0,12.5908,773.22,216.0,-25.0,85.616754,89.840776,64.406886,64.170878,160.0,44.0,127.001096,0.0,8.0,3013.544,3612.918416,4.0,6.0,1176.0,830.6456000000001,56.0,0.0,175.767016,-8.875486,1,4,Medium
4.0,0.0,3.0,9.0,5.0,0.0,0.0,0.0,0.0,21.0,53.0,0.0,62.0,13.0,0.0,-0.0872000000000001,792.95,175.0,-18.54,90.258788,81.69507200000001,67.27644000000001,51.171127000000006,118.0,44.0,106.776945,0.0,0.0,2502.929,2148.851356,4.0,6.0,993.0,664.1006,57.0,0.0,156.46,-8.409367,1,4,Medium
4.0,0.0,5.0,11.0,0.0,0.0,0.0,0.0,1.0,21.0,59.0,0.0,71.0,17.0,0.0,-7.049,930.9,189.0,-20.21,99.927614,87.42604500000002,67.747319,54.53761300000001,124.0,48.0,113.710146,0.0,0.0,2703.083,2451.200717,6.0,6.0,1069.0,703.9217000000001,65.0,0.0,168.79000000000002,-8.5233,1,4,Medium
4.0,0.0,3.0,9.0,0.0,5.0,0.0,0.0,0.0,21.0,58.0,0.0,67.0,13.0,0.0,-5.225200000000001,894.1,180.0,-18.74,91.931453,86.345752,66.96909,51.71673200000001,118.0,49.0,107.54855,0.0,0.0,2582.924,2206.477516,9.0,6.0,1023.0,671.1596,62.0,0.0,161.26,-8.561392,1,4,Medium
4.0,0.0,2.0,8.0,0.0,9.0,0.0,0.0,0.0,23.0,63.0,0.0,71.0,12.0,0.0,-5.3645000000000005,981.59,192.0,-19.91,95.245978,94.130643,72.9403,54.796881,125.0,55.0,113.604029,0.0,0.0,2761.084,2286.574484,13.0,6.0,1094.0,713.3418,67.0,0.0,172.09,-8.571194,1,4,Medium
5.0,0.0,2.0,8.0,0.0,6.0,0.0,0.0,0.0,21.0,55.0,0.0,63.0,13.0,0.0,-4.830500000000001,885.0900000000001,173.0,-18.21,88.365706,82.655944,66.81081499999999,49.356379,113.0,47.0,102.986942,0.0,0.0,2483.815,2081.464171,11.0,6.0,984.0,648.0078000000001,60.0,0.0,154.79,-8.550868,1,4,Medium
5.0,0.0,3.0,9.0,0.0,0.0,0.0,0.0,4.0,21.0,52.0,0.0,65.0,22.0,0.0,-9.0114,993.3,181.0,-20.66,96.464089,80.822303,68.16218099999999,51.259896,116.0,43.0,107.548345,0.0,0.0,2585.947,2393.591743,13.0,6.0,1021.0,678.9464,65.0,0.0,160.34,-8.519127,1,4,Medium
5.0,0.0,2.0,8.0,0.0,7.0,0.0,0.0,0.0,22.0,58.0,0.0,66.0,13.0,0.0,-5.1226,931.62,181.0,-19.04,91.72913,86.988019,69.922245,51.56645399999999,118.0,50.0,107.449323,0.0,0.0,2599.931,2169.138743,12.0,6.0,1030.0,676.2496,63.0,0.0,161.95999999999998,-8.563938,1,4,Medium
5.0,0.0,1.0,7.0,0.0,8.0,0.0,0.0,0.0,21.0,54.0,0.0,61.0,12.0,0.0,-4.3856,879.52,169.0,-17.72,84.953383,81.776685,66.559165,48.016378,110.0,47.0,100.117659,0.0,0.0,2429.743,1986.211995,13.0,6.0,963.0,633.7064,59.0,0.0,151.28,-8.55584,1,4,Medium
6.0,6.0,0.0,7.0,0.0,0.0,0.0,2.0,0.0,21.0,45.0,0.0,62.0,13.0,8.0,13.8373,712.8,200.0,-23.51,79.422142,81.724983,60.519263,59.413016,149.0,38.0,117.646209,0.0,8.0,2786.332,3364.784868,6.0,7.0,1087.0,781.1794000000001,51.0,0.0,161.228794,-8.879282,1,4,Medium
6.0,0.0,4.0,4.0,0.0,0.0,0.0,8.0,0.0,22.0,58.0,0.0,78.0,10.0,8.0,8.186599999999999,937.3,222.0,-27.5,89.875316,93.734128,62.424014,64.557582,158.0,54.0,126.277852,0.0,8.0,3109.402,3771.171866,6.0,0.0,1212.0,824.2324000000001,64.0,0.0,179.154128,-9.155565,1,4,Medium
6.0,8.0,3.0,4.0,0.0,0.0,0.0,0.0,0.0,21.0,46.0,0.0,58.0,10.0,8.0,10.3006,797.03,196.0,-24.58,75.628575,77.45303200000001,61.316681,56.787965,144.0,42.0,112.023348,0.0,8.0,2726.076,3395.473972,6.0,1.0,1060.0,740.1884,52.0,0.0,156.187016,-9.061981,1,4,Medium
6.0,7.0,2.0,8.0,0.0,0.0,0.0,0.0,0.0,23.0,52.0,0.0,67.0,14.0,7.0,9.9904,833.1,214.0,-25.01,89.45655500000001,88.54647700000001,68.382814,62.89224000000001,156.0,44.0,125.846396,0.0,7.0,2993.514,3464.318337,6.0,6.0,1170.0,822.9934000000001,58.0,0.0,175.661139,-8.829041,1,4,Medium
6.0,0.0,2.0,8.0,0.0,6.0,0.0,0.0,0.0,22.0,56.0,0.0,64.0,14.0,0.0,-5.1728000000000005,928.18,178.0,-19.0,91.575706,84.17747,70.01562,50.546102,116.0,48.0,105.75699799999998,0.0,0.0,2554.894,2139.377574,12.0,6.0,1012.0,667.3992000000001,62.0,0.0,159.0,-8.541128,1,4,Medium
6.0,0.0,2.0,8.0,0.0,5.0,0.0,0.0,0.0,21.0,53.0,0.0,61.0,14.0,0.0,-4.8807,881.65,170.0,-18.17,88.212282,79.845395,66.90419,48.336027,111.0,45.0,101.294617,0.0,0.0,2438.778,2051.703002,11.0,6.0,966.0,639.1574,59.0,0.0,151.82999999999998,-8.510008,1,4,Medium
6.0,6.0,0.0,6.0,4.0,0.0,0.0,0.0,0.0,22.0,44.0,0.0,56.0,12.0,6.0,13.0748,714.7400000000001,190.0,-22.3,78.71357799999998,78.730064,65.691712,56.11767,140.0,38.0,112.795734,0.0,6.0,2659.186,2963.286172,6.0,6.0,1042.0,742.3083999999999,50.0,0.0,156.27526199999997,-8.705876,1,4,Medium
7.0,8.0,1.0,6.0,0.0,0.0,0.0,0.0,0.0,22.0,45.0,0.0,59.0,13.0,8.0,12.4777,771.6600000000001,201.0,-24.39,79.798113,79.86710400000001,64.351926,58.875394,149.0,39.0,117.054838,0.0,8.0,2797.291,3395.2827910000005,7.0,5.0,1090.0,778.0298,52.0,0.0,161.37701599999997,-8.896483,1,4,Medium
7.0,0.0,2.0,8.0,0.0,5.0,0.0,0.0,0.0,22.0,54.0,0.0,62.0,15.0,0.0,-5.223000000000001,924.74,175.0,-18.96,91.422282,81.366921,70.108995,49.52575,114.0,46.0,104.064673,0.0,0.0,2509.857,2109.616405,12.0,6.0,994.0,658.5488,61.0,0.0,156.04,-8.504956,1,4,Medium
7.0,7.0,1.0,7.0,0.0,0.0,0.0,0.0,0.0,22.0,46.0,0.0,60.0,14.0,7.0,10.677199999999996,777.5600000000002,199.0,-23.65,82.527384,80.52459400000001,65.11310900000001,58.321812,146.0,39.0,116.822407,0.0,7.0,2778.289,3251.63042,7.0,6.0,1085.0,771.5998,53.0,0.0,162.021139,-8.788424,1,4,Medium
8.0,0.0,2.0,8.0,0.0,0.0,0.0,3.0,0.0,21.0,49.0,0.0,63.0,16.0,3.0,1.278999999999999,841.7700000000001,182.0,-20.910000000000004,89.087149,78.639823,64.243079,52.557088,125.0,41.0,107.95332499999998,0.0,3.0,2576.998,2607.139261,8.0,6.0,1014.0,696.0102,57.0,0.0,155.33529800000002,-8.529344,1,4,Medium
8.0,5.0,1.0,7.0,0.0,0.0,0.0,0.0,0.0,21.0,43.0,0.0,55.0,15.0,5.0,6.5033,768.0500000000002,180.0,-21.3,80.576986,73.371418,63.45055,52.195367000000005,129.0,36.0,106.202839,0.0,5.0,2524.992,2780.6900530000003,8.0,6.0,989.0,698.1212,51.0,0.0,149.179385,-8.58327,1,4,Medium
0.0,0.0,0.0,6.0,5.0,6.0,0.0,0.0,5.0,22.0,56.0,0.0,67.0,16.0,0.0,-3.5138,964.8300000000002,188.0,-20.51,89.856514,91.240441,70.63406499999999,54.147002,122.0,50.0,111.515927,0.0,0.0,2697.052,2340.908321,16.0,6.0,1068.0,705.6363,66.0,0.0,167.48999999999998,-8.570929,0,5,Low
0.0,6.0,0.0,4.0,6.0,0.0,0.0,0.0,5.0,21.0,46.0,0.0,61.0,14.0,6.0,10.2385,805.35,199.0,-24.08,77.567115,84.684354,63.350747,58.727006,143.0,42.0,116.293811,0.0,6.0,2787.229,3236.022511,10.0,4.0,1090.0,761.6155,56.0,0.0,163.495262,-8.87972,0,5,Low
0.0,8.0,0.0,0.0,6.0,2.0,0.0,0.0,6.0,22.0,46.0,0.0,60.0,12.0,8.0,11.7986,894.4000000000001,208.0,-26.880000000000003,72.75142,85.69769199999999,65.04786999999999,60.39627,150.0,46.0,117.644084,0.0,8.0,2899.224,3599.02079,14.0,0.0,1128.0,783.3502000000001,58.0,0.0,165.88701600000002,-9.171195,0,5,Low
0.0,8.0,0.0,3.0,5.0,0.0,0.0,0.0,5.0,21.0,45.0,0.0,61.0,13.0,8.0,13.219300000000002,799.45,206.0,-25.6,74.389152,84.962276,61.850346,60.837718,151.0,42.0,118.912994,0.0,8.0,2868.302,3567.952427,10.0,3.0,1117.0,787.6505,55.0,0.0,165.167016,-9.052455,0,5,Low
0.0,6.0,0.0,4.0,6.0,0.0,0.0,0.0,6.0,22.0,48.0,0.0,64.0,16.0,6.0,9.0124,877.54,208.0,-25.4,82.102054,88.33820399999999,66.737106,61.07796,148.0,44.0,121.179222,0.0,6.0,2915.36,3377.915932,12.0,4.0,1140.0,794.0166,60.0,0.0,171.17526199999998,-8.895687,0,5,Low
0.0,6.0,4.0,6.0,0.0,0.0,0.0,0.0,6.0,22.0,58.0,0.0,76.0,18.0,6.0,0.2523999999999988,1049.86,226.0,-27.6,93.866452,96.110524,67.208016,65.303836,156.0,52.0,129.58228,0.0,6.0,3173.502,3761.876144,12.0,2.0,1238.0,836.1666,70.0,0.0,186.975262,-9.01857,0,5,Low
0.0,3.0,0.0,4.0,0.0,7.0,0.0,0.0,8.0,22.0,55.0,0.0,70.0,20.0,3.0,-5.6449,1110.93,204.0,-24.4,88.80195699999999,92.546742,68.95138800000001,57.670417,133.0,51.0,116.253915,0.0,3.0,2897.168,3025.248083,23.0,4.0,1136.0,756.2264,71.0,0.0,173.887631,-8.681042,0,5,Low
0.0,2.0,0.0,5.0,0.0,8.0,0.0,0.0,7.0,22.0,57.0,0.0,71.0,19.0,2.0,-6.511399999999999,1091.17,201.0,-23.17,90.359713,93.882457,69.43764200000001,56.975956,130.0,52.0,115.598454,0.0,2.0,2866.151,2827.3768630000004,22.0,5.0,1127.0,745.6370999999999,71.0,0.0,174.021754,-8.629575,0,5,Low
0.0,8.0,0.0,2.0,4.0,0.0,0.0,0.0,8.0,22.0,46.0,0.0,64.0,18.0,8.0,8.690200000000003,957.52,216.0,-27.940000000000005,79.655608,87.527046,65.641658,62.685124,154.0,44.0,122.798786,0.0,8.0,3009.392,3796.708836,16.0,2.0,1170.0,818.0187999999999,62.0,0.0,172.827016,-9.141667,0,5,Low
0.0,2.0,0.0,5.0,0.0,8.0,0.0,0.0,6.0,21.0,55.0,0.0,68.0,17.0,2.0,-5.2853,1018.98,192.0,-21.85,85.824774,90.228607,66.05128300000001,54.625002,125.0,50.0,110.713043,0.0,2.0,2738.02,2685.483442,20.0,5.0,1077.0,713.236,67.0,0.0,166.34175399999998,-8.644003,0,5,Low
0.0,8.0,0.0,6.0,4.0,0.0,0.0,0.0,4.0,22.0,50.0,0.0,68.0,14.0,8.0,14.0558,797.56,220.0,-25.98,82.75373200000001,92.89101,64.875682,65.699316,162.0,44.0,129.106666,0.0,8.0,3069.612,3712.233208,8.0,6.0,1198.0,848.4343999999999,58.0,0.0,178.787016,-8.897391,0,5,Low
0.0,3.0,0.0,5.0,0.0,0.0,6.0,0.0,7.0,21.0,47.0,0.0,68.0,19.0,3.0,5.9708000000000006,903.03,203.0,-22.84,96.48192,88.313676,66.61489,60.694216,142.0,42.0,121.906684,0.0,3.0,2868.437,3023.30984,14.0,5.0,1133.0,782.1017000000002,61.0,0.0,174.447631,-8.704228,0,5,Low
0.0,6.0,2.0,5.0,0.0,0.0,0.0,0.0,8.0,21.0,51.0,0.0,70.0,21.0,6.0,-0.0263000000000008,1029.18,214.0,-26.770000000000003,87.967458,89.32624700000001,64.226579,61.589944,147.0,46.0,122.227393,0.0,6.0,3000.342,3625.23486,16.0,3.0,1169.0,799.4038,67.0,0.0,175.805262,-9.056306,0,5,Low
0.0,5.0,2.0,5.0,0.0,0.0,0.0,0.0,9.0,21.0,51.0,0.0,70.0,23.0,5.0,-3.1682,1075.0700000000002,211.0,-26.520000000000003,89.92219800000001,88.64274599999999,65.17925600000001,60.282814,142.0,46.0,120.417992,0.0,5.0,2966.285,3502.7013960000004,18.0,3.0,1157.0,785.3698999999999,69.0,0.0,174.959385,-8.921418,0,5,Low
0.0,5.0,2.0,6.0,0.0,0.0,0.0,0.0,8.0,21.0,52.0,0.0,71.0,22.0,5.0,-1.8267999999999995,1035.08,212.0,-26.03,90.696729,89.98373699999999,64.987762,61.036362,144.0,46.0,121.99496200000002,0.0,5.0,2981.34,3481.5824890000004,16.0,4.0,1164.0,792.9738000000001,68.0,0.0,176.449385,-8.8680525,0,5,Low
0.0,7.0,0.0,3.0,0.0,0.0,3.0,0.0,9.0,22.0,47.0,0.0,69.0,21.0,7.0,6.836399999999998,1009.31,222.0,-27.730000000000004,90.028954,90.605864,66.915103,64.94906800000001,157.0,44.0,127.875759,0.0,7.0,3102.566,3806.80386,18.0,3.0,1211.0,844.6519000000001,65.0,0.0,180.941139,-9.046516,0,5,Low
0.0,5.0,3.0,6.0,0.0,0.0,0.0,0.0,7.0,21.0,54.0,0.0,72.0,20.0,5.0,-1.745099999999999,1029.32,213.0,-26.03,90.991491,90.878455,64.881048,61.341057000000006,145.0,48.0,122.441215,0.0,5.0,2996.327,3489.5158740000006,14.0,3.0,1170.0,791.3527000000001,68.0,0.0,177.449385,-8.916654,0,5,Low
0.0,3.0,2.0,7.0,0.0,0.0,0.0,0.0,9.0,21.0,53.0,0.0,72.0,25.0,3.0,-6.7692000000000005,1086.87,207.0,-25.04,95.38074,89.95772600000001,66.701622,59.175650000000005,136.0,46.0,119.95313,0.0,3.0,2928.281,3215.396654,18.0,5.0,1147.0,772.5099,71.0,0.0,176.247631,-8.612974,0,5,Low
0.0,8.0,2.0,3.0,0.0,0.0,0.0,0.0,8.0,21.0,49.0,0.0,68.0,19.0,8.0,3.5747,1017.38,218.0,-28.25,82.508916,88.011267,62.70421300000001,62.697108,153.0,46.0,122.692255,0.0,8.0,3038.3459999999995,3912.539602,16.0,1.0,1179.0,812.2638000000001,65.0,0.0,174.51701599999998,-9.278561,0,5,Low
0.0,9.0,0.0,2.0,4.0,0.0,0.0,0.0,7.0,22.0,46.0,0.0,64.0,16.0,9.0,11.8321,911.63,219.0,-28.190000000000005,77.70086799999999,88.210547,64.688981,63.992254,159.0,44.0,124.608187,0.0,9.0,3043.449,3919.2423,14.0,2.0,1182.0,832.0527,60.0,0.0,173.672893,-9.148693,0,5,Low
0.0,9.0,3.0,6.0,3.0,0.0,0.0,0.0,0.0,21.0,54.0,0.0,69.0,6.0,9.0,16.707300000000004,708.09,219.0,-25.44,78.654387,92.856726,60.429963,65.819577,165.0,48.0,127.946766,0.0,9.0,3048.5130000000004,3782.417487,0.0,3.0,1188.0,830.7750000000001,54.0,0.0,176.422893,-8.940918,0,5,Low
0.0,6.0,0.0,5.0,5.0,0.0,0.0,0.0,6.0,22.0,49.0,0.0,66.0,17.0,6.0,8.392199999999999,883.44,211.0,-25.44,84.382633,89.931106,66.759071,62.081508,150.0,44.0,123.333543,0.0,6.0,2958.429,3422.541106,12.0,5.0,1157.0,807.1916,61.0,0.0,174.135262,-8.8725605,0,5,Low
0.0,4.0,0.0,5.0,0.0,8.0,0.0,0.0,4.0,21.0,55.0,0.0,68.0,13.0,4.0,0.998499999999999,927.2,198.0,-22.35,81.915294,91.595609,64.145929,57.239262,135.0,50.0,114.331845,0.0,4.0,2806.134,2930.55037,16.0,5.0,1101.0,741.3037999999999,63.0,0.0,168.033508,-8.7581,0,5,Low
0.0,6.0,4.0,6.0,0.0,0.0,6.0,0.0,0.0,22.0,58.0,0.0,76.0,6.0,6.0,15.8386,774.52,226.0,-24.42,97.106218,98.937892,66.524868,68.938888,168.0,52.0,135.58228,0.0,6.0,3173.742,3543.418286,0.0,2.0,1250.0,857.7239999999999,58.0,0.0,190.155262,-8.799675,0,5,Low
0.0,8.0,0.0,5.0,3.0,0.0,0.0,0.0,6.0,22.0,49.0,0.0,68.0,17.0,8.0,10.7528,883.4399999999999,221.0,-27.0,83.485249,91.80193,65.28063499999999,65.19576800000002,160.0,44.0,128.107047,0.0,8.0,3082.571,3799.096196,12.0,5.0,1201.0,846.4016,61.0,0.0,178.767016,-8.969404,0,5,Low
0.0,6.0,0.0,0.0,5.0,0.0,0.0,4.0,6.0,21.0,46.0,0.0,66.0,12.0,10.0,14.9941,864.56,217.0,-28.370000000000005,72.864599,88.17256900000001,59.433318,63.748318000000005,159.0,46.0,122.262306,0.0,10.0,3011.355,3989.31162,12.0,0.0,1168.0,819.5386000000001,58.0,0.0,169.532326,-9.308341,0,5,Low
0.0,8.0,0.0,5.0,0.0,0.0,6.0,0.0,2.0,21.0,47.0,0.0,68.0,9.0,8.0,21.6803,673.58,218.0,-24.090000000000003,86.70822,91.731181,61.851505,67.229866,167.0,42.0,130.953689,0.0,8.0,3038.722,3635.97716,4.0,5.0,1193.0,852.2712,51.0,0.0,178.67701600000004,-8.891494,0,5,Low
0.0,4.0,0.0,5.0,0.0,8.0,0.0,0.0,5.0,22.0,57.0,0.0,71.0,15.0,4.0,-0.2276000000000007,999.39,207.0,-23.67,86.450233,95.249459,67.532288,59.590216,140.0,52.0,119.217256,0.0,4.0,2934.2650000000003,3072.443791,18.0,5.0,1151.0,773.7049,67.0,0.0,175.71350800000002,-8.739546,0,5,Low
0.0,9.0,0.0,1.0,0.0,0.0,0.0,2.0,9.0,21.0,45.0,0.0,68.0,19.0,11.0,9.9118,989.67,227.0,-30.380000000000003,76.86036999999999,88.523484,59.89952,65.78050400000001,164.0,44.0,126.304722,0.0,11.0,3140.485,4362.9788100000005,18.0,1.0,1213.0,855.7158999999999,63.0,0.0,175.646425,-9.438869,0,5,Low
0.0,8.0,0.0,3.0,0.0,0.0,2.0,0.0,8.0,21.0,45.0,0.0,66.0,19.0,8.0,8.606700000000002,937.12,216.0,-27.190000000000005,82.999314,87.164287,62.689925,63.299402,155.0,42.0,123.799749,0.0,8.0,3008.452,3823.853546,16.0,3.0,1171.0,822.6918,61.0,0.0,173.577016,-9.138486,0,5,Low
0.0,0.0,3.0,6.0,0.0,0.0,5.0,0.0,8.0,22.0,56.0,0.0,75.0,22.0,0.0,-5.692200000000001,1101.51,207.0,-23.450000000000003,107.999935,93.47094,72.461502,60.185571,135.0,50.0,123.27962100000002,0.0,0.0,2954.373,2836.69376,16.0,3.0,1170.0,771.5488,72.0,0.0,183.55,-8.571822,0,5,Low
0.0,6.0,0.0,4.0,0.0,0.0,4.0,0.0,8.0,22.0,48.0,0.0,70.0,20.0,6.0,7.633599999999999,969.32,220.0,-26.46,93.298186,91.734582,67.562428,65.001328,156.0,44.0,128.643328,0.0,6.0,3083.604,3626.741846,16.0,4.0,1208.0,841.8148,64.0,0.0,182.115262,-8.912572,0,5,Low
0.0,0.0,5.0,4.0,7.0,0.0,0.0,0.0,6.0,22.0,58.0,0.0,68.0,16.0,0.0,-7.4689,1078.19,193.0,-23.37,93.798256,88.458877,71.70613900000001,54.508655000000005,123.0,54.0,111.97673,0.0,0.0,2757.939,2616.637992,12.0,-1.0,1088.0,696.1366,70.0,0.0,169.63,-8.503842,0,5,Low
0.0,3.0,0.0,3.0,0.0,0.0,0.0,9.0,8.0,23.0,58.0,0.0,90.0,19.0,12.0,12.435899999999998,1072.79,264.0,-33.69,93.76448,109.462629,63.4358,77.77136,190.0,55.0,148.84637,0.0,12.0,3671.096,4924.698504,16.0,3.0,1423.0,996.3658,74.0,0.0,207.333525,-9.260224,0,5,Low
0.0,8.0,0.0,3.0,4.0,0.0,0.0,0.0,7.0,22.0,47.0,0.0,65.0,17.0,8.0,10.0316,917.53,217.0,-27.450000000000003,80.430139,88.868037,65.450164,63.438672,156.0,44.0,124.375756,0.0,8.0,3024.447,3775.5899290000007,14.0,3.0,1177.0,825.6227000000001,61.0,0.0,174.317016,-9.067442,0,5,Low
0.0,0.0,0.0,4.0,6.0,0.0,0.0,6.0,6.0,22.0,54.0,0.0,76.0,16.0,6.0,8.2852,932.92,220.0,-26.6,89.164834,97.1376,65.10787199999999,64.913436,154.0,50.0,127.871352,0.0,6.0,3095.516,3547.319248,12.0,4.0,1212.0,833.9646,66.0,0.0,181.890596,-8.910582,0,5,Low
0.0,8.0,0.0,4.0,4.0,0.0,0.0,0.0,6.0,22.0,48.0,0.0,66.0,16.0,8.0,11.372999999999998,877.54,218.0,-26.96,81.20467,90.209028,65.25867,64.19222,158.0,44.0,125.952726,0.0,8.0,3039.502,3754.471022,12.0,4.0,1184.0,833.2266,60.0,0.0,175.80701599999998,-8.995714,0,5,Low
0.0,6.0,0.0,0.0,0.0,2.0,0.0,3.0,10.0,21.0,47.0,0.0,69.0,20.0,9.0,4.0334,1079.35,220.0,-29.590000000000003,78.829419,88.638507,61.174971,62.770184,153.0,47.0,121.378245,0.0,9.0,3063.312,4058.826977,22.0,0.0,1186.0,818.3836,67.0,0.0,173.23056,-9.464391,0,5,Low
0.0,4.0,5.0,5.0,0.0,0.0,0.0,0.0,8.0,22.0,59.0,0.0,76.0,21.0,4.0,-7.2911,1175.87,220.0,-27.590000000000003,97.296163,94.297249,69.19815,62.240723,145.0,54.0,124.832761,0.0,4.0,3105.32,3545.861508,16.0,0.0,1213.0,798.8738,75.0,0.0,184.793508,-8.870344,0,5,Low
0.0,4.0,0.0,0.0,6.0,0.0,0.0,4.0,8.0,22.0,48.0,0.0,68.0,16.0,8.0,9.4458,982.64,218.0,-28.660000000000004,79.80296999999999,90.207506,64.511572,63.235012,154.0,48.0,122.951564,0.0,8.0,3043.358,3820.394032,16.0,0.0,1184.0,818.3008000000001,64.0,0.0,174.050572,-9.232817,0,5,Low
0.0,2.0,0.0,5.0,0.0,0.0,7.0,0.0,7.0,21.0,47.0,0.0,68.0,19.0,2.0,5.4266000000000005,903.03,200.0,-22.06,98.976621,88.101403,67.453709,59.992928000000006,139.0,42.0,121.097283,0.0,2.0,2834.42,2864.366733,14.0,5.0,1123.0,771.6606999999999,61.0,0.0,174.131754,-8.678177,0,5,Low
0.0,5.0,0.0,5.0,0.0,0.0,0.0,4.0,7.0,21.0,51.0,0.0,76.0,19.0,9.0,8.7512,939.95,229.0,-28.32,86.222234,95.453578,60.49582000000001,67.458928,164.0,46.0,131.22451,0.0,9.0,3192.643,4089.904026,14.0,5.0,1241.0,871.3797000000002,65.0,0.0,183.486449,-9.137386,0,5,Low
0.0,5.0,5.0,6.0,0.0,0.0,0.0,0.0,5.0,21.0,58.0,0.0,74.0,16.0,5.0,-1.5816999999999997,1017.8,215.0,-26.03,91.581015,92.667891,64.66762,61.950447,147.0,52.0,123.333721,0.0,5.0,3026.3009999999995,3505.3826440000003,10.0,1.0,1182.0,788.1105,68.0,0.0,179.44938499999998,-8.975389,0,5,Low
0.0,0.0,5.0,5.0,0.0,5.0,0.0,0.0,7.0,22.0,64.0,0.0,76.0,19.0,0.0,-15.1887,1231.13,203.0,-24.14,99.257548,94.95437,71.634213,56.307808,125.0,59.0,115.480007,0.0,0.0,2909.017,2784.6334070000003,19.0,0.0,1145.0,721.9417000000001,78.0,0.0,178.86,-8.521905,0,5,Low
0.0,5.0,2.0,8.0,0.0,0.0,0.0,0.0,6.0,21.0,54.0,0.0,73.0,20.0,5.0,0.8559999999999999,955.1,214.0,-25.05,92.245791,92.665719,64.60477399999999,62.54345800000001,148.0,46.0,125.148902,0.0,5.0,3011.45,3439.3446750000003,12.0,6.0,1178.0,808.1816000000001,66.0,0.0,179.42938499999997,-8.7473755,0,5,Low
0.0,0.0,2.0,8.0,0.0,4.0,0.0,0.0,8.0,22.0,60.0,0.0,76.0,24.0,0.0,-12.3436,1154.1,204.0,-23.16,101.86837,95.614964,71.654802,57.795246000000006,128.0,52.0,119.295188,0.0,0.0,2921.236,2751.69538,20.0,6.0,1152.0,753.7760000000001,76.0,0.0,180.84,-8.54482,0,5,Low
0.0,1.0,0.0,6.0,0.0,8.0,0.0,0.0,6.0,21.0,56.0,0.0,69.0,18.0,1.0,-7.085800000000001,1024.88,190.0,-21.11,88.554045,90.886097,66.812466,54.07142,122.0,50.0,110.480612,0.0,1.0,2719.018,2541.831071,20.0,6.0,1072.0,706.806,68.0,0.0,166.98587700000002,-8.610687,0,5,Low
0.0,6.0,1.0,7.0,0.0,0.0,0.0,0.0,7.0,21.0,51.0,0.0,71.0,21.0,6.0,2.574800000000001,954.96,215.0,-25.79,89.221758,91.113511,63.950305,62.792345,150.0,44.0,124.93508,0.0,6.0,3015.465,3575.063661,14.0,6.0,1177.0,816.2327,65.0,0.0,177.785262,-8.880108,0,5,Low
0.0,6.0,2.0,8.0,0.0,0.0,0.0,0.0,6.0,22.0,56.0,0.0,76.0,20.0,6.0,2.771799999999999,981.4,226.0,-26.62,94.82599,97.00307,67.038456,66.201542,158.0,48.0,131.843714,0.0,6.0,3173.638,3703.77156,12.0,6.0,1240.0,854.6166000000001,68.0,0.0,187.955262,-8.842566,0,5,Low
0.0,10.0,1.0,7.0,0.0,4.0,0.0,0.0,0.0,22.0,57.0,0.0,74.0,7.0,10.0,17.652299999999997,740.95,232.0,-26.15,81.251677,100.214265,62.42624,69.808303,175.0,50.0,135.365975,0.0,10.0,3231.764,3990.215542,4.0,6.0,1259.0,888.1322,57.0,0.0,186.80877,-8.955937,0,5,Low
0.0,4.0,2.0,8.0,0.0,0.0,0.0,0.0,7.0,21.0,54.0,0.0,73.0,22.0,4.0,-2.2859,1000.99,211.0,-24.8,94.200531,91.982218,65.557451,61.236328,143.0,46.0,123.339501,0.0,4.0,2977.393,3316.811211,14.0,6.0,1166.0,794.1477,68.0,0.0,178.583508,-8.683813,0,5,Low
0.0,4.0,3.0,9.0,0.0,0.0,0.0,0.0,5.0,21.0,57.0,0.0,75.0,19.0,4.0,-0.8628,955.24,213.0,-24.31,95.269824,94.217927,65.259243,62.294571,146.0,48.0,125.362724,0.0,4.0,3007.4349999999995,3303.6256889999995,10.0,6.0,1179.0,800.1305,67.0,0.0,181.073508,-8.683614,0,5,Low
0.0,0.0,2.0,8.0,0.0,6.0,0.0,0.0,6.0,22.0,62.0,0.0,76.0,20.0,0.0,-10.4756,1102.7800000000002,202.0,-22.18,99.52534,96.971414,71.10494399999999,57.513488,128.0,54.0,118.449128,0.0,0.0,2897.206,2643.257682,18.0,6.0,1144.0,745.4574,74.0,0.0,179.82,-8.553696,0,5,Low
0.0,0.0,3.0,9.0,0.0,0.0,0.0,4.0,5.0,21.0,61.0,0.0,83.0,19.0,4.0,-1.3476,992.16,221.0,-25.11,99.978344,100.084191,64.17308700000001,64.85155499999999,150.0,52.0,129.824144,0.0,4.0,3127.539,3416.5612329999994,10.0,6.0,1227.0,826.7625,71.0,0.0,188.217064,-8.675249,0,5,Low
0.0,4.0,3.0,9.0,0.0,0.0,0.0,0.0,8.0,24.0,63.0,0.0,84.0,25.0,4.0,-4.5411,1171.81,240.0,-28.270000000000003,108.874641,105.179477,75.41832000000001,69.347433,161.0,54.0,140.018957,0.0,4.0,3391.8279999999995,3729.305952,16.0,6.0,1329.0,897.3338,79.0,0.0,204.113508,-8.6124935,0,5,Low
0.0,6.0,1.0,7.0,8.0,0.0,0.0,0.0,0.0,22.0,53.0,0.0,66.0,7.0,6.0,17.0415,660.0300000000001,208.0,-22.87,81.708313,92.752073,65.628992,63.143299,155.0,46.0,125.201683,0.0,6.0,2919.484,3191.004434,0.0,6.0,1147.0,804.0649999999999,53.0,0.0,173.705262,-8.61748,0,5,Low
0.0,5.0,2.0,8.0,0.0,0.0,0.0,0.0,8.0,23.0,58.0,0.0,79.0,24.0,5.0,-1.5961999999999996,1099.48,232.0,-27.69,101.315669,99.973419,71.377492,67.245366,158.0,50.0,134.919724,0.0,5.0,3267.7119999999995,3723.131517,16.0,6.0,1278.0,872.9838000000001,74.0,0.0,194.789385,-8.721804,0,5,Low
0.0,5.0,0.0,6.0,0.0,5.0,0.0,0.0,5.0,21.0,53.0,0.0,69.0,16.0,5.0,2.679800000000002,918.3,205.0,-23.58,84.24963,91.585426,63.826545,59.72257700000001,142.0,47.0,118.987306,0.0,5.0,2891.291,3194.6214740000005,15.0,6.0,1132.0,775.4195,63.0,0.0,171.899385,-8.778709,0,5,Low
0.0,6.0,1.0,7.0,0.0,0.0,8.0,0.0,0.0,22.0,53.0,0.0,74.0,7.0,6.0,22.1303,660.0300000000001,224.0,-22.87,98.07638500000002,98.537185,66.42580000000001,69.990035,171.0,46.0,137.820491,0.0,6.0,3143.916,3425.679938,0.0,6.0,1243.0,877.377,53.0,0.0,189.705262,-8.746424,0,5,Low
0.0,9.0,0.0,6.0,0.0,2.0,0.0,0.0,4.0,21.0,50.0,0.0,69.0,14.0,9.0,12.445400000000005,811.72,220.0,-26.05,79.94521499999999,92.284755,60.840624,65.373734,162.0,44.0,127.494,0.0,9.0,3063.564,3847.411877,10.0,6.0,1192.0,844.0330000000001,58.0,0.0,176.81289299999997,-9.018091,0,5,Low
0.0,6.0,0.0,6.0,4.0,0.0,0.0,0.0,5.0,21.0,48.0,0.0,65.0,16.0,6.0,8.9981,817.15,205.0,-24.16,82.12827300000001,87.87015799999999,63.394677,60.734102,147.0,42.0,120.602453,0.0,6.0,2873.367,3325.272859,10.0,6.0,1124.0,787.9655,58.0,0.0,169.41526199999998,-8.834192,0,5,Low
0.0,7.0,0.0,6.0,0.0,2.0,0.0,0.0,6.0,21.0,50.0,0.0,69.0,18.0,7.0,6.1616,903.5,214.0,-25.55,83.85469499999999,90.917753,62.745978,62.759474,152.0,44.0,123.875198,0.0,7.0,2995.45,3602.344949,14.0,6.0,1168.0,815.9652000000001,62.0,0.0,175.12113899999997,-8.964524,0,5,Low
0.0,0.0,2.0,8.0,0.0,6.0,0.0,0.0,8.0,24.0,66.0,0.0,82.0,24.0,0.0,-12.9278,1247.16,220.0,-24.82,108.595218,104.279114,77.877662,62.215396,138.0,58.0,128.21995,0.0,0.0,3153.468,2927.044524,22.0,6.0,1244.0,810.2596,82.0,0.0,195.18,-8.536924,0,5,Low
0.0,7.0,0.0,6.0,4.0,0.0,0.0,4.0,0.0,21.0,52.0,0.0,73.0,6.0,11.0,24.2228,624.62,228.0,-26.21,77.063093,97.153927,57.54513600000001,69.826736,176.0,46.0,134.110878,0.0,11.0,3163.7559999999994,4050.875723,0.0,6.0,1232.0,884.767,52.0,0.0,180.788203,-8.969104,0,5,Low
0.0,8.0,0.0,6.0,5.0,0.0,0.0,2.0,0.0,21.0,50.0,0.0,68.0,6.0,10.0,23.2849,606.1600000000001,219.0,-25.03,75.15752499999999,93.285383,58.827432,66.991114,169.0,44.0,129.493416,0.0,10.0,3041.633,3806.130406,0.0,6.0,1186.0,851.846,50.0,0.0,174.900548,-8.920074,0,5,Low
0.0,7.0,0.0,6.0,2.0,0.0,0.0,0.0,6.0,21.0,48.0,0.0,67.0,18.0,7.0,8.2168,863.04,212.0,-25.47,83.18562899999999,89.057481,62.868918,62.54123200000001,152.0,42.0,123.566556,0.0,7.0,2963.452,3579.294485,12.0,6.0,1156.0,813.1416,60.0,0.0,173.20113899999998,-8.937709,0,5,Low
1.0,10.0,0.0,4.0,0.0,0.0,0.0,0.0,6.0,21.0,45.0,0.0,65.0,17.0,10.0,11.9203,868.03,219.0,-27.730000000000004,77.459504,86.79749999999999,60.639239,64.294295,161.0,41.0,124.880166,0.0,10.0,3034.489,4036.640835,13.0,4.0,1176.0,838.168,58.0,0.0,172.22877,-9.174202,0,5,Low
1.0,8.0,0.0,6.0,0.0,0.0,6.0,0.0,0.0,21.0,47.0,0.0,67.0,7.0,8.0,23.9055,604.49,215.0,-23.07,86.157812,90.939848,61.478457000000006,66.822183,167.0,41.0,130.415304,0.0,8.0,2996.7249999999995,3530.878235,1.0,6.0,1178.0,846.8653999999999,48.0,0.0,176.697016,-8.866304,0,5,Low
3.0,6.0,0.0,6.0,0.0,0.0,0.0,0.0,6.0,21.0,45.0,0.0,63.0,21.0,6.0,3.8031000000000006,913.41,201.0,-24.69,84.17764799999999,82.48083,63.703851,58.250409000000005,141.0,39.0,116.565792,0.0,6.0,2814.267,3336.309129,15.0,6.0,1098.0,771.2208,60.0,0.0,164.88526199999998,-8.81298,0,5,Low
3.0,9.0,2.0,8.0,0.0,0.0,0.0,0.0,0.0,22.0,53.0,0.0,70.0,11.0,9.0,14.8489,756.4300000000001,223.0,-25.78,84.986953,92.656601,63.635763,66.639239,167.0,45.0,130.925852,0.0,9.0,3104.653,3819.431898,3.0,6.0,1210.0,857.6892,56.0,0.0,180.08289299999998,-8.902397,0,5,Low
4.0,5.0,0.0,4.0,0.0,0.0,0.0,0.0,8.0,21.0,42.0,0.0,59.0,24.0,5.0,-1.1377999999999986,1010.18,192.0,-24.89,83.258387,76.983023,64.857962,54.274952,130.0,38.0,109.487096,0.0,5.0,2693.048,3172.033461,20.0,4.0,1050.0,728.9694000000001,62.0,0.0,157.589385,-8.7640505,0,5,Low
4.0,0.0,0.0,4.0,0.0,0.0,0.0,6.0,8.0,22.0,50.0,0.0,74.0,24.0,6.0,0.0508000000000006,1091.86,216.0,-27.660000000000004,92.901366,90.11977,65.66241000000001,61.768512,146.0,46.0,122.874038,0.0,6.0,3035.392,3605.863662,20.0,4.0,1184.0,815.3524,70.0,0.0,176.830596,-9.0089035,0,5,Low
4.0,9.0,1.0,7.0,0.0,0.0,0.0,0.0,0.0,21.0,47.0,0.0,63.0,11.0,9.0,15.5357,700.8900000000001,208.0,-24.42,78.057782,84.63471799999999,60.366058,62.068811,157.0,40.0,121.901863,0.0,9.0,2889.428,3606.743981,4.0,6.0,1125.0,806.2956000000001,51.0,0.0,166.442893,-8.953367,0,5,Low
4.0,10.0,1.0,7.0,0.0,0.0,0.0,0.0,0.0,22.0,49.0,0.0,66.0,11.0,10.0,17.4515,727.19,220.0,-25.99,80.637981,88.972069,62.79974000000001,65.726895,167.0,42.0,128.596675,0.0,10.0,3051.616,3871.170866,4.0,6.0,1187.0,852.7306000000001,53.0,0.0,174.96877,-8.955044,0,5,Low
4.0,0.0,2.0,8.0,0.0,0.0,0.0,0.0,8.0,22.0,52.0,0.0,68.0,28.0,0.0,-12.5444,1140.34,192.0,-23.0,101.254674,84.37276800000001,72.028302,53.713838,120.0,44.0,112.525888,0.0,0.0,2741.088,2632.650704,20.0,6.0,1080.0,718.3744,72.0,0.0,169.0,-8.549365,0,5,Low
5.0,7.0,5.0,5.0,0.0,0.0,0.0,0.0,0.0,22.0,54.0,0.0,66.0,10.0,7.0,6.553599999999998,892.7,209.0,-25.69,84.807248,85.686132,65.43234899999999,60.355958,150.0,49.0,119.684189,0.0,7.0,2922.231,3493.56181,5.0,0.0,1139.0,775.927,59.0,0.0,169.98113899999998,-9.050324,0,5,Low
5.0,6.0,0.0,5.0,0.0,0.0,0.0,0.0,5.0,21.0,42.0,0.0,58.0,20.0,6.0,4.2293,895.2,192.0,-24.12,80.75323900000001,76.875191,63.532237,55.174399,135.0,37.0,110.75811199999998,0.0,6.0,2685.108,3189.468,15.0,5.0,1047.0,737.5975,57.0,0.0,156.455262,-8.77897,0,5,Low
5.0,8.0,1.0,7.0,0.0,0.0,0.0,0.0,0.0,21.0,46.0,0.0,61.0,12.0,8.0,13.277599999999998,717.6800000000001,201.0,-23.64,78.687583,81.818893,61.137181000000005,59.60045,150.0,39.0,117.977107,0.0,8.0,2798.319,3400.230499,5.0,6.0,1091.0,779.252,51.0,0.0,162.127016,-8.894667,0,5,Low
5.0,9.0,1.0,7.0,0.0,0.0,0.0,0.0,0.0,22.0,48.0,0.0,64.0,12.0,9.0,15.1934,743.98,213.0,-25.21,81.26778200000001,86.156244,63.570863,63.258534,160.0,41.0,124.671919,0.0,9.0,2960.507,3664.657384,5.0,6.0,1153.0,825.6870000000001,53.0,0.0,170.65289299999998,-8.927009,0,5,Low
5.0,0.0,1.0,7.0,0.0,0.0,0.0,0.0,9.0,22.0,48.0,0.0,64.0,30.0,0.0,-13.0837,1156.99,186.0,-22.96,98.860442,80.00473500000001,72.144956,51.494364,115.0,41.0,108.38731,0.0,0.0,2653.994,2561.856208,23.0,6.0,1045.0,699.3819000000001,71.0,0.0,163.04000000000002,-8.559388,0,5,Low
5.0,5.0,0.0,6.0,0.0,0.0,0.0,5.0,0.0,21.0,48.0,0.0,69.0,11.0,10.0,17.5323,717.8000000000001,215.0,-25.630000000000003,79.59446,88.283016,58.172340000000005,64.352697,162.0,42.0,125.149461,0.0,10.0,2986.521,3799.652379,5.0,6.0,1162.0,834.6270000000001,53.0,0.0,170.258215,-9.0294895,0,5,Low
6.0,4.0,0.0,7.0,0.0,0.0,0.0,4.0,0.0,21.0,47.0,0.0,66.0,13.0,8.0,13.5949,731.2600000000001,204.0,-23.91,81.77640199999999,84.65811500000001,59.976185,60.691508,151.0,40.0,119.876919,0.0,8.0,2846.384,3421.25264,6.0,7.0,1111.0,794.4954,53.0,0.0,164.800572,-8.918606,0,5,Low
6.0,0.0,2.0,8.0,0.0,0.0,0.0,0.0,6.0,22.0,50.0,0.0,64.0,26.0,0.0,-10.7768,1082.14,184.0,-21.94,98.604796,80.10812,71.665194,51.391376,116.0,42.0,108.295178,0.0,0.0,2626.984,2464.690668,18.0,6.0,1036.0,692.355,68.0,0.0,162.06,-8.531094,0,5,Low
6.0,6.0,5.0,5.0,0.0,0.0,0.0,0.0,0.0,22.0,53.0,0.0,64.0,11.0,6.0,4.295499999999999,909.49,202.0,-24.91,85.437049,82.870307,66.203472,57.887597,143.0,48.0,115.759433,0.0,6.0,2831.1220000000003,3287.0483280000003,6.0,0.0,1105.0,748.8833999999999,59.0,0.0,165.66526199999998,-8.999578,0,5,Low
6.0,8.0,1.0,7.0,0.0,0.0,0.0,0.0,0.0,22.0,47.0,0.0,62.0,13.0,8.0,12.9353,760.7700000000002,206.0,-24.43,81.897583,83.340419,64.34198599999999,60.790173,153.0,40.0,120.747163,0.0,8.0,2869.398,3458.1439020000003,6.0,6.0,1119.0,798.6433999999999,53.0,0.0,166.337016,-8.886525,0,5,Low
6.0,0.0,1.0,7.0,0.0,0.0,0.0,0.0,8.0,22.0,47.0,0.0,62.0,29.0,0.0,-12.1999,1127.89,182.0,-22.43,97.535503,77.872411,71.963402,50.333133,113.0,40.0,106.271955,0.0,0.0,2596.942,2477.87619,22.0,6.0,1023.0,686.3722,69.0,0.0,159.57,-8.548055,0,5,Low
7.0,8.0,0.0,4.0,0.0,0.0,0.0,3.0,0.0,22.0,44.0,0.0,62.0,11.0,11.0,18.7753,747.42,213.0,-26.72,75.621459,82.74060500000002,61.168980000000005,62.902731,162.0,40.0,122.228913,0.0,11.0,2944.443,3881.88927,7.0,4.0,1142.0,826.5188,51.0,0.0,165.29231399999998,-9.106305,0,5,Low
8.0,0.0,4.0,4.0,0.0,6.0,0.0,0.0,0.0,22.0,54.0,0.0,58.0,12.0,0.0,-8.607400000000002,1018.42,168.0,-19.9,86.417228,76.33829399999999,70.20506,45.818838,106.0,50.0,96.110914,0.0,0.0,2410.544,2071.759936,14.0,0.0,952.0,607.722,62.0,0.0,148.10000000000002,-8.433803,0,5,Low
0.0,12.0,1.0,3.0,0.0,6.0,0.0,0.0,0.0,22.0,55.0,0.0,70.0,3.0,12.0,20.4385,757.8100000000001,232.0,-27.63,71.901043,97.573753,60.737004,69.12661299999999,177.0,52.0,131.830837,0.0,12.0,3215.628,4211.3204000000005,6.0,2.0,1247.0,877.4658,55.0,0.0,181.520524,-9.19858,0,6,Low
0.0,5.0,2.0,7.0,0.0,0.0,0.0,7.0,0.0,21.0,60.0,0.0,86.0,7.0,12.0,20.6595,738.47,248.0,-28.69,86.02799,106.375197,56.22675600000001,75.414542,188.0,53.0,144.045224,0.0,12.0,3444.976,4515.835032000001,0.0,5.0,1339.0,945.421,60.0,0.0,196.361747,-9.059269,0,6,Low
0.0,8.0,1.0,7.0,0.0,0.0,0.0,0.0,6.0,22.0,53.0,0.0,74.0,19.0,8.0,7.6324999999999985,935.37,230.0,-27.61,89.847217,96.134363,65.43131,67.75755900000001,165.0,46.0,133.439293,0.0,8.0,3211.71,3962.02401,12.0,6.0,1251.0,876.7016000000001,65.0,0.0,187.157016,-8.943224,0,6,Low
0.0,7.0,0.0,5.0,0.0,0.0,4.0,0.0,6.0,22.0,49.0,0.0,71.0,17.0,7.0,12.116899999999998,883.44,224.0,-26.22,92.117977,93.759074,66.418257,67.062006,163.0,44.0,132.029699,0.0,7.0,3132.716,3728.156403,12.0,5.0,1227.0,863.4526000000001,61.0,0.0,184.451139,-8.882634,0,6,Low
0.0,10.0,2.0,4.0,0.0,0.0,0.0,0.0,5.0,21.0,50.0,0.0,69.0,14.0,10.0,11.1999,885.6100000000001,225.0,-28.26,79.37396700000001,90.71926,60.60736500000001,66.06491600000001,165.0,46.0,127.888027,0.0,10.0,3121.5150000000003,4136.487623,10.0,2.0,1210.0,847.9355,60.0,0.0,177.69877,-9.217945,0,6,Low
0.0,8.0,0.0,5.0,4.0,0.0,0.0,0.0,5.0,22.0,49.0,0.0,67.0,15.0,8.0,12.7144,837.55,219.0,-26.47,81.97920099999999,91.550019,65.067176,64.945768,160.0,44.0,127.529696,0.0,8.0,3054.557,3733.352115,10.0,5.0,1191.0,840.8305,59.0,0.0,177.297016,-8.944546,0,6,Low
0.0,4.0,0.0,2.0,0.0,0.0,0.0,10.0,6.0,22.0,56.0,0.0,88.0,14.0,14.0,18.4832,958.04,262.0,-33.56,85.72265999999999,107.301356,58.064042,77.920364,194.0,54.0,147.118146,0.0,14.0,3626.05,5077.224804,12.0,2.0,1402.0,991.0866,68.0,0.0,201.641168,-9.414016,0,6,Low
0.0,7.0,0.0,0.0,2.0,0.0,0.0,4.0,8.0,21.0,46.0,0.0,69.0,16.0,11.0,12.2512,956.34,226.0,-30.21,75.42800299999999,89.611803,59.12101800000001,65.805448,164.0,46.0,125.80376,0.0,11.0,3129.454,4309.077327,16.0,0.0,1210.0,850.2858,62.0,0.0,174.78820299999998,-9.442934,0,6,Low
0.0,3.0,0.0,4.0,0.0,0.0,0.0,6.0,8.0,21.0,52.0,0.0,79.0,20.0,9.0,7.167399999999999,998.4,232.0,-29.21,87.801963,97.045719,60.14423600000001,67.983872,164.0,48.0,131.87825,0.0,9.0,3237.6400000000003,4167.490705,16.0,4.0,1258.0,877.0918,68.0,0.0,185.568227,-9.224222,0,6,Low
0.0,6.0,0.0,0.0,6.0,0.0,0.0,4.0,6.0,22.0,48.0,0.0,68.0,12.0,10.0,15.729599999999998,890.86,224.0,-29.160000000000004,75.89349,91.574508,62.606218,65.84927200000001,164.0,48.0,126.570366,0.0,10.0,3111.472,4065.46096,12.0,0.0,1208.0,846.3686,60.0,0.0,175.742326,-9.2449,0,6,Low
0.0,3.0,0.0,5.0,0.0,0.0,6.0,0.0,8.0,22.0,49.0,0.0,71.0,21.0,3.0,4.7447,975.22,212.0,-24.16,101.016859,91.967526,70.001249,63.04517,147.0,44.0,126.792095,0.0,3.0,2996.568,3165.203261,16.0,5.0,1183.0,814.5028000000001,65.0,0.0,182.127631,-8.698388,0,6,Low
0.0,8.0,4.0,4.0,0.0,0.0,5.0,0.0,0.0,21.0,54.0,0.0,71.0,4.0,8.0,18.068,736.4200000000001,221.0,-25.11,86.572776,93.497834,61.730001,67.089256,167.0,50.0,130.161731,0.0,8.0,3083.575,3725.23925,0.0,0.0,1208.0,834.59,54.0,0.0,180.657016,-8.918798,0,6,Low
0.0,6.0,6.0,5.0,0.0,0.0,0.0,0.0,6.0,23.0,63.0,0.0,80.0,17.0,6.0,-2.151700000000001,1150.52,236.0,-29.41,98.216384,100.212819,70.572441,67.51063199999999,161.0,58.0,133.783227,0.0,6.0,3316.552,3940.755242,12.0,-1.0,1293.0,857.7216000000001,75.0,0.0,195.165262,-9.053244,0,6,Low
0.0,6.0,0.0,6.0,5.0,0.0,0.0,0.0,6.0,23.0,52.0,0.0,70.0,18.0,6.0,8.5075,915.64,221.0,-26.27,89.692103,94.925947,69.953936,65.18601000000001,157.0,46.0,129.795924,0.0,6.0,3101.615,3543.3156200000003,12.0,6.0,1214.0,847.1966000000001,64.0,0.0,183.305262,-8.812865,0,6,Low
0.0,4.0,0.0,4.0,0.0,0.0,0.0,5.0,8.0,21.0,51.0,0.0,77.0,20.0,9.0,7.288600000000001,989.17,230.0,-29.01,86.624833,95.579153,60.415775,67.344626,163.0,47.0,130.762895,0.0,9.0,3207.614,4139.256819,16.0,4.0,1246.0,870.4338,67.0,0.0,183.782338,-9.218383,0,6,Low
0.0,4.0,0.0,4.0,0.0,0.0,0.0,8.0,6.0,22.0,56.0,0.0,86.0,16.0,12.0,15.1246,951.38,254.0,-31.68,88.82694199999999,105.683204,60.129486,75.534708,186.0,52.0,144.422574,0.0,12.0,3527.994,4733.45229,12.0,4.0,1368.0,964.9106,68.0,0.0,199.357636,-9.232493,0,6,Low
0.0,6.0,0.0,4.0,4.0,0.0,0.0,0.0,8.0,22.0,48.0,0.0,66.0,20.0,6.0,5.0892,969.32,212.0,-26.46,85.11415,88.842026,67.164024,61.57796,148.0,44.0,122.333924,0.0,6.0,2971.388,3509.4040939999995,16.0,4.0,1160.0,805.1588,64.0,0.0,174.115262,-8.950137,0,6,Low
0.0,2.0,0.0,5.0,0.0,0.0,0.0,8.0,7.0,22.0,57.0,0.0,87.0,19.0,10.0,10.182200000000002,1003.17,249.0,-30.69,93.510953,105.657193,61.84334600000001,73.673996,178.0,52.0,142.380742,0.0,10.0,3474.935,4467.266455,14.0,5.0,1351.0,944.4467,71.0,0.0,199.155882,-9.137094,0,6,Low
0.0,2.0,0.0,4.0,0.0,0.0,0.0,9.0,7.0,22.0,57.0,0.0,88.0,18.0,11.0,11.8615,1006.5,253.0,-31.630000000000003,91.958812,106.466269,60.810624,74.866824,182.0,53.0,143.728528,0.0,11.0,3523.963,4639.152712,14.0,4.0,1368.0,957.5347000000002,71.0,0.0,200.297648,-9.226951,0,6,Low
0.0,9.0,5.0,5.0,0.0,3.0,0.0,0.0,0.0,22.0,62.0,0.0,76.0,5.0,9.0,11.220399999999998,869.44,232.0,-27.37,84.00791799999999,99.749429,63.609978,68.353736,170.0,57.0,132.61067599999998,0.0,9.0,3239.5600000000004,3995.872281,3.0,0.0,1261.0,856.5654000000001,62.0,0.0,187.492893,-9.086891,0,6,Low
0.0,6.0,3.0,5.0,0.0,0.0,0.0,0.0,8.0,22.0,55.0,0.0,74.0,21.0,6.0,-1.170700000000002,1095.61,224.0,-28.09,92.797159,93.874815,67.506224,64.245593,153.0,50.0,127.559057,0.0,6.0,3143.46,3775.061666,16.0,2.0,1225.0,830.1838,71.0,0.0,184.485262,-9.081775,0,6,Low
0.0,4.0,0.0,0.0,5.0,0.0,0.0,5.0,8.0,22.0,49.0,0.0,71.0,16.0,9.0,10.504899999999996,991.87,225.0,-29.64,80.531408,92.609484,63.500815,65.431388,160.0,49.0,126.453671,0.0,9.0,3135.455,4036.905463,16.0,0.0,1218.0,844.5638,65.0,0.0,178.152338,-9.287563,0,6,Low
0.0,0.0,6.0,5.0,6.0,0.0,0.0,0.0,5.0,22.0,61.0,0.0,71.0,15.0,0.0,-8.0074,1078.3300000000002,197.0,-23.410000000000004,96.373597,90.946497,71.62138999999999,55.816898,126.0,56.0,114.577304,0.0,0.0,2815.995,2669.196551,10.0,-1.0,1111.0,707.6905,71.0,0.0,173.59,-8.497644,0,6,Low
0.0,6.0,0.0,0.0,4.0,0.0,0.0,4.0,8.0,22.0,48.0,0.0,70.0,16.0,10.0,11.806400000000002,982.64,228.0,-30.22,78.905586,92.07833,63.033136,66.349272,164.0,48.0,127.725068,0.0,10.0,3167.5,4196.949122,16.0,0.0,1228.0,857.5108,64.0,0.0,178.682326,-9.330198,0,6,Low
0.0,4.0,0.0,5.0,0.0,0.0,0.0,5.0,7.0,21.0,52.0,0.0,78.0,19.0,9.0,8.629999999999999,949.18,231.0,-28.520000000000003,87.39936399999999,96.920144,60.224281000000005,68.098174,165.0,47.0,132.339865,0.0,9.0,3222.669,4118.137912,14.0,5.0,1253.0,878.0377000000001,66.0,0.0,185.272338,-9.143344,0,6,Low
0.0,7.0,0.0,3.0,4.0,0.0,0.0,0.0,7.0,21.0,45.0,0.0,62.0,17.0,7.0,8.1158,891.23,205.0,-25.880000000000003,77.84993999999999,84.530686,63.016482,59.78058800000001,146.0,42.0,117.680944,0.0,7.0,2862.259,3511.163044,14.0,3.0,1115.0,779.1877000000002,59.0,0.0,165.791139,-9.048899,0,6,Low
0.0,0.0,2.0,8.0,0.0,0.0,0.0,5.0,6.0,21.0,59.0,0.0,83.0,20.0,5.0,0.2499999999999982,1001.25,224.0,-26.05,98.131441,99.998549,63.247079,65.739688,153.0,51.0,130.725677,0.0,5.0,3161.58,3580.514105,12.0,6.0,1238.0,841.4716000000001,71.0,0.0,188.35883,-8.733659,0,6,Low
0.0,5.0,0.0,6.0,0.0,0.0,0.0,6.0,5.0,22.0,56.0,0.0,84.0,16.0,11.0,14.907900000000003,898.8300000000002,249.0,-30.050000000000004,89.976484,104.748553,61.242253,74.45618200000001,183.0,50.0,143.536403,0.0,11.0,3463.995,4512.21324,10.0,6.0,1346.0,952.7685,66.0,0.0,197.919981,-9.059883,0,6,Low
0.0,5.0,3.0,9.0,0.0,0.0,0.0,0.0,5.0,22.0,59.0,0.0,78.0,19.0,5.0,1.0530000000000008,981.54,225.0,-25.880000000000003,97.850023,98.555278,67.692925,65.952655,156.0,50.0,132.057536,0.0,5.0,3169.623,3568.0525740000003,10.0,6.0,1241.0,846.5654999999999,69.0,0.0,189.599385,-8.72618,0,6,Low
0.0,5.0,1.0,7.0,0.0,0.0,0.0,0.0,8.0,21.0,51.0,0.0,71.0,23.0,5.0,-0.5670999999999999,1000.85,212.0,-25.54,91.176498,90.43001,64.90298200000001,61.485215,145.0,44.0,123.125679,0.0,5.0,2981.4080000000004,3452.530197,16.0,6.0,1165.0,802.1988,67.0,0.0,176.939385,-8.747263,0,6,Low
0.0,0.0,1.0,7.0,0.0,6.0,0.0,0.0,8.0,22.0,59.0,0.0,74.0,23.0,0.0,-11.8987,1148.53,200.0,-22.67,98.456047,94.735705,71.403152,56.455245000000005,125.0,52.0,116.425905,0.0,0.0,2867.164,2656.443204,22.0,6.0,1131.0,739.4746,75.0,0.0,177.32999999999998,-8.554329,0,6,Low
0.0,0.0,1.0,7.0,0.0,9.0,0.0,0.0,5.0,22.0,62.0,0.0,74.0,17.0,0.0,-9.0967,1071.55,197.0,-21.2,94.941502,96.77038,70.57836499999999,56.032608,125.0,55.0,115.156815,0.0,0.0,2831.119,2493.786657,19.0,6.0,1119.0,726.9967,72.0,0.0,175.8,-8.569104,0,6,Low
0.0,0.0,2.0,8.0,0.0,7.0,0.0,0.0,4.0,21.0,61.0,0.0,73.0,16.0,0.0,-8.3155,1004.93,192.0,-20.37,93.818886,93.995789,67.44365599999999,55.021655,123.0,53.0,113.140687,0.0,0.0,2757.06,2447.145412,15.0,6.0,1090.0,708.8969999999999,69.0,0.0,171.63,-8.555513,0,6,Low
0.0,5.0,0.0,6.0,5.0,0.0,0.0,6.0,0.0,22.0,56.0,0.0,79.0,6.0,11.0,24.7159,669.3800000000001,239.0,-27.4,82.44624400000001,103.488998,60.174958,73.20618200000001,183.0,50.0,140.649648,0.0,11.0,3323.925,4183.492835,0.0,6.0,1296.0,924.913,56.0,0.0,190.569981,-8.942338,0,6,Low
0.0,6.0,0.0,6.0,5.0,0.0,0.0,0.0,4.0,21.0,48.0,0.0,64.0,14.0,6.0,10.959700000000002,771.26,203.0,-23.63,80.622225,87.618247,63.181218,60.484102,147.0,42.0,120.025102,0.0,6.0,2845.353,3259.5287780000003,8.0,6.0,1114.0,782.3944000000001,56.0,0.0,167.945262,-8.8119135,0,6,Low
0.0,0.0,1.0,7.0,0.0,6.0,0.0,0.0,7.0,21.0,57.0,0.0,71.0,21.0,0.0,-10.6726,1076.34,191.0,-21.35,93.921108,91.081855,68.016793,54.104291,120.0,50.0,111.540494,0.0,0.0,2739.033,2514.549783,20.0,6.0,1081.0,707.0735000000001,71.0,0.0,169.65,-8.544383,0,6,Low
0.0,8.0,0.0,6.0,0.0,0.0,0.0,7.0,0.0,21.0,55.0,0.0,83.0,6.0,15.0,28.5804,652.3100000000001,254.0,-29.93,78.799715,105.295273,53.773647,77.972994,199.0,49.0,147.003951,0.0,15.0,3502.118,4888.687561000001,0.0,6.0,1356.0,983.161,55.0,0.0,195.409378,-9.162049,0,6,Low
0.0,6.0,0.0,6.0,0.0,2.0,0.0,0.0,8.0,22.0,52.0,0.0,72.0,22.0,6.0,1.7935999999999996,1021.58,220.0,-26.62,90.344374,93.888102,67.085014,63.803298,152.0,46.0,126.951208,0.0,6.0,3089.5240000000003,3621.704906,18.0,6.0,1206.0,834.3324000000001,68.0,0.0,181.955262,-8.898123,0,6,Low
1.0,8.0,0.0,6.0,0.0,0.0,0.0,0.0,6.0,21.0,47.0,0.0,67.0,19.0,8.0,8.3193,879.83,215.0,-26.25,82.91804599999999,88.11248,62.161605,63.187131,155.0,41.0,124.415304,0.0,8.0,2996.485,3749.336093,13.0,6.0,1166.0,825.308,60.0,0.0,173.51701599999998,-8.998756,0,6,Low
2.0,7.0,0.0,6.0,0.0,0.0,0.0,0.0,6.0,21.0,46.0,0.0,65.0,20.0,7.0,6.0612,896.62,208.0,-25.47,83.54784699999999,85.296655,62.932728,60.718770000000006,148.0,40.0,120.490548,0.0,7.0,2905.376,3542.822611,14.0,6.0,1132.0,798.2644,60.0,0.0,169.20113899999998,-8.929515,0,6,Low
2.0,5.0,0.0,0.0,0.0,0.0,0.0,6.0,8.0,21.0,46.0,0.0,71.0,18.0,11.0,9.8532,1008.38,226.0,-30.61,78.144481,88.784109,58.64175,65.261478,162.0,46.0,124.958462,0.0,11.0,3131.4300000000003,4329.073225,18.0,0.0,1210.0,848.7246,64.0,0.0,174.359981,-9.50473,0,6,Low
2.0,8.0,0.0,4.0,0.0,0.0,0.0,0.0,8.0,22.0,46.0,0.0,66.0,22.0,8.0,5.2942,1002.9,218.0,-28.020000000000003,84.57898399999999,86.95202400000001,65.749398,62.869758,154.0,42.0,124.03142,0.0,8.0,3037.454,3849.48731,18.0,4.0,1180.0,829.4916000000001,64.0,0.0,174.747016,-9.096943,0,6,Low
2.0,8.0,0.0,6.0,0.0,0.0,0.0,0.0,5.0,21.0,46.0,0.0,65.0,18.0,8.0,9.2031,850.73,211.0,-25.72,81.593107,85.980156,61.980051,62.0259,153.0,40.0,122.299949,0.0,8.0,2939.433,3665.356075,12.0,6.0,1144.0,812.2983,58.0,0.0,170.047016,-8.985571,0,6,Low
3.0,0.0,3.0,9.0,0.0,0.0,0.0,0.0,6.0,21.0,54.0,0.0,69.0,24.0,0.0,-10.779,1051.5,189.0,-21.72,99.113967,85.086951,68.525289,53.582358000000006,120.0,45.0,111.779055,0.0,0.0,2700.051,2561.551779,15.0,6.0,1065.0,704.9658000000001,69.0,0.0,167.28,-8.531271,0,6,Low
4.0,0.0,0.0,4.0,0.0,0.0,0.0,7.0,7.0,22.0,51.0,0.0,76.0,22.0,7.0,3.071500000000002,1055.2,221.0,-28.11,92.123756,92.269837,64.43819400000001,63.714888,152.0,47.0,125.798794,0.0,7.0,3099.475,3756.631012,18.0,4.0,1208.0,836.0443,69.0,0.0,179.46236199999998,-9.093736,0,6,Low
4.0,8.0,0.0,4.0,0.0,0.0,0.0,0.0,6.0,22.0,44.0,0.0,62.0,20.0,8.0,7.0618,944.7,210.0,-26.96,81.92910599999999,82.687376,65.38629,60.547296,150.0,40.0,119.80071,0.0,8.0,2923.35,3681.527274,16.0,4.0,1136.0,803.4722,60.0,0.0,167.80701599999998,-9.046572,0,6,Low
4.0,10.0,4.0,4.0,0.0,0.0,0.0,0.0,0.0,22.0,52.0,0.0,66.0,8.0,10.0,13.6724,829.8800000000001,220.0,-27.46,79.198674,87.63325,63.054080000000006,64.380336,164.0,48.0,125.204524,0.0,10.0,3051.412,3958.327742,4.0,0.0,1184.0,825.0556,56.0,0.0,173.49877,-9.159798,0,6,Low
4.0,0.0,1.0,7.0,0.0,0.0,0.0,0.0,10.0,22.0,49.0,0.0,66.0,31.0,0.0,-13.9675,1186.09,190.0,-23.49,100.185381,82.137059,72.32651,52.655595000000005,117.0,42.0,110.502665,0.0,0.0,2711.046,2645.836226,24.0,6.0,1067.0,712.3915999999999,73.0,0.0,166.51,-8.568067,0,6,Low
4.0,0.0,2.0,8.0,0.0,0.0,0.0,0.0,7.0,21.0,50.0,0.0,65.0,26.0,0.0,-11.3183,1068.15,183.0,-21.68,96.719735,80.718918,68.641943,51.362884,115.0,42.0,107.640477,0.0,0.0,2612.957,2490.757283,18.0,6.0,1030.0,685.9733000000001,68.0,0.0,161.32,-8.542054,0,6,Low
5.0,5.0,0.0,0.0,0.0,0.0,0.0,6.0,6.0,22.0,45.0,0.0,68.0,17.0,11.0,11.2785,993.27,223.0,-30.340000000000003,78.70460299999999,86.040987,61.483447,64.128739,161.0,45.0,123.497808,0.0,11.0,3088.405,4219.026592,17.0,0.0,1194.0,842.0966000000001,62.0,0.0,171.629981,-9.431815,0,6,Low
5.0,0.0,3.0,9.0,0.0,0.0,0.0,0.0,5.0,22.0,54.0,0.0,68.0,24.0,0.0,-10.2375,1065.49,190.0,-21.98,100.999028,84.47615300000001,71.54854,53.61085,121.0,45.0,112.433756,0.0,0.0,2714.0779999999995,2535.485164,15.0,6.0,1071.0,711.3475000000001,69.0,0.0,168.02,-8.527886,0,6,Low
5.0,5.0,0.0,6.0,0.0,0.0,0.0,0.0,6.0,22.0,45.0,0.0,62.0,23.0,5.0,1.2027,973.29,199.0,-24.700000000000003,88.017449,81.186531,67.679779,56.971771,137.0,39.0,115.411092,0.0,5.0,2794.237,3187.70905,17.0,6.0,1092.0,763.5686000000001,62.0,0.0,164.779385,-8.649241,0,6,Low
5.0,5.0,0.0,6.0,0.0,0.0,0.0,0.0,5.0,21.0,43.0,0.0,59.0,21.0,5.0,2.4288000000000007,901.1,190.0,-23.380000000000003,83.48250999999999,77.532681,64.29342,54.620817,132.0,37.0,110.525681,0.0,5.0,2666.106,3045.815629,15.0,6.0,1042.0,731.1675,58.0,0.0,157.09938499999998,-8.629137,0,6,Low
0.0,5.0,0.0,0.0,5.0,0.0,0.0,7.0,5.0,22.0,51.0,0.0,75.0,10.0,12.0,19.6882,872.6600000000001,238.0,-30.790000000000003,77.02144799999999,97.593119,60.099706000000005,70.63127,177.0,51.0,134.112584,0.0,12.0,3297.678,4460.973627,10.0,0.0,1278.0,899.9815,61.0,0.0,184.261747,-9.322861,0,7,Low
0.0,6.0,0.0,0.0,5.0,0.0,0.0,6.0,5.0,22.0,50.0,0.0,73.0,10.0,12.0,19.809400000000004,863.4300000000001,236.0,-30.590000000000003,75.84431799999999,96.126553,60.371245,69.992024,176.0,50.0,132.997229,0.0,12.0,3267.652,4432.739740999999,10.0,0.0,1266.0,893.3235,60.0,0.0,182.475858,-9.316944,0,7,Low
0.0,10.0,0.0,1.0,0.0,0.0,0.0,3.0,8.0,22.0,48.0,0.0,73.0,17.0,13.0,14.848300000000004,979.31,244.0,-32.400000000000006,78.662959,95.010902,61.108986,71.38496400000001,180.0,47.0,135.92429,0.0,13.0,3366.7559999999994,4778.1730450000005,16.0,1.0,1299.0,922.8428,64.0,0.0,186.804068,-9.434934,0,7,Low
0.0,6.0,0.0,3.0,0.0,0.0,0.0,6.0,6.0,21.0,51.0,0.0,78.0,15.0,12.0,15.2517,900.72,240.0,-30.450000000000003,81.16321199999999,97.755231,57.477699,71.151714,177.0,48.0,135.72948300000002,0.0,12.0,3324.7560000000003,4556.2100040000005,12.0,3.0,1287.0,911.5896,63.0,0.0,186.615858,-9.318442,0,7,Low
0.0,6.0,0.0,6.0,0.0,0.0,0.0,5.0,5.0,22.0,55.0,0.0,82.0,16.0,11.0,15.029099999999998,889.5999999999999,247.0,-29.85,88.79935400000001,103.281987,61.513792,73.816936,182.0,49.0,142.42104799999998,0.0,11.0,3433.969,4483.979354,10.0,6.0,1334.0,946.1105,65.0,0.0,196.134092,-9.055373,0,7,Low
0.0,5.0,0.0,5.0,0.0,0.0,0.0,5.0,7.0,22.0,54.0,0.0,81.0,19.0,10.0,10.5458,975.48,243.0,-30.090000000000003,89.979563,101.257495,62.65796300000001,71.756258,175.0,49.0,139.03467700000002,0.0,10.0,3384.8569999999995,4382.564797,14.0,5.0,1315.0,924.4727,68.0,0.0,193.798215,-9.12296,0,7,Low
0.0,8.0,0.0,2.0,0.0,0.0,0.0,6.0,8.0,24.0,56.0,0.0,86.0,18.0,14.0,16.5158,1065.5,272.0,-35.400000000000006,90.084018,108.742792,65.922916,80.065288,200.0,54.0,152.427548,0.0,14.0,3762.208,5248.076102,16.0,2.0,1454.0,1029.2568,72.0,0.0,209.857612,-9.318584,0,7,Low
0.0,6.0,0.0,0.0,0.0,4.0,0.0,6.0,6.0,22.0,54.0,0.0,78.0,12.0,12.0,13.7374,990.24,242.0,-31.28,78.688498,100.099008,60.338824,70.678508,176.0,54.0,134.191864,0.0,12.0,3359.6620000000003,4544.58475,16.0,0.0,1300.0,904.5418,66.0,0.0,187.785858,-9.452183,0,7,Low
0.0,6.0,0.0,2.0,0.0,0.0,0.0,5.0,8.0,21.0,49.0,0.0,75.0,18.0,11.0,10.8896,977.37,234.0,-30.49,81.166291,94.264173,58.893409000000005,68.45179,169.0,47.0,131.227757,0.0,11.0,3245.6179999999995,4426.561561,16.0,2.0,1256.0,883.2938,65.0,0.0,182.494092,-9.382555,0,7,Low
0.0,0.0,0.0,2.0,4.0,0.0,0.0,8.0,8.0,22.0,54.0,0.0,80.0,18.0,8.0,7.720599999999999,1031.36,232.0,-29.54,89.072648,99.259574,63.469346,67.799092,162.0,52.0,131.721626,0.0,8.0,3249.6000000000004,4022.579924,16.0,2.0,1266.0,871.2828000000001,70.0,0.0,187.114128,-9.190006,0,7,Low
0.0,7.0,0.0,2.0,0.0,0.0,0.0,6.0,7.0,22.0,52.0,0.0,80.0,16.0,13.0,15.8261,967.01,251.0,-32.510000000000005,82.96887999999998,100.751591,60.102875,74.05625,185.0,50.0,140.847325,0.0,13.0,3471.889,4841.755796,14.0,2.0,1342.0,950.4207,66.0,0.0,193.651735,-9.378374,0,7,Low
0.0,7.0,1.0,7.0,0.0,0.0,0.0,0.0,7.0,22.0,53.0,0.0,74.0,21.0,7.0,4.490599999999999,981.26,227.0,-27.36,91.801957,95.450862,66.383987,66.450429,160.0,46.0,131.62989199999998,0.0,7.0,3177.653,3839.490546,14.0,6.0,1239.0,862.6677000000002,67.0,0.0,186.311139,-8.931329,0,7,Low
0.0,9.0,4.0,4.0,0.0,0.0,5.0,0.0,0.0,22.0,56.0,0.0,74.0,4.0,9.0,19.9838,762.72,233.0,-26.68,89.152975,97.835185,64.16368299999999,70.74734000000001,177.0,52.0,136.856543,0.0,9.0,3245.763,3989.666135,0.0,0.0,1270.0,881.0250000000001,56.0,0.0,189.182893,-8.934999,0,7,Low
0.0,8.0,0.0,5.0,0.0,0.0,1.0,0.0,8.0,22.0,49.0,0.0,71.0,21.0,8.0,7.4657,975.22,227.0,-28.06,88.543354,93.028891,65.807154,66.55161,162.0,44.0,130.8391,0.0,8.0,3166.653,3959.918796,16.0,5.0,1233.0,866.7078,65.0,0.0,183.707016,-9.024451,0,7,Low
0.0,8.0,2.0,0.0,4.0,0.0,0.0,0.0,8.0,22.0,48.0,0.0,64.0,16.0,8.0,6.1708,1025.98,216.0,-28.92,78.69606999999999,86.6345,65.811218,61.787418,152.0,48.0,120.537352,0.0,8.0,3009.256,3854.81342,16.0,-2.0,1168.0,799.5688,64.0,0.0,171.847016,-9.318171,0,7,Low
0.0,0.0,1.0,6.0,0.0,0.0,0.0,7.0,7.0,21.0,57.0,0.0,84.0,20.0,7.0,3.5269000000000013,1013.67,231.0,-27.93,94.732397,100.721983,61.288349,67.820649,160.0,51.0,132.974996,0.0,7.0,3244.649,3916.353234,14.0,5.0,1266.0,869.2687000000001,71.0,0.0,189.642362,-8.990894,0,7,Low
0.0,8.0,0.0,0.0,0.0,0.0,1.0,3.0,9.0,21.0,45.0,0.0,69.0,18.0,11.0,11.0469,993.0,228.0,-30.540000000000006,77.80293,89.120287,59.705617,66.27204400000001,165.0,45.0,126.843107,0.0,11.0,3155.496,4375.92196,18.0,0.0,1220.0,858.3629000000001,63.0,0.0,176.47231399999998,-9.459765,0,7,Low
0.0,6.0,0.0,2.0,0.0,0.0,0.0,6.0,8.0,22.0,52.0,0.0,80.0,18.0,12.0,12.684200000000002,1012.9,248.0,-32.260000000000005,84.92362,100.06809,61.055552000000006,72.74912,180.0,50.0,139.037924,0.0,12.0,3437.8320000000003,4719.222331999999,16.0,2.0,1330.0,936.3868,68.0,0.0,192.805858,-9.371584,0,7,Low
0.0,5.0,2.0,0.0,0.0,8.0,0.0,0.0,6.0,21.0,54.0,0.0,65.0,12.0,5.0,-2.4032,1069.74,198.0,-25.05,76.677423,87.36359099999999,63.937294,55.388042000000006,132.0,54.0,109.148902,0.0,5.0,2794.89,3174.5451390000003,20.0,-2.0,1090.0,714.076,66.0,0.0,163.429385,-9.086743,0,7,Low
0.0,6.0,0.0,0.0,3.0,0.0,0.0,6.0,6.0,21.0,48.0,0.0,72.0,12.0,12.0,17.112299999999998,883.02,231.0,-30.33,74.32147499999999,92.976525,57.411804,68.14107000000001,171.0,48.0,129.26652,0.0,12.0,3195.549,4422.334482,12.0,0.0,1236.0,872.0646,60.0,0.0,177.735858,-9.419209,0,7,Low
0.0,6.0,0.0,5.0,0.0,0.0,0.0,4.0,6.0,21.0,51.0,0.0,76.0,17.0,10.0,11.893099999999995,894.06,232.0,-28.57,84.267494,96.137079,59.543143,68.76605799999999,169.0,46.0,133.033911,0.0,10.0,3226.7,4212.43749,12.0,5.0,1253.0,885.4136000000001,63.0,0.0,184.332326,-9.142257,0,7,Low
0.0,6.0,0.0,0.0,0.0,0.0,2.0,6.0,8.0,22.0,50.0,0.0,78.0,16.0,12.0,15.1968,1001.1,246.0,-32.18,84.45447999999999,98.328564,61.210824,72.453708,180.0,50.0,137.883984,0.0,12.0,3407.802,4688.64086,16.0,0.0,1320.0,928.3648,66.0,0.0,190.885858,-9.404864,0,7,Low
0.0,4.0,0.0,3.0,0.0,0.0,0.0,8.0,7.0,22.0,55.0,0.0,85.0,17.0,12.0,13.7832,991.37,253.0,-32.17,88.052411,104.342213,60.320980000000006,74.78116,184.0,52.0,142.845604,0.0,12.0,3512.939,4754.571197,14.0,3.0,1361.0,957.3067,69.0,0.0,197.867636,-9.308456,0,7,Low
0.0,8.0,0.0,3.0,0.0,0.0,0.0,5.0,6.0,22.0,52.0,0.0,79.0,15.0,13.0,17.2887,917.79,250.0,-31.82,82.566281,100.626016,60.18292,74.170552,186.0,49.0,141.30894,0.0,13.0,3456.918,4792.403003,12.0,3.0,1337.0,951.3666,64.0,0.0,193.355846,-9.2953,0,7,Low
0.0,8.0,0.0,2.0,0.0,0.0,0.0,6.0,6.0,22.0,52.0,0.0,80.0,14.0,14.0,18.968,921.12,254.0,-32.760000000000005,81.01414,101.435092,59.150198,75.36338,190.0,50.0,142.656726,0.0,14.0,3505.946,4964.28926,12.0,2.0,1354.0,964.4546,64.0,0.0,194.497612,-9.385088,0,7,Low
0.0,4.0,0.0,5.0,0.0,0.0,0.0,4.0,8.0,21.0,51.0,0.0,76.0,21.0,8.0,5.609299999999999,985.84,226.0,-28.07,88.176974,94.770077,61.448497,66.151798,159.0,46.0,129.415109,0.0,8.0,3158.586,3967.370562,16.0,5.0,1229.0,857.3457999999999,67.0,0.0,182.640572,-9.124451,0,7,Low
0.0,8.0,2.0,0.0,0.0,0.0,0.0,4.0,8.0,22.0,52.0,0.0,76.0,16.0,12.0,10.4072,1062.9,244.0,-32.84,81.609822,96.242412,61.76819,70.57292199999999,176.0,52.0,134.54578,0.0,12.0,3377.644,4720.859144,16.0,-2.0,1304.0,904.6208,68.0,0.0,188.25408,-9.534314,0,7,Low
0.0,6.0,0.0,4.0,0.0,0.0,0.0,4.0,8.0,22.0,52.0,0.0,78.0,20.0,10.0,9.3256,1006.24,240.0,-30.380000000000003,88.027902,98.449938,63.120996000000005,70.363464,172.0,48.0,136.342352,0.0,10.0,3339.776,4375.449818,16.0,4.0,1296.0,910.2108,68.0,0.0,190.522326,-9.193927,0,7,Low
0.0,7.0,0.0,3.0,0.0,0.0,6.0,0.0,5.0,21.0,45.0,0.0,66.0,13.0,7.0,15.8556,799.45,213.0,-24.82,87.11389799999999,88.365698,63.18717,64.41564,158.0,42.0,125.990348,0.0,7.0,2974.5549999999994,3555.6815099999994,10.0,3.0,1167.0,823.0295000000001,55.0,0.0,174.85113900000002,-8.942712,0,7,Low
0.0,4.0,0.0,4.0,0.0,0.0,0.0,6.0,8.0,22.0,54.0,0.0,82.0,20.0,10.0,9.0832,1024.7,244.0,-30.78,90.382162,101.38307,62.577918,71.64195600000001,174.0,50.0,138.573062,0.0,10.0,3399.8280000000004,4431.91759,16.0,4.0,1320.0,923.5268,70.0,0.0,194.094104,-9.20161,0,7,Low
0.0,0.0,0.0,5.0,3.0,0.0,0.0,6.0,8.0,22.0,55.0,0.0,80.0,21.0,6.0,3.7418,1030.6,227.0,-27.700000000000003,94.457509,99.234324,65.556755,66.416984,156.0,50.0,131.180375,0.0,6.0,3194.6130000000003,3723.432584,16.0,5.0,1249.0,858.2818,71.0,0.0,187.790596,-8.913364,0,7,Low
0.0,6.0,0.0,1.0,0.0,0.0,0.0,6.0,8.0,21.0,49.0,0.0,76.0,17.0,12.0,12.568899999999998,980.7,238.0,-31.43,79.61415,95.073249,57.860687,69.644618,173.0,48.0,132.575543,0.0,12.0,3294.646,4598.447818,16.0,1.0,1273.0,896.3818,65.0,0.0,183.635858,-9.471197,0,7,Low
0.0,7.0,0.0,1.0,0.0,0.0,0.0,6.0,7.0,21.0,49.0,0.0,76.0,15.0,13.0,15.7108,934.81,241.0,-31.68,77.65941,95.75675,56.90801,70.951748,178.0,48.0,134.38494400000002,0.0,13.0,3328.703,4720.981282,14.0,1.0,1285.0,910.4157,63.0,0.0,184.481735,-9.476193,0,7,Low
0.0,5.0,0.0,6.0,0.0,0.0,0.0,5.0,5.0,21.0,53.0,0.0,79.0,16.0,10.0,13.1133,863.3,235.0,-28.28,86.219155,98.944636,59.080110000000005,70.158852,172.0,47.0,135.726236,0.0,10.0,3271.781,4219.552469,10.0,6.0,1272.0,899.6755,63.0,0.0,187.608215,-9.071954,0,7,Low
0.0,8.0,0.0,4.0,0.0,0.0,4.0,0.0,6.0,22.0,48.0,0.0,70.0,16.0,8.0,13.9174,877.54,226.0,-26.96,89.388706,93.101584,65.657074,67.615588,166.0,44.0,132.26213,0.0,8.0,3151.718,3871.808774,12.0,4.0,1232.0,869.8826,60.0,0.0,183.807016,-8.94769,0,7,Low
0.0,10.0,0.0,5.0,0.0,0.0,4.0,0.0,2.0,21.0,47.0,0.0,68.0,9.0,10.0,22.7687,673.58,224.0,-25.65,81.718818,92.155727,60.173867,68.63244200000001,173.0,42.0,132.572491,0.0,10.0,3106.756,3953.863374000001,4.0,5.0,1213.0,873.1532,51.0,0.0,179.30876999999998,-8.971377,0,7,Low
0.0,6.0,0.0,5.0,0.0,8.0,0.0,0.0,4.0,23.0,59.0,0.0,74.0,13.0,6.0,4.830099999999999,979.8,222.0,-25.49,87.075692,100.270311,69.01329299999999,64.55543,155.0,54.0,127.721469,0.0,6.0,3130.51,3459.40414,16.0,5.0,1225.0,834.1738,67.0,0.0,185.085262,-8.86641,0,7,Low
0.0,8.0,0.0,0.0,0.0,3.0,0.0,4.0,6.0,21.0,49.0,0.0,71.0,12.0,12.0,14.2719,925.25,230.0,-30.050000000000004,72.970814,92.833801,57.770472,67.189941,169.0,49.0,127.498773,0.0,12.0,3183.494,4400.442406,15.0,0.0,1230.0,862.9840000000002,61.0,0.0,177.04408,-9.480224,0,7,Low
0.0,8.0,0.0,0.0,0.0,2.0,0.0,5.0,6.0,21.0,49.0,0.0,73.0,12.0,13.0,16.3586,914.25,236.0,-30.99,73.364719,94.305643,56.821185,69.277196,175.0,49.0,130.846559,0.0,13.0,3259.592,4605.428605,14.0,0.0,1258.0,887.8352000000001,61.0,0.0,180.185846,-9.510023,0,7,Low
0.0,8.0,0.0,0.0,0.0,2.0,0.0,5.0,7.0,22.0,51.0,0.0,76.0,14.0,13.0,15.1325,986.44,245.0,-32.31,77.89965799999999,97.959493,60.207544,71.62814999999999,180.0,51.0,135.73197,0.0,13.0,3387.7229999999995,4747.322026,16.0,0.0,1308.0,920.2363,65.0,0.0,187.865846,-9.488203,0,7,Low
0.0,8.0,4.0,5.0,0.0,0.0,0.0,0.0,6.0,23.0,59.0,0.0,78.0,17.0,8.0,3.9686999999999983,1070.26,240.0,-29.91,93.71738,99.790385,68.880515,69.515502,169.0,54.0,136.509523,0.0,8.0,3354.692,4169.955400000001,12.0,1.0,1305.0,889.0316,71.0,0.0,194.857016,-9.096492,0,7,Low
0.0,7.0,4.0,4.0,0.0,0.0,0.0,0.0,7.0,22.0,56.0,0.0,74.0,18.0,7.0,0.7114999999999991,1083.95,227.0,-28.83,90.36265,94.112043,66.638327,65.10387,157.0,52.0,128.237741,0.0,7.0,3177.449,3926.647422,14.0,0.0,1236.0,834.9927,70.0,0.0,184.841139,-9.193821,0,7,Low
0.0,4.0,0.0,5.0,0.0,0.0,0.0,6.0,6.0,21.0,53.0,0.0,80.0,17.0,10.0,11.6507,912.52,236.0,-28.97,86.621754,99.070211,59.000065,70.04455,171.0,48.0,135.26462099999998,0.0,10.0,3286.7520000000004,4268.905262,12.0,5.0,1277.0,898.7296,65.0,0.0,187.904104,-9.154476,0,7,Low
0.0,7.0,4.0,3.0,0.0,0.0,0.0,0.0,7.0,21.0,53.0,0.0,70.0,17.0,7.0,0.5961999999999996,1051.75,217.0,-28.0,85.05318,89.11720199999999,63.443462,61.999368,150.0,50.0,121.77536,0.0,7.0,3034.2629999999995,3805.872908,14.0,-1.0,1179.0,794.9877000000001,67.0,0.0,175.67113899999998,-9.299083,0,7,Low
0.0,9.0,3.0,2.0,0.0,0.0,0.0,0.0,7.0,21.0,50.0,0.0,68.0,16.0,9.0,5.456900000000003,1005.72,221.0,-28.99,80.074407,88.248495,61.83631600000001,63.555385,157.0,48.0,123.370939,0.0,9.0,3072.335,4064.125358,14.0,-1.0,1190.0,817.0726999999999,64.0,0.0,174.87289299999998,-9.376277,0,7,Low
0.0,8.0,0.0,0.0,2.0,0.0,0.0,4.0,8.0,22.0,48.0,0.0,72.0,16.0,12.0,14.167,982.64,238.0,-31.78,78.008202,93.949154,61.5547,69.463532,174.0,48.0,132.498572,0.0,12.0,3291.642,4573.504212,16.0,0.0,1272.0,896.7207999999999,64.0,0.0,183.31408,-9.427202,0,7,Low
0.0,7.0,0.0,0.0,0.0,2.0,0.0,5.0,8.0,22.0,51.0,0.0,76.0,16.0,12.0,11.9906,1032.33,242.0,-32.06,79.854398,97.275992,61.16022100000001,70.32102,175.0,51.0,133.922569,0.0,12.0,3353.666,4624.788562,18.0,0.0,1296.0,906.2024,67.0,0.0,187.019969,-9.479237,0,7,Low
0.0,9.0,0.0,3.0,0.0,0.0,0.0,4.0,6.0,22.0,51.0,0.0,77.0,15.0,13.0,17.4099,908.56,248.0,-31.620000000000005,81.389151,99.15945,60.454459,73.531306,185.0,48.0,140.19358499999998,0.0,13.0,3426.892,4764.169117,12.0,3.0,1325.0,944.7086000000002,63.0,0.0,191.569957,-9.289043,0,7,Low
0.0,8.0,0.0,0.0,0.0,0.0,2.0,4.0,8.0,22.0,48.0,0.0,74.0,16.0,12.0,15.4392,982.64,242.0,-31.78,82.10022000000001,95.395432,61.753902,71.17521599999999,178.0,48.0,135.653274,0.0,12.0,3347.75,4632.1730880000005,16.0,0.0,1296.0,915.0488,64.0,0.0,187.31408,-9.391931,0,7,Low
0.0,5.0,0.0,5.0,0.0,0.0,0.0,5.0,6.0,21.0,52.0,0.0,78.0,17.0,10.0,11.7719,903.29,234.0,-28.770000000000003,85.444624,97.603645,59.271604,69.405304,170.0,47.0,134.149266,0.0,10.0,3256.726,4240.671376,12.0,5.0,1265.0,892.0716000000001,64.0,0.0,186.118215,-9.148225,0,7,Low
0.0,2.0,0.0,5.0,0.0,0.0,0.0,6.0,8.0,21.0,53.0,0.0,80.0,21.0,8.0,5.366899999999999,1004.3,230.0,-28.47,90.531234,97.703209,60.90541900000001,67.43029,161.0,48.0,131.645819,0.0,8.0,3218.638,4023.838334,16.0,5.0,1253.0,870.6618,69.0,0.0,186.21235,-9.115086,0,7,Low
0.0,5.0,0.0,0.0,4.0,0.0,0.0,5.0,8.0,22.0,49.0,0.0,72.0,16.0,10.0,11.6852,991.87,230.0,-30.42,80.082716,93.544896,62.76159700000001,66.988518,165.0,49.0,128.84042300000002,0.0,10.0,3197.526,4225.183008,16.0,0.0,1240.0,864.1688,65.0,0.0,180.468215,-9.336221,0,7,Low
0.0,6.0,0.0,0.0,0.0,4.0,0.0,5.0,6.0,21.0,51.0,0.0,73.0,12.0,11.0,11.942799999999998,954.71,228.0,-29.51,74.931169,94.295091,58.176681,66.381178,165.0,51.0,126.381697,0.0,11.0,3167.448,4251.923979,16.0,0.0,1226.0,851.4488000000001,63.0,0.0,177.47409199999998,-9.46197,0,7,Low
0.0,9.0,0.0,1.0,0.0,0.0,0.0,4.0,7.0,21.0,47.0,0.0,72.0,15.0,13.0,15.953200000000002,916.35,237.0,-31.28,75.30515,92.823618,57.451088,69.673256,176.0,46.0,132.154234,0.0,13.0,3268.651,4664.513510000001,14.0,1.0,1261.0,897.0997,61.0,0.0,180.909957,-9.463312,0,7,Low
0.0,9.0,0.0,2.0,0.0,0.0,0.0,5.0,6.0,22.0,51.0,0.0,78.0,14.0,14.0,19.0892,911.89,252.0,-32.56,79.83700999999999,99.968526,59.421737,74.72413399999999,189.0,49.0,141.541371,0.0,14.0,3475.92,4936.055374,12.0,2.0,1342.0,957.7966,63.0,0.0,192.711723,-9.378804,0,7,Low
0.0,0.0,2.0,8.0,0.0,4.0,0.0,0.0,7.0,21.0,58.0,0.0,73.0,22.0,0.0,-11.1175,1081.91,195.0,-21.84,97.333431,91.961114,68.268443,55.444292,123.0,50.0,114.409777,0.0,0.0,2793.105,2609.801959,18.0,6.0,1102.0,721.3749,72.0,0.0,173.16,-8.538199,0,7,Low
0.0,5.0,1.0,7.0,0.0,0.0,0.0,0.0,9.0,22.0,53.0,0.0,74.0,25.0,5.0,-1.7932000000000006,1073.04,221.0,-26.86,95.711437,94.08386,68.28934100000001,63.836169,150.0,46.0,128.01109,0.0,5.0,3109.539,3594.423618,18.0,6.0,1215.0,834.5998999999999,71.0,0.0,184.619385,-8.761525,0,7,Low
0.0,6.0,1.0,7.0,0.0,0.0,0.0,0.0,8.0,22.0,53.0,0.0,74.0,23.0,6.0,1.348700000000001,1027.15,224.0,-27.11,93.756697,94.767361,67.336664,65.143299,155.0,46.0,129.820491,0.0,6.0,3143.5959999999995,3716.957082,16.0,6.0,1227.0,848.6338,69.0,0.0,185.465262,-8.886512,0,7,Low
0.0,0.0,2.0,8.0,0.0,6.0,0.0,0.0,5.0,21.0,60.0,0.0,73.0,18.0,0.0,-9.2495,1030.59,193.0,-20.86,94.990401,93.317564,67.71858499999999,55.162534,123.0,52.0,113.563717,0.0,0.0,2769.075,2501.364261,16.0,6.0,1094.0,713.0563,70.0,0.0,172.14,-8.544828,0,7,Low
0.0,5.0,2.0,8.0,0.0,0.0,0.0,0.0,7.0,22.0,56.0,0.0,76.0,22.0,5.0,-0.370099999999999,1027.29,223.0,-26.37,96.78073,96.319569,67.991133,64.894412,153.0,48.0,130.034313,0.0,5.0,3139.581,3581.238096,14.0,6.0,1228.0,840.5827000000002,70.0,0.0,187.109385,-8.757026,0,7,Low
0.0,0.0,2.0,8.0,0.0,5.0,0.0,0.0,6.0,21.0,59.0,0.0,73.0,20.0,0.0,-10.1835,1056.25,194.0,-21.35,96.161916,92.639339,67.993514,55.303413,123.0,51.0,113.986747,0.0,0.0,2781.09,2555.58311,17.0,6.0,1098.0,717.2156,71.0,0.0,172.64999999999998,-8.541696,0,7,Low
0.0,4.0,2.0,8.0,0.0,0.0,0.0,0.0,8.0,22.0,56.0,0.0,76.0,24.0,4.0,-3.5120000000000005,1073.18,220.0,-26.12,98.73547,95.636068,68.94381,63.587282,148.0,48.0,128.22491200000002,0.0,4.0,3105.5240000000003,3458.704632,16.0,6.0,1216.0,826.5488,72.0,0.0,186.263508,-8.675721,0,7,Low
0.0,0.0,1.0,7.0,0.0,0.0,0.0,5.0,8.0,21.0,56.0,0.0,81.0,23.0,5.0,-1.1731000000000016,1047.0,222.0,-26.54,97.062148,97.76284,63.545287,64.681445,150.0,49.0,128.70245400000002,0.0,5.0,3131.538,3593.699627,16.0,6.0,1225.0,835.4888000000001,72.0,0.0,185.86883,-8.768288,0,7,Low
0.0,6.0,0.0,6.0,0.0,4.0,0.0,0.0,6.0,22.0,54.0,0.0,72.0,18.0,6.0,3.6616,970.26,218.0,-25.64,88.001344,95.244552,66.535156,63.52154,152.0,48.0,126.105148,0.0,6.0,3065.494,3513.267208,16.0,6.0,1198.0,826.0138000000002,66.0,0.0,180.935262,-8.859695,0,7,Low
0.0,8.0,0.0,6.0,4.0,0.0,0.0,3.0,0.0,21.0,51.0,0.0,71.0,6.0,11.0,24.344,615.39,226.0,-26.01,75.885963,95.687361,57.816675,69.18749,175.0,45.0,132.995523,0.0,11.0,3133.73,4022.641837,0.0,6.0,1220.0,878.1089999999999,51.0,0.0,179.002314,-8.9669695,0,7,Low
0.0,8.0,0.0,6.0,2.0,0.0,0.0,0.0,5.0,21.0,48.0,0.0,67.0,16.0,8.0,11.3587,817.1500000000001,215.0,-25.72,81.230889,89.740982,61.916241,63.848362,157.0,42.0,125.375957,0.0,8.0,2997.509,3701.827949,10.0,6.0,1168.0,827.1754999999999,58.0,0.0,174.047016,-8.969815,0,7,Low
1.0,8.0,0.0,0.0,0.0,0.0,0.0,4.0,9.0,22.0,47.0,0.0,72.0,19.0,12.0,11.1276,1045.3200000000002,238.0,-32.31,79.695359,92.320652,61.800064000000006,68.802301,172.0,47.0,131.537919,0.0,12.0,3290.618,4621.012356,19.0,0.0,1270.0,894.8533,66.0,0.0,182.78408,-9.490091,0,7,Low
2.0,8.0,0.0,6.0,0.0,0.0,0.0,0.0,6.0,22.0,48.0,0.0,68.0,20.0,8.0,7.977,922.92,220.0,-27.04,86.128046,89.634006,65.36641,64.37685400000001,158.0,42.0,127.18536,0.0,8.0,3067.564,3807.249496,14.0,6.0,1194.0,844.6994000000001,62.0,0.0,177.727016,-8.966329,0,7,Low
2.0,7.0,0.0,5.0,0.0,0.0,0.0,0.0,7.0,21.0,45.0,0.0,64.0,21.0,7.0,4.719799999999999,936.61,207.0,-25.96,82.773316,83.955664,63.124222,59.965222,146.0,40.0,118.913578,0.0,7.0,2890.321,3563.9415180000005,16.0,5.0,1125.0,790.6605,61.0,0.0,167.71113899999995,-8.985868,0,7,Low
2.0,6.0,0.0,5.0,0.0,0.0,0.0,0.0,8.0,21.0,45.0,0.0,64.0,23.0,6.0,1.5778999999999996,982.5,204.0,-25.71,84.728056,83.272163,64.076899,58.658092,141.0,40.0,117.104177,0.0,6.0,2856.264,3441.408054,18.0,5.0,1113.0,776.6266,63.0,0.0,166.865262,-8.898779,0,7,Low
2.0,6.0,0.0,7.0,0.0,0.0,0.0,0.0,6.0,21.0,47.0,0.0,66.0,21.0,6.0,4.2607,902.52,206.0,-24.73,86.277118,85.95414500000001,63.693911,60.16518800000001,145.0,40.0,120.258117,0.0,6.0,2886.374,3399.17024,14.0,7.0,1127.0,791.8344000000001,61.0,0.0,169.845262,-8.789261,0,7,Low
2.0,8.0,0.0,3.0,0.0,0.0,0.0,0.0,8.0,21.0,43.0,0.0,62.0,21.0,8.0,5.1789000000000005,970.7,208.0,-27.19,79.26951399999999,81.957183,62.554533000000006,59.76525600000001,147.0,40.0,117.569039,0.0,8.0,2894.268,3728.712796,18.0,3.0,1123.0,789.4866000000001,61.0,0.0,165.577016,-9.168578,0,7,Low
2.0,7.0,0.0,0.0,0.0,0.0,0.0,6.0,7.0,22.0,48.0,0.0,74.0,16.0,13.0,14.910900000000002,988.79,241.0,-32.43,78.76993999999999,93.804961,60.122755,70.226692,177.0,48.0,133.462675,0.0,13.0,3327.675,4716.033574,16.0,0.0,1284.0,909.1935,64.0,0.0,183.731735,-9.495873,0,7,Low
2.0,5.0,0.0,6.0,0.0,0.0,0.0,0.0,8.0,21.0,46.0,0.0,65.0,24.0,5.0,-0.2225999999999981,988.4,202.0,-24.97,87.45732699999999,83.929653,64.838082,58.104510000000005,138.0,40.0,116.871746,0.0,5.0,2837.262,3297.7556830000003,18.0,6.0,1108.0,770.1966,64.0,0.0,167.509385,-8.698542,0,7,Low
3.0,5.0,0.0,0.0,0.0,0.0,0.0,5.0,8.0,21.0,44.0,0.0,67.0,19.0,10.0,7.716300000000002,1015.94,217.0,-29.630000000000003,77.597152,84.501718,59.68441200000001,62.153871,154.0,44.0,119.918351,0.0,10.0,3010.295,4094.325857,19.0,0.0,1164.0,815.023,63.0,0.0,168.258215,-9.4672165,0,7,Low
3.0,8.0,0.0,6.0,0.0,0.0,0.0,0.0,4.0,21.0,45.0,0.0,63.0,17.0,8.0,10.0869,821.63,207.0,-25.19,80.268168,83.84783199999998,61.798497000000005,60.864669,151.0,39.0,120.184594,0.0,8.0,2882.381,3581.3760570000004,11.0,6.0,1122.0,799.2886000000001,56.0,0.0,166.577016,-8.967497,0,7,Low
4.0,8.0,0.0,0.0,0.0,0.0,0.0,4.0,6.0,22.0,44.0,0.0,66.0,16.0,12.0,13.779,958.02,226.0,-30.72,75.720542,85.92367999999999,61.255402,65.31860800000001,166.0,44.0,125.191854,0.0,12.0,3119.462,4369.0723020000005,16.0,0.0,1204.0,855.8242,60.0,0.0,172.37408,-9.442668,0,7,Low
4.0,6.0,0.0,0.0,0.0,0.0,0.0,6.0,6.0,22.0,46.0,0.0,70.0,16.0,12.0,13.5366,976.48,230.0,-31.120000000000005,78.07480199999999,88.85681200000002,60.712324,66.59710000000001,168.0,46.0,127.422564,0.0,12.0,3179.514,4425.5400740000005,16.0,0.0,1228.0,869.1402,62.0,0.0,175.945858,-9.455539,0,7,Low
4.0,8.0,0.0,2.0,0.0,0.0,0.0,0.0,8.0,22.0,42.0,0.0,60.0,22.0,8.0,4.379000000000001,1024.6799999999998,208.0,-27.94,80.380044,80.005394,65.769278,59.0402,146.0,40.0,116.64677,0.0,8.0,2893.24,3723.765088,20.0,2.0,1122.0,788.2644,62.0,0.0,164.827016,-9.181697,0,7,Low
4.0,8.0,0.0,6.0,0.0,0.0,0.0,0.0,4.0,22.0,46.0,0.0,64.0,18.0,8.0,9.744600000000002,864.72,212.0,-25.98,83.47816800000001,85.36935799999999,65.003302,62.054392,154.0,40.0,122.95465,0.0,8.0,2953.46,3639.28946,12.0,6.0,1150.0,818.6800000000001,58.0,0.0,170.787016,-8.941208,0,7,Low
4.0,10.0,0.0,2.0,0.0,0.0,0.0,0.0,5.0,21.0,40.0,0.0,57.0,16.0,10.0,11.8889,860.71,205.0,-27.12,71.935625,77.718546,60.477565000000006,59.303506000000006,151.0,38.0,115.38016100000002,0.0,10.0,2833.223,3826.938595000001,14.0,2.0,1096.0,783.9311,54.0,0.0,158.83877,-9.23839,0,7,Low
4.0,6.0,0.0,6.0,0.0,0.0,0.0,0.0,6.0,22.0,46.0,0.0,64.0,22.0,6.0,3.4608000000000008,956.5,206.0,-25.48,87.387648,84.00235599999999,66.90865600000001,59.440132,144.0,40.0,119.335848,0.0,6.0,2885.346,3394.222532,16.0,6.0,1126.0,790.6122,62.0,0.0,169.095262,-8.79914,0,7,Low
4.0,6.0,0.0,5.0,0.0,0.0,0.0,0.0,6.0,21.0,43.0,0.0,60.0,21.0,6.0,3.3454999999999995,924.3,196.0,-24.65,82.078178,79.00751500000001,63.713791,56.33563,137.0,38.0,112.873467,0.0,6.0,2742.16,3273.448018,16.0,5.0,1069.0,750.6072,59.0,0.0,159.92526199999998,-8.815848,0,7,Low
4.0,6.0,0.0,3.0,0.0,0.0,0.0,0.0,8.0,21.0,41.0,0.0,58.0,23.0,6.0,0.662700000000001,1004.28,194.0,-25.630000000000003,80.52911599999999,76.32553300000001,64.096779,54.828534000000005,133.0,38.0,109.719527,0.0,6.0,2712.05,3315.685832,20.0,3.0,1055.0,735.3994,61.0,0.0,156.945262,-8.944955,0,7,Low
4.0,6.0,0.0,0.0,0.0,0.0,0.0,5.0,6.0,21.0,43.0,0.0,65.0,16.0,11.0,11.741999999999996,940.95,216.0,-29.35,74.31747299999999,83.052895,58.550181,62.29977,157.0,43.0,119.612397,0.0,11.0,2987.3,4132.879303,16.0,0.0,1154.0,816.0472000000001,59.0,0.0,165.634092,-9.463743,0,7,Low
4.0,6.0,0.0,0.0,0.0,0.0,0.0,6.0,5.0,21.0,44.0,0.0,67.0,14.0,12.0,14.7627,904.29,221.0,-29.800000000000004,73.539863,85.20296200000001,57.325965,64.24614600000001,163.0,44.0,122.537153,0.0,12.0,3051.383,4283.646653,14.0,0.0,1178.0,836.7391,58.0,0.0,168.265858,-9.4774065,0,7,Low
5.0,6.0,0.0,0.0,0.0,0.0,0.0,5.0,6.0,22.0,44.0,0.0,66.0,17.0,11.0,11.3997,984.04,221.0,-30.14,77.527473,84.574421,61.754986,63.489493,160.0,44.0,122.382453,0.0,11.0,3058.379,4190.792706,17.0,0.0,1182.0,835.4386000000001,61.0,0.0,169.844092,-9.42627,0,7,Low
5.0,8.0,0.0,3.0,0.0,0.0,0.0,0.0,6.0,22.0,42.0,0.0,59.0,20.0,8.0,6.604199999999999,955.59,205.0,-26.92,79.829636,79.21406099999999,65.39623,58.632517,146.0,39.0,116.108385,0.0,8.0,2851.243,3618.666163,17.0,3.0,1107.0,782.8586,59.0,0.0,162.847016,-9.080907,0,7,Low
5.0,6.0,0.0,5.0,0.0,0.0,0.0,0.0,6.0,22.0,44.0,0.0,61.0,22.0,6.0,3.0032,967.39,201.0,-25.44,85.288178,80.529041,66.91859600000001,57.525353,140.0,39.0,115.643523,0.0,6.0,2813.239,3331.361421,17.0,5.0,1097.0,769.9986,61.0,0.0,164.135262,-8.803525,0,7,Low
5.0,5.0,0.0,7.0,0.0,0.0,0.0,0.0,5.0,22.0,46.0,0.0,63.0,22.0,5.0,2.5441000000000003,933.3000000000002,200.0,-24.21,88.79198000000001,82.527522,67.48828499999999,57.725319000000006,139.0,39.0,116.988062,0.0,5.0,2809.2920000000004,3166.5901430000004,15.0,7.0,1099.0,771.1725,61.0,0.0,166.269385,-8.6368065,0,7,Low
5.0,5.0,0.0,0.0,0.0,0.0,0.0,6.0,5.0,21.0,43.0,0.0,65.0,15.0,11.0,12.504600000000002,921.0800000000002,214.0,-29.020000000000003,74.169664,82.387137,58.097088,61.777785,156.0,43.0,118.612397,0.0,11.0,2960.2740000000003,4077.133171,15.0,0.0,1144.0,809.6955,58.0,0.0,163.949981,-9.452542,0,7,Low
5.0,0.0,2.0,8.0,0.0,0.0,0.0,0.0,6.0,21.0,49.0,0.0,63.0,25.0,0.0,-10.4345,1039.0500000000002,179.0,-21.15,95.394796,78.58659399999999,68.46038899999999,50.201653,113.0,41.0,105.525122,0.0,0.0,2555.905,2406.777265,17.0,6.0,1008.0,672.9636,66.0,0.0,157.85,-8.531462,0,7,Low
5.0,0.0,1.0,7.0,0.0,0.0,0.0,0.0,8.0,21.0,46.0,0.0,61.0,28.0,0.0,-11.8576,1084.8,177.0,-21.64,94.325503,76.350885,68.758597,49.14341,110.0,39.0,103.501899,0.0,0.0,2525.8630000000003,2419.962787,21.0,6.0,995.0,666.9808,67.0,0.0,155.36,-8.551686,0,7,Low
6.0,6.0,0.0,5.0,0.0,0.0,0.0,0.0,5.0,22.0,43.0,0.0,59.0,21.0,6.0,3.886999999999999,938.29,197.0,-24.91,83.96323899999999,78.396717,66.737042,56.364122,138.0,38.0,113.528168,0.0,6.0,2756.187,3247.3814030000003,16.0,5.0,1075.0,756.9889,59.0,0.0,160.66526199999998,-8.770758,0,7,Low
6.0,6.0,0.0,5.0,0.0,0.0,0.0,0.0,6.0,23.0,45.0,0.0,62.0,23.0,6.0,2.660899999999998,1010.48,206.0,-26.23,88.498178,82.050567,70.123401,58.715076,143.0,40.0,118.413579,0.0,6.0,2884.318,3389.274824,18.0,5.0,1125.0,789.39,63.0,0.0,168.345262,-8.798716,0,7,Low
6.0,0.0,2.0,8.0,0.0,0.0,0.0,0.0,5.0,21.0,48.0,0.0,61.0,24.0,0.0,-9.5507,1009.95,175.0,-20.62,94.069857,76.45427000000001,68.278835,49.040422,111.0,40.0,103.409767,0.0,0.0,2498.853,2322.7972469999995,16.0,6.0,986.0,659.9539,64.0,0.0,154.38,-8.515213,0,7,Low
7.0,0.0,1.0,7.0,0.0,0.0,0.0,0.0,7.0,22.0,46.0,0.0,60.0,28.0,0.0,-11.3161,1098.79,178.0,-21.9,96.210564,75.740087,71.781848,49.171902,111.0,39.0,104.1566,0.0,0.0,2539.89,2393.896172,21.0,6.0,1001.0,673.3625,67.0,0.0,156.1,-8.519411,0,7,Low
0.0,8.0,3.0,5.0,0.0,0.0,0.0,5.0,0.0,21.0,58.0,0.0,81.0,5.0,13.0,21.4427,748.34,246.0,-29.52,80.46469,102.338302,56.093431,74.240779,188.0,53.0,140.916228,0.0,13.0,3403.858,4632.071923,0.0,2.0,1319.0,929.31,58.0,0.0,191.655846,-9.215903,0,8,Low
0.0,6.0,6.0,0.0,0.0,0.0,0.0,4.0,6.0,22.0,60.0,0.0,80.0,12.0,10.0,4.450199999999999,1131.64,242.0,-32.34,86.69835,98.454282,63.246688,69.17744199999999,170.0,60.0,132.71199,0.0,10.0,3369.478,4507.525756000001,12.0,-6.0,1304.0,870.0686000000001,72.0,0.0,190.562326,-9.581253,0,8,Low
0.0,6.0,0.0,4.0,0.0,0.0,0.0,6.0,6.0,22.0,54.0,0.0,82.0,16.0,12.0,15.366999999999996,932.92,250.0,-31.28,86.47268199999999,102.75007200000002,60.672564,74.256216,184.0,50.0,142.191864,0.0,12.0,3467.942,4676.984517999999,12.0,4.0,1344.0,951.5946,66.0,0.0,195.785858,-9.220281,0,8,Low
0.0,8.0,0.0,2.0,0.0,0.0,0.0,4.0,8.0,22.0,50.0,0.0,76.0,18.0,12.0,12.9266,994.44,244.0,-31.86,82.56935999999999,97.134958,61.59863,71.47062799999999,178.0,48.0,136.807214,0.0,12.0,3377.78,4662.75456,16.0,2.0,1306.0,923.0708,66.0,0.0,189.23408,-9.359644,0,8,Low
0.0,8.0,0.0,3.0,0.0,0.0,0.0,6.0,5.0,22.0,53.0,0.0,81.0,13.0,14.0,20.309400000000004,881.1300000000001,255.0,-32.27,81.788671,102.776083,58.958704,76.116928,192.0,50.0,144.233696,0.0,14.0,3521.001,4943.170353,10.0,3.0,1361.0,972.0585,63.0,0.0,195.987612,-9.312783,0,8,Low
0.0,7.0,0.0,4.0,0.0,0.0,0.0,4.0,7.0,22.0,52.0,0.0,78.0,18.0,11.0,12.467499999999998,960.35,243.0,-30.630000000000003,86.073162,99.133439,62.168319,71.670594,177.0,48.0,138.151753,0.0,11.0,3373.833,4497.983282,14.0,4.0,1308.0,924.2447000000002,66.0,0.0,191.368203,-9.201549,0,8,Low
0.0,9.0,0.0,1.0,0.0,0.0,0.0,5.0,7.0,22.0,50.0,0.0,77.0,15.0,14.0,17.7478,951.88,251.0,-33.050000000000004,79.062479,98.627535,59.613231,73.970586,187.0,49.0,139.964401,0.0,14.0,3460.865,4957.1742810000005,14.0,1.0,1335.0,950.1927,64.0,0.0,191.221723,-9.453651,0,8,Low
0.0,6.0,0.0,3.0,0.0,0.0,0.0,6.0,7.0,22.0,53.0,0.0,81.0,17.0,12.0,14.0256,972.91,249.0,-31.770000000000003,85.698151,101.409081,60.864058,73.502668,182.0,50.0,140.614894,0.0,12.0,3452.887,4698.103425,14.0,3.0,1337.0,943.9907,67.0,0.0,194.295858,-9.296753,0,8,Low
0.0,3.0,0.0,4.0,0.0,0.0,0.0,7.0,7.0,21.0,53.0,0.0,81.0,18.0,10.0,10.188100000000002,961.74,237.0,-29.660000000000004,87.02435299999999,99.195786,58.92002000000001,69.93024799999999,170.0,49.0,134.803006,0.0,10.0,3301.723,4318.258055,14.0,4.0,1282.0,897.7837000000002,67.0,0.0,188.199993,-9.237442,0,8,Low
0.0,6.0,0.0,4.0,0.0,0.0,0.0,5.0,6.0,21.0,51.0,0.0,77.0,16.0,11.0,13.572399999999998,897.39,236.0,-29.51,82.715353,96.946155,58.510421,69.958886,173.0,47.0,134.381697,0.0,11.0,3275.728,4384.323747,12.0,4.0,1270.0,898.5016,63.0,0.0,185.474092,-9.229763,0,8,Low
0.0,8.0,0.0,4.0,0.0,0.0,0.0,2.0,8.0,22.0,50.0,0.0,74.0,20.0,10.0,9.568,987.78,236.0,-29.980000000000004,85.673642,95.516806,63.664074,69.08497200000001,170.0,46.0,134.111642,0.0,10.0,3279.724,4318.982046,16.0,4.0,1272.0,896.8948,66.0,0.0,186.950548,-9.184748,0,8,Low
0.0,8.0,1.0,5.0,0.0,0.0,0.0,0.0,8.0,22.0,51.0,0.0,72.0,21.0,8.0,4.949699999999998,1015.35,228.0,-28.590000000000003,88.298155,93.452381,65.81429800000001,66.250463,161.0,46.0,130.285353,0.0,8.0,3181.5999999999995,4004.261824,16.0,4.0,1237.0,861.4938,67.0,0.0,184.177016,-9.092039,0,8,Low
0.0,7.0,0.0,0.0,3.0,0.0,0.0,5.0,8.0,23.0,51.0,0.0,76.0,16.0,12.0,14.7813,1018.17,247.0,-32.77,82.214223,98.817659,64.456061,72.203732,180.0,51.0,137.921987,0.0,12.0,3421.785,4677.887438,16.0,0.0,1324.0,930.2088,67.0,0.0,191.309969,-9.369088,0,8,Low
0.0,6.0,0.0,1.0,0.0,0.0,0.0,6.0,9.0,22.0,51.0,0.0,79.0,19.0,12.0,11.342799999999997,1052.89,247.0,-32.75,84.149089,98.727099,61.247046,71.995572,178.0,50.0,137.46095400000002,0.0,12.0,3422.777,4740.341238999999,18.0,1.0,1323.0,928.7829,69.0,0.0,191.315858,-9.443589,0,8,Low
0.0,7.0,0.0,2.0,0.0,0.0,0.0,7.0,5.0,21.0,51.0,0.0,79.0,12.0,14.0,20.072900000000004,858.1600000000001,247.0,-31.64,77.656331,99.247808,55.4923,73.65167199999999,186.0,49.0,138.88667,0.0,14.0,3407.8409999999994,4850.629725000001,10.0,2.0,1316.0,938.7115,61.0,0.0,188.603501,-9.416501,0,8,Low
0.0,5.0,3.0,0.0,0.0,0.0,0.0,5.0,8.0,21.0,53.0,0.0,76.0,16.0,10.0,5.3100000000000005,1085.96,232.0,-31.22,82.456255,93.582844,59.90893200000001,66.551649,163.0,53.0,127.60317500000002,0.0,10.0,3226.412,4370.066066,16.0,-3.0,1248.0,849.1888,69.0,0.0,181.668215,-9.562381,0,8,Low
0.0,8.0,0.0,1.0,0.0,0.0,0.0,6.0,7.0,22.0,51.0,0.0,79.0,15.0,14.0,17.6266,961.11,253.0,-33.25,80.239609,100.094101,59.34169200000001,74.609832,188.0,50.0,141.079756,0.0,14.0,3490.891,4985.4081670000005,14.0,1.0,1347.0,956.8507,65.0,0.0,193.007612,-9.460033,0,8,Low
0.0,7.0,0.0,3.0,0.0,0.0,0.0,5.0,7.0,22.0,52.0,0.0,79.0,17.0,12.0,14.1468,963.68,247.0,-31.57,84.52102099999999,99.942515,61.135597,72.863422,181.0,49.0,139.499539,0.0,12.0,3422.8609999999994,4669.869539,14.0,3.0,1325.0,937.3327000000002,66.0,0.0,192.509969,-9.290074,0,8,Low
0.0,5.0,0.0,5.0,0.0,0.0,0.0,6.0,5.0,21.0,53.0,0.0,80.0,15.0,11.0,14.792599999999998,866.63,239.0,-29.22,84.667014,99.753712,58.047388000000005,71.35168,176.0,48.0,137.074022,0.0,11.0,3320.809,4391.438726,10.0,5.0,1289.0,912.7635,63.0,0.0,188.749981,-9.159856,0,8,Low
0.0,9.0,0.0,2.0,0.0,0.0,0.0,3.0,8.0,22.0,49.0,0.0,74.0,18.0,12.0,13.0478,985.21,242.0,-31.660000000000004,81.39223,95.668392,61.870169,70.831382,177.0,47.0,135.691859,0.0,12.0,3347.754,4634.520673999999,16.0,2.0,1294.0,916.4128,65.0,0.0,187.448191,-9.353589,0,8,Low
0.0,8.0,0.0,3.0,0.0,0.0,0.0,4.0,7.0,22.0,51.0,0.0,77.0,17.0,12.0,14.268,954.45,245.0,-31.370000000000005,83.343891,98.475949,61.40713600000001,72.224176,180.0,48.0,138.384184,0.0,12.0,3392.835,4641.635653,14.0,3.0,1313.0,930.6747,65.0,0.0,190.72408,-9.283721,0,8,Low
0.0,6.0,0.0,3.0,0.0,0.0,0.0,5.0,8.0,22.0,52.0,0.0,79.0,19.0,11.0,11.004899999999996,1009.57,244.0,-31.32,86.47576099999999,99.259014,62.088274,71.556292,176.0,49.0,137.69013800000002,0.0,11.0,3388.804,4547.336075,16.0,3.0,1313.0,923.2988,68.0,0.0,191.664092,-9.282924,0,8,Low
0.0,6.0,0.0,0.0,4.0,0.0,0.0,6.0,6.0,22.0,50.0,0.0,74.0,12.0,12.0,17.8478,909.32,238.0,-31.120000000000005,77.350366,96.378464,60.584704,70.242024,176.0,50.0,133.57458,0.0,12.0,3295.666,4498.483822,12.0,0.0,1276.0,898.8946000000001,62.0,0.0,183.945858,-9.355122,0,8,Low
0.0,5.0,0.0,4.0,0.0,0.0,0.0,6.0,6.0,21.0,52.0,0.0,79.0,16.0,11.0,13.4512,906.62,238.0,-29.71,83.892483,98.412721,58.238882,70.59813199999999,174.0,48.0,135.497052,0.0,11.0,3305.754,4412.557633,12.0,4.0,1282.0,905.1596,64.0,0.0,187.259981,-9.236316,0,8,Low
0.0,6.0,0.0,0.0,0.0,0.0,4.0,6.0,6.0,22.0,50.0,0.0,78.0,12.0,12.0,20.392200000000003,909.32,246.0,-31.120000000000005,85.534402,99.27102,60.983108,73.665392,184.0,50.0,139.883984,0.0,12.0,3407.882,4615.821574,12.0,0.0,1324.0,935.5506,62.0,0.0,191.945858,-9.286349,0,8,Low
0.0,8.0,4.0,0.0,0.0,0.0,4.0,0.0,6.0,22.0,52.0,0.0,70.0,12.0,8.0,8.878599999999999,1014.46,226.0,-28.92,87.46963,91.316492,65.996194,65.820176,162.0,52.0,127.739262,0.0,8.0,3151.446,3988.017942,12.0,-4.0,1228.0,832.9826,64.0,0.0,181.847016,-9.269436,0,8,Low
0.0,9.0,0.0,1.0,0.0,0.0,0.0,3.0,8.0,21.0,46.0,0.0,70.0,17.0,12.0,12.932500000000005,953.01,232.0,-30.830000000000005,76.08276,90.673551,58.675304,67.72688000000001,170.0,45.0,129.229478,0.0,12.0,3204.568,4513.746160000001,16.0,1.0,1237.0,876.4078000000001,62.0,0.0,178.278191,-9.4515505,0,8,Low
0.0,8.0,0.0,0.0,4.0,0.0,0.0,4.0,6.0,22.0,48.0,0.0,70.0,12.0,12.0,18.0902,890.86,234.0,-30.72,74.996106,93.445332,61.127782,68.96353200000001,174.0,48.0,131.34386999999998,0.0,12.0,3235.614,4442.01605,12.0,0.0,1252.0,885.5786,60.0,0.0,180.37408,-9.3435135,0,8,Low
0.0,8.0,0.0,1.0,0.0,0.0,0.0,4.0,8.0,21.0,47.0,0.0,72.0,17.0,12.0,12.8113,962.24,234.0,-31.03,77.25989,92.140117,58.40376500000001,68.366126,171.0,46.0,130.344833,0.0,12.0,3234.594,4541.980046000001,16.0,1.0,1249.0,883.0658,63.0,0.0,180.06408,-9.458245,0,8,Low
0.0,7.0,4.0,5.0,0.0,0.0,0.0,0.0,7.0,23.0,59.0,0.0,78.0,19.0,7.0,0.8267999999999986,1116.15,237.0,-29.66,95.67212,99.106884,69.833192,68.208372,164.0,54.0,134.700122,0.0,7.0,3320.635,4047.421936,14.0,1.0,1293.0,874.9977000000001,73.0,0.0,194.011139,-9.082013,0,8,Low
0.0,8.0,2.0,6.0,0.0,0.0,0.0,0.0,6.0,22.0,54.0,0.0,74.0,18.0,8.0,6.3728,969.6,230.0,-28.1,89.367448,95.68809,65.51608999999999,67.308706,164.0,48.0,132.308576,0.0,8.0,3211.642,3991.076302,12.0,4.0,1250.0,867.4766000000001,66.0,0.0,186.667016,-9.029715,0,8,Low
0.0,8.0,0.0,1.0,0.0,0.0,0.0,6.0,6.0,21.0,49.0,0.0,76.0,13.0,14.0,18.8527,888.9200000000001,244.0,-31.93,75.70467,96.44025100000002,55.955333,72.25887800000001,183.0,48.0,136.194345,0.0,14.0,3362.76,4843.514746000001,12.0,1.0,1297.0,924.4496,61.0,0.0,185.327612,-9.482706,0,8,Low
0.0,8.0,0.0,2.0,0.0,0.0,0.0,5.0,8.0,23.0,53.0,0.0,81.0,18.0,13.0,14.7212,1029.97,258.0,-33.63,86.32668899999999,102.938875,63.760773,75.767958,189.0,51.0,144.617381,0.0,13.0,3569.994,4955.415331,16.0,2.0,1380.0,976.1638,69.0,0.0,199.545846,-9.344927,0,8,Low
0.0,6.0,0.0,0.0,2.0,0.0,0.0,6.0,8.0,22.0,50.0,0.0,76.0,16.0,12.0,13.9246,1001.1,242.0,-32.18,80.362462,96.882286,61.011622,70.742024,176.0,50.0,134.729282,0.0,12.0,3351.6939999999995,4629.971984,16.0,0.0,1296.0,910.0368,66.0,0.0,186.885858,-9.440075,0,8,Low
0.0,8.0,0.0,2.0,0.0,0.0,0.0,5.0,6.0,21.0,49.0,0.0,75.0,14.0,13.0,17.1734,885.59,240.0,-30.99,77.256811,95.631175,56.988055,71.06604999999999,179.0,47.0,134.84655899999998,0.0,13.0,3313.732,4671.628489000001,12.0,2.0,1280.0,911.3616,61.0,0.0,184.185846,-9.393364,0,8,Low
0.0,8.0,1.0,0.0,0.0,0.0,0.0,4.0,8.0,21.0,48.0,0.0,72.0,16.0,12.0,11.5516,996.47,234.0,-31.520000000000003,76.780121,91.693844,58.488545,67.917273,170.0,48.0,129.214116,0.0,12.0,3234.526,4571.032338,16.0,-1.0,1248.0,873.8408000000001,64.0,0.0,179.57407999999998,-9.54693,0,8,Low
0.0,9.0,2.0,0.0,0.0,0.0,0.0,4.0,7.0,22.0,52.0,0.0,76.0,14.0,13.0,13.5491,1017.01,247.0,-33.09,79.655082,96.925913,60.81551300000001,71.88005199999999,181.0,52.0,136.35518100000002,0.0,13.0,3411.701,4843.392608,14.0,-2.0,1316.0,918.6547,66.0,0.0,189.099957,-9.544064,0,8,Low
0.0,6.0,0.0,0.0,3.0,0.0,0.0,6.0,8.0,23.0,52.0,0.0,78.0,16.0,12.0,14.660099999999998,1027.4,249.0,-32.97,83.391353,100.284225,64.184522,72.842978,181.0,52.0,139.037342,0.0,12.0,3451.811,4706.121324,16.0,0.0,1336.0,936.8668,68.0,0.0,193.095858,-9.375109,0,8,Low
0.0,6.0,4.0,0.0,0.0,0.0,0.0,6.0,6.0,22.0,58.0,0.0,82.0,12.0,12.0,10.3282,1069.84,250.0,-33.24,84.553606,100.96498,61.011684,72.460804,180.0,58.0,137.668996,0.0,12.0,3467.67,4793.1936860000005,12.0,-4.0,1340.0,914.6946,70.0,0.0,193.825858,-9.59188,0,8,Low
0.0,7.0,0.0,2.0,0.0,0.0,0.0,5.0,7.0,21.0,49.0,0.0,75.0,16.0,12.0,14.031499999999998,931.48,237.0,-30.74,79.21155099999999,94.947674,57.940732,69.75892,174.0,47.0,133.037158,0.0,12.0,3279.675,4549.0950250000005,14.0,2.0,1268.0,897.3277,63.0,0.0,183.339969,-9.388644,0,8,Low
0.0,5.0,0.0,0.0,0.0,0.0,5.0,6.0,6.0,22.0,50.0,0.0,78.0,12.0,11.0,19.848,909.32,243.0,-30.340000000000003,88.02910299999999,99.058747,61.821927,72.964104,181.0,50.0,139.07458300000002,0.0,11.0,3373.865,4456.8784670000005,12.0,0.0,1314.0,925.1096,62.0,0.0,191.629981,-9.220971,0,8,Low
0.0,4.0,0.0,2.0,0.0,0.0,0.0,7.0,8.0,21.0,51.0,0.0,79.0,18.0,11.0,10.6472,995.83,238.0,-30.89,83.520551,97.197305,58.350331,69.730282,171.0,49.0,133.458467,0.0,11.0,3305.67,4483.029333,16.0,2.0,1280.0,896.6098000000001,67.0,0.0,186.06587,-9.394839,0,8,Low
0.0,8.0,0.0,6.0,0.0,0.0,0.0,3.0,4.0,21.0,51.0,0.0,75.0,14.0,11.0,16.497600000000002,798.95,234.0,-28.130000000000003,81.910155,96.695005,58.670511000000005,70.18749,175.0,45.0,135.304927,0.0,11.0,3245.786,4285.618161,8.0,6.0,1260.0,900.3933999999999,59.0,0.0,184.882314,-9.074819,0,8,Low
0.0,6.0,0.0,6.0,0.0,0.0,0.0,4.0,6.0,22.0,54.0,0.0,80.0,18.0,10.0,12.008400000000002,926.26,242.0,-29.4,89.576964,101.13192,62.738008,71.87056000000001,176.0,48.0,139.49629199999998,0.0,10.0,3369.886,4333.212004000001,12.0,6.0,1310.0,925.4186000000002,66.0,0.0,193.502326,-9.0420885,0,8,Low
0.0,9.0,1.0,7.0,0.0,0.0,0.0,0.0,5.0,22.0,53.0,0.0,74.0,17.0,9.0,10.774399999999998,889.48,233.0,-27.860000000000003,87.892477,96.817864,64.478633,69.06468899999999,170.0,46.0,135.248694,0.0,9.0,3245.767,4084.557474,10.0,6.0,1263.0,890.7355,63.0,0.0,188.002893,-8.956914,0,8,Low
0.0,8.0,1.0,7.0,0.0,0.0,0.0,0.0,7.0,23.0,55.0,0.0,77.0,21.0,8.0,6.4064,1007.56,239.0,-28.93,94.382156,99.788213,68.81766900000001,70.108513,170.0,48.0,138.324704,0.0,8.0,3339.841,4103.917431,14.0,6.0,1301.0,909.1027,69.0,0.0,194.837016,-8.911156,0,8,Low
0.0,8.0,1.0,7.0,0.0,0.0,0.0,0.0,8.0,24.0,57.0,0.0,80.0,23.0,8.0,5.180299999999999,1079.75,248.0,-30.25,98.917095,103.442063,72.20402800000001,72.459467,175.0,50.0,143.210115,0.0,8.0,3467.972,4245.8108520000005,16.0,6.0,1351.0,941.5038,73.0,0.0,202.517016,-8.87138,0,8,Low
0.0,8.0,0.0,6.0,4.0,0.0,0.0,4.0,0.0,22.0,54.0,0.0,76.0,6.0,12.0,26.1386,650.9200000000001,240.0,-27.78,79.643292,101.491278,59.978818,73.48482,186.0,48.0,140.80569,0.0,12.0,3325.9439999999995,4315.302608,0.0,6.0,1294.0,931.202,54.0,0.0,189.31408,-8.980911,0,8,Low
2.0,8.0,0.0,0.0,6.0,0.0,0.0,0.0,6.0,22.0,42.0,0.0,56.0,14.0,8.0,11.6982,887.52,202.0,-26.800000000000004,72.444572,80.076594,65.23462,58.355566,146.0,42.0,114.259434,0.0,8.0,2809.15,3539.4984520000003,14.0,0.0,1092.0,765.6494,56.0,0.0,159.967016,-9.159381,0,8,Low
2.0,6.0,0.0,0.0,0.0,0.0,0.0,8.0,6.0,22.0,50.0,0.0,78.0,14.0,14.0,17.8104,961.36,248.0,-33.08,79.16945999999999,97.421594,58.627,72.812314,184.0,50.0,137.502786,0.0,14.0,3421.784,4895.03481,14.0,0.0,1320.0,936.5434,64.0,0.0,188.14939,-9.514457,0,8,Low
2.0,6.0,0.0,0.0,0.0,0.0,0.0,4.0,10.0,22.0,46.0,0.0,70.0,22.0,10.0,5.727599999999999,1108.0,228.0,-31.28,82.2799,88.821326,63.523864,65.02681,160.0,46.0,125.803762,0.0,10.0,3165.452,4291.965410000001,22.0,0.0,1224.0,853.7758,68.0,0.0,177.622326,-9.456903,0,8,Low
2.0,8.0,0.0,0.0,0.0,0.0,0.0,4.0,8.0,22.0,46.0,0.0,70.0,18.0,12.0,12.0114,1016.22,234.0,-31.78,78.37042,90.188328,61.61851,67.64107,170.0,46.0,129.422564,0.0,12.0,3233.566,4537.032338,18.0,0.0,1248.0,881.8436,64.0,0.0,179.31408,-9.475974,0,8,Low
3.0,8.0,0.0,0.0,6.0,0.0,0.0,0.0,5.0,22.0,41.0,0.0,54.0,13.0,8.0,12.582,858.4200000000001,198.0,-26.270000000000003,71.119633,77.94426999999999,65.053066,57.194335,144.0,41.0,112.144079,0.0,8.0,2752.098,3455.5184340000005,13.0,0.0,1070.0,752.6397,54.0,0.0,156.497016,-9.127402,0,8,Low
4.0,7.0,5.0,0.0,0.0,0.0,0.0,0.0,5.0,21.0,48.0,0.0,60.0,14.0,7.0,0.1888999999999994,1049.5600000000002,199.0,-27.35,77.724593,77.45965100000001,63.185014,55.398495,137.0,48.0,109.029283,0.0,7.0,2775.8769999999995,3541.242942,14.0,-5.0,1076.0,718.5161,62.0,0.0,158.321139,-9.406268,0,8,Low
4.0,6.0,4.0,0.0,0.0,0.0,0.0,0.0,7.0,21.0,46.0,0.0,59.0,18.0,6.0,-3.034699999999999,1101.21,195.0,-27.1,79.384571,75.881432,64.244405,53.78667,131.0,46.0,106.773629,0.0,6.0,2726.833,3410.7760930000004,18.0,-4.0,1058.0,706.1033,64.0,0.0,156.475262,-9.324754,0,8,Low
4.0,8.0,4.0,0.0,0.0,0.0,0.0,0.0,6.0,22.0,48.0,0.0,62.0,16.0,8.0,2.023,1081.62,210.0,-28.92,80.01003,80.90228400000001,65.72541000000001,58.751884,146.0,48.0,115.277842,0.0,8.0,2923.078,3797.736442,16.0,-4.0,1132.0,766.5722000000001,64.0,0.0,165.847016,-9.426916,0,8,Low
4.0,8.0,4.0,0.0,0.0,0.0,0.0,0.0,5.0,21.0,46.0,0.0,59.0,14.0,8.0,3.2491000000000003,1009.43,201.0,-27.6,75.47509099999999,77.248434,62.339051000000005,56.40093,141.0,46.0,110.392431,0.0,8.0,2794.947,3655.8430210000006,14.0,-4.0,1082.0,734.1711,60.0,0.0,158.167016,-9.426467,0,8,Low
4.0,6.0,4.0,0.0,0.0,0.0,0.0,0.0,8.0,22.0,48.0,0.0,62.0,20.0,6.0,-4.2608,1173.4,204.0,-28.42,83.91951,79.53528200000001,67.630764,56.137624,136.0,48.0,111.65904,0.0,6.0,2854.964,3552.669514,20.0,-4.0,1108.0,738.5044,68.0,0.0,164.155262,-9.340458,0,8,Low
4.0,6.0,0.0,0.0,0.0,0.0,0.0,4.0,7.0,21.0,42.0,0.0,63.0,18.0,10.0,8.721300000000003,977.61,211.0,-28.9,75.09508299999999,80.902828,59.77439700000001,60.353394,151.0,42.0,116.687641,0.0,10.0,2923.217,3982.111953000001,18.0,0.0,1130.0,795.3553000000002,60.0,0.0,163.00232599999998,-9.437712,0,8,Low
4.0,6.0,5.0,0.0,0.0,0.0,0.0,0.0,6.0,21.0,48.0,0.0,60.0,16.0,6.0,-2.9530000000000003,1095.45,196.0,-27.1,79.679333,76.77615,64.13769099999999,54.091365,132.0,48.0,107.219882,0.0,6.0,2741.82,3418.709478,16.0,-5.0,1064.0,704.4822,64.0,0.0,157.475262,-9.353689,0,8,Low
4.0,11.0,1.0,7.0,0.0,0.0,0.0,0.0,0.0,23.0,51.0,0.0,69.0,11.0,11.0,19.3673,753.49,232.0,-27.56,83.21818,93.30942,65.233422,69.384979,177.0,44.0,135.29148700000002,0.0,11.0,3213.804,4135.597751,4.0,6.0,1249.0,899.1656,55.0,0.0,183.494647,-8.950809,0,8,Low
