D,H,A,E,C,I,P,B,N,DP,Fluorescence,total_num_valence_electrons,total_hallkieralpha,total_num_sat_rings,total_kappa2,total_kappa3,total_bertzct,total_balabanj,total_rot_bonds,total_hbd,total_hba,total_num_heteroatoms,total_num_aromatic_heterocycles,total_num_aliphatic_rings,total_logp,total_chi0v,total_arom_rings,total_num_rings,total_kappa1,total_n_carbon,total_mw,total_n_oxygen,total_chi1v,charge,total_heavy_atom_count,total_molar_ref,total_tpsa,total_n_nitrogen,predicted_docking_score,Consensus_Class,score,fluorescence
15,0,0,0,0,0,7.5,0,0,22.5,5.108632646,1410,-25.725,0,118.4519925,107.8220175,4006.5734925,64.1390475,97.5,0,67.5,67.5,0,0,15.189,155.5119675,7.5,7.5,214.888245,187.5,3589.395,52.5,78.797505,15,255,998.2725,749.475,15,-8.664374,2,0,High
20,0,0,0,0,0,7.5,0,0,27.5,5.108592008,1695,-29.875,0,143.4261975,134.3693675,4610.4460625,80.1133725,117.5,0,82.5,82.5,0,0,15.7655,187.8238725,7.5,7.5,260.738245,222.5,4305.325,62.5,94.320015,20,305,1198.2975,910.475,20,-8.380143,2,0,High
21.5,0,2.5,0,0,2.5,2.5,0,0,29,5.014957746,1610.5,-26.22,0,136.015384,144.2591775,3736.796931,90.28822,108.5,2.5,79.5,82,0,0,9.5387,180.1052765,2.5,2.5,253.984415,203,4057.159,58,87.8564155,21.5,285,1131.3035,954.6,24,-8.352909,2,0,High
15.5,0,2.5,0,0,2.5,10,0,0,30.5,4.992325809,1823.5,-34.515,0,149.5757155,140.582325,5207.1056295,87.3351025,122,2.5,84,86.5,0,0,22.3064,199.907243,10,10,276.30266,243.5,4639.648,68.5,101.4593785,15.5,330,1289.471,1027.875,18,-8.311476,2,0,High
10,0,10,0,0,2.5,10,0,0,32.5,4.980451649,1720,-35.875,0,133.515535,135.45524,4977.196325,93.7993825,107.5,10,75,85,0,0,19.105,185.1395675,10,10,257.44266,227.5,4385.2175,65,93.30754,10,312.5,1214.879,1173.95,20,-8.217871,2,0,High
19.5,0,2.5,0,0,2.5,10,0,0,34.5,4.807245378,2051.5,-37.835,0,169.5550795,161.820205,5690.2036855,100.1145625,138,2.5,96,98.5,0,0,22.7676,225.756767,10,10,312.98266,271.5,5212.392,76.5,113.8773865,19.5,370,1449.491,1156.675,22,-7.9362264,2,0,High
13.5,0,2.5,0,0,2.5,10,0,0,28.5,4.7027761,1709.5,-32.855,0,139.5860335,129.963385,4965.5566015,80.9453725,114,2.5,78,80.5,0,0,22.0758,186.982481,10,10,257.96266,229.5,4353.276,64.5,95.2503745,13.5,310,1209.461,963.475,16,-8.537536,2,0,High
13.5,0,10,0,0,2.5,10,0,0,36,4.587555543,1919.5,-38.78,0,150.9974785,154.038385,5399.907124,104.98141,121.5,10,85.5,95.5,0,0,19.50855,207.757901,10,10,289.53766,252,4886.3685,72,104.173297,13.5,347.5,1354.8965,1286.65,23.5,-7.798495,2,0,High
2.5,10,16.5,2.5,0,0,0,0,0,31.5,4.567210436,1164.5,-25.385,0,89.417879,107.4451425,2324.6265045,99.912995,61.5,26.5,59,75.5,0,0,-6.44195,117.2558365,0,0,179.615,129.5,2942.221,56.5,54.7448195,2.5,205,769.4636,1322.535,19,-8.08167,2,0,High
10,2.5,10,10,0,0,0,0,0,32.5,4.441565813,1365,-26.175,0,110.0132475,123.89217,2767.559,103.504275,77.5,12.5,67.5,77.5,0,0,4.35475,146.5609225,0,0,213.825,162.5,3434.11,57.5,69.4769775,10,240,932.8685,1132.225,20,-7.754241,2,0,High
16.5,0,10,0,0,2.5,2.5,0,0,31.5,4.410227379,1535.5,-27.995,0,122.452624,141.7868275,3567.2748835,98.3499325,96,10,72,82,0,0,6.39495,168.5687915,2.5,2.5,239.709415,190.5,3874.3215,55.5,81.256828,16.5,272.5,1076.714,1116.775,26.5,-8.073106,2,0,High
10,0,10,0,0,10,2.5,0,0,32.5,4.394834553,1555,-28.525,0,120.9242425,145.3370225,3573.3688775,102.1270675,92.5,10,67.5,77.5,0,0,15.9325,170.7038975,2.5,2.5,241.679415,197.5,3904.895,57.5,83.253535,10,275,1086.6365,1104.725,20,-8.007951,2,0,High
22,0,0,0,0,0,0,0,0,22,4.35206064,1254,-18.26,0,109.886502,116.80834,2657.039308,70.28703,88,0,66,66,0,0,2.5366,142.172382,0,0,201.74,154,3150.092,44,68.299044,22,220,880.11,708.4,22,-8.615679,2,0,High
2.5,10,10,10,0,0,0,0,0,32.5,4.343422727,1282.5,-26.175,0,105.0425025,109.296825,2519.309435,102.8785125,70,20,67.5,77.5,0,0,1.29925,131.5609225,0,0,198.825,147.5,3231.085,65,62.768775,2.5,225,844.6445,1239.7,12.5,-7.9354925,2,0,High
2.5,10,13.5,2.5,0,0,0,0,0,28.5,4.295171818,1080.5,-23.015,0,84.853301,97.8151425,2150.8862955,90.29858,58.5,23.5,56,69.5,0,0,-5.41505,108.9456685,0,0,166.985,120.5,2728.984,53.5,51.1756505,2.5,190,711.2894,1193.265,16,-8.348604,2,0,High
10,2.5,10,13.5,0,0,0,0,0,36,4.193090111,1505,-28.94,0,121.920034,134.4932885,3034.08169,114.609425,84.5,12.5,74.5,84.5,0,0,6.929,161.6391325,0,0,235.56,180,3784.5195,64.5,76.8303165,10,264.5,1026.7735,1224.275,20,-7.303407,2,0,High
2.5,2.5,15.5,10,0,0,0,0,0,30.5,4.174355389,1091.5,-24.295,0,80.920333,101.726145,2180.2738615,97.169215,53,18,50.5,66,0,0,1.60735,113.328373,0,0,168.205,126.5,2751.1495,48,52.736689,2.5,192.5,739.4837,1127.72,18,-7.9147673,2,0,High
10,0,13.5,0,0,10,2.5,0,0,36,4.136749495,1653,-31.29,0,126.2495835,156.5720225,3776.065788,113.343885,96,13.5,71,84.5,0,0,14.73445,180.3990935,2.5,2.5,256.414415,208,4153.6715,61,87.4175655,10,292.5,1154.5064,1255.54,23.5,-7.6572185,2,0,High
10,2.5,0,0,10,12.5,0,0,0,35,4.114264127,1895,-33.45,0,157.8277525,173.23652,4243.746855,113.4299375,125,2.5,102.5,102.5,0,0,6.12375,202.66404,0,0,299.05,230,4755.4675,92.5,100.0866475,0,332.5,1228.3795,1431.375,10,-7.731619,2,0,High
2.5,2.5,13.5,10,0,0,0,0,0,28.5,4.037399722,1035.5,-22.715,0,77.877281,95.306145,2064.4470555,90.759605,51,16,48.5,62,0,0,2.29195,107.788261,0,0,159.785,120.5,2608.9915,46,50.357243,2.5,182.5,700.7009,1041.54,16,-8.100494,2,0,High
2.5,2.5,21.5,2.5,0,0,0,0,0,29,4.00870782,959.5,-23.11,0,64.5349465,98.2694625,1956.6342295,92.601295,44,24,41.5,63,0,0,-5.9627,97.638259,0,0,146.89,107,2426.746,39,44.117872,2.5,170,654.6071,1189.01,24,-7.7054777,2,0,High
17.5,0,10,0,0,2.5,2.5,0,0,32.5,3.981015781,1592.5,-28.825,0,127.447465,147.0962975,3688.0493975,101.5447975,100,10,75,85,0,0,6.51025,175.0311725,2.5,2.5,248.879415,197.5,4017.5075,57.5,84.36133,17.5,282.5,1116.719,1148.975,27.5,-7.9739847,2,0,High
2.5,2.5,24.5,2.5,0,0,0,0,0,32,3.891471558,1043.5,-25.48,0,69.0995245,107.8994625,2130.3744385,102.21571,47,27,44.5,69,0,0,-6.9896,105.948427,0,0,159.52,116,2639.983,42,47.687041,2.5,185,712.7813,1318.28,27,-7.498389,2,0,High
10,2.5,10,14.5,0,0,0,0,0,37,3.874994862,1545,-29.73,0,125.321973,137.5221795,3110.23103,117.782325,86.5,12.5,76.5,86.5,0,0,7.6645,165.9471925,0,0,241.77,185,3884.6365,66.5,78.9312705,10,271.5,1053.6035,1250.575,20,-7.1730833,2,0,High
17,0,0,0,0,0,7.5,0,0,24.5,3.785656427,1524,-27.385,0,128.4416745,118.4409575,4248.1225205,70.5287775,105.5,0,73.5,73.5,0,0,15.4196,168.4367295,7.5,7.5,233.228245,201.5,3875.767,56.5,85.006509,17,275,1078.2825,813.875,17,-8.600443,2,0,High
0,0,20,7.5,0,0,0,0,0,27.5,3.751064529,860,-21.725,0,55.9450625,86.9166825,1729.38811,87.89285,35,20,35,55,0,0,-1.32975,87.71157,0,0,130.775,97.5,2172.4575,35,39.551615,0,152.5,589.053,1059.05,20,-7.6909842,2,0,High
2.5,2.5,10,17.5,0,0,0,0,0,32.5,3.730463054,1237.5,-25.875,0,98.0664825,106.7878275,2432.870195,103.3395375,62.5,12.5,60,70,0,0,9.00625,130.403515,0,0,191.625,147.5,3111.0925,57.5,61.9503675,2.5,217.5,834.056,1087.975,12.5,-7.8790207,2,0,High
7.5,0,7.5,0,0,7.5,7.5,0,0,30,3.723588656,1582.5,-31.35,0,123.340215,130.1377425,4326.243495,88.757355,97.5,7.5,67.5,75,0,0,22.044,171.9601125,7.5,7.5,239.263245,210,4009.875,60,86.6126325,7.5,285,1113.6255,1028.4,15,-8.697024,2,0,High
2.5,10,13.5,10,0,0,0,0,0,36,3.683810555,1380.5,-28.94,0,110.3678435,120.531825,2722.0063455,114.09533,73.5,23.5,71,84.5,0,0,0.1012,141.2561185,0,0,213.56,158,3479.8615,68.5,66.9328055,2.5,242.5,912.5144,1390.515,16,-7.36027,2,0,High
13,0,0,0,0,0,11,0,0,24,3.665791088,1555,-30.26,0,128.77602,110.353729,4789.337163,65.316818,107,0,72,72,0,0,21.2395,169.92279,11,11,232.639426,212,3975.772,59,87.629156,13,284,1104.088,809.43,13,-8.703342,2,0,High
7.5,0,7.5,0,0,7.5,7.5,0,0,30,3.638072228,1582.5,-31.35,0,123.340215,130.1377425,4326.243495,88.757355,97.5,7.5,67.5,75,0,0,22.044,171.9601125,7.5,7.5,239.263245,210,4009.875,60,86.6126325,7.5,285,1113.6255,1028.4,15,-8.697024,2,0,High
7.5,0,7.5,0,0,7.5,7.5,0,0,30,3.608091472,1582.5,-31.35,0,123.340215,130.1377425,4326.243495,88.757355,97.5,7.5,67.5,75,0,0,22.044,171.9601125,7.5,7.5,239.263245,210,4009.875,60,86.6126325,7.5,285,1113.6255,1028.4,15,-8.697024,2,0,High
10,2.5,0,0,10,14.5,0,0,0,37,3.602632841,1999,-35.03,0,166.0779085,183.38632,4454.714411,119.9749395,131,2.5,106.5,106.5,0,0,8.86695,214.434862,0,0,315.47,244,5011.8095,96.5,106.0002395,0,350.5,1300.3675,1483.975,10,-7.513477,2,0,High
2.5,2.5,19.5,10,0,0,0,0,0,34.5,3.582497957,1203.5,-27.455,0,87.006437,114.566145,2411.9274735,109.988435,57,22,54.5,74,0,0,0.23815,124.408597,0,0,185.045,138.5,3035.4655,52,57.495581,2.5,212.5,817.0493,1300.08,22,-7.3928437,2,0,High
2.5,10,15.5,2.5,0,0,0,0,0,30.5,3.552745612,1136.5,-24.595,0,87.896353,104.2351425,2266.7131015,96.70819,60.5,25.5,58,73.5,0,0,-6.09965,114.4857805,0,0,175.405,126.5,2871.142,55.5,53.5550965,2.5,200,750.0722,1279.445,18,-8.258731,2,0,High
13.5,0,10,0,0,2.5,2.5,0,0,28.5,3.530960192,1364.5,-25.505,0,107.468101,125.8584175,3204.9513415,88.7653375,84,10,63,73,0,0,6.04905,149.1816485,2.5,2.5,212.199415,169.5,3444.7635,49.5,71.943322,13.5,242.5,956.699,1020.175,23.5,-8.366893,2,0,High
2.5,2.5,10,15.5,0,0,0,0,0,30.5,3.505757588,1157.5,-24.295,0,91.2626045,100.7300455,2280.571515,96.9937375,58.5,12.5,56,66,0,0,7.53525,121.787395,0,0,179.205,137.5,2910.8585,53.5,57.7484595,2.5,203.5,780.396,1035.375,12.5,-8.077421,2,0,High
17.5,0,2.5,0,0,2.5,10,0,0,32.5,3.471009912,1937.5,-36.175,0,159.5653975,151.201265,5448.6546575,93.7248325,130,2.5,90,92.5,0,0,22.537,212.832005,10,10,294.64266,257.5,4926.02,72.5,107.6683825,17.5,350,1369.481,1092.275,20,-8.124784,2,0,High
10,10,10,2.5,0,0,0,0,0,32.5,3.445228068,1410,-26.475,0,116.9892675,126.4011675,2853.99824,103.04325,85,20,75,85,0,0,-3.35225,147.71833,0,0,221.025,162.5,3554.1025,65,70.295385,10,247.5,943.457,1283.95,20,-8.005674,2,0,High
2.5,10,17.5,2.5,0,0,0,0,0,32.5,3.441129237,1192.5,-26.175,0,90.939405,110.6551425,2382.5399075,103.1178,62.5,27.5,60,77.5,0,0,-6.78425,120.0258925,0,0,183.825,132.5,3013.3,57.5,55.9345425,2.5,210,788.855,1365.625,20,-7.9195013,2,0,High
0,0,13,11,0,0,0,0,0,24,3.389243117,804,-18.96,0,57.201167,75.047801,1590.516979,76.564365,35,13,35,48,0,0,3.6406,83.399388,0,0,123.04,94,2025.314,35,38.576893,0,142,547.2182,849.47,13,-8.0769825,2,0,High
7.5,0,7.5,0,0,7.5,7.5,0,0,30,3.309978321,1582.5,-31.35,0,123.340215,130.1377425,4326.243495,88.757355,97.5,7.5,67.5,75,0,0,22.044,171.9601125,7.5,7.5,239.263245,210,4009.875,60,86.6126325,7.5,285,1113.6255,1028.4,15,-8.697024,2,0,High
0,0,24,0,0,0,0,0,0,24,3.309948441,672,-18.96,0,36.516624,77.04,1389.921672,76.91532,24,24,24,48,0,0,-8.2152,66.481344,0,0,101.04,72,1705.896,24,28.553352,0,120,465.3936,1034.16,24,-7.2060823,2,0,High
14.5,0,10,0,0,2.5,10,0,0,37,3.269261564,1976.5,-39.61,0,155.9923195,159.347855,5520.681638,108.176275,125.5,10,88.5,98.5,0,0,19.62385,214.220282,10,10,298.70766,259,5029.5545,74,107.277799,14.5,357.5,1394.9015,1318.85,24.5,-7.694779,2,0,High
15.5,0,10,0,0,2.5,2.5,0,0,30.5,3.235688513,1478.5,-27.165,0,117.457783,136.4773575,3446.5003695,95.1550675,92,10,69,79,0,0,6.27965,162.1064105,2.5,2.5,230.539415,183.5,3731.1355,53.5,78.152326,15.5,262.5,1036.709,1084.575,25.5,-8.188737,2,0,High
7.5,0,7.5,0,0,7.5,7.5,0,0,30,3.161969946,1582.5,-31.35,0,123.340215,130.1377425,4326.243495,88.757355,97.5,7.5,67.5,75,0,0,22.044,171.9601125,7.5,7.5,239.263245,210,4009.875,60,86.6126325,7.5,285,1113.6255,1028.4,15,-8.697024,2,0,High
7.5,7.5,7.5,7.5,0,0,0,0,0,30,3.096652711,1282.5,-24.3,0,106.8778575,111.8383875,2568.8387175,95.13,75,15,67.5,75,0,0,1.623,135.021585,0,0,200.7,150,3228.735,60,64.539405,7.5,225,858.5115,1110.9,15,-8.261714,2,0,High
0,0,11,13,0,0,0,0,0,24,3.079866351,828,-18.96,0,60.961993,74.685583,1626.988853,76.500555,37,11,37,48,0,0,5.7962,86.475396,0,0,127.04,98,2083.39,37,40.399355,0,146,562.0954,815.89,11,-8.107211,2,0,High
2.5,2.5,10,13.5,0,0,0,0,0,28.5,3.066681543,1077.5,-22.715,0,84.4587265,94.6722635,2128.272835,90.6479375,54.5,12.5,52,62,0,0,6.06425,113.171275,0,0,166.785,127.5,2710.6245,49.5,53.5465515,2.5,189.5,726.736,982.775,12.5,-8.161519,2,0,High
2.5,2.5,17.5,10,0,0,0,0,0,32.5,2.947106323,1147.5,-25.875,0,83.963385,108.146145,2296.1006675,103.578825,55,20,52.5,70,0,0,0.92275,118.868485,0,0,176.625,132.5,2893.3075,50,55.116135,2.5,202.5,778.2665,1213.9,20,-7.6694746,2,0,High
14.5,10,2.5,10,0,0,0,0,0,37,2.940220125,1756.5,-30.21,0,153.5691495,148.935465,3534.2530805,117.180855,110.5,12.5,96,98.5,0,0,5.2501,188.3340745,0,0,277.29,209,4416.2245,81.5,91.0998765,14.5,307.5,1179.269,1302.925,17,-7.4731336,2,0,High
2.5,16.5,10,2.5,0,0,0,0,0,31.5,2.939216183,1281.5,-25.645,0,107.6864475,108.4423985,2518.074103,99.3060575,74.5,26.5,72,82,0,0,-6.11565,128.255949,0,0,198.855,142.5,3234.9615,69.5,61.3771075,2.5,224.5,826.9912,1344.895,12.5,-8.3213005,2,0,High
10,2.5,10,12.5,0,0,0,0,0,35,2.891708799,1465,-28.15,0,118.518095,131.4643975,2957.93235,111.436525,82.5,12.5,72.5,82.5,0,0,6.1935,157.3310725,0,0,229.35,175,3684.4025,62.5,74.7293625,10,257.5,999.9435,1197.975,20,-7.432079,2,0,High
2.5,10,14.5,10,0,0,0,0,0,37,2.873201376,1408.5,-29.73,0,111.8893695,123.741825,2779.9197485,117.300135,74.5,24.5,72,86.5,0,0,-0.2411,144.0261745,0,0,217.77,161,3550.9405,69.5,68.1225285,2.5,247.5,931.9058,1433.605,17,-7.2224784,2,0,High
0,0,17,7.5,0,0,0,0,0,24.5,2.84656192,776,-19.355,0,51.3804845,77.2866825,1555.647901,78.278435,32,17,32,49,0,0,-0.302849999999999,79.401402,0,0,118.145,88.5,1959.2205,32,35.982446,0,137.5,530.8788,929.78,17,-7.813462,2,0,High
2.5,2.5,23.5,2.5,0,0,0,0,0,31,2.773204106,1015.5,-24.69,0,67.5779985,104.6894625,2072.4610355,99.010905,46,26,43.5,67,0,0,-6.6473,103.178371,0,0,155.31,113,2568.904,41,46.497318,2.5,180,693.3899,1275.19,26,-7.627313,2,0,High
17.5,10,2.5,2.5,0,0,0,0,0,32.5,2.766938545,1627.5,-26.775,0,143.03913,142.1471925,3325.4565725,102.9687,107.5,12.5,90,92.5,0,0,0.0797499999999997,175.4107675,0,0,258.225,192.5,4094.905,72.5,84.6562275,17.5,285,1098.059,1202.275,20,-8.163239,2,0,High
10,2.5,0,0,2.5,15.5,0,0,0,30.5,2.764657164,1631,-25.92,0,136.0887265,152.2384625,3436.497144,98.650103,104,2.5,78.5,78.5,0,0,18.82155,180.332793,0,0,258.58,206,4066.5955,68.5,89.039668,7.5,284.5,1105.5115,1012.05,10,-8.1246605,2,0,High
10,10,0,0,10,2.5,0,0,0,32.5,2.754079122,1720,-31.775,0,149.067535,147.7132,3846.468365,104.0406525,117.5,10,105,105,0,0,-9.783,177.2777875,0,0,270.725,197.5,4344.6275,95,87.09425,0,302.5,1080.253,1517.35,10,-7.999952,2,0,High
10,10,0,0,2.5,10,0,0,0,32.5,2.716754553,1690,-27.8,0,145.89136,149.5521925,3513.895655,103.9870725,110,10,90,90,0,0,9.087,181.43089,0,0,267.2,205,4232.525,80,89.3528525,7.5,295,1119.358,1216.375,10,-8.018965,2,0,High
0,0,15,7.5,0,0,0,0,0,22.5,2.686755252,720,-17.775,0,48.3374325,70.8666825,1439.821095,71.868825,30,15,30,45,0,0,0.38175,73.86129,0,0,109.725,82.5,1817.0625,30,33.603,0,127.5,492.096,843.6,15,-7.8454366,2,0,High
15.5,0,2.5,10,2.5,0,0,0,0,30.5,2.686080757,1493.5,-26.04,0,126.6146605,132.6849475,3152.8488895,97.4605325,94.5,2.5,79,81.5,0,0,5.4254,163.5018055,0,0,236.46,181,3756.0455,63.5,78.742751,13,262.5,1013.806,1035.9,18,-8.0715885,2,0,High
7.5,7.5,0,0,7.5,7.5,0,0,0,30,2.672536797,1582.5,-28.275,0,135.004215,139.3312125,3478.197525,96.4383075,105,7.5,90,90,0,0,0.377999999999998,166.0637775,0,0,249.225,187.5,3979.4325,82.5,81.952665,0,277.5,1012.656,1285.95,7.5,-8.335752,2,0,High
10,2.5,0,0,10,13.5,0,0,0,36,2.669834212,1947,-34.24,0,161.9528305,178.31142,4349.230633,116.7024385,128,2.5,104.5,104.5,0,0,7.49535,208.549451,0,0,307.26,237,4883.6385,94.5,103.0434435,0,341.5,1264.3735,1457.675,10,-7.6215935,2,0,High
10,0,13.5,0,0,2.5,2.5,0,0,28.5,2.634341202,1263,-25.365,0,95.3114985,118.5102725,2984.937453,88.8001275,73.5,13.5,56,69.5,0,0,4.44745,136.258511,2.5,2.5,194.839415,155.5,3192.389,46,65.2415955,10,225,884.5514,1058.29,23.5,-8.280596,2,0,High
13.5,2.5,0,0,2.5,10,0,0,0,28.5,2.631780268,1544.5,-24.48,0,130.882741,142.9096575,3279.047164,91.833375,101.5,2.5,78,78,0,0,11.6813,170.581366,0,0,245.52,192,3862.806,64.5,83.643047,11,270,1047.562,980.1,13.5,-8.304385,2,0,High
21.5,2.5,0,0,0,2.5,0,0,2.5,29,2.631685423,1595.5,-25.195,0,137.666589,146.5867625,3434.2814785,93.1153225,108.5,7.5,82,87,0,0,2.11245,177.024199,0,0,254.805,193,4009.544,60.5,85.5413555,21.5,280,1101.69975,1054.85,26.5,-8.411066,2,0,High
13.5,10,0,0,2.5,10,0,0,0,36,2.628741011,1889.5,-30.705,0,163.3733035,168.1353375,3936.606454,115.1691,124,10,100.5,100.5,0,0,9.49055,204.0492235,0,0,299.295,229.5,4733.676,87,100.2186095,11,330,1259.3755,1329.075,13.5,-7.63905,2,0,High
7.5,7.5,0,0,7.5,7.5,0,0,0,30,2.616313366,1582.5,-28.275,0,135.004215,139.3312125,3478.197525,96.4383075,105,7.5,90,90,0,0,0.377999999999998,166.0637775,0,0,249.225,187.5,3979.4325,82.5,81.952665,0,277.5,1012.656,1285.95,7.5,-8.335752,2,0,High
7.5,0,7.5,0,0,7.5,7.5,0,0,30,2.596169028,1582.5,-31.35,0,123.340215,130.1377425,4326.243495,88.757355,97.5,7.5,67.5,75,0,0,22.044,171.9601125,7.5,7.5,239.263245,210,4009.875,60,86.6126325,7.5,285,1113.6255,1028.4,15,-8.697024,2,0,High
19.5,0,2.5,10,2.5,0,0,0,0,34.5,2.589502888,1721.5,-29.36,0,146.5940245,153.9228275,3635.9469455,110.2399925,110.5,2.5,91,93.5,0,0,5.8866,189.3513295,0,0,273.14,209,4328.7895,71.5,91.160759,17,302.5,1173.826,1164.7,22,-7.712569,2,0,High
19.5,2.5,0,0,2.5,10,0,0,0,34.5,2.589502888,1886.5,-29.46,0,160.851787,174.7664775,4003.694248,111.002565,125.5,2.5,96,96,0,0,12.3731,209.355652,0,0,300.54,234,4721.922,76.5,102.270059,17,330,1287.592,1173.3,19.5,-7.780115,2,0,High
7.5,7.5,0,0,7.5,7.5,0,0,0,30,2.565187241,1582.5,-28.275,0,135.004215,139.3312125,3478.197525,96.4383075,105,7.5,90,90,0,0,0.377999999999998,166.0637775,0,0,249.225,187.5,3979.4325,82.5,81.952665,0,277.5,1012.656,1285.95,7.5,-8.335752,2,0,High
10,2.5,2.5,19.5,0,0,0,0,0,34.5,2.532717393,1535,-27.755,0,130.920223,128.5916345,3056.6272075,109.6107875,89,5,79,81.5,0,0,13.90925,166.7120725,0,0,241.245,187.5,3852.129,69,80.513118,10,269,1042.318,1058.9,12.5,-7.468066,2,0,High
17.5,2.5,0,0,0,10,0,0,2.5,32.5,2.527408101,1757.5,-27.8,0,148.62531,163.4106325,3742.3117575,104.87962,115,7.5,85,90,0,0,11.93825,195.3152575,0,0,279.7,217.5,4398.0825,67.5,95.2993175,17.5,307.5,1211.63475,1123.3,22.5,-7.9663916,2,0,High
11,0,0,0,0,0,13,0,0,24,2.521315885,1589,-32.14,0,130.394172,107.249447,5133.109677,63.251374,109,0,72,72,0,0,24.5981,172.618362,13,13,234.922958,220,4073.828,61,90.014812,11,292,1130.264,816.09,11,-8.77809,2,0,High
14.5,10,0,0,2.5,10,0,0,0,37,2.521263737,1946.5,-31.535,0,168.3681445,173.4448075,4057.380968,118.363965,128,10,103.5,103.5,0,0,9.60585,210.5116045,0,0,308.465,236.5,4876.862,89,103.3231115,12,340,1299.3805,1361.275,14.5,-7.520898,2,0,High
10,0,14.5,0,0,10,2.5,0,0,37,2.509802269,1681,-32.08,0,127.7711095,159.7820225,3833.979191,116.54869,97,14.5,72,86.5,0,0,14.39215,183.1691495,2.5,2.5,260.624415,211,4224.7505,62,88.6072885,10,297.5,1173.8978,1298.63,24.5,-7.5323367,2,0,High
0,7.5,17,0,0,0,0,0,0,24.5,2.504711727,821,-19.655,0,58.3565045,79.79568,1642.087141,77.81741,39.5,24.5,39.5,56.5,0,0,-8.00985,80.5588095,0,0,125.345,88.5,2079.213,39.5,36.8008535,0,145,541.4673,1081.505,17,-8.1469,2,0,High
14.5,10,0,0,0,10,0,0,2.5,37,2.490292062,1931.5,-31.535,0,166.1313495,172.7079025,4037.5475055,118.63075,125.5,15,98.5,103.5,0,0,9.4016,209.395972,0,0,305.965,234,4839.3945,84,102.561374,14.5,337.5,1303.43325,1375.675,19.5,-7.48256,2,0,High
2.5,2.5,10,19.5,0,0,0,0,0,34.5,2.479319374,1317.5,-27.455,0,104.8703605,112.8456095,2585.168875,109.6853375,66.5,12.5,64,74,0,0,10.47725,139.019635,0,0,204.045,157.5,3311.3265,61.5,66.1522755,2.5,231.5,887.716,1140.575,12.5,-7.6218805,2,0,High
17.5,2.5,2.5,10,0,0,0,0,0,32.5,2.433299662,1582.5,-26.475,0,136.06311,139.638195,3239.0173325,103.429725,100,5,82.5,85,0,0,7.78675,174.25336,0,0,251.025,192.5,3974.9125,65,83.83782,17.5,277.5,1087.4705,1050.55,20,-7.850248,2,0,High
26.5,0,2.5,0,0,2.5,2.5,0,0,34,2.430230152,1895.5,-30.37,0,160.989589,170.8065275,4340.669501,106.262545,128.5,2.5,94.5,97,0,0,10.1152,212.4171815,2.5,2.5,299.834415,238,4773.089,68,103.3789255,26.5,335,1331.3285,1115.6,29,-7.917463,2,0,High
7.5,0,7.5,0,0,7.5,7.5,0,0,30,2.412956793,1582.5,-31.35,0,123.340215,130.1377425,4326.243495,88.757355,97.5,7.5,67.5,75,0,0,22.044,171.9601125,7.5,7.5,239.263245,210,4009.875,60,86.6126325,7.5,285,1113.6255,1028.4,15,-8.697024,2,0,High
12.5,0,10,0,0,2.5,10,0,0,35,2.406006377,1862.5,-37.95,0,146.0026375,148.728915,5279.13261,101.786545,117.5,10,82.5,92.5,0,0,19.39325,201.29552,10,10,280.36766,245,4743.1825,70,101.068795,12.5,337.5,1314.8915,1254.45,22.5,-7.9071064,2,0,High
10,0,15.5,0,0,2.5,2.5,0,0,30.5,2.403311212,1319,-26.945,0,98.3545505,124.9302725,3100.764259,95.2097375,75.5,15.5,58,73.5,0,0,3.76285,141.798623,2.5,2.5,203.259415,161.5,3334.547,48,67.6210415,10,235,923.3342,1144.47,25.5,-8.122163,2,0,High
7.5,7.5,7.5,7.5,0,0,0,0,0,30,2.391947277,1282.5,-24.3,0,106.8778575,111.8383875,2568.8387175,95.13,75,15,67.5,75,0,0,1.623,135.021585,0,0,200.7,150,3228.735,60,64.539405,7.5,225,858.5115,1110.9,15,-8.261714,2,0,High
10,2.5,0,0,2.5,17.5,0,0,0,32.5,2.38661494,1735,-27.5,0,144.3388825,162.3882625,3647.4647,105.195105,110,2.5,82.5,82.5,0,0,21.56475,192.103615,0,0,275,220,4322.9375,72.5,94.95326,7.5,302.5,1177.4995,1064.65,10,-7.915916,2,0,High
24.5,2.5,2.5,2.5,0,0,0,0,0,32,2.370506042,1681.5,-26.36,0,145.5124545,154.0878025,3513.3188805,101.99703,113,5,88.5,91,0,0,3.0776,187.179577,0,0,268.64,204,4226.337,64,89.812179,24.5,295,1166.2805,1078.7,27,-8.217104,2,0,High
13.5,10,2.5,10,0,0,0,0,0,36,2.356862814,1699.5,-29.38,0,148.5743085,143.625995,3413.4785665,113.98599,106.5,12.5,93,95.5,0,0,5.1348,181.8716935,0,0,268.12,202,4273.0385,79.5,87.9953745,13.5,297.5,1139.264,1270.725,16,-7.5986624,2,0,High
17.5,2.5,0,0,2.5,10,0,0,0,32.5,2.355187098,1772.5,-27.8,0,150.862105,164.1475375,3762.14522,104.612835,117.5,2.5,90,90,0,0,12.1425,196.43089,0,0,282.2,220,4435.55,72.5,96.061055,15,310,1207.582,1108.9,17.5,-7.9777575,2,0,High
7.5,0,7.5,0,0,7.5,7.5,0,0,30,2.349332547,1582.5,-31.35,0,123.340215,130.1377425,4326.243495,88.757355,97.5,7.5,67.5,75,0,0,22.044,171.9601125,7.5,7.5,239.263245,210,4009.875,60,86.6126325,7.5,285,1113.6255,1028.4,15,-8.697024,2,0,High
10,0,2.5,17.5,2.5,0,0,0,0,32.5,2.345711814,1480,-27.4,0,124.6575775,126.199545,3059.7091125,103.685525,87.5,2.5,77.5,80,0,0,10.3075,160.26916,0,0,232.6,180,3719.4,67.5,77.425145,7.5,260,995.0035,1056.05,12.5,-7.7892585,2,0,High
13.5,10,0,0,0,10,0,0,2.5,36,2.326484319,1874.5,-30.705,0,161.1365085,167.3984325,3916.7729915,115.435885,121.5,15,95.5,100.5,0,0,9.2863,202.933591,0,0,296.795,227,4696.2085,82,99.456872,13.5,327.5,1263.42825,1343.475,18.5,-7.595596,2,0,High
15.5,2.5,0,0,2.5,10,0,0,0,30.5,2.317321291,1658.5,-26.14,0,140.872423,153.5285975,3520.596192,98.223105,109.5,2.5,84,84,0,0,11.9119,183.506128,0,0,263.86,206,4149.178,68.5,89.852051,13,290,1127.572,1044.5,15.5,-8.205418,2,0,High
0,7.5,10,7.5,0,0,0,0,0,25,2.3136826,925,-20.05,0,73.220365,80.0423625,1807.81337,79.180525,47.5,17.5,47.5,57.5,0,0,-0.0975000000000001,93.4788675,0,0,142.45,105,2332.5375,47.5,44.2299475,0,162.5,606.9525,977.125,10,-8.34587,2,0,High
10,0,2.5,10,10,0,0,0,0,32.5,2.308353326,1600,-31.375,0,133.257295,139.70562,3612.2901075,104.4861125,102.5,2.5,92.5,95,0,0,-3.79175,167.94619,0,0,251.125,187.5,4041.9075,82.5,81.5853575,0,282.5,1024.6285,1357.025,12.5,-8.025584,2,0,High
23.5,2.5,2.5,2.5,0,0,0,0,0,31,2.306824391,1624.5,-25.53,0,140.5176135,148.7783325,3392.5443665,98.802165,109,5,85.5,88,0,0,2.9623,180.717196,0,0,259.47,197,4083.151,62,86.707677,23.5,285,1126.2755,1046.5,26,-8.306228,2,0,High
10,0,2.5,0,0,2.5,13.5,0,0,28.5,2.287068631,1769,-36.145,0,142.4177995,124.5308915,5567.158501,77.3308455,117.5,2.5,78,80.5,0,0,27.95335,191.699732,13.5,13.5,261.958841,243.5,4524.874,68,99.4252725,10,324,1255.269,975.13,12.5,-8.654769,2,0,High
10,0,2.5,0,0,2.5,17.5,0,0,32.5,2.260895454,2065,-43.225,0,165.6334675,139.5602075,6737.801585,85.9794175,137.5,2.5,90,92.5,0,0,35.13175,222.9404,17.5,17.5,303.205905,287.5,5293.73,80,116.6145925,10,380,1467.641,1117.25,12.5,-8.37484,2,0,High
10,13.5,10,2.5,0,0,0,0,0,36,2.260614158,1571,-29.38,0,132.15153,138.1731515,3160.859242,113.933255,95.5,23.5,85.5,95.5,0,0,-4.3746,163.3366635,0,0,246.12,180,3960.5085,75.5,78.0306475,10,275.5,1042.3033,1446.805,20,-7.651843,2,0,High
12.5,10,0,0,0,10,0,0,2.5,35,2.239983184,1817.5,-29.875,0,156.1416675,162.0889625,3795.9984775,112.24102,117.5,15,92.5,97.5,0,0,9.171,196.47121,0,0,287.625,220,4553.0225,80,96.35237,12.5,317.5,1223.42325,1311.275,17.5,-7.716972,2,0,High
10,10,2.5,14.5,0,0,0,0,0,37,2.236925545,1680,-30.03,0,146.4010905,138.6728595,3333.4397975,117.0820125,101.5,12.5,91.5,94,0,0,8.041,178.63963,0,0,263.97,200,4222.414,81.5,86.5839105,10,294,1119.9815,1276.375,12.5,-7.300253,2,0,High
10,13.5,2.5,2.5,0,0,0,0,0,28.5,2.224353228,1361,-23.455,0,120.740085,114.0981515,2726.5087195,89.8972175,88,16,78,80.5,0,0,-1.80735,142.5612435,0,0,214.545,157.5,3427.416,68,69.107725,10,238,896.8678,1123.63,12.5,-8.5446005,2,0,High
7.5,7.5,7.5,7.5,0,0,0,0,0,30,2.203727194,1282.5,-24.3,0,106.8778575,111.8383875,2568.8387175,95.13,75,15,67.5,75,0,0,1.623,135.021585,0,0,200.7,150,3228.735,60,64.539405,7.5,225,858.5115,1110.9,15,-8.261714,2,0,High
10,0,16.5,0,0,2.5,2.5,0,0,31.5,2.191415495,1347,-27.735,0,99.8760765,128.1402725,3158.677662,98.4145425,76.5,16.5,59,75.5,0,0,3.42055,144.568679,2.5,2.5,207.469415,164.5,3405.626,49,68.8107645,10,240,942.7256,1187.56,26.5,-8.035896,2,0,High
15.5,10,2.5,2.5,0,0,0,0,0,30.5,2.180198907,1513.5,-25.115,0,133.049448,131.5282525,3083.9075445,96.57897,99.5,12.5,84,86.5,0,0,-0.15085,162.4860055,0,0,239.885,178.5,3808.533,68.5,78.4472235,15.5,265,1018.049,1137.875,18,-8.38816,2,0,High
19.5,0,0,2.5,0,0,0,10,2.5,34.5,2.160241548,1956.5,-37.16,0,158.412382,148.24623,5544.4787755,103.034835,120.5,5,88.5,93.5,0,0,20.17985,215.948227,10,10,298.79877,261.5,4984.627,69,108.248399,19.5,355,1392.52525,1137.125,24.5,-8.006707,2,0,High
10,10,2.5,12.5,0,0,0,0,0,35,2.149980841,1600,-28.45,0,139.5972125,132.6150775,3181.1411175,110.7362125,97.5,12.5,87.5,90,0,0,6.57,170.02351,0,0,251.55,190,4022.18,77.5,82.3820025,10,280,1066.3215,1223.775,12.5,-7.6193714,2,0,High
16.5,0,10,2.5,2.5,0,0,0,0,31.5,2.133355439,1460.5,-26.87,0,117.506404,139.352735,3136.853876,100.894685,91,10,74.5,84.5,0,0,-2.5428,158.4291565,0,0,230.63,173,3681.4465,58,75.0130205,14,257.5,998.0215,1194.025,26.5,-8.046329,2,0,High
16.5,10,0,0,2.5,2.5,0,0,0,31.5,2.133355439,1670.5,-27.27,0,147.4197415,146.0019975,3507.801661,100.2099375,113.5,10,94.5,94.5,0,0,-0.450550000000001,179.295784,0,0,265.23,198,4201.9515,78,87.3561455,14,292.5,1109.4355,1228.425,16.5,-8.292427,2,0,High
10,0,2.5,0,0,2.5,15.5,0,0,30.5,2.133241005,1917,-39.685,0,154.0256335,132.0455495,6152.480043,81.6551315,127.5,2.5,84,86.5,0,0,31.54255,207.320066,15.5,15.5,282.582373,265.5,4909.302,74,108.0199325,10,352,1361.455,1046.19,12.5,-8.548638,2,0,High
10,2.5,0,0,0,13.5,0,0,10,36,2.130253772,1887,-34.24,0,153.0056505,175.3638,4269.896783,117.7695785,118,22.5,84.5,104.5,0,0,6.67835,204.086921,0,0,297.26,227,4733.7685,74.5,99.9964935,10,331.5,1280.5845,1515.275,30,-7.4596105,2,0,High
10,2.5,0,0,0,17.5,0,0,2.5,32.5,2.118993879,1720,-27.5,0,142.1020875,161.6513575,3627.6312375,105.46189,107.5,7.5,77.5,82.5,0,0,21.3605,190.9879825,0,0,272.5,217.5,4285.47,67.5,94.1915225,10,300,1181.55225,1079.05,15,-7.860169,2,0,High
13.5,0,10,2.5,2.5,0,0,0,0,28.5,2.109816795,1289.5,-24.38,0,102.521881,123.424325,2774.530334,91.31009,79,10,65.5,75.5,0,0,-2.8887,139.0420135,0,0,203.12,152,3251.8885,52,65.6995145,11,227.5,878.0065,1097.425,23.5,-8.3398905,2,0,High
13.5,10,0,0,2.5,2.5,0,0,0,28.5,2.109816795,1499.5,-24.78,0,132.4352185,130.0735875,3145.478119,90.6253425,101.5,10,85.5,85.5,0,0,-0.796450000000001,159.908641,0,0,237.72,177,3772.3935,72,78.0426395,11,262.5,989.4205,1131.825,13.5,-8.461163,2,0,High
10,2.5,2.5,15.5,0,0,0,0,0,30.5,2.102636587,1375,-24.595,0,117.312467,116.4760705,2752.0298475,96.9191875,81,5,71,73.5,0,0,10.96725,149.4798325,0,0,216.405,167.5,3451.661,61,72.109302,10,241,934.998,953.7,12.5,-7.970929,2,0,High
10,10,2.5,13.5,0,0,0,0,0,36,2.090584431,1640,-29.24,0,142.9991515,135.6439685,3257.2904575,113.9091125,99.5,12.5,89.5,92,0,0,7.3055,174.33157,0,0,257.76,195,4122.297,79.5,84.4829565,10,287,1093.1515,1250.075,12.5,-7.458174,2,0,High
20,0,0,7.5,0,0,0,0,0,27.5,2.085977507,1440,-22.525,0,125.4113625,128.9060825,2986.61033,87.69405,95,0,75,75,0,0,7.82225,161.55807,0,0,229.975,177.5,3614.5975,55,77.847195,20,252.5,1001.325,841.25,20,-8.207299,2,0,High
20,0,0,0,0,7.5,0,0,0,27.5,2.085977507,1530,-22.525,0,130.834905,144.25115,3206.618615,88.4410575,102.5,0,75,75,0,0,12.593,173.3882025,0,0,244.975,192.5,3825.0025,55,84.26601,20,267.5,1070.055,841.25,20,-8.317034,2,0,High
19.5,10,0,0,0,2.5,0,0,2.5,34.5,2.071520089,1826.5,-29.76,0,160.1674695,161.1935025,3850.2917405,110.0613175,123,15,98.5,103.5,0,0,-0.3089,197.5672945,0,0,290.24,216.5,4594.042,79,95.907914,19.5,320,1233.50325,1339.425,24.5,-7.8148017,2,0,High
13.5,0,2.5,10,2.5,0,0,0,0,28.5,2.070528315,1379.5,-24.38,0,116.6249785,122.0660075,2911.2998615,91.0708025,86.5,2.5,73,75.5,0,0,5.1948,150.5770435,0,0,218.12,167,3469.6735,59.5,72.533747,11,242.5,933.796,971.5,16,-8.199687,2,0,High
7.5,7.5,7.5,7.5,0,0,0,0,0,30,2.07036726,1282.5,-24.3,0,106.8778575,111.8383875,2568.8387175,95.13,75,15,67.5,75,0,0,1.623,135.021585,0,0,200.7,150,3228.735,60,64.539405,7.5,225,858.5115,1110.9,15,-8.261714,2,0,High
21.5,0,2.5,2.5,2.5,0,0,0,0,29,2.06953052,1535.5,-25.095,0,131.069164,141.825085,3306.3759235,92.8329725,103.5,2.5,82,84.5,0,0,0.60095,169.9656415,0,0,244.905,185.5,3864.284,60.5,81.612608,19,270,1052.611,1031.85,24,-8.40082,2,0,High
21.5,2.5,0,0,2.5,2.5,0,0,0,29,2.06953052,1610.5,-25.195,0,139.903384,147.3236675,3454.114941,92.8485375,111,2.5,87,87,0,0,2.3167,178.1398315,0,0,257.305,195.5,4047.0115,65.5,86.303093,19,282.5,1097.647,1040.45,21.5,-8.415928,2,0,High
10,2.5,10,10,0,0,0,0,0,32.5,2.069043734,1365,-26.175,0,110.0132475,123.89217,2767.559,103.504275,77.5,12.5,67.5,77.5,0,0,4.35475,146.5609225,0,0,213.825,162.5,3434.11,57.5,69.4769775,10,240,932.8685,1132.225,20,-7.754241,2,0,High
10,0,2.5,15.5,2.5,0,0,0,0,30.5,2.064165293,1400,-25.82,0,117.8536995,120.141763,2907.4104325,97.339725,83.5,2.5,73.5,76,0,0,8.8365,151.65304,0,0,220.18,170,3519.166,63.5,73.223237,7.5,246,941.3435,1003.45,12.5,-7.996546,2,0,High
17.5,10,0,0,0,2.5,0,0,2.5,32.5,2.057496034,1712.5,-28.1,0,150.1777875,150.5745625,3608.7427125,103.6715875,115,15,92.5,97.5,0,0,-0.5395,184.6425325,0,0,271.9,202.5,4307.67,75,89.69891,17.5,300,1153.49325,1275.025,22.5,-8.07756,2,0,High
13.5,0,10,10,2.5,0,0,0,0,36,2.056879923,1589.5,-30.305,0,128.0364235,146.1410075,3345.650384,115.10684,94,10,80.5,90.5,0,0,2.62755,171.3524635,0,0,249.695,189.5,4002.766,67,81.4566695,11,280,1079.2315,1294.675,23.5,-7.462464,2,0,High
10,0,10,10,2.5,0,0,0,0,32.5,2.040541702,1390,-27.4,0,110.55448,127.5578625,2922.939585,103.9248125,80,10,70,80,0,0,2.224,148.73413,0,0,217.6,165,3501.615,60,70.5909125,7.5,245,939.214,1181.975,20,-7.8581033,2,0,High
10,2.5,2.5,16.5,0,0,0,0,0,31.5,2.036152707,1415,-25.385,0,120.714406,119.5049615,2828.1791875,100.0920875,83,5,73,75.5,0,0,11.70275,153.7878925,0,0,222.615,172.5,3551.778,63,74.210256,10,248,961.828,980,12.5,-7.8733253,2,0,High
10,10,10,2.5,0,0,0,0,0,32.5,2.030225611,1410,-26.475,0,116.9892675,126.4011675,2853.99824,103.04325,85,20,75,85,0,0,-3.35225,147.71833,0,0,221.025,162.5,3554.1025,65,70.295385,10,247.5,943.457,1283.95,20,-8.005674,2,0,High
10,0,2.5,13.5,2.5,0,0,0,0,28.5,2.025361905,1320,-24.24,0,111.0498215,114.083981,2755.1117525,90.993925,79.5,2.5,69.5,72,0,0,7.3655,143.03692,0,0,207.76,160,3318.932,59.5,69.021329,7.5,232,887.6835,950.85,12.5,-8.1691265,2,0,High
10,2.5,0,0,0,14.5,0,0,10,37,2.0196533,1939,-35.03,0,157.1307285,180.4387,4375.380561,121.0420795,121,22.5,86.5,106.5,0,0,8.04995,209.972332,0,0,305.47,234,4861.9395,76.5,102.9532895,10,340.5,1316.5785,1541.575,30,-7.3477063,2,0,High
7.5,7.5,7.5,7.5,0,0,0,0,0,30,2.018904693,1282.5,-24.3,0,106.8778575,111.8383875,2568.8387175,95.13,75,15,67.5,75,0,0,1.623,135.021585,0,0,200.7,150,3228.735,60,64.539405,7.5,225,858.5115,1110.9,15,-8.261714,2,0,High
7.5,0,7.5,7.5,7.5,0,0,0,0,30,2.018186233,1357.5,-27.975,0,108.501555,122.835465,3034.9804725,96.3916125,82.5,7.5,75,82.5,0,0,-4.76925,141.5412075,0,0,212.025,157.5,3431.25,67.5,67.88121,0,240,877.548,1260.15,15,-8.426405,2,0,High
7.5,0,10,0,0,7.5,0,0,0,25,2.016031989,1097.5,-20.05,0,83.6146525,109.982775,2276.07122,80.553295,62.5,10,47.5,57.5,0,0,7.72875,120.309,0,0,172.45,135,2745.9675,40,57.356965,7.5,192.5,763.9065,869.65,17.5,-8.32805,2,0,High
17,0,0,0,0,7.5,0,0,0,24.5,2.015689728,1359,-20.035,0,115.850382,128.32274,2844.295073,78.8564625,90.5,0,66,66,0,0,12.2471,154.0010595,0,0,217.465,171.5,3395.4445,49,74.952504,17,237.5,950.04,744.65,17,-8.54609,2,0,High
10,2.5,0,0,0,15.5,0,0,2.5,30.5,2.014695402,1616,-25.92,0,133.8519315,151.5015575,3416.6636815,98.916888,101.5,7.5,73.5,78.5,0,0,18.6173,179.2171605,0,0,256.08,203.5,4029.128,63.5,88.2779305,10,282,1109.56425,1026.45,15,-8.073894,2,0,High
7.5,7.5,7.5,7.5,0,0,0,0,0,30,2.011082599,1282.5,-24.3,0,106.8778575,111.8383875,2568.8387175,95.13,75,15,67.5,75,0,0,1.623,135.021585,0,0,200.7,150,3228.735,60,64.539405,7.5,225,858.5115,1110.9,15,-8.261714,2,0,High
10,2.5,0,0,10,10,0,0,0,32.5,2.002644465,1765,-31.475,0,147.5150575,160.54927,3980.03741,105.248685,117.5,2.5,97.5,97.5,0,0,2.69475,187.9505125,0,0,278.525,212.5,4435.04,87.5,92.6946575,0,310,1138.3945,1365.625,10,-7.976309,2,0,High
13,0,0,11,0,0,0,0,0,24,1.986854845,1181,-19.48,0,102.354262,102.340911,2407.711422,76.435145,74,0,61,61,0,0,9.5894,131.399613,0,0,187.52,146,2962.705,48,63.46902,13,207,815.195,707.9,13,-8.231675,2,0,High
15.5,0,10,2.5,2.5,0,0,0,0,30.5,1.981919368,1403.5,-26.04,0,112.511563,134.043265,3016.079362,97.69982,87,10,71.5,81.5,0,0,-2.6581,151.9667755,0,0,221.46,166,3538.2605,56,71.9085185,13,247.5,958.0165,1161.825,25.5,-8.19413,2,0,High
15.5,10,0,0,2.5,2.5,0,0,0,30.5,1.981919368,1613.5,-26.44,0,142.4249005,140.6925275,3387.027147,97.0150725,109.5,10,91.5,91.5,0,0,-0.565850000000001,172.833403,0,0,256.06,191,4058.7655,76,84.2516435,13,282.5,1069.4305,1196.225,15.5,-8.39428,2,0,High
13.5,2.5,0,0,0,10,0,0,2.5,28.5,1.976085925,1529.5,-24.48,0,128.645946,142.1727525,3259.2137015,92.10016,99,7.5,73,78,0,0,11.47705,169.4657335,0,0,243.02,189.5,3825.3385,59.5,82.8813095,13.5,267.5,1051.61475,994.5,18.5,-8.342431,2,0,High
7.5,7.5,7.5,7.5,0,0,0,0,0,30,1.974031441,1282.5,-24.3,0,106.8778575,111.8383875,2568.8387175,95.13,75,15,67.5,75,0,0,1.623,135.021585,0,0,200.7,150,3228.735,60,64.539405,7.5,225,858.5115,1110.9,15,-8.261714,2,0,High
17.5,0,2.5,10,2.5,0,0,0,0,32.5,1.971861399,1607.5,-27.7,0,136.6043425,143.3038875,3394.3979175,103.8502625,102.5,2.5,85,87.5,0,0,5.656,176.4265675,0,0,254.8,195,4042.4175,67.5,84.951755,15,282.5,1093.816,1100.3,20,-7.9031553,2,0,High
7.5,7.5,7.5,7.5,0,0,0,0,0,30,1.967230201,1282.5,-24.3,0,106.8778575,111.8383875,2568.8387175,95.13,75,15,67.5,75,0,0,1.623,135.021585,0,0,200.7,150,3228.735,60,64.539405,7.5,225,858.5115,1110.9,15,-8.261714,2,0,High
13.5,2.5,2.5,10,0,0,0,0,0,28.5,1.964397282,1354.5,-23.155,0,116.083746,118.400315,2755.9192765,90.650265,84,5,70.5,73,0,0,7.32555,148.403836,0,0,214.345,164.5,3402.1685,57,71.419812,13.5,237.5,927.4505,921.75,16,-8.173566,2,0,High
14,0,0,10,0,0,0,0,0,24,1.964083951,1198,-19.52,0,103.947164,104.62149,2452.336596,76.45711,76,0,62,62,0,0,8.9692,133.553934,0,0,190.48,148,3005.774,48,64.472568,14,210,828.37,713.8,14,-8.263872,2,0,High
0,0,7.5,15,0,0,0,0,0,22.5,1.958531272,810,-17.775,0,62.44053,69.508365,1576.5906225,71.6295375,37.5,7.5,37.5,45,0,0,8.46525,85.39632,0,0,124.725,97.5,2034.8475,37.5,40.4372325,0,142.5,547.8855,717.675,7.5,-8.067966,2,0,High
13,0,0,11,0,0,0,0,0,24,1.946557081,1181,-19.48,0,102.354262,102.340911,2407.711422,76.435145,74,0,61,61,0,0,9.5894,131.399613,0,0,187.52,146,2962.705,48,63.46902,13,207,815.195,707.9,13,-8.231675,2,0,High
7.5,7.5,7.5,7.5,0,0,0,0,0,30,1.942621812,1282.5,-24.3,0,106.8778575,111.8383875,2568.8387175,95.13,75,15,67.5,75,0,0,1.623,135.021585,0,0,200.7,150,3228.735,60,64.539405,7.5,225,858.5115,1110.9,15,-8.261714,2,0,High
0,0,0,0,0,7.5,17,0,0,24.5,1.939573392,1648,-36.015,0,129.604674,101.936343,5766.361442,61.3001885,107.5,0,66,66,0,0,40.7952,176.9134215,17,17,236.875022,239.5,4228.9205,66,95.23058,0,305.5,1172.536,801.26,0,-9.253264,2,0,High
10,12.5,0,0,10,2.5,0,0,0,35,1.93676889,1835,-33.85,0,159.8977225,156.12176,4065.654795,111.8192275,125,12.5,112.5,112.5,0,0,-10.51325,188.43374,0,0,288.65,210,4634.9175,102.5,92.6194375,0,322.5,1150.8575,1633.675,10,-7.6788507,2,0,High
24,0,0,0,0,0,0,0,0,24,1.929119876,1368,-19.92,0,119.876184,127.42728,2898.588336,76.67676,96,0,72,72,0,0,2.7672,155.097144,0,0,220.08,168,3436.464,48,74.508048,24,240,960.12,772.8,24,-8.630882,2,0,High
2.5,13.5,10,2.5,0,0,0,0,0,28.5,1.928748392,1143.5,-23.155,0,94.6902225,98.3521265,2255.050387,89.9717675,65.5,23.5,63,73,0,0,-5.23935,114.868806,0,0,177.345,127.5,2886.6135,60.5,54.7468825,2.5,200.5,742.2658,1205.305,12.5,-8.414998,2,0,High
10,10,2.5,10,0,0,0,0,0,32.5,1.927681641,1500,-26.475,0,131.092365,125.04285,2990.7677675,102.8039625,92.5,12.5,82.5,85,0,0,4.73125,159.25336,0,0,236.025,177.5,3771.8875,72.5,77.1296175,10,262.5,999.2465,1158.025,12.5,-8.01125,2,0,High
10,10,13.5,2.5,0,0,0,0,0,36,1.924597848,1508,-29.24,0,122.3146085,137.6361675,3056.6951505,114.2600675,88.5,23.5,78.5,92,0,0,-4.5503,157.413526,0,0,235.76,173,3802.879,68.5,74.4594155,10,265,1011.3269,1434.765,23.5,-7.587777,2,0,High
13.5,2.5,10,10,0,0,0,0,0,36,1.924179584,1564.5,-29.08,0,127.495191,142.475315,3190.269799,114.6863025,91.5,12.5,78,88,0,0,4.7583,169.179256,0,0,245.92,187,3935.261,64.5,80.3427345,13.5,275,1072.886,1244.925,23.5,-7.3633895,2,0,High
7.5,7.5,7.5,7.5,0,0,0,0,0,30,1.921141987,1282.5,-24.3,0,106.8778575,111.8383875,2568.8387175,95.13,75,15,67.5,75,0,0,1.623,135.021585,0,0,200.7,150,3228.735,60,64.539405,7.5,225,858.5115,1110.9,15,-8.261714,2,0,High
10,2.5,2.5,17.5,0,0,0,0,0,32.5,1.920749608,1455,-26.175,0,124.116345,122.5338525,2904.3285275,103.2649875,85,5,75,77.5,0,0,12.43825,158.0959525,0,0,228.825,177.5,3651.895,65,76.31121,10,255,988.658,1006.3,12.5,-7.764524,2,0,High
16.5,2.5,0,0,0,10,0,0,2.5,31.5,1.910354612,1700.5,-26.97,0,143.630469,158.1011625,3621.5372435,101.684755,111,7.5,82,87,0,0,11.82295,188.8528765,0,0,270.53,210.5,4254.8965,65.5,92.1948155,16.5,297.5,1171.62975,1091.1,21.5,-8.095144,2,0,High
10,0,0,17.5,0,0,0,2.5,2.5,32.5,1.906867445,1550,-29.35,0,129.460345,123.8881375,3556.159355,102.0245025,90,5,75,80,0,0,15.7485,168.9654175,2.5,2.5,240.8896925,195,3909.705,65,82.83431,10,275,1066.66525,1028.475,15,-7.7598357,2,0,High
7.5,7.5,0,0,7.5,7.5,0,0,0,30,1.899452218,1582.5,-28.275,0,135.004215,139.3312125,3478.197525,96.4383075,105,7.5,90,90,0,0,0.377999999999998,166.0637775,0,0,249.225,187.5,3979.4325,82.5,81.952665,0,277.5,1012.656,1285.95,7.5,-8.335752,2,0,High
0,10,14,0,0,0,0,0,0,24,1.898905888,852,-19.36,0,64.622114,78.57424,1687.533362,75.98157,44,24,44,58,0,0,-7.7132,83.404594,0,0,130.64,92,2156.266,44,38.756872,0,150,553.8976,1068.56,14,-8.33367,2,0,High
24.5,0,2.5,2.5,2.5,0,0,0,0,32,1.894555804,1706.5,-27.585,0,146.053687,157.753495,3668.6994655,102.4175675,115.5,2.5,91,93.5,0,0,0.94685,189.3527845,0,0,272.415,206.5,4293.842,66.5,90.926114,22,300,1172.626,1128.45,27,-8.220481,2,0,High
24.5,2.5,0,0,2.5,2.5,0,0,0,32,1.894555804,1781.5,-27.685,0,154.887907,163.2520775,3816.438483,102.4331325,123,2.5,96,96,0,0,2.6626,197.5269745,0,0,284.815,216.5,4476.5695,71.5,95.616599,22,312.5,1217.662,1137.05,24.5,-8.25912,2,0,High
10,2.5,2.5,15.5,0,0,0,0,0,30.5,1.890013233,1375,-24.595,0,117.312467,116.4760705,2752.0298475,96.9191875,81,5,71,73.5,0,0,10.96725,149.4798325,0,0,216.405,167.5,3451.661,61,72.109302,10,241,934.998,953.7,12.5,-7.970929,2,0,High
23.5,0,2.5,0,0,2.5,2.5,0,0,31,1.889123065,1724.5,-27.88,0,146.005066,154.8781175,3978.345959,96.67795,116.5,2.5,85.5,88,0,0,9.7693,193.0300385,2.5,2.5,272.324415,217,4343.531,62,94.0654195,23.5,305,1211.3135,1019,26,-8.267605,2,0,High
10,0,16.5,2.5,2.5,0,0,0,0,31.5,1.889020421,1272,-26.61,0,94.9298565,125.70618,2728.2566545,100.959295,71.5,16.5,61.5,78,0,0,-5.5172,134.429044,0,0,198.39,147,3212.751,51.5,62.566957,7.5,225,864.0331,1264.81,26.5,-7.952104,2,0,High
10,16.5,0,0,2.5,2.5,0,0,0,31.5,1.889020421,1599,-27.27,0,143.1117625,133.3526985,3292.652038,99.66761,107,16.5,94.5,94.5,0,0,-3.09865,166.295784,0,0,252.23,185,4025.9965,84.5,81.54237,7.5,279.5,1032.9747,1321.57,10,-8.319337,2,0,High
10,0,2.5,0,0,10,10,0,0,32.5,1.885131067,1900,-35.875,0,153.042175,149.44199,5333.9741375,94.3071025,122.5,2.5,82.5,85,0,0,31.95925,208.50473,10,10,287.44266,257.5,4813.4075,72.5,106.5605875,10,342.5,1339.3985,1048.025,12.5,-8.247936,2,0,High
10,2.5,0,0,2.5,19.5,0,0,0,34.5,1.883898555,1839,-29.08,0,152.5890385,172.5380625,3858.432256,111.740107,116,2.5,86.5,86.5,0,0,24.30795,203.874437,0,0,291.42,234,4579.2795,76.5,100.866852,7.5,320.5,1249.4875,1117.25,10,-7.7283816,2,0,High
16.5,2.5,2.5,10,0,0,0,0,0,31.5,1.870623829,1525.5,-25.645,0,131.068269,134.328725,3118.2428185,100.23486,96,5,79.5,82,0,0,7.67145,167.790979,0,0,241.855,185.5,3831.7265,63,80.733318,16.5,267.5,1047.4655,1018.35,19,-7.9426904,2,0,High
15,0,0,7.5,0,0,0,0,0,22.5,1.869209551,1155,-18.375,0,100.4371575,102.3587325,2382.73776,71.719725,75,0,60,60,0,0,7.24575,129.246165,0,0,184.125,142.5,2898.6675,45,62.324685,15,202.5,801.3,680.25,15,-8.34432,2,0,High
10,2.5,2.5,13.5,0,0,0,0,0,28.5,1.867533171,1295,-23.015,0,110.508589,110.4182885,2599.7311675,90.5733875,77,5,67,69.5,0,0,9.49625,140.8637125,0,0,203.985,157.5,3251.427,57,67.907394,10,227,881.338,901.1,12.5,-8.145571,2,0,High
7.5,0,0,7.5,0,0,0,7.5,7.5,30,1.864387664,1567.5,-33.825,0,122.9098575,115.9012425,4524.3312,91.408545,90,15,67.5,82.5,0,0,11.55375,167.62998,7.5,7.5,236.8940775,202.5,4002.165,60,84.108705,7.5,285,1092.53325,1177.425,22.5,-8.370072,2,0,High
14.5,2.5,10,10,0,0,0,0,0,37,1.863869124,1621.5,-29.91,0,132.490032,147.784785,3311.044313,117.8811675,95.5,12.5,81,91,0,0,4.8736,175.641637,0,0,255.09,194,4078.447,66.5,83.4472365,14.5,285,1112.891,1277.125,24.5,-7.248547,2,0,High
23.5,2.5,0,0,0,2.5,0,0,2.5,31,1.861442223,1709.5,-26.855,0,147.656271,157.2057025,3675.8305065,99.5050525,116.5,7.5,88,93,0,0,2.34305,189.948961,0,0,273.145,207,4295.916,64.5,91.7503595,23.5,300,1181.70975,1119.25,28.5,-8.322478,2,0,High
15.5,2.5,0,0,0,10,0,0,2.5,30.5,1.854079977,1643.5,-26.14,0,138.635628,152.7916925,3500.7627295,98.48989,107,7.5,79,84,0,0,11.70765,182.3904955,0,0,261.36,203.5,4111.7105,63.5,89.0903135,15.5,287.5,1131.62475,1058.9,20.5,-8.210996,2,0,High
10,7.5,0,0,0,7.5,0,0,0,25,1.849588022,1305,-20.45,0,113.3770575,116.38213,2656.432765,79.8281325,85,7.5,67.5,67.5,0,0,9.24925,142.23225,0,0,207.05,160,3264.0125,57.5,69.7965525,10,227.5,881.8185,868.225,10,-8.585424,2,0,High
15.5,2.5,2.5,10,0,0,0,0,0,30.5,1.839404625,1468.5,-24.815,0,126.073428,129.019255,2997.4683045,97.039995,92,5,76.5,79,0,0,7.55615,161.328598,0,0,232.685,178.5,3688.5405,61,77.628816,15.5,257.5,1007.4605,986.15,18,-8.025061,2,0,High
2.5,14.5,10,10,0,0,0,0,0,37,1.839151071,1489.5,-29.91,0,124.53684,124.432233,2913.845009,116.8799475,83.5,24.5,81,91,0,0,-0.0152000000000001,151.641637,0,0,231.09,170,3753.607,78.5,72.7141125,2.5,261,971.7326,1449.085,12.5,-7.4248743,2,0,High
7.5,0,7.5,7.5,7.5,0,0,0,0,30,1.831745358,1357.5,-27.975,0,108.501555,122.835465,3034.9804725,96.3916125,82.5,7.5,75,82.5,0,0,-4.76925,141.5412075,0,0,212.025,157.5,3431.25,67.5,67.88121,0,240,877.548,1260.15,15,-8.426405,2,0,High
7.5,7.5,7.5,7.5,0,0,0,0,0,30,1.830665392,1282.5,-24.3,0,106.8778575,111.8383875,2568.8387175,95.13,75,15,67.5,75,0,0,1.623,135.021585,0,0,200.7,150,3228.735,60,64.539405,7.5,225,858.5115,1110.9,15,-8.261714,2,0,High
13,0,0,0,0,11,0,0,0,24,1.822463697,1313,-19.48,0,110.308791,124.84701,2730.39024,77.530756,85,0,61,61,0,0,16.5865,148.750474,0,0,209.52,168,3271.299,48,72.883282,13,229,915.999,707.9,13,-8.390876,2,0,High
10,0,17.5,0,0,2.5,2.5,0,0,32.5,1.815932648,1375,-28.525,0,101.3976025,131.3502725,3216.591065,101.6193475,77.5,17.5,60,77.5,0,0,3.07825,147.338735,2.5,2.5,211.679415,167.5,3476.705,50,70.0004875,10,245,962.117,1230.65,27.5,-7.928504,2,0,High
7.5,7.5,7.5,7.5,0,0,0,0,0,30,1.812084815,1282.5,-24.3,0,106.8778575,111.8383875,2568.8387175,95.13,75,15,67.5,75,0,0,1.623,135.021585,0,0,200.7,150,3228.735,60,64.539405,7.5,225,858.5115,1110.9,15,-8.261714,2,0,High
10,0,2.5,0,0,2.5,19.5,0,0,34.5,1.809095096,2213,-46.765,0,177.2413015,147.0748655,7323.123127,90.3037035,147.5,2.5,96,98.5,0,0,38.72095,238.560734,19.5,19.5,323.829437,309.5,5678.158,86,125.2092525,10,408,1573.827,1188.31,12.5,-8.223991,2,0,High
7.5,0,0,0,0,0,15,0,0,22.5,1.808458111,1537.5,-32.775,0,124.5200625,96.18096,5295.72042,56.3936325,105,0,67.5,67.5,0,0,27.78375,165.6203625,15,15,223.45149,217.5,3957.105,60,87.743715,7.5,285,1096.4325,774.45,7.5,-9.051003,2,0,High
19.5,2.5,2.5,10,0,0,0,0,0,34.5,1.803029833,1696.5,-28.135,0,146.052792,150.257135,3480.5663605,109.819455,108,5,88.5,91,0,0,8.01735,187.178122,0,0,269.365,206.5,4261.2845,69,90.046824,19.5,297.5,1167.4805,1114.95,22,-7.6566377,2,0,High
7.5,0,7.5,7.5,7.5,0,0,0,0,30,1.79748557,1357.5,-27.975,0,108.501555,122.835465,3034.9804725,96.3916125,82.5,7.5,75,82.5,0,0,-4.76925,141.5412075,0,0,212.025,157.5,3431.25,67.5,67.88121,0,240,877.548,1260.15,15,-8.426405,2,0,High
10,0,0,14,0,0,0,0,0,24,1.794610036,1130,-19.36,0,97.575556,95.499174,2273.8359,76.36925,68,0,58,58,0,0,11.45,124.93665,0,0,178.64,140,2833.498,48,60.458376,10,198,775.67,690.2,10,-8.136492,2,0,High
10,0,0,2.5,0,0,0,10,10,32.5,1.79030415,1790,-39.175,0,138.3652675,131.8183075,5461.32155,98.08131,105,20,75,95,0,0,9.88875,191.19619,10,10,269.28377,232.5,4585.3425,65,96.387785,10,327.5,1255.486,1372.65,30,-8.029769,2,0,High
10,0,7.5,7.5,0,0,0,0,0,25,1.781117187,1080,-20.15,0,86.8743975,99.8863825,2213.2157125,79.7814375,62.5,7.5,52.5,60,0,0,4.102,117.70968,0,0,169.85,130,2715.83,42.5,55.7250975,10,190,746.7105,842.425,17.5,-8.274919,2,0,High
7.5,7.5,7.5,7.5,0,0,0,0,0,30,1.776141502,1282.5,-24.3,0,106.8778575,111.8383875,2568.8387175,95.13,75,15,67.5,75,0,0,1.623,135.021585,0,0,200.7,150,3228.735,60,64.539405,7.5,225,858.5115,1110.9,15,-8.261714,2,0,High
7.5,7.5,7.5,7.5,0,0,0,0,0,30,1.771899291,1282.5,-24.3,0,106.8778575,111.8383875,2568.8387175,95.13,75,15,67.5,75,0,0,1.623,135.021585,0,0,200.7,150,3228.735,60,64.539405,7.5,225,858.5115,1110.9,15,-8.261714,2,0,High
10,0,2.5,19.5,2.5,0,0,0,0,34.5,1.767727595,1560,-28.98,0,131.4614555,132.257327,3212.0077925,110.031325,91.5,2.5,81.5,84,0,0,11.7785,168.88528,0,0,245.02,190,3919.634,71.5,81.627053,7.5,274,1048.6635,1108.65,12.5,-7.5430493,2,0,High
21.5,2.5,2.5,2.5,0,0,0,0,0,29,1.762244645,1510.5,-23.87,0,130.5279315,138.1593925,3150.9953385,92.412435,101,5,79.5,82,0,0,2.7317,167.792434,0,0,241.13,183,3796.779,58,80.498673,21.5,265,1046.2655,982.1,24,-8.380201,2,0,High
10,2.5,2.5,13.5,0,0,0,0,0,28.5,1.75975816,1295,-23.015,0,110.508589,110.4182885,2599.7311675,90.5733875,77,5,67,69.5,0,0,9.49625,140.8637125,0,0,203.985,157.5,3251.427,57,67.907394,10,227,881.338,901.1,12.5,-8.145571,2,0,High
7.5,7.5,0,0,7.5,7.5,0,0,0,30,1.758946864,1582.5,-28.275,0,135.004215,139.3312125,3478.197525,96.4383075,105,7.5,90,90,0,0,0.377999999999998,166.0637775,0,0,249.225,187.5,3979.4325,82.5,81.952665,0,277.5,1012.656,1285.95,7.5,-8.335752,2,0,High
10,14.5,0,0,10,2.5,0,0,0,37,1.758722575,1927,-35.51,0,168.5618725,162.848608,4241.003939,118.0420875,131,14.5,118.5,118.5,0,0,-11.09745,197.358502,0,0,302.99,220,4867.1495,108.5,97.0395875,0,338.5,1207.3411,1726.735,10,-7.4731426,2,0,High
15.5,0,0,10,0,0,0,2.5,2.5,30.5,1.743697201,1563.5,-27.99,0,131.417428,130.37354,3649.299132,95.79951,97,5,76.5,81.5,0,0,10.8664,172.198063,2.5,2.5,244.7496925,196,3946.3505,61,84.151916,15.5,277.5,1085.46775,1008.325,20.5,-7.993693,2,0,High
10,2.5,0,0,0,16.5,0,0,2.5,31.5,1.740240199,1668,-26.71,0,137.9770095,156.5764575,3522.1474595,102.189389,104.5,7.5,75.5,80.5,0,0,19.9889,185.1025715,0,0,264.29,210.5,4157.299,65.5,91.2347265,10,291,1145.55825,1052.75,15,-7.948911,2,0,High
2.5,17.5,10,2.5,0,0,0,0,0,32.5,1.728445985,1327.5,-26.475,0,112.0185225,111.8058225,2605.748675,102.4174875,77.5,27.5,75,85,0,0,-6.40775,132.71833,0,0,206.025,147.5,3351.0775,72.5,63.5871825,2.5,232.5,855.233,1391.425,12.5,-8.208539,2,0,High
0,2.5,15.5,10,0,0,0,2.5,0,30.5,1.726293248,1104,-26.145,0,79.276608,94.9029675,2539.404789,95.2662575,50.5,18,48,63.5,0,0,6.1086,113.9094505,2.5,2.5,166.5946925,134,2798.6545,48,54.120644,0,197.5,755.5587,1112.97,15.5,-8.140737,2,0,High
17.5,0,10,2.5,2.5,0,0,0,0,32.5,1.725116472,1517.5,-27.7,0,122.501245,144.662205,3257.62839,104.08955,95,10,77.5,87.5,0,0,-2.4275,164.8915375,0,0,239.8,180,3824.6325,60,78.1175225,15,267.5,1038.0265,1226.225,27.5,-7.9409657,2,0,High
17.5,10,0,0,2.5,2.5,0,0,0,32.5,1.725116472,1727.5,-28.1,0,152.4145825,151.3114675,3628.576175,103.4048025,117.5,10,97.5,97.5,0,0,-0.335250000000001,185.758165,0,0,274.4,205,4345.1375,80,90.4606475,15,302.5,1149.4405,1260.625,17.5,-8.1491785,2,0,High
10,0,2.5,0,0,10,14.5,0,0,37,1.723676288,2233,-43.84,0,179.1598015,166.3499705,6650.947607,104.036746,145,2.5,96,98.5,0,0,40.03495,243.6504815,14.5,14.5,333.845607,307,5678.3705,86,125.8985725,10,405.5,1578.317,1207.91,12.5,-7.7696195,2,0,High
13.5,10,2.5,2.5,0,0,0,0,0,28.5,1.722864564,1399.5,-23.455,0,123.059766,120.9093125,2842.3585165,90.18924,91.5,12.5,78,80.5,0,0,-0.38145,149.5612435,0,0,221.545,164.5,3522.161,64.5,72.2382195,13.5,245,938.039,1073.475,16,-8.493597,2,0,High
11,0,0,13,0,0,0,0,0,24,1.706979148,1147,-19.4,0,99.168458,97.779753,2318.461074,76.391215,70,0,59,59,0,0,10.8298,127.090971,0,0,181.6,142,2876.567,48,61.461924,11,201,788.845,696.1,11,-8.167105,2,0,High
7.5,0,0,17,0,0,0,0,0,24.5,1.705840218,1107.5,-19.655,0,95.2942705,91.312172,2200.347635,77.9007875,64,0,56.5,56.5,0,0,13.36825,121.7048775,0,0,174.345,137.5,2775.884,49,58.999983,7.5,194,756.1475,688.6,7.5,-8.067014,2,0,High
17.5,2.5,2.5,10,0,0,0,0,0,32.5,1.703223549,1582.5,-26.475,0,136.06311,139.638195,3239.0173325,103.429725,100,5,82.5,85,0,0,7.78675,174.25336,0,0,251.025,192.5,3974.9125,65,83.83782,17.5,277.5,1087.4705,1050.55,20,-7.850248,2,0,High
17.5,0,0,10,0,0,0,2.5,2.5,32.5,1.701282235,1677.5,-29.65,0,141.40711,140.99248,3890.84816,102.18924,105,5,82.5,87.5,0,0,11.097,185.122825,2.5,2.5,263.0896925,210,4232.7225,65,90.36092,17.5,297.5,1165.47775,1072.725,22.5,-7.82751,2,0,High
13.5,10,0,0,0,2.5,0,0,2.5,28.5,1.697772293,1484.5,-24.78,0,130.1984235,129.3366825,3125.6446565,90.8921275,99,15,80.5,85.5,0,0,-1.0007,158.7930085,0,0,235.22,174.5,3734.926,67,77.280902,13.5,260,993.47325,1146.225,18.5,-8.44709,2,0,High
10,0,2.5,14.5,10,0,0,0,0,37,1.697178202,1780,-34.93,0,148.5660205,153.3356295,3954.9621375,118.7641625,111.5,2.5,101.5,104,0,0,-0.481999999999999,187.33246,0,0,279.07,210,4492.434,91.5,91.0396505,0,314,1145.3635,1475.375,12.5,-7.524716,2,0,High
2.5,15.5,2.5,10,0,0,0,0,0,30.5,1.695816667,1325.5,-24.815,0,117.45747,103.720657,2567.1690585,95.95534,79,18,76.5,79,0,0,2.25995,135.328598,0,0,206.685,152.5,3336.6305,74,66.001265,2.5,231.5,854.5389,1172.44,5,-8.311921,2,0,High
10,13.5,0,0,10,2.5,0,0,0,36,1.691567494,1881,-34.68,0,164.2297975,159.485184,4153.329367,114.9306575,128,13.5,115.5,115.5,0,0,-10.80535,192.896121,0,0,295.82,215,4751.0335,105.5,94.8295125,0,330.5,1179.0993,1680.205,10,-7.5745406,2,0,High
20,0,0,7.5,0,0,0,0,0,27.5,1.688106565,1440,-22.525,0,125.4113625,128.9060825,2986.61033,87.69405,95,0,75,75,0,0,7.82225,161.55807,0,0,229.975,177.5,3614.5975,55,77.847195,20,252.5,1001.325,841.25,20,-8.207299,2,0,High
0,2.5,10,17.5,0,0,0,2.5,0,32.5,1.684931227,1250,-27.725,0,96.4227575,99.96465,2792.0011225,101.43658,60,12.5,57.5,67.5,0,0,13.5075,130.9845925,2.5,2.5,190.0146925,155,3158.5975,57.5,63.3343225,0,222.5,850.131,1073.225,10,-8.082619,2,0,High
2.5,0,0,23.5,0,0,0,2.5,2.5,31,1.683821624,1362.5,-27.865,0,112.4106715,102.2404585,3107.24654,97.100415,72,5,64.5,69.5,0,0,19.29675,146.34592,2.5,2.5,209.3746925,172.5,3436.512,62,72.156269,2.5,242,927.60775,944.775,7.5,-8.046202,2,0,High
2.5,17.5,2.5,10,0,0,0,0,0,32.5,1.679203078,1417.5,-26.475,0,126.12162,110.447505,2742.5182025,102.1782,85,20,82.5,85,0,0,1.67575,144.25336,0,0,221.025,162.5,3568.8625,80,70.421415,2.5,247.5,911.0225,1265.5,5,-8.173677,2,0,High
7.5,7.5,0,0,7.5,7.5,0,0,0,30,1.678857359,1582.5,-28.275,0,135.004215,139.3312125,3478.197525,96.4383075,105,7.5,90,90,0,0,0.377999999999998,166.0637775,0,0,249.225,187.5,3979.4325,82.5,81.952665,0,277.5,1012.656,1285.95,7.5,-8.335752,2,0,High
7.5,0,0,17,0,0,0,0,0,24.5,1.678655634,1107.5,-19.655,0,95.2942705,91.312172,2200.347635,77.9007875,64,0,56.5,56.5,0,0,13.36825,121.7048775,0,0,174.345,137.5,2775.884,49,58.999983,7.5,194,756.1475,688.6,7.5,-8.067014,2,0,High
2.5,10,2.5,16.5,0,0,0,0,0,31.5,1.675597576,1332.5,-25.385,0,115.743661,104.9096165,2579.9296225,99.466325,75.5,12.5,73,75.5,0,0,8.64725,138.7878925,0,0,207.615,157.5,3348.753,70.5,67.5020535,2.5,233,873.604,1087.475,5,-8.065305,2,0,High
21.5,0,0,2.5,0,0,0,2.5,2.5,29,1.671456016,1605.5,-27.045,0,135.8719315,139.5136775,3802.826166,91.17195,106,5,79.5,84.5,0,0,6.04195,178.661899,2.5,2.5,253.1946925,200.5,4054.589,58,87.021773,21.5,285,1124.27275,1004.275,26.5,-8.373357,2,0,High
15.5,2.5,2.5,10,0,0,0,0,0,30.5,1.65948278,1468.5,-24.815,0,126.073428,129.019255,2997.4683045,97.039995,92,5,76.5,79,0,0,7.55615,161.328598,0,0,232.685,178.5,3688.5405,61,77.628816,15.5,257.5,1007.4605,986.15,18,-8.025061,2,0,High
7.5,0,0,0,0,17,0,0,0,24.5,1.652760644,1311.5,-19.655,0,107.5876335,126.094325,2699.033081,79.5940045,81,0,56.5,56.5,0,0,24.18195,148.5198445,0,0,208.345,171.5,3252.802,49,73.549297,7.5,228,911.9355,688.6,7.5,-8.30666,2,0,High
10,0,0,13.5,0,0,0,2.5,2.5,28.5,1.642317808,1390,-26.19,0,115.852589,111.7725735,3251.561995,89.3329025,82,5,67,72,0,0,12.8065,151.7331775,2.5,2.5,216.0496925,175,3509.237,57,74.430494,10,247,959.34525,923.275,15,-8.104992,2,0,High
17,0,0,7.5,0,0,0,0,0,24.5,1.633795973,1269,-20.035,0,110.4268395,112.9776725,2624.286788,78.109455,83,0,66,66,0,0,7.47635,142.170927,0,0,202.465,156.5,3185.0395,49,68.533689,17,222.5,881.31,744.65,17,-8.363167,2,0,High
7.5,7.5,7.5,7.5,0,0,0,0,0,30,1.629565737,1282.5,-24.3,0,106.8778575,111.8383875,2568.8387175,95.13,75,15,67.5,75,0,0,1.623,135.021585,0,0,200.7,150,3228.735,60,64.539405,7.5,225,858.5115,1110.9,15,-8.261714,2,0,High
17,0,0,7.5,0,0,0,0,0,24.5,1.625052769,1269,-20.035,0,110.4268395,112.9776725,2624.286788,78.109455,83,0,66,66,0,0,7.47635,142.170927,0,0,202.465,156.5,3185.0395,49,68.533689,17,222.5,881.31,744.65,17,-8.363167,2,0,High
10,2.5,0,0,2.5,13.5,0,0,0,28.5,1.619284251,1527,-24.34,0,127.8385705,142.0886625,3225.529588,92.105101,98,2.5,74.5,74.5,0,0,16.07835,168.561971,0,0,242.16,192,3810.2535,64.5,83.126076,7.5,266.5,1033.5235,959.45,10,-8.280772,2,0,High
2.5,23.5,2.5,2.5,0,0,0,0,0,31,1.618934631,1393.5,-25.53,0,126.5995275,107.9113665,2697.4455845,97.05003,88,26,85.5,88,0,0,-5.5931,138.717196,0,0,217.47,155,3514.681,83,67.92471,2.5,243,879.2483,1347.43,5,-8.452135,2,0,High
2.5,21.5,2.5,2.5,0,0,0,0,0,29,1.618783046,1301.5,-23.87,0,117.9353775,101.1845185,2522.0964405,90.82717,82,24,79.5,82,0,0,-5.0089,129.792434,0,0,203.13,145,3282.449,77,63.50456,2.5,227,822.7647,1254.37,5,-8.55219,2,0,High
7.5,7.5,0,0,0,7.5,0,0,7.5,30,1.605004363,1537.5,-28.275,0,128.29383,137.1204975,3418.6971375,97.2386625,97.5,22.5,75,90,0,0,-0.234750000000002,162.71688,0,0,241.725,180,3867.03,67.5,79.6674525,7.5,270,1024.81425,1329.15,22.5,-8.295207,2,0,High
2.5,21.5,2.5,2.5,0,0,0,0,0,29,1.602391738,1301.5,-23.87,0,117.9353775,101.1845185,2522.0964405,90.82717,82,24,79.5,82,0,0,-5.0089,129.792434,0,0,203.13,145,3282.449,77,63.50456,2.5,227,822.7647,1254.37,5,-8.55219,2,0,High
10,15.5,2.5,2.5,0,0,0,0,0,30.5,1.602355006,1453,-25.115,0,129.404235,120.8249995,2901.8578635,96.1200775,94,18,84,86.5,0,0,-2.39155,151.4860055,0,0,228.885,167.5,3659.648,74,73.527875,10,254,953.3514,1216.69,12.5,-8.442474,2,0,High
2.5,24.5,2.5,2.5,0,0,0,0,0,32,1.598238341,1439.5,-26.36,0,130.9316025,111.2747905,2785.1201565,100.16146,91,27,88.5,91,0,0,-5.8852,143.179577,0,0,224.64,160,3630.797,86,70.134785,2.5,251,907.4901,1393.96,5,-8.392758,2,0,High
2.5,0,0,21.5,0,0,0,2.5,2.5,29,1.594975193,1282.5,-26.285,0,105.6067935,96.1826765,2954.94786,90.754615,68,5,60.5,65.5,0,0,17.82575,137.7298,2.5,2.5,196.9546925,162.5,3236.278,58,67.954361,2.5,228,873.94775,892.175,7.5,-8.126351,2,0,High
17,7.5,0,0,0,0,0,0,0,24.5,1.589760806,1314,-20.335,0,117.4028595,115.48667,2710.726028,77.64843,90.5,7.5,73.5,73.5,0,0,-0.23065,143.3283345,0,0,209.665,156.5,3305.032,56.5,69.3520965,17,230,891.8985,896.375,17,-8.620229,2,0,High
16.5,0,0,10,0,0,0,2.5,2.5,31.5,1.587964916,1620.5,-28.82,0,136.412269,135.68301,3770.073646,98.994375,101,5,79.5,84.5,0,0,10.9817,178.660444,2.5,2.5,253.9196925,203,4089.5365,63,87.256418,16.5,287.5,1125.47275,1040.525,21.5,-7.9139977,2,0,High
10,0,7.5,7.5,0,0,0,0,0,25,1.587753806,1080,-20.15,0,86.8743975,99.8863825,2213.2157125,79.7814375,62.5,7.5,52.5,60,0,0,4.102,117.70968,0,0,169.85,130,2715.83,42.5,55.7250975,10,190,746.7105,842.425,17.5,-8.274919,2,0,High
10,2.5,13.5,2.5,0,0,0,0,0,28.5,1.586729144,1163,-23.015,0,89.824046,112.4104875,2399.1358605,90.9243425,66,16,56,69.5,0,0,-2.35955,123.9456685,0,0,181.985,135.5,2932.009,46,57.883853,10,205,799.5134,1085.79,23.5,-8.223627,2,0,High
10,2.5,16.5,2.5,0,0,0,0,0,31.5,1.584552133,1247,-25.385,0,94.388624,122.0404875,2572.8760695,100.5387575,69,19,59,75.5,0,0,-3.38645,132.2558365,0,0,194.615,144.5,3145.246,49,61.453022,10,220,857.6876,1215.06,26.5,-7.868196,2,0,High
14.5,0,10,10,2.5,0,0,0,0,37,1.582673018,1646.5,-31.135,0,133.0312645,151.4504775,3466.424898,118.301705,98,10,83.5,93.5,0,0,2.74285,177.8148445,0,0,258.865,196.5,4145.952,69,84.5611715,12,290,1119.2365,1326.875,24.5,-7.344001,2,0,High
15.5,2.5,10,2.5,0,0,0,0,0,30.5,1.578670384,1378.5,-24.815,0,111.9703305,130.3775725,2860.698777,97.2792825,84.5,12.5,69,79,0,0,-0.52735,149.793568,0,0,217.685,163.5,3470.7555,53.5,70.7945835,15.5,242.5,951.671,1112.075,25.5,-8.13518,2,0,High
10,10,14.5,2.5,0,0,0,0,0,37,1.570730363,1536,-30.03,0,123.8361345,140.8461675,3114.6085535,117.4648725,89.5,24.5,79.5,94,0,0,-4.8926,160.183582,0,0,239.97,176,3873.958,69.5,75.6491385,10,270,1030.7183,1477.855,24.5,-7.4594564,2,0,High
13.5,2.5,10,2.5,0,0,0,0,0,28.5,1.563342189,1264.5,-23.155,0,101.9806485,119.7586325,2619.149749,90.8895525,76.5,12.5,63,73,0,0,-0.75795,136.868806,0,0,199.345,149.5,3184.3835,49.5,64.5855795,13.5,222.5,871.661,1047.675,23.5,-8.279756,2,0,High
13.5,2.5,2.5,10,0,0,0,0,0,28.5,1.562852206,1354.5,-23.155,0,116.083746,118.400315,2755.9192765,90.650265,84,5,70.5,73,0,0,7.32555,148.403836,0,0,214.345,164.5,3402.1685,57,71.419812,13.5,237.5,927.4505,921.75,16,-8.173566,2,0,High
2.5,13.5,10,10,0,0,0,0,0,36,1.56164084,1443.5,-29.08,0,120.204765,121.068809,2826.170437,113.7685175,80.5,23.5,78,88,0,0,0.276899999999999,147.179256,0,0,223.92,165,3637.491,75.5,70.5040375,2.5,253,943.4908,1402.555,12.5,-7.528031,2,0,High
0,10,10,14.5,0,0,0,2.5,0,37,1.559577662,1475,-31.58,0,118.707503,116.103657,3221.1123925,115.253605,76.5,20,74,84,0,0,9.11025,151.52827,2.5,2.5,225.1596925,177.5,3729.1165,74,73.607023,0,261.5,981.4545,1343.3,10,-7.453061,2,0,High
0,0,11,13,0,0,0,0,0,24,1.558297849,828,-18.96,0,60.961993,74.685583,1626.988853,76.500555,37,11,37,48,0,0,5.7962,86.475396,0,0,127.04,98,2083.39,37,40.399355,0,146,562.0954,815.89,11,-8.107211,2,0,High
7.5,0,0,15,0,0,0,0,0,22.5,1.555052138,1027.5,-18.075,0,88.4903925,85.25439,2048.048955,71.5549875,60,0,52.5,52.5,0,0,11.89725,113.0887575,0,0,161.925,127.5,2575.65,45,54.798075,7.5,180,702.4875,636,7.5,-8.094693,2,0,High
7.5,7.5,0,0,0,7.5,0,0,7.5,30,1.551344291,1537.5,-28.275,0,128.29383,137.1204975,3418.6971375,97.2386625,97.5,22.5,75,90,0,0,-0.234750000000002,162.71688,0,0,241.725,180,3867.03,67.5,79.6674525,7.5,270,1024.81425,1329.15,22.5,-8.295207,2,0,High
0,16.5,10,0,0,2.5,2.5,0,0,31.5,1.550758142,1354,-27.995,0,111.516985,109.6770685,3021.1258405,96.973255,79.5,26.5,72,82,0,0,-0.327150000000001,135.5687915,2.5,2.5,206.709415,157.5,3427.6665,72,66.4987825,0,239.5,882.6212,1353.22,10,-8.5600195,2,0,High
14,0,0,0,0,10,0,0,0,24,1.548377543,1318,-19.52,0,111.178554,125.08158,2745.680976,77.45312,86,0,62,62,0,0,15.3302,149.327444,0,0,210.48,168,3286.314,48,73.030988,14,230,920.01,713.8,14,-8.438154,2,0,High
10,0,0,15.5,0,0,0,2.5,2.5,30.5,1.543597486,1470,-27.77,0,122.656467,117.8303555,3403.860675,95.6787025,86,5,71,76,0,0,14.2775,160.3492975,2.5,2.5,228.4696925,185,3709.471,61,78.632402,10,261,1013.00525,975.875,15,-7.954305,2,0,High
0,2.5,19.5,10,0,0,0,2.5,0,34.5,1.537972499,1216,-29.305,0,85.362712,107.7429675,2771.058401,108.0854775,54.5,22,52,71.5,0,0,4.7394,124.9896745,2.5,2.5,183.4346925,146,3082.9705,52,58.879536,0,217.5,833.1243,1285.33,19.5,-7.6504445,2,0,High
2.5,13.5,2.5,10,0,0,0,0,0,28.5,1.536396906,1233.5,-23.155,0,108.79332,96.993809,2391.8199145,89.73248,73,16,70.5,73,0,0,2.84415,126.403836,0,0,192.345,142.5,3104.3985,68,61.581115,2.5,215.5,798.0553,1079.38,5,-8.367676,2,0,High
12.5,10,2.5,10,0,0,0,0,0,35,1.536116314,1642.5,-28.55,0,143.5794675,138.316525,3292.7040525,110.791125,102.5,12.5,90,92.5,0,0,5.0195,175.4093125,0,0,258.95,195,4129.8525,77.5,84.8908725,12.5,287.5,1099.259,1238.525,15,-7.7210445,2,0,High
0,2.5,16.5,2.5,0,0,0,10,0,31.5,1.535887119,1297,-32.785,0,87.813724,94.7477775,4009.3997795,92.9269275,59,19,49,65.5,0,0,14.61855,134.5801465,10,10,188.17377,174.5,3335.266,49,66.988842,0,240,921.9876,1156.06,16.5,-8.80519,2,0,High
10,10,0,0,0,2.5,0,0,10,32.5,1.534362421,1660,-31.775,0,140.120355,144.76558,3767.134515,105.1077925,107.5,30,85,105,0,0,-10.6,172.8152575,0,0,260.725,187.5,4194.7575,75,84.0473,10,292.5,1096.464,1574.95,30,-8.0142765,2,0,High
7.5,0,0,20,0,0,0,0,0,27.5,1.531094696,1227.5,-22.025,0,105.5000875,100.398845,2428.795655,87.4194875,70,0,62.5,62.5,0,0,15.57475,134.6290575,0,0,192.975,152.5,3076.235,55,65.302845,7.5,215,836.6375,767.5,7.5,-8.028067,2,0,High
7.5,0,0,7.5,0,0,0,7.5,7.5,30,1.530621044,1567.5,-33.825,0,122.9098575,115.9012425,4524.3312,91.408545,90,15,67.5,82.5,0,0,11.55375,167.62998,7.5,7.5,236.8940775,202.5,4002.165,60,84.108705,7.5,285,1092.53325,1177.425,22.5,-8.370072,2,0,High
10,0,0,16.5,0,0,0,2.5,2.5,31.5,1.530543866,1510,-28.56,0,126.058406,120.8592465,3480.010015,98.8516025,88,5,73,78,0,0,15.013,164.6573575,2.5,2.5,234.6796925,190,3809.588,63,80.733356,10,268,1039.83525,1002.175,15,-7.8529606,2,0,High
2.5,10,2.5,15.5,0,0,0,0,0,30.5,1.525969227,1292.5,-24.595,0,112.341722,101.8807255,2503.7802825,96.293425,73.5,12.5,71,73.5,0,0,7.91175,134.4798325,0,0,201.405,152.5,3248.636,68.5,65.4010995,2.5,226,846.774,1061.175,5,-8.130618,2,0,High
7.5,7.5,7.5,7.5,0,0,0,0,0,30,1.513669493,1282.5,-24.3,0,106.8778575,111.8383875,2568.8387175,95.13,75,15,67.5,75,0,0,1.623,135.021585,0,0,200.7,150,3228.735,60,64.539405,7.5,225,858.5115,1110.9,15,-8.261714,2,0,High
10,19.5,2.5,2.5,0,0,0,0,0,34.5,1.50945069,1637,-28.435,0,146.732535,134.2786955,3252.5561515,108.5657975,106,22,96,98.5,0,0,-3.55995,169.3355295,0,0,257.565,187.5,4124.112,86,82.368175,10,286,1066.3186,1402.81,12.5,-7.9566936,2,0,High
10,2.5,0,0,0,12.5,0,0,10,35,1.505146969,1835,-33.45,0,148.8805725,170.2889,4164.413005,114.4970775,115,22.5,82.5,102.5,0,0,5.30675,198.20151,0,0,289.05,220,4605.5975,72.5,97.0396975,10,322.5,1244.5905,1488.975,30,-7.5719113,2,0,High
10,2.5,0,0,0,10,0,0,10,32.5,1.500428725,1705,-31.475,0,138.5678775,157.60165,3900.70356,106.315825,107.5,22.5,77.5,97.5,0,0,1.87775,183.4879825,0,0,268.525,202.5,4285.17,67.5,89.6477075,10,300,1154.6055,1423.225,30,-7.8479476,2,0,High
10,17.5,0,0,0,2.5,0,0,2.5,32.5,1.496721841,1630,-28.1,0,145.2070425,135.9792175,3360.4931475,103.045825,107.5,22.5,92.5,97.5,0,0,-3.595,169.6425325,0,0,256.9,187.5,4104.645,82.5,82.9907075,10,285,1065.26925,1382.5,15,-8.188707,2,0,High
10,0,2.5,0,0,10,13.5,0,0,36,1.496574472,2159,-42.07,0,173.3558845,162.5926415,6358.286836,101.874603,140,2.5,93,95.5,0,0,38.24035,235.8403145,13.5,13.5,323.533841,296,5486.1565,83,121.6012425,10,391.5,1525.224,1172.38,12.5,-7.869269,2,0,High
2.5,10,0,0,0,10,0,0,10,32.5,1.495268206,1622.5,-31.475,0,133.5971325,143.006305,3652.453995,105.6900625,100,30,77.5,97.5,0,0,-1.17775,168.4879825,0,0,253.525,187.5,4082.145,75,82.939505,2.5,285,1066.3815,1530.7,22.5,-7.892702,2,0,High
10,12.5,10,2.5,0,0,0,0,0,35,1.493632351,1525,-28.55,0,127.819455,134.8097275,3073.18467,110.821825,92.5,22.5,82.5,92.5,0,0,-4.0825,158.8742825,0,0,238.95,175,3844.3925,72.5,75.8205725,10,267.5,1014.0615,1400.275,20,-7.7578874,2,0,High
11,0,0,13,0,0,0,0,0,24,1.490227815,1147,-19.4,0,99.168458,97.779753,2318.461074,76.391215,70,0,59,59,0,0,10.8298,127.090971,0,0,181.6,142,2876.567,48,61.461924,11,201,788.845,696.1,11,-8.167105,2,0,High
10,10,0,0,0,10,0,0,2.5,32.5,1.489516274,1675,-27.8,0,143.654565,148.8152875,3494.0621925,104.2538575,107.5,15,85,90,0,0,8.88275,180.3152575,0,0,264.7,202.5,4195.0575,75,88.591115,10,292.5,1123.41075,1230.775,15,-8.00746,2,0,High
0,2.5,10,15.5,0,0,0,2.5,0,30.5,1.485430218,1170,-26.145,0,89.6188795,93.906868,2639.7024425,95.09078,56,12.5,53.5,63.5,0,0,12.0365,122.3684725,2.5,2.5,177.5946925,145,2958.3635,53.5,59.1324145,0,208.5,796.471,1020.625,10,-8.194865,2,0,High
17,0,0,7.5,0,0,0,0,0,24.5,1.483972744,1269,-20.035,0,110.4268395,112.9776725,2624.286788,78.109455,83,0,66,66,0,0,7.47635,142.170927,0,0,202.465,156.5,3185.0395,49,68.533689,17,222.5,881.31,744.65,17,-8.363167,2,0,High
10,0,0,14.5,0,0,0,2.5,10,37,1.483375685,1805,-36.88,0,146.658403,148.813507,4391.9119925,117.903495,106.5,20,84,104,0,0,4.34625,192.68182,2.5,2.5,279.8596925,217.5,4570.3365,74,94.163603,10,321.5,1229.1835,1491,30,-7.375466,2,0,High
2.5,10,2.5,17.5,0,0,0,0,0,32.5,1.481695779,1372.5,-26.175,0,119.1456,107.9385075,2656.0789625,102.639225,77.5,12.5,75,77.5,0,0,9.38275,143.0959525,0,0,213.825,162.5,3448.87,72.5,69.6030075,2.5,240,900.434,1113.775,5,-7.9794617,2,0,High
10,10,12.5,2.5,0,0,0,0,0,35,1.480288803,1480,-28.45,0,120.7930825,134.4261675,2998.7817475,111.0552625,87.5,22.5,77.5,90,0,0,-4.208,154.64347,0,0,231.55,170,3731.8,67.5,73.2696925,10,260,991.9355,1391.675,22.5,-7.708891,2,0,High
2.5,17.5,10,2.5,0,0,0,0,0,32.5,1.474532645,1327.5,-26.475,0,112.0185225,111.8058225,2605.748675,102.4174875,77.5,27.5,75,85,0,0,-6.40775,132.71833,0,0,206.025,147.5,3351.0775,72.5,63.5871825,2.5,232.5,855.233,1391.425,12.5,-8.208539,2,0,High
7.5,0,0,0,0,17,0,0,0,24.5,1.474042108,1311.5,-19.655,0,107.5876335,126.094325,2699.033081,79.5940045,81,0,56.5,56.5,0,0,24.18195,148.5198445,0,0,208.345,171.5,3252.802,49,73.549297,7.5,228,911.9355,688.6,7.5,-8.30666,2,0,High
2.5,16.5,2.5,10,0,0,0,0,0,31.5,1.473866183,1371.5,-25.645,0,121.789545,107.084081,2654.8436305,99.06677,82,19,79.5,82,0,0,1.96785,139.790979,0,0,213.855,157.5,3452.7465,77,68.21134,2.5,239.5,882.7807,1218.97,5,-8.2681055,2,0,High
2.5,12.5,10,10,0,0,0,0,0,35,1.472407257,1397.5,-28.25,0,115.87269,117.705385,2738.495865,110.6570875,77.5,22.5,75,85,0,0,0.569,142.716875,0,0,216.75,160,3521.375,72.5,68.2939625,2.5,245,915.249,1356.025,12.5,-7.6393075,2,0,High
0,13,0,0,0,0,0,0,11,24,1.472024402,1148,-25.31,0,96.509325,93.608841,2700.597067,77.698539,72,35,61,83,0,0,-17.2844,111.750474,0,0,177.69,120,2918.949,61,54.591469,0,203,723.5555,1398.98,22,-8.556328,2,0,High
2.5,10,13.5,2.5,0,0,0,0,0,28.5,1.4684648,1080.5,-23.015,0,84.853301,97.8151425,2150.8862955,90.29858,58.5,23.5,56,69.5,0,0,-5.41505,108.9456685,0,0,166.985,120.5,2728.984,53.5,51.1756505,2.5,190,711.2894,1193.265,16,-8.348604,2,0,High
2.5,2.5,0,0,0,17.5,0,0,10,32.5,1.462634383,1667.5,-31.175,0,132.044655,155.842375,3786.02304,106.898095,100,22.5,70,90,0,0,11.3,179.1607075,0,0,261.325,202.5,4172.5575,67.5,88.5399125,2.5,292.5,1124.523,1378.975,22.5,-7.931903,2,0,High
2.5,2.5,0,0,23.5,2.5,0,0,0,31,1.460584439,1703.5,-37.145,0,140.521333,147.8674585,4305.762101,101.0186475,119,2.5,114,114,0,0,-23.9064,167.3195365,0,0,265.355,188.5,4331.9555,111.5,83.086184,-21,302.5,983.932,1823.68,2.5,-8.730189,2,0,High
7.5,0,7.5,7.5,7.5,0,0,0,0,30,1.459877339,1357.5,-27.975,0,108.501555,122.835465,3034.9804725,96.3916125,82.5,7.5,75,82.5,0,0,-4.76925,141.5412075,0,0,212.025,157.5,3431.25,67.5,67.88121,0,240,877.548,1260.15,15,-8.426405,2,0,High
10,0,2.5,0,0,10,12.5,0,0,35,1.45790347,2085,-40.3,0,167.5519675,158.8353125,6065.626065,99.71246,135,2.5,90,92.5,0,0,36.44575,228.0301475,12.5,12.5,313.222075,285,5293.9425,80,117.3039125,10,377.5,1472.131,1136.85,12.5,-7.9736557,2,0,High
17.5,0,0,2.5,0,0,0,10,2.5,32.5,1.456712585,1842.5,-35.5,0,148.4227,137.62729,5302.9297475,96.645105,112.5,5,82.5,87.5,0,0,19.94925,203.023465,10,10,280.45877,247.5,4698.255,65,102.039395,17.5,335,1312.51525,1072.725,22.5,-8.230934,2,0,High
0,0,0,0,0,7.5,0,0,15,22.5,1.453967888,1140,-25.725,0,85.745835,106.085835,2919.52965,75.3391425,67.5,30,45,75,0,0,-8.1045,117.4217475,0,0,176.775,127.5,2883.2475,45,57.44028,0,202.5,755.9715,1280.1,30,-8.593135,2,0,High
2.5,10,0,0,14.5,10,0,0,0,37,1.452218009,1934.5,-37.415,0,163.0128685,167.6875795,4406.008472,119.381325,128,10,115.5,115.5,0,0,-5.51055,196.9430005,0,0,302.585,224.5,4876.046,113,97.9368755,-12,340,1188.6805,1772.035,2.5,-7.537651,2,0,High
7.5,7.5,0,0,7.5,7.5,0,0,0,30,1.449571889,1582.5,-28.275,0,135.004215,139.3312125,3478.197525,96.4383075,105,7.5,90,90,0,0,0.377999999999998,166.0637775,0,0,249.225,187.5,3979.4325,82.5,81.952665,0,277.5,1012.656,1285.95,7.5,-8.335752,2,0,High
0,2.5,21.5,2.5,0,0,0,2.5,0,29,1.4482368,972,-24.96,0,62.8912215,91.446285,2315.765157,90.6983375,41.5,24,39,60.5,0,0,-1.46145,98.2193365,2.5,2.5,145.2796925,114.5,2474.251,39,45.501827,0,175,670.6821,1174.26,21.5,-7.7770357,2,0,High
0,7.5,7.5,7.5,0,0,0,7.5,0,30,1.44793443,1320,-29.85,0,101.9466825,91.368855,3646.2315,89.4211275,67.5,15,60,67.5,0,0,15.12675,136.7648175,7.5,7.5,195.8690775,172.5,3371.25,60,68.69127,0,240,906.7365,1066.65,7.5,-8.82405,2,0,High
17,0,0,0,0,7.5,0,0,0,24.5,1.447656741,1359,-20.035,0,115.850382,128.32274,2844.295073,78.8564625,90.5,0,66,66,0,0,12.2471,154.0010595,0,0,217.465,171.5,3395.4445,49,74.952504,17,237.5,950.04,744.65,17,-8.54609,2,0,High
0,0,20,7.5,0,0,0,0,0,27.5,1.447631782,860,-21.725,0,55.9450625,86.9166825,1729.38811,87.89285,35,20,35,55,0,0,-1.32975,87.71157,0,0,130.775,97.5,2172.4575,35,39.551615,0,152.5,589.053,1059.05,20,-7.6909842,2,0,High
10,0,2.5,13.5,10,0,0,0,0,36,1.443519984,1740,-34.14,0,145.1640815,150.3067385,3878.8127975,115.5912625,109.5,2.5,99.5,102,0,0,-1.2175,183.0244,0,0,272.86,205,4392.317,89.5,88.9386965,0,307,1118.5335,1449.075,12.5,-7.6412444,2,0,High
0,0,0,0,0,11,0,0,13,24,1.441278514,1222,-25.85,0,92.875908,114.778107,3004.936031,80.020178,72,26,48,74,0,0,-0.851700000000001,128.249864,0,0,190.15,142,3075.584,48,63.087158,0,216,817.1483,1227.77,26,-8.594224,2,0,High
10,2.5,17.5,2.5,0,0,0,0,0,32.5,1.439036132,1275,-26.175,0,95.91015,125.2504875,2630.7894725,103.7435625,70,20,60,77.5,0,0,-3.72875,135.0258925,0,0,198.825,147.5,3216.325,50,62.642745,10,225,877.079,1258.15,27.5,-7.7239847,2,0,High
24.5,2.5,2.5,2.5,0,0,0,0,0,32,1.437151935,1681.5,-26.36,0,145.5124545,154.0878025,3513.3188805,101.99703,113,5,88.5,91,0,0,3.0776,187.179577,0,0,268.64,204,4226.337,64,89.812179,24.5,295,1166.2805,1078.7,27,-8.217104,2,0,High
17,7.5,0,0,0,0,0,0,0,24.5,1.430199397,1314,-20.335,0,117.4028595,115.48667,2710.726028,77.64843,90.5,7.5,73.5,73.5,0,0,-0.23065,143.3283345,0,0,209.665,156.5,3305.032,56.5,69.3520965,17,230,891.8985,896.375,17,-8.620229,2,0,High
0,10,10,13.5,0,0,0,2.5,0,36,1.428614705,1435,-30.79,0,115.305564,113.074766,3144.9630525,112.080705,74.5,20,72,82,0,0,8.37475,147.22021,2.5,2.5,218.9496925,172.5,3628.9995,72,71.506069,0,254.5,954.6245,1317,10,-7.59066,2,0,High
7.5,7.5,0,0,0,7.5,0,0,7.5,30,1.428082321,1537.5,-28.275,0,128.29383,137.1204975,3418.6971375,97.2386625,97.5,22.5,75,90,0,0,-0.234750000000002,162.71688,0,0,241.725,180,3867.03,67.5,79.6674525,7.5,270,1024.81425,1329.15,22.5,-8.295207,2,0,High
10,2.5,2.5,17.5,0,0,0,0,0,32.5,1.426470461,1455,-26.175,0,124.116345,122.5338525,2904.3285275,103.2649875,85,5,75,77.5,0,0,12.43825,158.0959525,0,0,228.825,177.5,3651.895,65,76.31121,10,255,988.658,1006.3,12.5,-7.764524,2,0,High
17,0,7.5,0,0,0,0,0,0,24.5,1.424880468,1179,-20.035,0,96.323742,114.33599,2487.5172605,78.3487425,75.5,7.5,58.5,66,0,0,-0.60715,130.635897,0,0,187.465,141.5,2967.2545,41.5,61.6994565,17,207.5,825.5205,870.575,24.5,-8.434763,2,0,High
17.5,2.5,10,2.5,0,0,0,0,0,32.5,1.419341184,1492.5,-26.475,0,121.9600125,140.9965125,3102.247805,103.6690125,92.5,12.5,75,85,0,0,-0.29675,162.71833,0,0,236.025,177.5,3757.1275,57.5,77.0035875,17.5,262.5,1031.681,1176.475,27.5,-7.910325,2,0,High
10,2.5,15.5,2.5,0,0,0,0,0,30.5,1.419264797,1219,-24.595,0,92.867098,118.8304875,2514.9626665,97.3339525,68,18,58,73.5,0,0,-3.04415,129.4857805,0,0,190.405,141.5,3074.167,48,60.263299,10,215,838.2962,1171.97,25.5,-7.982676,2,0,High
10,0,0,2.5,0,0,0,13.5,2.5,28.5,1.415383798,1632,-34.77,0,126.142121,106.8369615,5322.61499,81.2015045,93,5,67,72,0,0,25.7898,177.9874495,13.5,13.5,241.5243395,230,4192.018,57,91.558924,10,302,1175.00025,923.275,15,-8.861466,2,0,High
2.5,10,19.5,2.5,0,0,0,0,0,34.5,1.414719809,1248.5,-27.755,0,93.982457,117.0751425,2498.3667135,109.52741,64.5,29.5,62,81.5,0,0,-7.46885,125.5660045,0,0,192.245,138.5,3155.458,59.5,58.3139885,2.5,220,827.6378,1451.805,22,-7.5856733,2,0,High
7.5,20,0,0,0,0,0,0,0,27.5,1.411689954,1347.5,-22.825,0,124.1028075,107.089505,2659.300295,86.1900875,90,20,82.5,82.5,0,0,-4.97725,137.7154775,0,0,212.175,152.5,3396.215,75,67.485265,7.5,235,864.8735,1172.1,7.5,-8.607307,2,0,High
2.5,15.5,10,2.5,0,0,0,0,0,30.5,1.408465787,1235.5,-24.815,0,103.3543725,105.0789745,2430.399531,96.1946275,71.5,25.5,69,79,0,0,-5.82355,123.793568,0,0,191.685,137.5,3118.8455,66.5,59.1670325,2.5,216.5,798.7494,1298.365,12.5,-8.375183,2,0,High
0,19.5,2.5,0,0,2.5,0,0,10,34.5,1.407862705,1597,-33.335,0,135.1304725,131.648408,3537.0813165,110.72974,98.5,42,86,108.5,0,0,-15.3837,157.509207,0,0,247.665,172.5,4043.697,86,76.9723,0,281,1013.1896,1802.71,22.5,-7.917127,2,0,High
0,13.5,10,0,0,2.5,2.5,0,0,28.5,1.40580523,1216,-25.505,0,98.52076,99.5867965,2758.1021245,87.638965,70.5,23.5,63,73,0,0,0.549149999999999,122.1816485,2.5,2.5,185.199415,142.5,3079.3185,63,59.8685575,0,215.5,797.8958,1213.63,10,-8.660373,2,0,High
2.5,2.5,0,0,0,10,0,0,19.5,34.5,1.405720894,1752.5,-37.79,0,135.818145,160.8625455,4342.8822045,114.524748,106,41.5,74,113,0,0,-10.63495,181.4315295,0,0,272.71,197.5,4428.5195,71.5,88.6980055,2.5,310.5,1162.37845,1867.53,41.5,-7.5715294,2,0,High
0,8.25,1.25,1.25,0,5,0,0,0,15.75,1.405552678,724.5,-12.7725,0,62.51934,60.92136175,1418.31253775,50.00393375,43.5,9.5,38.5,39.75,0,0,4.939675,75.08934325,0,0,113.2275,86.25,1812.807,38.5,37.130445,0,126,470.7416,602.11,1.25,-8.400353,2,0,High
2.5,19.5,10,2.5,0,0,0,0,0,34.5,1.402321705,1419.5,-28.135,0,120.6826725,118.5326705,2781.097819,108.6403475,83.5,29.5,81,91,0,0,-6.99195,141.643092,0,0,220.365,157.5,3583.3095,78.5,68.0073325,2.5,248.5,911.7166,1484.485,12.5,-7.966225,2,0,High
10,14.5,10,2.5,0,0,0,0,0,37,1.401296268,1617,-30.21,0,136.483605,141.5365755,3248.533814,117.044685,98.5,24.5,88.5,98.5,0,0,-4.6667,167.7990445,0,0,253.29,185,4076.6245,78.5,80.2407225,10,283.5,1070.5451,1493.335,20,-7.5420036,2,0,High
0,2.5,17.5,2.5,0,0,0,10,0,32.5,1.393707978,1325,-33.575,0,89.33525,97.9577775,4067.3131825,96.1317325,60,20,50,67.5,0,0,14.27625,137.3502025,10,10,192.38377,177.5,3406.345,50,68.178565,0,245,941.379,1199.15,17.5,-8.715185,2,0,High
15.5,10,0,0,0,2.5,0,0,2.5,30.5,1.389150761,1598.5,-26.44,0,140.1881055,139.9556225,3367.1936845,97.2818575,107,15,86.5,91.5,0,0,-0.7701,171.7177705,0,0,253.56,188.5,4021.298,71,83.489906,15.5,280,1073.48325,1210.625,20.5,-8.360896,2,0,High
16.5,2.5,10,2.5,0,0,0,0,0,31.5,1.388442904,1435.5,-25.645,0,116.9651715,135.6870425,2981.473291,100.4741475,88.5,12.5,72,82,0,0,-0.41205,156.255949,0,0,226.855,170.5,3613.9415,55.5,73.8990855,16.5,252.5,991.676,1144.275,26.5,-8.012067,2,0,High
24,0,0,0,0,0,0,0,0,24,1.3882774,1368,-19.92,0,119.876184,127.42728,2898.588336,76.67676,96,0,72,72,0,0,2.7672,155.097144,0,0,220.08,168,3436.464,48,74.508048,24,240,960.12,772.8,24,-8.630882,2,0,High
0,10,13.5,0,0,10,2.5,0,0,36,1.386287908,1543,-31.29,0,119.6219235,137.1115625,3445.066368,112.509535,86,23.5,71,84.5,0,0,10.66045,160.3990935,2.5,2.5,236.414415,188,3882.9715,71,78.4732955,0,272.5,1036.8744,1398.84,13.5,-7.7474775,2,0,High
0,2.5,13.5,10,0,0,0,10,0,36,1.370091142,1513,-36.34,0,108.7636885,107.83446,4406.7796205,107.1092625,71,16,61,74.5,0,0,21.1617,158.5804285,10,10,222.11877,203,3872.9065,61,79.176828,0,277.5,1065.0384,1224.04,13.5,-7.968669,2,0,High
2.5,0,0,10,0,0,0,10,10,32.5,1.36926851,1662.5,-38.875,0,126.4185025,114.713965,5126.632745,97.9165725,90,20,67.5,87.5,0,0,14.54025,175.0387825,10,10,247.08377,217.5,4262.325,65,88.861175,2.5,305,1156.6735,1328.4,22.5,-8.009923,2,0,High
2.5,15.5,10,2.5,0,0,0,0,0,30.5,1.369043661,1235.5,-24.815,0,103.3543725,105.0789745,2430.399531,96.1946275,71.5,25.5,69,79,0,0,-5.82355,123.793568,0,0,191.685,137.5,3118.8455,66.5,59.1670325,2.5,216.5,798.7494,1298.365,12.5,-8.375183,2,0,High
2.5,2.5,0,0,0,23.5,0,0,2.5,31,1.368023684,1604.5,-26.015,0,129.391248,152.2797325,3354.7250505,101.1354085,95.5,7.5,67,72,0,0,28.72535,177.832591,0,0,252.985,207,3980.601,64.5,88.6485335,2.5,279,1097.47875,995.35,7.5,-8.398027,2,0,High
23.5,2.5,2.5,2.5,0,0,0,0,0,31,1.364253892,1624.5,-25.53,0,140.5176135,148.7783325,3392.5443665,98.802165,109,5,85.5,88,0,0,2.9623,180.717196,0,0,259.47,197,4083.151,62,86.707677,23.5,285,1126.2755,1046.5,26,-8.306228,2,0,High
10,0,10,2.5,10,0,0,0,0,32.5,1.362226581,1510,-31.375,0,119.1541975,141.0639375,3475.52058,104.7254,95,10,85,95,0,0,-11.87525,156.41116,0,0,236.125,172.5,3824.1225,75,74.751125,0,267.5,968.839,1482.95,20,-8.016138,2,0,High
2.5,2.5,0,0,0,21.5,0,0,2.5,29,1.349491135,1500.5,-24.435,0,121.141092,142.1299325,3143.7574945,94.5904065,89.5,7.5,63,68,0,0,25.98215,166.061769,0,0,236.565,193,3724.259,60.5,82.7349415,2.5,261,1025.49075,942.75,7.5,-8.501262,2,0,High
10,10,2.5,10,0,0,0,0,0,32.5,1.347363723,1500,-26.475,0,131.092365,125.04285,2990.7677675,102.8039625,92.5,12.5,82.5,85,0,0,4.73125,159.25336,0,0,236.025,177.5,3771.8875,72.5,77.1296175,10,262.5,999.2465,1158.025,12.5,-8.01125,2,0,High
0,6.75,1.25,1.25,0,5,0,0,0,14.25,1.346949637,655.5,-11.5275,0,56.0212275,55.87622575,1286.80067975,45.33678875,39,8,34,35.25,0,0,5.377825,68.39577175,0,0,102.4725,78.75,1638.633,34,33.8153325,0,114,428.3789,532.315,1.25,-8.355269,2,0,High
0,13.5,10,0,0,2.5,0,0,10,36,1.34520438,1531,-34.28,0,120.5494675,135.542864,3445.384407,116.0971975,88,43.5,75.5,105.5,0,0,-16.19835,151.510341,0,0,236.22,165,3880.0935,75.5,72.6347725,0,270.5,989.1743,1846.705,30,-7.7292314,2,0,High
10,19.5,0,0,0,2.5,0,0,2.5,34.5,1.344882956,1722,-29.76,0,153.8711925,142.7060655,3535.8422915,109.268685,113.5,24.5,98.5,103.5,0,0,-4.1792,178.5672945,0,0,271.24,197.5,4336.877,88.5,87.4108575,10,301,1121.75285,1475.56,15,-7.883578,2,0,High
0,2.5,13.5,10,0,0,0,2.5,0,28.5,1.3432475,1048,-24.565,0,76.233556,88.4829675,2423.577983,88.8566475,48.5,16,46,59.5,0,0,6.7932,108.3693385,2.5,2.5,158.1746925,128,2656.4965,46,51.741198,0,187.5,716.7759,1026.79,13.5,-8.27224,2,0,High
0,2.5,10,19.5,0,0,0,2.5,0,34.5,1.34016115,1330,-29.305,0,103.2266355,106.022432,2944.2998025,107.78238,64,12.5,61.5,71.5,0,0,14.9785,139.6007125,2.5,2.5,202.4346925,165,3358.8315,61.5,67.5362305,0,236.5,903.791,1125.825,10,-7.8428154,2,0,High
0,0,13,11,0,0,0,0,0,24,1.338589505,804,-18.96,0,57.201167,75.047801,1590.516979,76.564365,35,13,35,48,0,0,3.6406,83.399388,0,0,123.04,94,2025.314,35,38.576893,0,142,547.2182,849.47,13,-8.0769825,2,0,High
11,0,0,0,0,0,0,13,0,24,1.337375218,1433,-29.54,0,111.328814,91.946757,4766.069159,66.781381,83,0,59,59,0,0,26.1737,158.118747,13,13,211.706401,207,3683.49,48,81.704614,11,266,1043.71,696.1,11,-8.942636,2,0,High
7.5,0,0,15,0,0,0,0,0,22.5,1.33508288,1027.5,-18.075,0,88.4903925,85.25439,2048.048955,71.5549875,60,0,52.5,52.5,0,0,11.89725,113.0887575,0,0,161.925,127.5,2575.65,45,54.798075,7.5,180,702.4875,636,7.5,-8.094693,2,0,High
2.5,10,0,0,0,2.5,0,0,13.5,28.5,1.334237406,1407.5,-30.17,0,115.4475225,120.8168415,3357.9526335,92.9985615,88,37,69.5,96.5,0,0,-15.7561,141.4463385,0,0,218.83,152.5,3569.321,67,68.991874,2.5,249,909.83035,1586.115,29.5,-8.438343,2,0,High
0,9.75,5,1.25,0,1.25,0,0,0,17.25,1.330934821,703.5,-14.0175,0,59.2541325,58.97312275,1371.4354895,54.41721875,40.5,14.75,39.25,44.25,0,0,-1.9256,70.1003335,0,0,108.9825,78.75,1772.886,39.25,33.81903375,0,123,450.84455,734.8675,5,-8.377801,2,0,High
0,0,0,0,0,7.5,0,0,17,24.5,1.326273672,1240,-28.365,0,93.053535,115.155713,3203.316492,82.1118605,73.5,34,49,83,0,0,-10.5567,127.1925695,0,0,192.135,137.5,3139.5095,49,62.142188,0,220.5,820.7737,1424.48,34,-8.5636215,2,0,High
2.5,16.5,0,0,0,2.5,0,0,10,31.5,1.325712252,1531.5,-30.945,0,130.817535,126.806811,3431.210378,101.3706,97,36.5,82,102,0,0,-13.3634,153.3528765,0,0,238.555,167.5,3875.6165,79.5,75.1290225,2.5,269.5,979.9982,1635.895,22.5,-8.257004,2,0,High
0,14,10,0,0,0,0,0,0,24,1.322822341,924,-19.52,0,75.86431,79.187936,1806.578038,75.60807,52,24,52,62,0,0,-7.5124,90.173894,0,0,142.48,100,2336.414,52,42.83828,0,162,589.2992,1082.32,10,-8.429169,2,0,High
10,0,0,0,0,14,0,0,0,24,1.319936374,1298,-19.36,0,107.699502,124.1433,2684.518032,77.763664,82,0,58,58,0,0,20.3554,147.019564,0,0,206.64,168,3226.254,48,72.440164,10,226,903.966,690.2,10,-8.328656,2,0,High
17,0,7.5,0,0,0,0,0,0,24.5,1.318816744,1179,-20.035,0,96.323742,114.33599,2487.5172605,78.3487425,75.5,7.5,58.5,66,0,0,-0.60715,130.635897,0,0,187.465,141.5,2967.2545,41.5,61.6994565,17,207.5,825.5205,870.575,24.5,-8.434763,2,0,High
2.5,0,0,24.5,0,0,0,2.5,2.5,32,1.306791438,1402.5,-28.655,0,115.8126105,105.2693495,3183.39588,100.273315,74,5,66.5,71.5,0,0,20.03225,150.65398,2.5,2.5,215.5846925,177.5,3536.629,64,74.257223,2.5,249,954.43775,971.075,7.5,-7.9918513,2,0,High
15,0,0,0,0,7.5,0,0,0,22.5,1.304228808,1245,-18.375,0,105.8607,117.7038,2602.746045,72.4667325,82.5,0,60,60,0,0,12.0165,141.0762975,0,0,199.125,157.5,3109.0725,45,68.7435,15,217.5,870.03,680.25,15,-8.533696,2,0,High
20,0,0,0,0,0,0,7.5,0,27.5,1.30376047,1605,-28.375,0,132.4269525,125.5408925,4398.6919175,82.149915,102.5,0,75,75,0,0,16.6745,179.45871,7.5,7.5,247.3440775,215,4080.13,55,89.52567,20,290,1148.3625,841.25,20,-8.451527,2,0,High
0,2.5,17.5,10,0,0,0,2.5,0,32.5,1.3003628,1160,-27.725,0,82.31966,101.3229675,2655.231595,101.6758675,52.5,20,50,67.5,0,0,5.424,119.4495625,2.5,2.5,175.0146925,140,2940.8125,50,56.50009,0,207.5,794.3415,1199.15,17.5,-7.942434,2,0,High
0,13.5,2.5,0,0,2.5,0,0,10,28.5,1.299142667,1321,-28.355,0,109.1380225,111.467864,3011.0338845,92.06116,80.5,36,68,90.5,0,0,-13.6311,130.734921,0,0,204.645,142.5,3347.001,68,63.71185,0,233,843.7388,1523.53,22.5,-8.458862,1,4,Medium
7.5,0,17,0,0,0,0,0,0,24.5,1.297173944,903.5,-19.655,0,63.3272495,94.391025,1890.336706,78.4431725,47,17,39.5,56.5,0,0,-4.95435,95.5588095,0,0,140.345,103.5,2282.238,32,43.509056,7.5,160,629.6913,974.03,24.5,-7.9454465,1,4,Medium
15,0,0,7.5,0,0,0,0,0,22.5,1.294643907,1155,-18.375,0,100.4371575,102.3587325,2382.73776,71.719725,75,0,60,60,0,0,7.24575,129.246165,0,0,184.125,142.5,2898.6675,45,62.324685,15,202.5,801.3,680.25,15,-8.34432,1,4,Medium
2.5,13.5,0,0,0,2.5,0,0,10,28.5,1.292410416,1393.5,-28.455,0,117.82131,116.716539,3168.186662,92.03631,88,33.5,73,93,0,0,-12.4871,139.9657335,0,0,217.045,152.5,3527.2685,70.5,68.4987975,2.5,245.5,895.2728,1496.305,22.5,-8.424107,1,4,Medium
0,1.25,1.25,5,0,9.75,0,0,0,17.25,1.289430992,799.5,-13.6775,0,64.54620675,72.84151,1591.19850425,55.6666785,44.25,2.5,34.5,35.75,0,0,16.2576,87.9636035,0,0,125.3225,103.25,1984.246,34.5,43.5832785,0,139,544.633,499.95,1.25,-8.33972,1,4,Medium
0,10,10,10,0,0,0,2.5,0,32.5,1.286650805,1295,-28.025,0,103.3987775,102.4736475,2878.4403625,100.975555,67.5,20,65,75,0,0,5.8005,132.142,2.5,2.5,197.2146925,155,3278.59,65,64.15273,0,230,860.7195,1224.95,10,-8.09927,1,4,Medium
7.5,7.5,0,0,0,7.5,0,0,7.5,30,1.282421926,1537.5,-28.275,0,128.29383,137.1204975,3418.6971375,97.2386625,97.5,22.5,75,90,0,0,-0.234750000000002,162.71688,0,0,241.725,180,3867.03,67.5,79.6674525,7.5,270,1024.81425,1329.15,22.5,-8.295207,1,4,Medium
20,7.5,0,0,0,0,0,0,0,27.5,1.27694763,1485,-22.825,0,132.3873825,131.41508,3073.04957,87.233025,102.5,7.5,82.5,82.5,0,0,0.11525,162.7154775,0,0,237.175,177.5,3734.59,62.5,78.6656025,20,260,1011.9135,992.975,20,-8.496294,1,4,Medium
21.5,2.5,2.5,2.5,0,0,0,0,0,29,1.273061318,1510.5,-23.87,0,130.5279315,138.1593925,3150.9953385,92.412435,101,5,79.5,82,0,0,2.7317,167.792434,0,0,241.13,183,3796.779,58,80.498673,21.5,265,1046.2655,982.1,24,-8.380201,1,4,Medium
10,0,13.5,2.5,2.5,0,0,0,0,28.5,1.270596037,1188,-24.24,0,90.3652785,116.07618,2554.5164455,91.34488,68.5,13.5,58.5,72,0,0,-4.4903,126.118876,0,0,185.76,138,2999.514,48.5,58.997788,7.5,210,805.8589,1135.54,23.5,-8.251618,1,4,Medium
10,13.5,0,0,2.5,2.5,0,0,0,28.5,1.270596037,1461,-24.78,0,130.1155375,123.2624265,3029.628322,90.33332,98,13.5,85.5,85.5,0,0,-2.22235,152.908641,0,0,230.72,170,3677.6485,75.5,74.912145,7.5,255.5,948.2493,1181.98,10,-8.517782,1,4,Medium
7.5,0,0,7.5,0,0,0,7.5,7.5,30,1.269612591,1567.5,-33.825,0,122.9098575,115.9012425,4524.3312,91.408545,90,15,67.5,82.5,0,0,11.55375,167.62998,7.5,7.5,236.8940775,202.5,4002.165,60,84.108705,7.5,285,1092.53325,1177.425,22.5,-8.370072,1,4,Medium
2.5,0,13.5,0,0,10,2.5,0,0,28.5,1.266686332,1225.5,-25.065,0,88.788276,116.7509975,2870.256933,89.3823975,66,13.5,48.5,62,0,0,13.8697,131.931236,2.5,2.5,187.639415,155.5,3079.7765,46,64.1338005,2.5,217.5,854.4689,1014.04,16,-8.553074,1,4,Medium
0,10,2.5,0,0,2.5,0,0,17.5,32.5,1.265929455,1535,-35.35,0,121.379635,133.7079225,3768.37354,106.5688475,92.5,47.5,72.5,110,0,0,-21.8045,151.75717,0,0,237.15,162.5,3901.5775,72.5,73.6087425,0,272.5,987.90075,1902.1,37.5,-8.20991,1,4,Medium
7.5,0,0,0,0,20,0,0,0,27.5,1.262563076,1467.5,-22.025,0,119.9628675,141.319025,3015.484415,89.4115075,90,0,62.5,62.5,0,0,28.29675,166.1760775,0,0,232.975,192.5,3637.315,55,82.419685,7.5,255,1019.9175,767.5,7.5,-8.252378,1,4,Medium
11,0,0,0,0,13,0,0,0,24,1.25943362,1303,-19.4,0,108.569265,124.37787,2699.808768,77.686028,83,0,59,59,0,0,19.0991,147.596534,0,0,207.6,168,3241.269,48,72.58787,11,227,907.977,696.1,11,-8.340825,1,4,Medium
10,13.5,0,0,0,2.5,0,0,10,36,1.257983766,1821,-34.68,0,155.2826175,156.537564,4073.995517,115.9977975,118,33.5,95.5,115.5,0,0,-11.62235,188.433591,0,0,285.82,205,4601.1635,85.5,91.7825625,10,320.5,1195.3103,1737.805,30,-7.504473,1,4,Medium
0,2.5,2.5,21.5,0,0,0,2.5,0,29,1.257932163,1200,-24.96,0,98.6190685,88.005214,2662.24796,90.0921425,60.5,5,58,60.5,0,0,19.01675,127.4414125,2.5,2.5,183.2796925,152.5,3025.973,58,62.815216,0,213,812.0155,855.25,2.5,-8.076534,1,4,Medium
0,2.5,10,13.5,0,0,0,2.5,0,28.5,1.254315113,1090,-24.565,0,82.8150015,87.849086,2487.4037625,88.74498,52,12.5,49.5,59.5,0,0,10.5655,113.7523525,2.5,2.5,165.1746925,135,2758.1295,49.5,54.9305065,0,194.5,742.811,968.025,10,-8.27149,1,4,Medium
15,7.5,0,0,0,0,0,0,0,22.5,1.25408801,1200,-18.675,0,107.4131775,104.86773,2469.177,71.2587,82.5,7.5,67.5,67.5,0,0,-0.46125,130.4035725,0,0,191.325,142.5,3018.66,52.5,63.1430925,15,210,811.8885,831.975,15,-8.63408,1,4,Medium
10,0,0,2.5,0,0,0,13.5,10,36,1.252705917,2007,-44.67,0,153.545996,140.849004,6386.8156475,106.599197,115.5,20,82,102,0,0,16.59405,214.628032,13.5,13.5,299.1243395,267.5,5153.0005,72,109.191079,10,369.5,1418.0085,1464.7,30,-7.680546,1,4,Medium
17,0,0,7.5,0,0,0,0,0,24.5,1.250634841,1269,-20.035,0,110.4268395,112.9776725,2624.286788,78.109455,83,0,66,66,0,0,7.47635,142.170927,0,0,202.465,156.5,3185.0395,49,68.533689,17,222.5,881.31,744.65,17,-8.363167,1,4,Medium
0,0,15,7.5,0,0,0,0,0,22.5,1.248459428,720,-17.775,0,48.3374325,70.8666825,1439.821095,71.868825,30,15,30,45,0,0,0.38175,73.86129,0,0,109.725,82.5,1817.0625,30,33.603,0,127.5,492.096,843.6,15,-7.8454366,1,4,Medium
2.5,0,0,10,0,0,0,10,13.5,36,1.240658851,1837.5,-43.495,0,139.2069775,130.5862515,5623.2597185,109.768829,100.5,27,74.5,101.5,0,0,10.2489,192.137721,10,10,273.96377,235,4710.7835,72,97.089514,2.5,336.5,1270.07735,1581.065,29.5,-7.5822353,1,4,Medium
2.5,10,0,0,17.5,2.5,0,0,0,32.5,1.237260799,1712.5,-35.45,0,145.7204875,144.1149325,4064.360555,104.6765025,117.5,10,112.5,112.5,0,0,-19.23075,168.79741,0,0,267.05,190,4344.1175,110,83.7278525,-15,302.5,1011.0655,1774.075,2.5,-8.184286,1,4,Medium
2.5,2.5,0,0,0,15.5,0,0,10,30.5,1.236594214,1563.5,-29.595,0,123.794499,145.692575,3575.055484,100.353093,94,22.5,66,86,0,0,8.5568,167.3898855,0,0,244.905,188.5,3916.2155,63.5,82.6263205,2.5,274.5,1052.535,1326.375,22.5,-8.195448,1,4,Medium
2.5,0,0,10,0,0,0,2.5,15.5,30.5,1.236122085,1472.5,-34.36,0,113.984545,120.304637,3923.844923,98.288932,84,31,63.5,94.5,0,0,-6.5718,151.697453,2.5,2.5,225.3796925,170,3750.6355,61,74.355792,2.5,264.5,986.61705,1528.195,33.5,-8.09484,1,4,Medium
10,0,17.5,2.5,2.5,0,0,0,0,32.5,1.234660256,1300,-27.4,0,96.4513825,128.91618,2786.1700575,104.1641,72.5,17.5,62.5,80,0,0,-5.8595,137.1991,0,0,202.6,150,3283.83,52.5,63.75668,7.5,230,883.4245,1307.9,27.5,-7.8332133,1,4,Medium
10,17.5,0,0,2.5,2.5,0,0,0,32.5,1.234660256,1645,-28.1,0,147.4438375,136.7161225,3380.32661,102.77904,110,17.5,97.5,97.5,0,0,-3.39075,170.758165,0,0,259.4,190,4142.1125,87.5,83.752445,7.5,287.5,1061.2165,1368.1,10,-8.17951,1,4,Medium
0,7.5,7.5,7.5,0,0,0,7.5,0,30,1.228106184,1320,-29.85,0,101.9466825,91.368855,3646.2315,89.4211275,67.5,15,60,67.5,0,0,15.12675,136.7648175,7.5,7.5,195.8690775,172.5,3371.25,60,68.69127,0,240,906.7365,1066.65,7.5,-8.82405,1,4,Medium
0,2.5,2.5,0,0,2.5,0,0,21.5,29,1.227453935,1390,-34.405,0,103.5044725,126.6219985,3678.387934,96.7785585,82,48,58,103.5,0,0,-24.51815,137.8309565,0,0,214.095,145,3543.2315,58,66.436996,0,248.5,905.69165,1841.885,45.5,-8.811471,1,4,Medium
0,10,3.75,0,0,0,0,0,0,13.75,1.226650172,565,-11.2625,0,49.0264725,45.67174,1093.92098125,43.13231875,33.75,13.75,33.75,37.5,0,0,-4.204625,55.01152,0,0,87.4875,61.25,1427.70625,33.75,26.56221125,0,98.75,355.13575,626.8875,3.75,-8.347457,1,4,Medium
17,0,0,0,0,0,0,7.5,0,24.5,1.219640676,1434,-25.885,0,117.4424295,109.6124825,4036.3683755,72.56532,90.5,0,66,66,0,0,16.3286,160.071567,7.5,7.5,219.8340775,194,3650.572,49,80.212164,17,260,1028.3475,744.65,17,-8.703818,1,4,Medium
0,0,7.5,17,0,0,0,0,0,24.5,1.215825428,890,-19.355,0,69.244408,75.566147,1728.8893025,77.9753375,41.5,7.5,41.5,49,0,0,9.93625,94.01244,0,0,137.145,107.5,2235.0815,41.5,44.6391405,0,156.5,601.5455,770.275,7.5,-8.054464,1,4,Medium
2.5,0,2.5,23.5,2.5,0,0,0,0,31,1.211783916,1292.5,-25.915,0,107.607904,104.551866,2610.7962975,98.7614375,69.5,2.5,67,69.5,0,0,13.85575,137.6496625,0,0,201.085,157.5,3246.207,64.5,66.747104,0,227,855.946,972.35,5,-7.992735,1,4,Medium
22,0,0,0,0,0,0,0,0,22,1.211533656,1254,-18.26,0,109.886502,116.80834,2657.039308,70.28703,88,0,66,66,0,0,2.5366,142.172382,0,0,201.74,154,3150.092,44,68.299044,22,220,880.11,708.4,22,-8.615679,1,4,Medium
7.5,20,0,0,0,0,0,0,0,27.5,1.207148827,1347.5,-22.825,0,124.1028075,107.089505,2659.300295,86.1900875,90,20,82.5,82.5,0,0,-4.97725,137.7154775,0,0,212.175,152.5,3396.215,75,67.485265,7.5,235,864.8735,1172.1,7.5,-8.607307,1,4,Medium
2.5,2.5,2.5,21.5,0,0,0,0,0,29,1.20693529,1187.5,-23.11,0,100.2627935,94.8283915,2303.1170325,91.9951,63,5,60.5,63,0,0,14.5155,126.860335,0,0,184.89,145,2978.468,58,61.431261,2.5,208,795.9405,870,5,-8.038587,1,4,Medium
0,17.5,2.5,0,0,2.5,0,0,10,32.5,1.205948721,1505,-31.675,0,126.4663225,124.92156,3361.7321725,104.50688,92.5,40,80,102.5,0,0,-14.7995,148.584445,0,0,233.325,162.5,3811.465,80,72.55215,0,265,956.706,1709.65,22.5,-8.282793,1,4,Medium
0,2.5,15.5,2.5,0,0,0,10,0,30.5,1.204929606,1269,-31.995,0,86.292198,91.5377775,3951.4863765,89.7221225,58,18,48,63.5,0,0,14.96085,131.8100905,10,10,183.96377,171.5,3264.187,48,65.799119,0,235,902.5962,1112.97,15.5,-8.870451,1,4,Medium
0,21.5,2.5,0,0,2.5,0,0,2.5,29,1.19804053,1314,-25.095,0,116.3907475,104.3632135,2648.229803,91.5549075,82,29,77,84.5,0,0,-6.77215,129.7933865,0,0,204.405,145,3314.9465,77,63.760295,0,229.5,826.66495,1354.345,7.5,-8.506698,1,4,Medium
2.5,0,2.5,0,0,10,17.5,0,0,32.5,1.197744959,2027.5,-42.925,0,159.110245,137.8009325,6623.121065,86.5616875,130,2.5,82.5,85,0,0,44.554,218.613125,17.5,17.5,296.005905,287.5,5181.1175,80,115.5067975,2.5,372.5,1437.5585,1073,5,-8.633704,1,4,Medium
0,6.75,5,1.25,0,1.25,0,0,0,14.25,1.196529617,565.5,-11.5275,0,46.2579075,48.88285075,1108.4117735,45.08292875,31.5,11.75,30.25,35.25,0,0,-1.0493,56.7131905,0,0,87.4725,63.75,1424.538,30.25,27.18880875,0,99,366.11915,595.2775,5,-8.274156,1,4,Medium
0,17.5,10,0,0,2.5,2.5,0,0,32.5,1.195957284,1400,-28.825,0,115.84906,113.0404925,3108.8004125,100.084685,82.5,27.5,75,85,0,0,-0.619250000000001,140.0311725,2.5,2.5,213.879415,162.5,3543.7825,75,68.7088575,0,247.5,910.863,1399.75,10,-8.360066,1,4,Medium
2.5,0,15.5,0,0,10,2.5,0,0,30.5,1.19510425,1281.5,-26.645,0,91.831328,123.1709975,2986.083739,95.7920075,68,15.5,50.5,66,0,0,13.1851,137.471348,2.5,2.5,196.059415,161.5,3221.9345,48,66.5132465,2.5,227.5,893.2517,1100.22,18,-8.387542,1,4,Medium
0,20,0,0,0,0,0,0,7.5,27.5,1.194320185,1295,-26.5,0,114.045375,101.2805225,2817.6920975,87.6262925,82.5,35,75,90,0,0,-15.03775,125.8882025,0,0,201,137.5,3283.3025,75,61.833655,0,227.5,807.84425,1472.025,15,-8.518816,1,4,Medium
0,5,1.25,1.25,0,8.25,0,0,0,15.75,1.188924607,744,-12.6425,0,61.84659975,66.48365875,1476.19245725,50.5274145,43.5,6.25,35.25,36.5,0,0,10.3467,79.71419075,0,0,116.6075,92.75,1851.98575,35.25,39.55728825,0,129.25,495.93625,536.3625,1.25,-8.379256,1,4,Medium
2.5,13.5,10,2.5,0,0,0,0,0,28.5,1.18706579,1143.5,-23.155,0,94.6902225,98.3521265,2255.050387,89.9717675,65.5,23.5,63,73,0,0,-5.23935,114.868806,0,0,177.345,127.5,2886.6135,60.5,54.7468825,2.5,200.5,742.2658,1205.305,12.5,-8.414998,1,4,Medium
2.5,0,2.5,0,0,2.5,23.5,0,0,31,1.186010074,2081.5,-47.62,0,162.995662,122.2831565,7587.957356,74.990788,137.5,2.5,85.5,88,0,0,45.0346,221.3335445,23.5,23.5,296.301501,301,5373.119,83,119.1148075,2.5,389,1486.1615,1088.93,5,-8.754038,1,4,Medium
2.5,2.5,2.5,21.5,0,0,0,0,0,29,1.185557665,1187.5,-23.11,0,100.2627935,94.8283915,2303.1170325,91.9951,63,5,60.5,63,0,0,14.5155,126.860335,0,0,184.89,145,2978.468,58,61.431261,2.5,208,795.9405,870,5,-8.038587,1,4,Medium
0,21.5,2.5,0,0,2.5,2.5,0,0,29,1.185208322,1374,-26.22,0,121.765915,102.4191885,3025.148178,88.4943675,87,24,79.5,82,0,0,0.779599999999998,137.1052765,2.5,2.5,210.984415,160,3475.154,79.5,68.626235,0,242,878.3947,1262.695,2.5,-8.594933,1,4,Medium
0,7.5,10,0,0,7.5,0,0,0,25,1.183746419,1015,-20.05,0,78.6439075,95.38743,2027.821655,79.9275325,55,17.5,47.5,57.5,0,0,4.67325,105.309,0,0,157.45,120,2542.9425,47.5,50.6487625,0,177.5,675.6825,977.125,10,-8.4331665,1,4,Medium
0,2.5,10,10,0,0,0,10,0,32.5,1.177683391,1415,-33.575,0,103.4383475,96.59946,4204.08271,95.892445,67.5,12.5,57.5,67.5,0,0,22.35975,148.8852325,10,10,207.38377,192.5,3624.13,57.5,75.0127975,0,260,997.1685,1073.225,10,-8.74709,1,4,Medium
0,0,0,3.75,0,10,0,0,0,13.75,1.174348043,670,-10.8625,0,54.00805125,62.10734125,1340.397805,44.623385,37.5,0,27.5,27.5,0,0,16.474125,75.009335,0,0,105.3875,88.75,1657.14875,27.5,37.4465375,0,116.25,460.5525,361.625,0,-8.28661,1,4,Medium
13.5,0,0,10,0,0,0,2.5,2.5,28.5,1.173800716,1449.5,-26.33,0,121.427746,119.7546,3407.750104,89.40978,89,5,70.5,75.5,0,0,10.6358,159.273301,2.5,2.5,226.4096925,182,3659.9785,57,77.942912,13.5,257.5,1005.45775,943.925,18.5,-8.109419,1,4,Medium
0,15.5,10,0,0,2.5,2.5,0,0,30.5,1.173292052,1308,-27.165,0,107.18491,106.3136445,2933.4512685,93.861825,76.5,25.5,69,79,0,0,-0.0350500000000018,131.1064105,2.5,2.5,199.539415,152.5,3311.5505,69,64.2887075,0,231.5,854.3794,1306.69,10,-8.644125,1,4,Medium
0,2.5,12.5,10,0,0,0,10,0,35,1.172175914,1485,-35.55,0,107.2421625,104.62446,4348.8662175,103.9044575,70,15,60,72.5,0,0,21.504,155.8103725,10,10,217.90877,200,3801.8275,60,77.987105,0,272.5,1045.647,1180.95,12.5,-8.222327,1,4,Medium
7.5,7.5,0,0,7.5,7.5,0,0,0,30,1.169856195,1582.5,-28.275,0,135.004215,139.3312125,3478.197525,96.4383075,105,7.5,90,90,0,0,0.377999999999998,166.0637775,0,0,249.225,187.5,3979.4325,82.5,81.952665,0,277.5,1012.656,1285.95,7.5,-8.335752,1,4,Medium
14,0,10,0,0,0,0,0,0,24,1.168335629,1078,-19.52,0,85.143034,106.43258,2269.977226,76.77616,66,10,52,62,0,0,-1.8088,118.173894,0,0,170.48,128,2715.394,38,55.360258,14,190,753.984,881.7,24,-8.350314,1,4,Medium
0,7.5,7.5,0,0,7.5,0,0,7.5,30,1.163949121,1320,-27.975,0,102.2439675,121.3744725,2947.238805,97.3132125,75,30,60,82.5,0,0,-3.66675,135.0244425,0,0,204.525,150,3326.2275,60,65.30661,0,232.5,870.21225,1410.825,22.5,-8.46189,1,4,Medium
14.5,0,0,10,0,0,0,10,2.5,37,1.162676653,1971.5,-38.935,0,158.9527195,144.4155625,5511.7262555,110.85726,115.5,5,88.5,93.5,0,0,25.1196,215.946772,10,10,299.52377,264,5019.5745,74,108.483044,14.5,357.5,1393.72525,1173.375,19.5,-7.7667017,1,4,Medium
0,10,10,12.5,0,0,0,2.5,0,35,1.162522592,1395,-30,0,111.903625,110.045875,3068.8137125,108.907805,72.5,20,70,80,0,0,7.63925,142.91215,2.5,2.5,212.7396925,167.5,3528.8825,70,69.405115,0,247.5,927.7945,1290.7,10,-7.7328815,1,4,Medium
7.5,0,0,7.5,0,0,0,7.5,7.5,30,1.162276454,1567.5,-33.825,0,122.9098575,115.9012425,4524.3312,91.408545,90,15,67.5,82.5,0,0,11.55375,167.62998,7.5,7.5,236.8940775,202.5,4002.165,60,84.108705,7.5,285,1092.53325,1177.425,22.5,-8.370072,1,4,Medium
0,1.25,1.25,5,0,6.75,0,0,0,14.25,1.159896574,643.5,-11.3075,0,52.17097275,57.61681,1274.74717025,45.8491755,35.25,2.5,28.5,29.75,0,0,12.1428,70.3073705,0,0,100.6925,82.25,1599.733,28.5,34.7128905,0,112,436.651,421.05,1.25,-8.228818,1,4,Medium
0,5,1.25,1.25,0,6.75,0,0,0,14.25,1.15950894,666,-11.4575,0,55.65898275,58.87130875,1317.96679025,45.618663,39,6.25,32.25,33.5,0,0,8.2893,70.88607425,0,0,104.2925,82.25,1659.72925,32.25,35.12209425,0,115.75,441.94525,496.9125,1.25,-8.343596,1,4,Medium
2.5,10,17.5,2.5,0,0,0,0,0,32.5,1.159222873,1192.5,-26.175,0,90.939405,110.6551425,2382.5399075,103.1178,62.5,27.5,60,77.5,0,0,-6.78425,120.0258925,0,0,183.825,132.5,3013.3,57.5,55.9345425,2.5,210,788.855,1365.625,20,-7.9195013,1,4,Medium
2.5,10,0,0,0,2.5,0,0,17.5,32.5,1.158636665,1607.5,-35.45,0,130.0629225,138.9565975,3925.5263175,106.5439975,100,45,77.5,112.5,0,0,-20.6605,160.9879825,0,0,249.55,172.5,4081.845,75,78.39569,2.5,285,1039.43475,1874.875,37.5,-8.089339,1,4,Medium
0,13.5,10,0,0,2.5,0,0,2.5,28.5,1.158069988,1156,-24.38,0,93.1455925,101.5308215,2381.1837495,90.699505,65.5,28.5,60.5,75.5,0,0,-7.0026,114.8697585,0,0,178.62,127.5,2919.111,60.5,55.0026175,0,203,746.16605,1305.28,15,-8.53272,1,4,Medium
10,0,15.5,2.5,2.5,0,0,0,0,30.5,1.148782227,1244,-25.82,0,93.4083305,122.49618,2670.3432515,97.75449,70.5,15.5,60.5,76,0,0,-5.1749,131.658988,0,0,194.18,144,3141.672,50.5,61.377234,7.5,220,844.6417,1221.72,25.5,-8.06506,1,4,Medium
10,15.5,0,0,2.5,2.5,0,0,0,30.5,1.148782227,1553,-26.44,0,138.7796875,129.9892745,3204.977466,96.55618,104,15.5,91.5,91.5,0,0,-2.80655,161.833403,0,0,245.06,180,3909.8805,81.5,79.332295,7.5,271.5,1004.7329,1275.04,10,-8.4162,1,4,Medium
2.5,21.5,0,0,0,2.5,0,0,2.5,29,1.147671604,1386.5,-25.195,0,125.074035,109.6118885,2805.3825805,91.5300575,89.5,26.5,82,87,0,0,-5.62815,139.024199,0,0,216.805,155,3495.214,79.5,68.5472425,2.5,242,878.19895,1327.12,7.5,-8.5404,1,4,Medium
2.5,10,2.5,13.5,0,0,0,0,0,28.5,1.14726776,1212.5,-23.015,0,105.537844,95.8229435,2351.4816025,89.947625,69.5,12.5,67,69.5,0,0,6.44075,125.8637125,0,0,188.985,142.5,3048.402,64.5,61.1991915,2.5,212,793.114,1008.575,5,-8.274857,1,4,Medium
0,2.5,10,2.5,0,0,0,13.5,0,28.5,1.145534898,1332,-33.145,0,93.1045335,82.913474,4558.4567575,80.613582,63,12.5,49.5,59.5,0,0,23.5488,140.0066245,13.5,13.5,190.6493395,190,3440.9105,49.5,72.0589365,0,249.5,958.466,968.025,10,-9.055408,1,4,Medium
2.5,10,0,0,0,2.5,0,0,16.5,31.5,1.144781475,1557.5,-34.13,0,126.4090725,134.4216585,3783.6328965,103.1576385,97,43,75.5,108.5,0,0,-19.4344,156.1025715,0,0,241.87,167.5,3953.714,73,76.044736,2.5,276,1007.03365,1802.685,35.5,-8.2442875,1,4,Medium
10,0,14,0,0,0,0,0,0,24,1.142937167,962,-19.36,0,71.249774,98.0347,2018.532782,76.81592,54,14,44,58,0,0,-3.6392,103.404594,0,0,150.64,112,2426.966,34,47.701142,10,170,671.5296,925.26,24,-8.189695,1,4,Medium
11,13,0,0,0,0,0,0,0,24,1.142257366,1225,-19.92,0,111.260226,102.128682,2468.28909,75.592105,83,13,72,72,0,0,-2.529,129.097144,0,0,194.08,142,3084.554,61,62.880497,11,214,807.1984,959.09,11,-8.643093,1,4,Medium
0,10,14.5,0,0,10,2.5,0,0,37,1.136175329,1571,-32.08,0,121.1434495,140.3215625,3502.979771,115.71434,87,24.5,72,86.5,0,0,10.31815,163.1691495,2.5,2.5,240.624415,191,3954.0505,72,79.6630185,0,277.5,1056.2658,1441.93,14.5,-7.623887,1,4,Medium
0,1.25,1.25,6.75,0,5,0,0,0,14.25,1.132743555,622.5,-11.3075,0,50.9054795,54.03629425,1223.41190375,45.67487375,33.5,2.5,28.5,29.75,0,0,11.029625,67.54700625,0,0,97.1925,78.75,1550.6385,28.5,33.215167,0,108.5,420.614,421.05,1.25,-8.174441,1,4,Medium
0,7.5,7.5,0,0,7.5,0,0,7.5,30,1.13269872,1320,-27.975,0,102.2439675,121.3744725,2947.238805,97.3132125,75,30,60,82.5,0,0,-3.66675,135.0244425,0,0,204.525,150,3326.2275,60,65.30661,0,232.5,870.21225,1410.825,22.5,-8.46189,1,4,Medium
2.5,0,2.5,0,0,2.5,24.5,0,0,32,1.132164143,2155.5,-49.39,0,168.799579,126.0404855,7880.618127,77.152931,142.5,2.5,88.5,91,0,0,46.8292,229.1437115,24.5,24.5,306.613267,312,5565.333,86,123.4121375,2.5,403,1539.2545,1124.46,5,-8.68153,1,4,Medium
2.5,0,2.5,0,0,10,16.5,0,0,31.5,1.131491442,1953.5,-41.155,0,153.306328,134.0436035,6330.460294,84.3995445,125,2.5,79.5,82,0,0,42.7594,210.802958,16.5,16.5,285.694139,276.5,4988.9035,77,111.2094675,2.5,358.5,1384.4655,1037.47,5,-8.698609,1,4,Medium
2.5,2.5,0,0,0,2.5,0,0,21.5,29,1.129198016,1462.5,-34.505,0,112.18776,131.8706735,3835.5407115,96.7537085,89.5,45.5,63,106,0,0,-23.37415,147.061769,0,0,226.495,155,3723.499,60.5,71.2239435,2.5,261,957.22565,1814.66,45.5,-8.571401,1,4,Medium
7.5,0,0,17,0,0,0,0,0,24.5,1.129024198,1107.5,-19.655,0,95.2942705,91.312172,2200.347635,77.9007875,64,0,56.5,56.5,0,0,13.36825,121.7048775,0,0,174.345,137.5,2775.884,49,58.999983,7.5,194,756.1475,688.6,7.5,-8.067014,1,4,Medium
0,2.5,14.5,10,0,0,0,10,0,37,1.127719671,1541,-37.13,0,110.2852145,111.04446,4464.6930235,110.3140675,72,17,62,76.5,0,0,20.8194,161.3504845,10,10,226.32877,206,3943.9855,62,80.366551,0,282.5,1084.4298,1267.13,14.5,-7.810128,1,4,Medium
7.5,0,0,0,0,0,20,0,0,27.5,1.126677897,1907.5,-41.625,0,153.5396475,114.967605,6759.024275,67.2043475,130,0,82.5,82.5,0,0,36.75675,204.6711975,20,20,275.01032,272.5,4918.175,75,109.230365,7.5,355,1361.8975,952.1,7.5,-8.681741,1,4,Medium
0,10,0,14,0,0,0,0,0,24,1.123596155,1020,-19.36,0,90.947896,76.038714,1942.83648,75.5349,58,10,58,58,0,0,7.376,104.93665,0,0,158.64,120,2562.798,58,51.514106,0,178,658.038,833.5,0,-8.279857,1,4,Medium
0,7.5,7.5,7.5,0,0,0,7.5,0,30,1.123556382,1320,-29.85,0,101.9466825,91.368855,3646.2315,89.4211275,67.5,15,60,67.5,0,0,15.12675,136.7648175,7.5,7.5,195.8690775,172.5,3371.25,60,68.69127,0,240,906.7365,1066.65,7.5,-8.82405,1,4,Medium
0,14,0,10,0,0,0,0,0,24,1.122582249,1044,-19.52,0,94.66844,77.376846,1988.937408,75.28902,62,14,62,62,0,0,3.2656,105.553934,0,0,162.48,120,2626.794,62,51.95059,0,182,663.6852,914.42,0,-8.386529,1,4,Medium
0,2.5,10,2.5,0,0,0,16.5,0,31.5,1.122569973,1518,-37.855,0,106.1165865,90.654071,5351.7374125,87.914628,72,12.5,55.5,65.5,0,0,29.2962,160.0910605,16.5,16.5,216.2269705,220,3927.4745,55.5,83.0331885,0,285.5,1097.771,1046.925,10,-9.007406,1,4,Medium
0,21.5,2.5,2.5,0,0,0,2.5,0,29,1.120605776,1314,-25.72,0,116.2916525,94.361341,2881.227368,88.9242125,79.5,24,77,79.5,0,0,-0.50765,130.3735115,2.5,2.5,201.5196925,152.5,3329.954,77,64.888515,0,232,838.8397,1239.62,2.5,-8.587154,1,4,Medium
0,15,7.5,0,0,0,0,0,0,22.5,1.119053385,900,-18.375,0,76.39257,74.52636,1749.4691025,70.7074875,52.5,22.5,52.5,60,0,0,-6.94875,87.711135,0,0,139.125,97.5,2274.8325,52.5,42.0740475,0,157.5,569.0625,1021.125,7.5,-8.444979,1,4,Medium
7.5,7.5,0,0,0,7.5,0,0,7.5,30,1.118691387,1537.5,-28.275,0,128.29383,137.1204975,3418.6971375,97.2386625,97.5,22.5,75,90,0,0,-0.234750000000002,162.71688,0,0,241.725,180,3867.03,67.5,79.6674525,7.5,270,1024.81425,1329.15,22.5,-8.295207,1,4,Medium
0,0,17,7.5,0,0,0,0,0,24.5,1.117271038,776,-19.355,0,51.3804845,77.2866825,1555.647901,78.278435,32,17,32,49,0,0,-0.302849999999999,79.401402,0,0,118.145,88.5,1959.2205,32,35.982446,0,137.5,530.8788,929.78,17,-7.813462,1,4,Medium
0,2.5,17.5,0,0,10,0,0,2.5,32.5,1.116332954,1250,-27.1,0,87.8422975,126.6699075,2642.242315,105.05357,62.5,25,50,72.5,0,0,3.93025,130.69957,0,0,192.9,147.5,3136.21,50,61.790685,0,220,850.89675,1313.875,22.5,-8.017078,1,4,Medium
7.5,7.5,0,0,0,7.5,0,0,7.5,30,1.110242067,1537.5,-28.275,0,128.29383,137.1204975,3418.6971375,97.2386625,97.5,22.5,75,90,0,0,-0.234750000000002,162.71688,0,0,241.725,180,3867.03,67.5,79.6674525,7.5,270,1024.81425,1329.15,22.5,-8.295207,1,4,Medium
0,6.5,5.5,0,0,0,0,0,0,12,1.109807392,453,-9.74,0,36.5268805,39.517256,888.4084345,37.8507225,25,12,25,30.5,0,0,-3.7813,44.2407845,0,0,69.76,49,1145.6885,25,20.908964,0,79.5,290.2244,539.44,5.5,-8.19087,1,4,Medium
2.5,2.5,0,0,0,10,0,0,13.5,28.5,1.108413337,1452.5,-29.87,0,113.895045,133.6529115,3491.5216785,94.206594,88,29.5,62,89,0,0,-3.27835,152.1190635,0,0,226.63,167.5,3659.7335,59.5,74.5922815,2.5,256.5,967.97185,1434.39,29.5,-8.343349,1,4,Medium
10,2.5,0,0,0,13.5,0,0,2.5,28.5,1.106177384,1512,-24.34,0,125.6017755,141.3517575,3205.6961255,92.371886,95.5,7.5,69.5,74.5,0,0,15.8741,167.4463385,0,0,239.66,189.5,3772.786,59.5,82.3643385,10,264,1037.57625,973.85,15,-8.316496,1,4,Medium
0,24,0,0,0,0,0,0,0,24,1.106077415,1104,-19.92,0,103.9698,80.722176,2104.189728,74.67432,72,24,72,72,0,0,-7.0104,107.097144,0,0,172.08,120,2786.784,72,53.0418,0,192,677.8032,1116.72,0,-8.527592,1,4,Medium
0,0,0,24,0,0,0,0,0,24,1.105435702,960,-18.96,0,81.646536,72.693384,1827.58416,76.1496,48,0,48,48,0,0,17.652,103.39344,0,0,149.04,120,2402.808,48,50.422896,0,168,643.92,631.2,0,-7.912944,1,4,Medium
0,7.5,0,17,0,0,0,0,0,24.5,1.099788636,1025,-19.655,0,90.3235255,76.716827,1952.09807,77.275025,56.5,7.5,56.5,56.5,0,0,10.31275,106.7048775,0,0,159.345,122.5,2572.859,56.5,52.2917805,0,179,667.9235,796.075,0,-8.139434,1,4,Medium
2.5,0,2.5,0,0,17.5,10,0,0,32.5,1.098708509,1862.5,-35.575,0,146.5189525,147.682715,5219.2936175,94.8893725,115,2.5,75,77.5,0,0,41.3815,204.177455,10,10,280.24266,257.5,4700.795,72.5,105.4527925,2.5,335,1309.316,1003.775,5,-8.575651,1,4,Medium
0,3.75,3.75,3.75,0,3.75,0,0,0,15,1.098425484,622.5,-12,0,50.1773175,55.03955625,1227.07909875,47.856135,33.75,7.5,30,33.75,0,0,5.522625,65.347155,0,0,96.75,75,1558.06125,30,31.715805,0,108.75,414.2145,533.325,3.75,-8.234225,1,4,Medium
2.5,2.5,0,0,2.5,23.5,0,0,0,31,1.096535222,1619.5,-26.015,0,131.628043,153.0166375,3374.558513,100.8686235,98,2.5,72,72,0,0,28.9296,178.9482235,0,0,255.485,209.5,4018.0685,69.5,89.410271,0,281.5,1093.426,980.95,2.5,-8.303247,1,4,Medium
2.5,0,2.5,0,0,2.5,21.5,0,0,29,1.095374904,1933.5,-44.08,0,151.387828,114.7684985,7002.635814,70.666502,127.5,2.5,79.5,82,0,0,41.4454,205.7132105,21.5,21.5,275.677969,279,4988.691,77,110.5201475,2.5,361,1379.9755,1017.87,5,-8.897747,1,4,Medium
0,5,5,1.25,0,5,0,0,0,16.25,1.093301429,680,-13.0375,0,54.14581875,62.02773375,1350.54544,51.909805,37.5,10,32.5,37.5,0,0,4.605375,70.974315,0,0,105.7125,81.25,1701.97625,32.5,34.4091625,0,118.75,451.6735,612.475,5,-8.323983,1,4,Medium
7.5,0,7.5,7.5,7.5,0,0,0,0,30,1.090254973,1357.5,-27.975,0,108.501555,122.835465,3034.9804725,96.3916125,82.5,7.5,75,82.5,0,0,-4.76925,141.5412075,0,0,212.025,157.5,3431.25,67.5,67.88121,0,240,877.548,1260.15,15,-8.426405,1,4,Medium
0,7.5,7.5,0,0,7.5,0,0,7.5,30,1.087795516,1320,-27.975,0,102.2439675,121.3744725,2947.238805,97.3132125,75,30,60,82.5,0,0,-3.66675,135.0244425,0,0,204.525,150,3326.2275,60,65.30661,0,232.5,870.21225,1410.825,22.5,-8.46189,1,4,Medium
0,2.5,13.5,2.5,0,0,0,10,0,28.5,1.087350224,1213,-30.415,0,83.249146,85.1177775,3835.6595705,83.3125125,56,16,46,59.5,0,0,15.64545,126.2699785,10,10,175.54377,165.5,3122.029,46,63.419673,0,225,863.8134,1026.79,13.5,-8.963871,1,4,Medium
0,5,1.25,5,0,5,0,0,0,16.25,1.086604121,725,-13.0375,0,61.1973675,61.348575,1418.93020375,51.79016125,41.25,6.25,36.25,37.5,0,0,8.647125,76.74183,0,0,113.2125,88.75,1810.86875,36.25,37.82627875,0,126.25,479.56825,549.5125,1.25,-8.323101,1,4,Medium
10,0,0,2.5,0,0,0,15.5,2.5,30.5,1.085950045,1756,-37.91,0,134.816823,111.9973595,5851.46876,86.0688685,99,5,71,76,0,0,29.6214,191.3770735,15.5,15.5,258.5760935,250,4516.394,61,98.875092,10,326,1267.87025,975.875,15,-8.849174,1,4,Medium
0,15.5,2.5,0,0,2.5,0,0,10,30.5,1.083557428,1413,-30.015,0,117.8021725,118.194712,3186.3830285,98.28402,86.5,38,74,96.5,0,0,-14.2153,139.659683,0,0,218.985,152.5,3579.233,74,68.132,0,249,900.2224,1616.59,22.5,-8.420831,1,4,Medium
0,12.25,1.25,1.25,0,1.25,0,0,0,16,1.08216297,713.5,-13.13,0,64.3785975,55.34418275,1373.44665825,50.177775,44.25,13.5,43,44.25,0,0,-1.372225,70.868576,0,0,111.12,80,1796.62975,43,34.88276,0,124.25,448.7313,689.605,1.25,-8.423511,1,4,Medium
0,10.75,1.25,1.25,0,1.25,0,0,0,14.5,1.080964428,644.5,-11.885,0,57.880485,50.29904675,1241.93480025,45.51063,39.75,12,38.5,39.75,0,0,-0.934075,64.1750045,0,0,100.365,72.5,1622.45575,38.5,31.5676475,0,112.25,406.3686,619.81,1.25,-8.389465,1,4,Medium
0,0,0,5.5,0,6.5,0,0,0,12,1.077964418,558,-9.48,0,45.5236715,49.6457505,1104.465927,38.7222065,30.5,0,24,24,0,0,12.96065,61.9495015,0,0,87.52,73,1383.755,24,30.774421,0,97,381.526,315.6,0,-8.15572,1,4,Medium
2.5,0,2.5,0,0,23.5,2.5,0,0,31,1.077466124,1619.5,-27.04,0,127.740043,149.9521475,3657.240503,98.308306,95.5,2.5,64.5,67,0,0,36.1516,180.9136685,2.5,2.5,252.164415,217,4028.216,62,90.9635935,2.5,284,1127.0825,895.1,5,-8.4859295,1,4,Medium
0,16.5,2.5,10,0,0,0,2.5,0,31.5,1.075981118,1384,-27.495,0,120.14582,100.2609035,3013.974558,97.1638125,79.5,19,77,79.5,0,0,6.4691,140.3720565,2.5,2.5,212.2446925,165,3500.2515,77,69.595295,0,244.5,898.8557,1204.22,2.5,-8.279088,1,4,Medium
2.5,0,2.5,0,0,10,15.5,0,0,30.5,1.07359436,1879.5,-39.385,0,147.502411,130.2862745,6037.799523,82.2374015,120,2.5,76.5,79,0,0,40.9648,202.992791,15.5,15.5,275.382373,265.5,4796.6895,74,106.9121375,2.5,344.5,1331.3725,1001.94,5,-8.757925,1,4,Medium
0,0,17,0,0,0,0,7.5,0,24.5,1.073113001,941,-25.205,0,58.3960745,73.9214925,2967.7294885,72.7343,39.5,17,32,49,0,0,8.5494,97.302042,7.5,7.5,135.5140775,126,2424.753,32,47.660921,0,175,677.9163,929.78,17,-8.645948,1,4,Medium
2.5,10,15.5,2.5,0,0,0,0,0,30.5,1.067317389,1136.5,-24.595,0,87.896353,104.2351425,2266.7131015,96.70819,60.5,25.5,58,73.5,0,0,-6.09965,114.4857805,0,0,175.405,126.5,2871.142,55.5,53.5550965,2.5,200,750.0722,1279.445,18,-8.258731,1,4,Medium
0,15,0,0,0,0,0,0,7.5,22.5,1.065651872,1065,-22.35,0,92.385,84.4634025,2379.3192375,72.0691425,67.5,30,60,75,0,0,-13.57725,103.5762975,0,0,165.15,112.5,2702.7225,60,50.78328,0,187.5,666.63525,1239.375,15,-8.554698,1,4,Medium
0,0,22,0,0,0,0,0,0,22,1.064822972,616,-17.38,0,33.473572,70.62,1274.094866,70.50571,22,22,22,44,0,0,-7.5306,60.941232,0,0,92.62,66,1563.738,22,26.173906,0,110,426.6108,947.98,22,-7.2593713,1,4,Medium
0,10,13.5,0,0,2.5,2.5,0,0,28.5,1.061254795,1153,-25.365,0,88.6838385,99.0498125,2653.938033,87.9657775,63.5,23.5,56,69.5,0,0,0.373449999999998,116.258511,2.5,2.5,174.839415,135.5,2921.689,56,56.2973255,0,205,766.9194,1201.59,13.5,-8.673,1,4,Medium
0,2.5,24.5,0,0,2.5,2.5,0,0,32,1.060902171,1116,-27.83,0,72.930062,109.1341325,2633.426176,99.8829075,52,27,44.5,69,0,0,-1.2011,113.2612695,2.5,2.5,167.374415,131,2832.688,44.5,52.808716,0,200,768.4113,1326.605,24.5,-7.840728,1,4,Medium
0,0,0,0,0,0,24,0,0,24,1.060123994,1776,-42.48,0,139.294008,90.175896,7023.858504,51.891432,120,0,72,72,0,0,43.0704,187.444008,24,24,247.482384,264,4613.136,72,103.13592,0,336,1274.232,852.72,0,-9.826573,1,4,Medium
0,10,10,2.5,0,0,0,10,0,32.5,1.057665693,1460,-33.875,0,110.4143675,99.1084575,4290.52195,95.43142,75,20,65,75,0,0,14.65275,150.04264,10,10,214.58377,192.5,3744.1225,65,75.831205,0,267.5,1007.757,1224.95,10,-8.847282,1,4,Medium
0,8.75,5,1.25,0,1.25,0,0,0,16.25,1.056668386,657.5,-13.1875,0,54.9220575,55.60969875,1283.7609175,51.30578875,37.5,13.75,36.25,41.25,0,0,-1.6335,65.6379525,0,0,101.8125,73.75,1656.77,36.25,31.60895875,0,115,422.60275,688.3375,5,-8.346923,1,4,Medium
0,2.5,2.5,0,0,15.5,0,0,10,30.5,1.051676136,1491,-29.495,0,115.1112115,140.4439,3417.9027065,100.377943,86.5,25,61,83.5,0,0,7.4128,158.159073,0,0,232.505,178.5,3735.948,61,77.839373,0,262,1001.001,1353.6,22.5,-8.279089,1,4,Medium
7.5,0,7.5,7.5,7.5,0,0,0,0,30,1.051063167,1357.5,-27.975,0,108.501555,122.835465,3034.9804725,96.3916125,82.5,7.5,75,82.5,0,0,-4.76925,141.5412075,0,0,212.025,157.5,3431.25,67.5,67.88121,0,240,877.548,1260.15,15,-8.426405,1,4,Medium
2.5,17.5,0,0,0,2.5,0,0,10,32.5,1.05019148,1577.5,-31.775,0,135.14961,130.170235,3518.88495,104.48203,100,37.5,85,105,0,0,-13.6555,157.8152575,0,0,245.725,172.5,3991.7325,82.5,77.3390975,2.5,277.5,1008.24,1682.425,22.5,-8.163392,1,4,Medium
0,11.75,1.25,1.25,0,1.25,0,0,0,15.5,1.049060357,690.5,-12.715,0,62.21256,53.66247075,1329.60937225,48.62206,42.75,13,41.5,42.75,0,0,-1.226175,68.6373855,0,0,107.535,77.5,1738.57175,41.5,33.7777225,0,120.25,434.6104,666.34,1.25,-8.415595,1,4,Medium
0,7.5,10,0,0,7.5,0,0,0,25,1.045398859,1015,-20.05,0,78.6439075,95.38743,2027.821655,79.9275325,55,17.5,47.5,57.5,0,0,4.67325,105.309,0,0,157.45,120,2542.9425,47.5,50.6487625,0,177.5,675.6825,977.125,10,-8.4331665,1,4,Medium
0,0,0,24,0,0,0,0,0,24,1.045012441,960,-18.96,0,81.646536,72.693384,1827.58416,76.1496,48,0,48,48,0,0,17.652,103.39344,0,0,149.04,120,2402.808,48,50.422896,0,168,643.92,631.2,0,-7.912944,1,4,Medium
0,6.75,5,1.25,0,5,0,0,0,18,1.042377281,760.5,-14.49,0,61.72695,67.91372575,1503.975941,57.3548075,42.75,11.75,37.75,42.75,0,0,4.0942,78.78348175,0,0,118.26,90,1905.17925,37.75,38.27679375,0,132.75,501.09665,693.9025,5,-8.378807,1,4,Medium
0,5,8.75,1.25,0,1.25,0,0,0,16.25,1.041871178,590,-13.0375,0,44.38249875,55.03435875,1172.15653375,51.655945,30,13.75,28.75,37.5,0,0,-1.82175,59.29173375,0,0,90.7125,66.25,1487.88125,28.75,27.78263875,0,103.75,389.41375,675.4375,8.75,-8.180662,1,4,Medium
0,17,0,7.5,0,0,0,0,0,24.5,1.041315831,1082,-20.035,0,99.1598175,79.8948905,2061.587774,76.69106,66,17,66,66,0,0,0.55055,108.170927,0,0,168.465,122.5,2724.8495,66,53.32843,0,188.5,681.3356,988.26,0,-8.443432,1,4,Medium
2.5,2.5,21.5,2.5,0,0,0,0,0,29,1.040082943,959.5,-23.11,0,64.5349465,98.2694625,1956.6342295,92.601295,44,24,41.5,63,0,0,-5.9627,97.638259,0,0,146.89,107,2426.746,39,44.117872,2.5,170,654.6071,1189.01,24,-7.7054777,1,4,Medium
0,0,7.5,15,0,0,0,0,0,22.5,1.037250717,810,-17.775,0,62.44053,69.508365,1576.5906225,71.6295375,37.5,7.5,37.5,45,0,0,8.46525,85.39632,0,0,124.725,97.5,2034.8475,37.5,40.4372325,0,142.5,547.8855,717.675,7.5,-8.067966,1,4,Medium
0,11,0,0,0,0,0,13,0,24,1.03538094,1312,-29.54,0,104.038388,70.540251,4401.969797,65.863596,72,11,59,59,0,0,21.6923,136.118747,13,13,189.706401,185,3385.72,59,71.865917,0,244,914.3148,853.73,0,-9.319941,1,4,Medium
0,8.5,3.75,0,0,0,0,0,0,12.25,1.033807891,496,-10.0175,0,42.52836,40.626604,962.40912325,38.46517375,29.25,12.25,29.25,33,0,0,-3.766475,48.3179485,0,0,76.7325,53.75,1253.53225,29.25,23.24709875,0,86.75,312.77305,557.0925,3.75,-8.298635,1,4,Medium
0,0,0,0,0,17,7.5,0,0,24.5,1.031976627,1439,-26.705,0,113.6557035,114.4532675,3988.1800085,71.8485895,88.5,0,56.5,56.5,0,0,36.7767,158.6282395,7.5,7.5,216.908245,201.5,3620.512,56.5,82.495507,0,258,1010.0955,713.575,0,-8.750517,1,4,Medium
0,2.5,10,2.5,0,0,0,17.5,0,32.5,1.031791584,1580,-39.425,0,110.4539375,93.23427,5616.1642975,90.34831,75,12.5,57.5,67.5,0,0,31.212,166.7858725,17.5,17.5,224.7528475,230,4089.6625,57.5,86.6912725,0,297.5,1144.206,1073.225,10,-8.996107,1,4,Medium
0,2.5,13.5,0,0,10,2.5,0,0,28.5,1.031197873,1198,-25.065,0,87.131361,111.8858825,2787.507078,89.17381,63.5,16,48.5,62,0,0,12.8512,126.931236,2.5,2.5,182.639415,150.5,3012.1015,48.5,61.897733,0,212.5,825.0609,1049.865,13.5,-8.608529,1,4,Medium
0,17,0,7.5,0,0,0,0,0,24.5,1.029929867,1082,-20.035,0,99.1598175,79.8948905,2061.587774,76.69106,66,17,66,66,0,0,0.55055,108.170927,0,0,168.465,122.5,2724.8495,66,53.32843,0,188.5,681.3356,988.26,0,-8.443432,1,4,Medium
0,17.5,2.5,10,0,0,0,2.5,0,32.5,1.029919024,1430,-28.325,0,124.477895,103.6243275,3101.64913,100.2752425,82.5,20,80,82.5,0,0,6.177,144.8344375,2.5,2.5,219.4146925,170,3616.3675,80,71.80537,0,252.5,927.0975,1250.75,2.5,-8.16916,1,4,Medium
0,23.5,2.5,2.5,0,0,0,2.5,0,31,1.027891214,1406,-27.38,0,124.9558025,101.088189,3056.576512,95.1470725,85.5,26,83,85.5,0,0,-1.09185,139.2982735,2.5,2.5,215.8596925,162.5,3562.186,83,69.308665,0,248,895.3233,1332.68,2.5,-8.553255,1,4,Medium
0,10,0,14,0,0,0,0,0,24,1.02722574,1020,-19.36,0,90.947896,76.038714,1942.83648,75.5349,58,10,58,58,0,0,7.376,104.93665,0,0,158.64,120,2562.798,58,51.514106,0,178,658.038,833.5,0,-8.279857,1,4,Medium
0,7.5,3.75,0,0,0,0,0,0,11.25,1.023023643,450,-9.1875,0,38.196285,37.26318,874.73455125,35.35374375,26.25,11.25,26.25,30,0,0,-3.474375,43.8555675,0,0,69.5625,48.75,1137.41625,26.25,21.03702375,0,78.75,284.53125,510.5625,3.75,-8.252529,1,4,Medium
2.5,2.5,2.5,23.5,0,0,0,0,0,31,1.022930951,1267.5,-24.69,0,107.0666715,100.8861735,2455.4157125,98.3409,67,5,64.5,67,0,0,15.9865,135.476455,0,0,197.31,155,3178.702,62,65.633169,2.5,222,849.6005,922.6,5,-7.971416,1,4,Medium
0,22,0,0,0,0,0,0,0,22,1.020708487,1012,-18.26,0,95.30565,73.995328,1928.840584,68.45146,66,22,66,66,0,0,-6.4262,98.172382,0,0,157.74,110,2554.552,66,48.62165,0,176,621.3196,1023.66,0,-8.511949,1,4,Medium
0,0,22,0,0,0,0,0,0,22,1.019827828,616,-17.38,0,33.473572,70.62,1274.094866,70.50571,22,22,22,44,0,0,-7.5306,60.941232,0,0,92.62,66,1563.738,22,26.173906,0,110,426.6108,947.98,22,-7.2593713,1,4,Medium
23.5,0,0,2.5,0,0,0,2.5,2.5,31,1.019574618,1719.5,-28.705,0,145.8616135,150.1326175,4044.375194,97.56168,114,5,85.5,90.5,0,0,6.27255,191.586661,2.5,2.5,271.5346925,214.5,4340.961,62,93.230777,23.5,305,1204.28275,1068.675,28.5,-8.285373,1,4,Medium
0,24,0,0,0,0,0,0,0,24,1.016409233,1104,-19.92,0,103.9698,80.722176,2104.189728,74.67432,72,24,72,72,0,0,-7.0104,107.097144,0,0,172.08,120,2786.784,72,53.0418,0,192,677.8032,1116.72,0,-8.527592,1,4,Medium
2.5,0,0,10,0,0,0,2.5,13.5,28.5,1.015179899,1372.5,-31.72,0,106.676845,111.234759,3640.058081,91.516214,78,27,59.5,86.5,0,0,-4.1196,141.926631,2.5,2.5,210.0196925,160,3494.3735,57,69.653884,2.5,246.5,921.81485,1383.815,29.5,-8.3548355,1,4,Medium
10,17.5,2.5,2.5,0,0,0,0,0,32.5,1.015084291,1545,-26.775,0,138.068385,127.5518475,3077.2070075,102.3429375,100,20,90,92.5,0,0,-2.97575,160.4107675,0,0,243.225,177.5,3891.88,80,77.948025,10,270,1009.835,1309.75,12.5,-8.246754,1,4,Medium
0,5,6.25,5,0,1.25,0,0,0,17.5,1.014195815,670,-14.025,0,53.335955,58.3677,1312.93305125,55.5423075,35,11.25,33.75,40,0,0,1.792125,68.52181875,0,0,103.475,77.5,1685.6225,33.75,32.68690875,0,117.5,441.54775,666.3375,6.25,-8.242282,1,4,Medium
0,5,7.25,5,0,1.25,0,0,0,18.5,1.013925854,698,-14.815,0,54.857481,61.5777,1370.84645425,58.7471125,36,12.25,34.75,42,0,0,1.449825,71.29187475,0,0,107.685,80.5,1756.7015,34.75,33.87663175,0,122.5,460.93915,709.4275,7.25,-8.247599,1,4,Medium
0,8.75,1.25,1.25,0,5,0,0,0,16.25,1.013731877,747.5,-13.1875,0,64.6853775,62.60307375,1462.14982375,51.55964875,45,10,40,41.25,0,0,4.793625,77.32053375,0,0,116.8125,88.75,1870.865,40,38.2354825,0,130,484.8625,625.375,1.25,-8.418022,1,4,Medium
7.5,0,0,20,0,0,0,0,0,27.5,1.01359801,1227.5,-22.025,0,105.5000875,100.398845,2428.795655,87.4194875,70,0,62.5,62.5,0,0,15.57475,134.6290575,0,0,192.975,152.5,3076.235,55,65.302845,7.5,215,836.6375,767.5,7.5,-8.028067,1,4,Medium
2.5,10,0,0,0,10,0,0,13.5,36,1.011618387,1797.5,-36.095,0,146.3856075,158.8785915,4149.0809685,117.542319,110.5,37,84.5,111.5,0,0,-5.4691,185.586921,0,0,280.405,205,4530.6035,82,91.167844,2.5,316.5,1179.78535,1783.365,29.5,-7.4728055,1,4,Medium
0,1.25,6.75,5,0,1.25,0,0,0,14.25,1.010445563,511.5,-11.3075,0,37.85143675,47.35986,1013.11010775,45.4768475,24.25,8,23,29.75,0,0,2.71635,53.172918,0,0,78.6925,60.25,1285.727,23,24.993989,0,90,345.3367,513.395,6.75,-8.060248,1,4,Medium
0,3.75,3.75,3.75,0,3.75,0,0,0,15,1.010367314,622.5,-12,0,50.1773175,55.03955625,1227.07909875,47.856135,33.75,7.5,30,33.75,0,0,5.522625,65.347155,0,0,96.75,75,1558.06125,30,31.715805,0,108.75,414.2145,533.325,3.75,-8.234225,1,4,Medium
0,10,2.5,15.5,0,0,0,2.5,0,30.5,1.008870867,1305,-26.445,0,110.697997,95.057548,2862.91121,94.3904675,71,12.5,68.5,71,0,0,12.413,135.06091,2.5,2.5,199.7946925,160,3296.141,68.5,66.7850545,0,231,862.849,1046.425,2.5,-8.162845,1,4,Medium
0,7.5,0,0,0,0,0,0,17,24.5,1.008249753,1195,-28.665,0,94.6060125,102.319643,3069.747447,80.903828,73.5,41.5,56.5,90.5,0,0,-23.03445,116.5198445,0,0,184.335,122.5,3049.097,56.5,56.5417805,0,213,762.6322,1576.205,34,-8.745682,1,4,Medium
0,16.5,10,0,0,2.5,0,0,2.5,31.5,1.007786577,1294,-26.87,0,106.1418175,111.6210935,2644.2074655,100.033795,74.5,31.5,69.5,84.5,0,0,-7.8789,128.2569015,0,0,200.13,142.5,3267.459,69.5,61.6328425,0,227,830.89145,1444.87,15,-8.376636,1,4,Medium
0,3.75,0,0,0,8.5,0,0,0,12.25,1.006894475,614.5,-9.8275,0,51.30844425,55.74949,1225.391758,39.484121,36.75,3.75,28.25,28.25,0,0,10.563225,66.75992225,0,0,96.6725,78.25,1524.8885,28.25,33.42054725,0,106.5,411.85575,398.0375,0,-8.325733,1,4,Medium
0,7.75,5,1.25,0,1.25,0,0,0,15.25,1.006034279,611.5,-12.3575,0,50.5899825,52.24627475,1196.0863455,48.19435875,34.5,12.75,33.25,38.25,0,0,-1.3414,61.1755715,0,0,94.6425,68.75,1540.654,33.25,29.39888375,0,107,394.36095,641.8075,5,-8.314947,1,4,Medium
0,10,2.5,0,0,10,0,0,13.5,36,1.003879631,1725,-35.995,0,137.70232,153.6299165,3991.928191,117.567169,103,39.5,79.5,109,0,0,-6.6131,176.3561085,0,0,268.005,195,4350.336,79.5,86.3808965,0,304,1128.25135,1810.59,29.5,-7.568572,1,4,Medium
2.5,10,10,10,0,0,0,0,0,32.5,1.003841025,1282.5,-26.175,0,105.0425025,109.296825,2519.309435,102.8785125,70,20,67.5,77.5,0,0,1.29925,131.5609225,0,0,198.825,147.5,3231.085,65,62.768775,2.5,225,844.6445,1239.7,12.5,-7.9354925,1,4,Medium
0,2.5,21.5,0,0,2.5,2.5,0,0,29,1.003266335,1032,-25.46,0,68.365484,99.5041325,2459.685967,90.2684925,49,24,41.5,63,0,0,-0.174200000000001,104.9511015,2.5,2.5,154.744415,122,2619.451,41.5,49.239547,0,185,710.2371,1197.335,21.5,-7.976659,1,4,Medium
2.5,0,0,19.5,0,0,0,2.5,10,34.5,1.001928059,1577.5,-34.605,0,126.2067905,124.136937,3866.8498375,109.8065075,86.5,20,71.5,91.5,0,0,7.159,165.7542625,2.5,2.5,242.1346925,190,3997.0265,69,81.384608,2.5,281.5,1063.296,1381,22.5,-7.718946,1,4,Medium
7.5,7.5,0,0,0,7.5,0,0,7.5,30,1.001904689,1537.5,-28.275,0,128.29383,137.1204975,3418.6971375,97.2386625,97.5,22.5,75,90,0,0,-0.234750000000002,162.71688,0,0,241.725,180,3867.03,67.5,79.6674525,7.5,270,1024.81425,1329.15,22.5,-8.295207,1,4,Medium
2.5,0,0,2.5,0,0,0,16.5,10,31.5,1.000489086,1765.5,-43.155,0,129.0967415,108.768576,6274.2874475,89.9387555,94.5,20,65.5,85.5,0,0,21.4767,186.2446105,16.5,16.5,255.9269705,245,4565.6695,63,96.881566,2.5,330.5,1257.276,1302.1,22.5,-8.65629,1,4,Medium
0,8.5,0,0,0,3.75,0,0,0,12.25,1.000445173,586,-10.0175,0,52.29168,47.619979,1140.7980295,38.71903375,36.75,8.5,33,33,0,0,2.66065,60.00052975,0,0,91.7325,68.75,1467.62725,33,29.8736225,0,101.75,375.0328,494.13,0,-8.3622465,1,4,Medium
0,0,0,0,0,10,0,0,14,24,0.99974496,1220,-26.38,0,92.40468,114.238146,3041.345674,80.134036,72,28,48,76,0,0,-3.4494,127.249864,0,0,189.62,140,3075.544,48,62.481316,0,216,813.5554,1273.66,28,-8.570372,1,4,Medium
0,13.5,2.5,10,0,0,0,2.5,0,28.5,0.998513634,1246,-25.005,0,107.149595,90.1706315,2750.950842,87.8295225,70.5,16,68,70.5,0,0,7.3454,126.9849135,2.5,2.5,190.7346925,150,3151.9035,68,62.96507,0,220.5,814.1303,1064.63,2.5,-8.432714,1,4,Medium
0,2.5,15.5,0,0,10,0,0,2.5,30.5,0.997094563,1194,-25.52,0,84.7992455,120.2499075,2526.415509,98.64396,60.5,23,48,68.5,0,0,4.61485,125.159458,0,0,184.48,141.5,2994.052,48,59.411239,0,210,812.11395,1227.695,20.5,-8.267126,1,4,Medium
0,1.25,1.25,1.25,0,10.75,0,0,0,14.5,0.99662125,701.5,-11.505,0,55.9140135,66.55806875,1411.12225725,47.0408045,39.75,2.5,29,30.25,0,0,14.871075,77.6937895,0,0,110.245,91.5,1736.97825,29,38.661497,0,121.75,480.0145,427.625,1.25,-8.347822,1,4,Medium
0,11,13,0,0,0,0,0,0,24,0.996341195,870,-19.4,0,67.432663,78.727664,1717.294531,75.888195,46,24,46,59,0,0,-7.663,85.096919,0,0,133.6,94,2201.303,46,39.777224,0,153,562.748,1072,13,-8.341039,1,4,Medium
0,3.75,3.75,3.75,0,3.75,0,0,0,15,0.995908131,622.5,-12,0,50.1773175,55.03955625,1227.07909875,47.856135,33.75,7.5,30,33.75,0,0,5.522625,65.347155,0,0,96.75,75,1558.06125,30,31.715805,0,108.75,414.2145,533.325,3.75,-8.234225,1,4,Medium
0,0,0,11,0,0,0,0,13,24,0.995673506,1090,-25.85,0,84.921379,92.272008,2682.257213,78.924567,61,26,48,74,0,0,-7.8488,110.899003,0,0,168.15,120,2766.99,48,53.672896,0,194,716.3443,1227.77,26,-8.531934,1,4,Medium
0,5,6.75,1.25,0,1.25,0,0,0,14.25,0.995037288,534,-11.4575,0,41.33944675,48.61435875,1056.32972775,45.246335,28,11.75,26.75,33.5,0,0,-1.13715,53.75162175,0,0,82.2925,60.25,1345.72325,26.75,25.40319275,0,93.75,350.63095,589.2575,6.75,-8.17723,1,4,Medium
0,2.5,10,2.5,0,0,0,15.5,0,30.5,0.987844134,1456,-36.285,0,101.7792355,88.073872,5087.3105275,85.480946,69,12.5,53.5,63.5,0,0,27.3804,153.3962485,15.5,15.5,207.7010935,210,3765.2865,53.5,79.3751045,0,273.5,1051.336,1020.625,10,-9.031712,1,4,Medium
13,11,0,0,0,0,0,0,0,24,0.983914116,1247,-19.92,0,112.585758,106.020774,2534.488974,75.758975,85,11,72,72,0,0,-1.7142,133.097144,0,0,198.08,146,3138.694,59,64.669351,13,218,830.7248,930.43,13,-8.63545,1,4,Medium
10,13.5,0,0,0,2.5,0,0,2.5,28.5,0.983811216,1446,-24.78,0,127.8787425,122.5255215,3009.7948595,90.600105,95.5,18.5,80.5,85.5,0,0,-2.4266,151.7930085,0,0,228.22,167.5,3640.181,70.5,74.1504075,10,253,952.30205,1196.38,15,-8.499809,1,4,Medium
0,2.5,19.5,0,0,10,0,0,2.5,34.5,0.980751185,1306,-28.68,0,90.8853495,133.0899075,2758.069121,111.46318,64.5,27,52,76.5,0,0,3.24565,136.239682,0,0,201.32,153.5,3278.368,52,64.170131,0,230,889.67955,1400.055,24.5,-7.693429,1,4,Medium
2.5,0,2.5,0,0,21.5,2.5,0,0,29,0.979924564,1515.5,-25.46,0,119.489887,139.8023475,3446.272947,91.763304,89.5,2.5,60.5,63,0,0,33.4084,169.1428465,2.5,2.5,235.744415,203,3771.874,58,85.0500015,2.5,266,1055.0945,842.5,5,-8.559206,1,4,Medium
0,2.5,2.5,0,0,10,0,0,15.5,30.5,0.978798713,1480,-32.41,0,112.5194575,137.4741145,3618.155743,101.004162,86.5,36,61,94.5,0,0,-6.87455,152.659073,0,0,229.59,167.5,3735.728,61,74.507242,0,262,981.24005,1605.995,33.5,-8.285528,1,4,Medium
0,5.5,6.5,0,0,0,0,0,0,12,0.978160368,435,-9.7,0,33.7163315,39.363832,858.6472655,37.9440975,23,12,23,29.5,0,0,-3.8315,42.5484595,0,0,66.8,47,1100.6515,23,19.888612,0,76.5,281.374,536,6.5,-8.132688,1,4,Medium
0,1.25,5,8.25,0,1.25,0,0,0,15.75,0.978112514,592.5,-12.4925,0,46.245068,51.58625575,1159.2470075,50.18036375,29,6.25,27.75,32.75,0,0,5.70575,62.326515,0,0,91.5075,71.25,1486.719,27.75,29.74007425,0,104,398.59925,523.4625,5,-8.089292,1,4,Medium
0,7.25,5,1.25,0,5,0,0,0,18.5,0.97792668,783.5,-14.905,0,63.8929875,69.59543775,1547.813227,58.9105225,44.25,12.25,39.25,44.25,0,0,3.94815,81.01467225,0,0,121.845,92.5,1963.23725,39.25,39.38183125,0,136.75,515.21755,717.1675,5,-8.391502,1,4,Medium
0,10,10,0,0,2.5,0,0,10,32.5,0.976974643,1370,-31.375,0,105.387205,123.77088,3138.523405,105.2071925,77.5,40,65,95,0,0,-15.176,135.8920075,0,0,211.125,147.5,3473.6875,65,64.89951,0,242.5,890.328,1683.85,30,-8.203756,1,4,Medium
0,2.5,2.5,23.5,0,0,0,2.5,0,31,0.976939274,1280,-26.54,0,105.4229465,94.062996,2814.54664,96.4379425,64.5,5,62,64.5,0,0,20.48775,136.0575325,2.5,2.5,195.6996925,162.5,3226.207,62,67.017124,0,227,865.6755,907.85,2.5,-8.02151,1,4,Medium
19.5,10,2.5,2.5,0,0,0,0,0,34.5,0.976594231,1741.5,-28.435,0,153.028812,152.7661325,3567.0056005,109.35843,115.5,12.5,96,98.5,0,0,0.31035,188.3355295,0,0,276.565,206.5,4381.277,76.5,90.8652315,19.5,305,1178.069,1266.675,22,-7.8964305,1,4,Medium
2.5,0,10,0,0,14.5,10,0,0,37,0.975385706,1916.5,-39.13,0,145.5551635,156.533015,5337.192806,109.107907,113.5,10,76.5,86.5,0,0,34.69945,207.296642,10,10,287.18766,259,4849.3745,74,105.505327,2.5,345.5,1346.7695,1248.05,12.5,-7.6773105,1,4,Medium
14,0,10,0,0,0,0,0,0,24,0.975006764,1078,-19.52,0,85.143034,106.43258,2269.977226,76.77616,66,10,52,62,0,0,-1.8088,118.173894,0,0,170.48,128,2715.394,38,55.360258,14,190,753.984,881.7,24,-8.350314,1,4,Medium
2.5,0,17.5,0,0,10,2.5,0,0,32.5,0.974514569,1337.5,-28.225,0,94.87438,129.5909975,3101.910545,102.2016175,70,17.5,52.5,70,0,0,12.5005,143.01146,2.5,2.5,204.479415,167.5,3364.0925,50,68.8926925,2.5,237.5,932.0345,1186.4,20,-8.101004,1,4,Medium
2.5,0,10,0,0,12.5,10,0,0,35,0.973967324,1812.5,-37.55,0,137.3050075,146.383215,5126.22525,102.562905,107.5,10,72.5,82.5,0,0,31.95625,195.52582,10,10,270.76766,245,4593.0325,70,99.591735,2.5,327.5,1274.7815,1195.45,12.5,-7.899422,1,4,Medium
0,0,7.5,20,0,0,0,0,0,27.5,0.973461194,1010,-21.725,0,79.450225,84.65282,1957.3373225,87.4940375,47.5,7.5,47.5,55,0,0,12.14275,106.93662,0,0,155.775,122.5,2535.4325,47.5,50.9420025,0,177.5,682.0355,849.175,7.5,-8.047181,1,4,Medium
0,3.75,7.5,0,0,0,0,0,0,11.25,0.969730616,382.5,-9.0375,0,27.65672625,36.68784,763.1301675,35.7039,18.75,11.25,18.75,26.25,0,0,-3.662625,37.50934875,0,0,58.4625,41.25,968.5275,18.75,17.21070375,0,67.5,251.34225,497.6625,7.5,-8.022327,1,4,Medium
15,7.5,0,0,0,0,0,0,0,22.5,0.969263502,1200,-18.675,0,107.4131775,104.86773,2469.177,71.2587,82.5,7.5,67.5,67.5,0,0,-0.46125,130.4035725,0,0,191.325,142.5,3018.66,52.5,63.1430925,15,210,811.8885,831.975,15,-8.63408,1,4,Medium
0,7.5,7.5,7.5,0,0,0,7.5,0,30,0.96468985,1320,-29.85,0,101.9466825,91.368855,3646.2315,89.4211275,67.5,15,60,67.5,0,0,15.12675,136.7648175,7.5,7.5,195.8690775,172.5,3371.25,60,68.69127,0,240,906.7365,1066.65,7.5,-8.82405,1,4,Medium
0,3.75,3.75,3.75,0,3.75,0,0,0,15,0.963408302,622.5,-12,0,50.1773175,55.03955625,1227.07909875,47.856135,33.75,7.5,30,33.75,0,0,5.522625,65.347155,0,0,96.75,75,1558.06125,30,31.715805,0,108.75,414.2145,533.325,3.75,-8.234225,1,4,Medium
0,6.25,5,1.25,0,5,0,0,0,17.5,0.962273261,737.5,-14.075,0,59.5609125,66.23201375,1460.138655,55.7990925,41.25,11.25,36.25,41.25,0,0,4.24025,76.55229125,0,0,114.675,87.5,1847.12125,36.25,37.17175625,0,128.75,486.97575,670.6375,5,-8.3658,1,4,Medium
0,7.75,1.25,1.25,0,5,0,0,0,15.25,0.961772188,701.5,-12.3575,0,60.3533025,59.23964975,1374.47525175,48.44821875,42,9,37,38.25,0,0,5.085725,72.85815275,0,0,109.6425,83.75,1754.749,37,36.0254075,0,122,456.6207,578.845,1.25,-8.383051,1,4,Medium
0,12,0,0,0,0,0,0,0,12,0.960676378,552,-9.96,0,51.9849,40.361088,1052.094864,37.33716,36,12,36,36,0,0,-3.5052,53.548572,0,0,86.04,60,1393.392,36,26.5209,0,96,338.9016,558.36,0,-8.379476,1,4,Medium
2.5,0,19.5,0,0,10,2.5,0,0,34.5,0.958782645,1393.5,-29.805,0,97.917432,136.0109975,3217.737351,108.6112275,72,19.5,54.5,74,0,0,11.8159,148.551572,2.5,2.5,212.899415,173.5,3506.2505,52,71.2721385,2.5,247.5,970.8173,1272.58,22,-7.836002,1,4,Medium
0,1.25,8.25,5,0,1.25,0,0,0,15.75,0.958349984,553.5,-12.4925,0,40.13372575,52.17486,1099.98021225,50.284055,25.75,9.5,24.5,32.75,0,0,2.2029,57.328002,0,0,85.0075,64.75,1392.3455,24.5,26.7785735,0,97.5,374.4238,578.03,8.25,-8.067038,1,4,Medium
0,5,7.75,1.25,0,1.25,0,0,0,15.25,0.956241271,562,-12.2475,0,42.86097275,51.82435875,1114.24313075,48.45114,29,12.75,27.75,35.5,0,0,-1.47945,56.52167775,0,0,86.5025,63.25,1416.80225,27.75,26.59291575,0,98.75,370.02235,632.3475,7.75,-8.1777725,1,4,Medium
0,2.5,2.5,0,0,17.5,0,0,10,32.5,0.955432011,1595,-31.075,0,123.3613675,150.5937,3628.8702625,106.922945,92.5,25,65,87.5,0,0,10.156,169.929895,0,0,248.925,192.5,3992.29,65,83.752965,0,280,1072.989,1406.2,22.5,-8.03513,1,4,Medium
0,0,3.75,5,0,3.75,0,0,0,12.5,0.955379137,500,-9.875,0,38.18446,46.21283,993.48612875,40.1543975,25,3.75,21.25,25,0,0,7.537375,53.99830125,0,0,77.625,62.5,1247.7725,21.25,26.05421625,0,87.5,341.84525,391.7125,3.75,-8.082044,1,4,Medium
0,7.5,7.5,0,0,7.5,0,0,7.5,30,0.955270229,1320,-27.975,0,102.2439675,121.3744725,2947.238805,97.3132125,75,30,60,82.5,0,0,-3.66675,135.0244425,0,0,204.525,150,3326.2275,60,65.30661,0,232.5,870.21225,1410.825,22.5,-8.46189,1,4,Medium
0,1.25,5,6.75,0,1.25,0,0,0,14.25,0.954924479,532.5,-11.3075,0,41.1421595,47.04291925,1045.0229975,45.42101375,26,6.25,24.75,29.75,0,0,4.6025,55.864425,0,0,82.1925,63.75,1336.5435,24.75,26.58864325,0,93.5,358.35425,484.0125,5,-8.076748,1,4,Medium
7.5,7.5,0,0,0,7.5,0,0,7.5,30,0.954830378,1537.5,-28.275,0,128.29383,137.1204975,3418.6971375,97.2386625,97.5,22.5,75,90,0,0,-0.234750000000002,162.71688,0,0,241.725,180,3867.03,67.5,79.6674525,7.5,270,1024.81425,1329.15,22.5,-8.295207,1,4,Medium
0,0,0,0,0,17,0,0,7.5,24.5,0.953499591,1259,-23.33,0,97.530201,120.2853425,2857.4248835,81.0302095,73.5,15,49,64,0,0,14.12145,136.6925695,0,0,197.17,156.5,3139.8895,49,67.897687,0,220.5,854.90625,988.525,15,-8.627428,1,4,Medium
0,7.5,7.5,0,0,7.5,0,0,7.5,30,0.952572641,1320,-27.975,0,102.2439675,121.3744725,2947.238805,97.3132125,75,30,60,82.5,0,0,-3.66675,135.0244425,0,0,204.525,150,3326.2275,60,65.30661,0,232.5,870.21225,1410.825,22.5,-8.46189,1,4,Medium
0,5,5,5,0,1.25,0,0,0,16.25,0.951991562,635,-13.0375,0,51.4340475,54.3552,1240.5412975,51.53630125,33.75,10,32.5,37.5,0,0,2.22,65.05924875,0,0,98.2125,73.75,1596.77375,32.5,31.199755,0,111.25,417.3085,612.475,5,-8.236103,1,4,Medium
0,0,0,8.5,0,3.75,0,0,0,12.25,0.951747726,535,-9.6775,0,44.385524,44.7764485,1042.8335575,39.24152875,28.25,0,24.5,24.5,0,0,11.39525,58.68880125,0,0,83.5725,68.75,1331.63575,24.5,28.946094,0,93.25,363.0325,322.175,0,-8.074254,1,4,Medium
0,3.75,10,0,0,0,0,0,0,13.75,0.951072723,452.5,-11.0125,0,31.46054125,44.71284,907.913675,43.7159125,21.25,13.75,21.25,31.25,0,0,-4.518375,44.43448875,0,0,68.9875,48.75,1146.225,21.25,20.18501125,0,80,299.82075,605.3875,10,-7.999626,1,4,Medium
2.5,2.5,0,0,0,10,0,0,17.5,32.5,0.949539647,1652.5,-35.15,0,128.510445,151.7926675,4059.0953625,107.75203,100,37.5,70,105,0,0,-8.18275,171.6607075,0,0,257.35,187.5,4172.2575,67.5,83.9960975,2.5,292.5,1097.57625,1723.15,37.5,-7.8146806,1,4,Medium
0,2.5,2.5,0,0,10,0,0,17.5,32.5,0.94772069,1580,-35.05,0,119.8271575,146.5439925,3901.942585,107.77688,92.5,40,65,102.5,0,0,-9.32675,162.429895,0,0,244.95,177.5,3991.99,65,79.20915,0,280,1046.04225,1750.375,37.5,-7.901469,1,4,Medium
0,7.5,7.5,0,0,0,0,10,0,25,0.946610035,1175,-27.85,0,87.2755175,75.10267,3736.1786625,71.7085825,60,15,50,57.5,0,0,14.4,121.1913975,10,10,170.60877,160,3025.8425,50,62.079325,0,217.5,821.599,935.15,7.5,-9.1682415,1,4,Medium
0,2.5,2.5,0,0,10,0,0,13.5,28.5,0.94593638,1380,-29.77,0,105.2117575,128.4042365,3334.368901,94.231444,80.5,32,57,86.5,0,0,-4.42235,142.888251,0,0,214.23,157.5,3479.466,57,69.805334,0,244,916.43785,1461.615,29.5,-8.390211,1,4,Medium
0,2.5,2.5,0,0,2.5,0,0,24.5,32,0.945408845,1540,-38.365,0,114.4660225,140.2268155,4104.068197,106.9376355,91,54,64,115.5,0,0,-28.19645,152.4871895,0,0,237.135,160,3927.6245,64,73.489858,0,275.5,1002.89495,2058.455,51.5,-8.477818,1,4,Medium
0,1.25,5,7.25,0,5,0,0,0,18.5,0.94477228,747.5,-14.665,0,58.3121715,67.58823975,1478.661835,59.2793425,38.25,6.25,33.25,38.25,0,0,10.11375,80.08874625,0,0,116.085,92.5,1867.24325,33.25,38.72710525,0,130.75,506.74675,595.7875,5,-8.218333,1,4,Medium
10,0,12.5,2.5,10,0,0,0,0,35,0.944685408,1580,-33.35,0,122.9580125,149.0889375,3620.3040875,112.7374125,97.5,12.5,87.5,100,0,0,-12.731,163.3363,0,0,246.65,180,4001.82,77.5,77.7254325,0,280,1017.3175,1590.675,22.5,-7.7688165,1,4,Medium
0,0,0,3.75,0,8.5,0,0,0,12.25,0.941539733,592,-9.6775,0,47.82043425,54.49499125,1182.172138,39.7146335,33,0,24.5,24.5,0,0,14.416725,66.1812185,0,0,93.0725,78.25,1464.89225,24.5,33.0113435,0,102.75,406.5615,322.175,0,-8.221641,1,4,Medium
0,3.75,3.75,3.75,0,3.75,0,0,0,15,0.940722864,622.5,-12,0,50.1773175,55.03955625,1227.07909875,47.856135,33.75,7.5,30,33.75,0,0,5.522625,65.347155,0,0,96.75,75,1558.06125,30,31.715805,0,108.75,414.2145,533.325,3.75,-8.234225,1,4,Medium
0,5,9.75,1.25,0,1.25,0,0,0,17.25,0.939370205,618,-13.8275,0,45.90402475,58.24435875,1230.06993675,54.86075,31,14.75,29.75,39.5,0,0,-2.16405,62.06178975,0,0,94.9225,69.25,1558.96025,29.75,28.97236175,0,108.75,408.80515,718.5275,9.75,-8.181824,1,4,Medium
0,1.25,1.25,1.25,0,11.75,0,0,0,15.5,0.939091191,753.5,-12.295,0,60.0390915,71.63296875,1516.60603525,50.3133055,42.75,2.5,31,32.25,0,0,16.242675,83.5792005,0,0,118.455,98.5,1865.14925,31,41.618293,0,130.75,516.0085,453.925,1.25,-8.381501,1,4,Medium
2.5,2.5,2.5,23.5,0,0,0,0,0,31,0.938922005,1267.5,-24.69,0,107.0666715,100.8861735,2455.4157125,98.3409,67,5,64.5,67,0,0,15.9865,135.476455,0,0,197.31,155,3178.702,62,65.633169,2.5,222,849.6005,922.6,5,-7.971416,1,4,Medium
0,7.5,7.5,7.5,0,0,0,7.5,0,30,0.938187772,1320,-29.85,0,101.9466825,91.368855,3646.2315,89.4211275,67.5,15,60,67.5,0,0,15.12675,136.7648175,7.5,7.5,195.8690775,172.5,3371.25,60,68.69127,0,240,906.7365,1066.65,7.5,-8.82405,1,4,Medium
0,0,7.5,17,0,0,0,0,0,24.5,0.938133574,890,-19.355,0,69.244408,75.566147,1728.8893025,77.9753375,41.5,7.5,41.5,49,0,0,9.93625,94.01244,0,0,137.145,107.5,2235.0815,41.5,44.6391405,0,156.5,601.5455,770.275,7.5,-8.054464,1,4,Medium
2.5,10,0,0,0,2.5,0,0,15.5,30.5,0.937708829,1507.5,-32.81,0,122.7552225,129.8867195,3641.7394755,99.7712795,94,41,73.5,104.5,0,0,-18.2083,151.2171605,0,0,234.19,162.5,3825.583,71,73.693782,2.5,267,974.63255,1730.495,33.5,-8.350581,1,4,Medium
0,1.25,5,6.75,0,5,0,0,0,18,0.937448498,727.5,-14.27,0,56.611202,66.07379425,1440.587165,57.6928925,37.25,6.25,32.25,37.25,0,0,9.746,77.93471625,0,0,112.98,90,1817.18475,32.25,37.67662825,0,127.25,493.33175,582.6375,5,-8.210352,1,4,Medium
0,10,2.5,0,0,10,0,0,12.5,35,0.935466885,1675,-34.675,0,134.04847,149.0949775,3850.03477,114.18081,100,37.5,77.5,105,0,0,-5.387,171.4706975,0,0,260.325,190,4222.205,77.5,84.0299425,0,295,1095.85025,1738.4,27.5,-7.686998,1,4,Medium
0,2.5,19.5,0,0,10,2.5,0,0,34.5,0.935185523,1366,-29.805,0,96.260517,131.1458825,3134.987496,108.40264,69.5,22,54.5,74,0,0,10.7974,143.551572,2.5,2.5,207.899415,168.5,3438.5755,54.5,69.036071,0,242.5,941.4093,1308.405,19.5,-7.8716345,1,4,Medium
0,0,20,0,0,7.5,0,0,0,27.5,0.934443796,950,-21.725,0,61.368605,102.26175,1949.396395,88.6398575,42.5,20,35,55,0,0,3.441,99.5417025,0,0,145.775,112.5,2382.8625,35,45.97043,0,167.5,657.783,1059.05,20,-8.072196,1,4,Medium
2.5,2.5,26.5,2.5,0,0,0,0,0,34,0.934147803,1099.5,-27.06,0,72.1425765,114.3194625,2246.2012445,108.62532,49,29,46.5,73,0,0,-7.6742,111.488539,0,0,167.94,122,2782.141,44,50.066487,2.5,195,751.5641,1404.46,29,-7.205278,1,4,Medium
0,10,2.5,0,0,2.5,0,0,19.5,34.5,0.933756525,1635,-37.99,0,128.687335,142.7778005,4052.160382,113.3415655,98.5,51.5,76.5,118,0,0,-24.2567,161.527992,0,0,252.51,172.5,4157.8395,76.5,78.3106505,0,290.5,1052.70295,2046.48,41.5,-7.8200808,1,4,Medium
10,0,2.5,12.5,10,0,0,0,0,35,0.933696734,1700,-33.35,0,141.7621425,147.2778475,3802.6634575,112.4183625,107.5,2.5,97.5,100,0,0,-1.953,178.71634,0,0,266.65,200,4292.2,87.5,86.8377425,0,300,1091.7035,1422.775,12.5,-7.759219,1,4,Medium
0,1.25,10.75,1.25,0,1.25,0,0,0,14.5,0.933650696,473.5,-11.505,0,31.1802695,48.84151875,959.20369475,46.3976925,20.75,12,19.5,30.25,0,0,-1.410975,48.097917,0,0,72.245,53.5,1194.60425,19.5,21.8743035,0,83.75,322.2898,587.13,10.75,-7.8910127,1,4,Medium
0,2.5,2.5,0,0,2.5,0,0,23.5,31,0.933523789,1490,-37.045,0,110.8121725,135.6918765,3962.174776,103.5512765,88,52,62,111.5,0,0,-26.97035,147.6017785,0,0,229.455,155,3799.4935,62,71.138904,0,266.5,970.49385,1986.265,49.5,-8.654674,1,4,Medium
0,5,6.75,5,0,1.25,0,0,0,18,0.93042951,684,-14.42,0,54.096718,59.9727,1341.88975275,57.14471,35.5,11.75,34.25,41,0,0,1.620975,69.90684675,0,0,105.58,79,1721.162,34.25,33.28177025,0,120,451.24345,687.8825,6.75,-8.245021,1,4,Medium
0,1.25,8.75,5,0,1.25,0,0,0,16.25,0.92954319,567.5,-12.8875,0,40.89448875,53.77986,1128.93691375,51.8864575,26.25,10,25,33.75,0,0,2.03175,58.71303,0,0,87.1125,66.25,1427.885,25,27.373435,0,100,384.1195,599.575,8.75,-8.069342,1,4,Medium
7.5,0,7.5,7.5,7.5,0,0,0,0,30,0.929518711,1357.5,-27.975,0,108.501555,122.835465,3034.9804725,96.3916125,82.5,7.5,75,82.5,0,0,-4.76925,141.5412075,0,0,212.025,157.5,3431.25,67.5,67.88121,0,240,877.548,1260.15,15,-8.426405,1,4,Medium
0,1.25,1.25,5,0,7.75,0,0,0,15.25,0.926352137,695.5,-12.0975,0,56.29605075,62.69171,1380.23094825,49.1216765,38.25,2.5,30.5,31.75,0,0,13.5144,76.1927815,0,0,108.9025,89.25,1727.904,30.5,37.6696865,0,121,472.645,447.35,1.25,-8.27176,1,4,Medium
0,10,10,0,0,10,2.5,0,0,32.5,0.926181188,1445,-28.525,0,114.2965825,125.8765625,3242.3694575,101.2927175,82.5,20,67.5,77.5,0,0,11.8585,150.7038975,2.5,2.5,221.679415,177.5,3634.195,67.5,74.309265,0,255,969.0045,1248.025,10,-8.314605,1,4,Medium
0,7.5,0,17,0,0,0,0,0,24.5,0.925564713,1025,-19.655,0,90.3235255,76.716827,1952.09807,77.275025,56.5,7.5,56.5,56.5,0,0,10.31275,106.7048775,0,0,159.345,122.5,2572.859,56.5,52.2917805,0,179,667.9235,796.075,0,-8.139434,1,4,Medium
0,0,0,3.75,0,7.5,0,0,0,11.25,0.925464436,540,-8.8875,0,43.69535625,49.42009125,1076.68836,36.4421325,30,0,22.5,22.5,0,0,13.045125,60.2958075,0,0,84.8625,71.25,1336.72125,22.5,30.0545475,0,93.75,370.5675,295.875,0,-8.178669,1,4,Medium
0,10,17.5,0,0,2.5,2.5,0,0,32.5,0.92424201,1265,-28.525,0,94.7699425,111.8898125,2885.591645,100.7849975,67.5,27.5,60,77.5,0,0,-0.995749999999999,127.338735,2.5,2.5,191.679415,147.5,3206.005,60,61.0562175,0,225,844.485,1373.95,17.5,-8.1361,1,4,Medium
0,1.25,1.25,5,0,8.75,0,0,0,16.25,0.924102123,747.5,-12.8875,0,60.42112875,67.76661,1485.71472625,52.3941775,41.25,2.5,32.5,33.75,0,0,14.886,82.0781925,0,0,117.1125,96.25,1856.075,32.5,40.6264825,0,130,508.639,473.65,1.25,-8.314679,1,4,Medium
0,0,0,0,0,11,0,0,0,11,0.921638123,572,-8.69,0,45.375858,55.8239,1160.321558,35.997511,33,0,22,22,0,0,15.0876,64.739521,0,0,90.31,77,1409.881,22,32.524756,0,99,395.934,289.3,0,-8.274763,1,4,Medium
2.5,0,2.5,0,0,15.5,10,0,0,30.5,0.919650607,1758.5,-33.995,0,138.2687965,137.532915,5008.3260615,88.3443705,109,2.5,71,73.5,0,0,38.6383,192.406633,10,10,263.82266,243.5,4444.453,68.5,99.5392005,2.5,317,1237.328,951.175,5,-8.692177,1,4,Medium
0,10,10,0,0,10,0,0,2.5,32.5,0.917978696,1385,-27.4,0,108.921415,127.8205875,2865.4510825,104.3532575,77.5,25,65,80,0,0,4.30675,143.3920075,0,0,215.1,162.5,3473.9875,65,69.443325,0,242.5,917.27475,1339.675,15,-8.181571,1,4,Medium
0,1.25,5,5,0,5,0,0,0,16.25,0.917706507,657.5,-12.8875,0,50.65780875,60.773235,1307.32582,52.1403175,33.75,6.25,28.75,33.75,0,0,8.458875,70.39561125,0,0,102.1125,81.25,1641.98,28.75,33.99995875,0,115,446.37925,536.6125,5,-8.192274,1,4,Medium
0,10,10,2.5,0,0,0,14.5,0,37,0.91754358,1739,-40.94,0,129.932447,110.719353,5480.4429325,106.382989,88.5,20,74,84,0,0,23.27385,180.169294,14.5,14.5,252.9502165,237.5,4473.9685,74,92.292583,0,321.5,1216.7145,1343.3,10,-7.9492526,1,4,Medium
0,3.75,3.75,3.75,0,3.75,0,0,0,15,0.917236252,622.5,-12,0,50.1773175,55.03955625,1227.07909875,47.856135,33.75,7.5,30,33.75,0,0,5.522625,65.347155,0,0,96.75,75,1558.06125,30,31.715805,0,108.75,414.2145,533.325,3.75,-8.234225,1,4,Medium
2.5,10,0,0,15.5,2.5,0,0,0,30.5,0.91698996,1600.5,-32.81,0,136.6233515,134.4555305,3764.706943,98.1172125,109.5,10,104.5,104.5,0,0,-16.94195,158.134082,0,0,249.69,178,4057.8815,102,78.4165545,-13,282.5,949.5055,1641.215,2.5,-8.498261,1,4,Medium
0,15.5,2.5,10,0,0,0,2.5,0,30.5,0.916772349,1338,-26.665,0,115.813745,96.8974795,2926.299986,94.0523825,76.5,18,74,76.5,0,0,6.7612,135.9096755,2.5,2.5,205.0746925,160,3384.1355,74,67.38522,0,236.5,870.6139,1157.69,2.5,-8.371823,1,4,Medium
0,7,0,0,0,5,0,0,0,12,0.913967448,582,-9.76,0,50.949915,48.918468,1141.140894,38.142515,36,7,31,31,0,0,4.8133,60.663722,0,0,91.24,70,1453.667,31,30.254505,0,101,377.6626,457.21,0,-8.345014,1,4,Medium
0,0,0,7.5,0,3.75,0,0,0,11.25,0.913517756,495,-8.8875,0,40.983585,41.7475575,966.6842175,36.06862875,26.25,0,22.5,22.5,0,0,10.65975,54.38074125,0,0,77.3625,63.75,1231.51875,22.5,26.84514,0,86.25,336.2025,295.875,0,-8.067165,1,4,Medium
0,2.5,2.5,0,0,21.5,0,0,2.5,29,0.913275751,1428,-24.335,0,112.4578045,136.8812575,2986.604717,94.6152565,82,10,58,65.5,0,0,24.83815,156.8309565,0,0,224.165,183,3543.9915,58,77.947994,0,248.5,973.95675,969.975,7.5,-8.493469,1,4,Medium
0,10,2.5,17.5,0,0,0,2.5,0,32.5,0.912729562,1385,-28.025,0,117.501875,101.11533,3015.20989,100.7362675,75,12.5,72.5,75,0,0,13.884,143.67703,2.5,2.5,212.2146925,170,3496.375,72.5,70.9869625,0,245,916.509,1099.025,2.5,-8.051226,1,4,Medium
0,1.25,1.25,8.75,0,5,0,0,0,16.25,0.911776072,702.5,-12.8875,0,57.7093575,60.09407625,1375.71058375,52.02067375,37.5,2.5,32.5,33.75,0,0,12.500625,76.16312625,0,0,109.6125,88.75,1750.8725,32.5,37.417075,0,122.5,474.274,473.65,1.25,-8.187207,1,4,Medium
0,1.25,5,8.75,0,1.25,0,0,0,16.25,0.911400413,612.5,-12.8875,0,47.9460375,53.10070125,1197.3216775,51.76681375,30,6.25,28.75,33.75,0,0,6.0735,64.480545,0,0,94.6125,73.75,1536.7775,28.75,30.79055125,0,107.5,412.01425,536.6125,5,-8.093291,1,4,Medium
0,1.25,1.25,7.75,0,5,0,0,0,15.25,0.910600435,662.5,-12.0975,0,54.3074185,57.06518525,1299.56124375,48.84777375,35.5,2.5,30.5,31.75,0,0,11.765125,71.85506625,0,0,103.4025,83.75,1650.7555,30.5,35.316121,0,115.5,447.444,447.35,1.25,-8.1821995,1,4,Medium
0,10,16.5,0,0,2.5,2.5,0,0,31.5,0.91051398,1237,-27.735,0,93.2484165,108.6798125,2827.678242,97.5801925,66.5,26.5,59,75.5,0,0,-0.653450000000001,124.568679,2.5,2.5,187.469415,144.5,3134.926,59,59.8664945,0,220,825.0936,1330.86,16.5,-8.449835,1,4,Medium
2.5,0,0,17.5,0,0,0,2.5,10,32.5,0.908628238,1497.5,-33.025,0,119.4029125,118.079155,3714.5511575,103.4607075,82.5,20,67.5,87.5,0,0,5.688,157.1381425,2.5,2.5,229.7146925,180,3796.7925,65,77.1827,2.5,267.5,1009.636,1328.4,22.5,-7.920386,1,4,Medium
0,7.5,20,0,0,0,0,0,0,27.5,0.907043379,905,-22.025,0,62.9210825,89.42568,1815.82735,87.431825,42.5,27.5,42.5,62.5,0,0,-9.03675,88.8689775,0,0,137.975,97.5,2292.45,42.5,40.3700225,0,160,599.6415,1210.775,20,-7.944783,1,4,Medium
0,2.5,2.5,0,0,10,0,0,16.5,31.5,0.904509358,1530,-33.73,0,116.1733075,142.0090535,3760.049164,104.390521,89.5,38,63,98.5,0,0,-8.10065,157.544484,0,0,237.27,172.5,3863.859,63,76.858196,0,271,1013.64115,1678.185,35.5,-8.105784,1,4,Medium
14,0,0,10,0,0,0,0,0,24,0.898191008,1198,-19.52,0,103.947164,104.62149,2452.336596,76.45711,76,0,62,62,0,0,8.9692,133.553934,0,0,190.48,148,3005.774,48,64.472568,14,210,828.37,713.8,14,-8.263872,1,4,Medium
0,5,0,0,0,7,0,0,0,12,0.896434478,594,-9.68,0,50.535921,52.34142,1176.759306,38.464657,36,5,29,29,0,0,8.1407,63.509782,0,0,93.32,74,1477.777,29,31.747947,0,103,393.167,416.75,0,-8.331365,1,4,Medium
0,5,1.25,5,0,7.25,0,0,0,18.5,0.895607803,842,-14.815,0,70.478793,72.7671,1656.26870425,59.1532885,48,6.25,40.75,42,0,0,11.733225,89.98400475,0,0,131.685,104.5,2099.2535,40.75,44.47906975,0,146.5,560.55475,608.6875,1.25,-8.370152,1,4,Medium
0,22,0,0,0,0,0,0,0,22,0.892749011,1012,-18.26,0,95.30565,73.995328,1928.840584,68.45146,66,22,66,66,0,0,-6.4262,98.172382,0,0,157.74,110,2554.552,66,48.62165,0,176,621.3196,1023.66,0,-8.511949,1,4,Medium
2.5,2.5,23.5,2.5,0,0,0,0,0,31,0.892568165,1015.5,-24.69,0,67.5779985,104.6894625,2072.4610355,99.010905,46,26,43.5,67,0,0,-6.6473,103.178371,0,0,155.31,113,2568.904,41,46.497318,2.5,180,693.3899,1275.19,26,-7.627313,1,4,Medium
0,10,10,2.5,0,0,0,13.5,0,36,0.892384745,1677,-39.37,0,125.595096,108.139154,5216.0160475,103.949307,85.5,20,72,82,0,0,21.35805,173.474482,13.5,13.5,244.4243395,227.5,4311.7805,72,88.634499,0,309.5,1170.2795,1317,10,-8.147893,1,4,Medium
2.5,0,2.5,21.5,2.5,0,0,0,0,29,0.891696374,1212.5,-24.335,0,100.804026,98.494084,2458.4976175,92.4156375,65.5,2.5,63,65.5,0,0,12.38475,129.0335425,0,0,188.665,147.5,3045.973,60.5,62.545196,0,213,802.286,919.75,5,-8.059418,1,4,Medium
2.5,0,21.5,0,0,2.5,2.5,0,0,29,0.891558047,1059.5,-25.46,0,70.022399,104.3692475,2542.435822,90.47708,51.5,21.5,41.5,63,0,0,0.844299999999999,109.9511015,2.5,2.5,159.744415,127,2687.126,39,51.4756145,2.5,190,739.6451,1161.51,24,-7.943117,1,4,Medium
0,0,0,7.5,0,0,0,0,15,22.5,0.891005055,1050,-25.725,0,80.3222925,90.7407675,2699.521365,74.592135,60,30,45,75,0,0,-12.87525,105.591615,0,0,161.775,112.5,2672.8425,45,51.021465,0,187.5,687.2415,1280.1,30,-8.585797,1,4,Medium
0,3.75,3.75,3.75,0,3.75,0,0,0,15,0.886563801,622.5,-12,0,50.1773175,55.03955625,1227.07909875,47.856135,33.75,7.5,30,33.75,0,0,5.522625,65.347155,0,0,96.75,75,1558.06125,30,31.715805,0,108.75,414.2145,533.325,3.75,-8.234225,1,4,Medium
0,5,1.25,5,0,6.75,0,0,0,18,0.886159502,816,-14.42,0,68.416254,70.22965,1603.52681525,57.517038,46.5,6.25,39.75,41,0,0,11.047425,87.04129925,0,0,127.58,101,2035.168,39.75,43.00067175,0,142,542.55775,595.5375,1.25,-8.363972,1,4,Medium
0,0,0,0,0,0,0,0,24,24,0.885983567,1200,-31.68,0,87.6924,108.838536,3405.442104,81.272616,72,48,48,96,0,0,-29.4264,117.249864,0,0,184.32,120,3075.144,48,56.422896,0,216,777.6264,1732.56,48,-9.026133,1,4,Medium
10,14.5,0,0,0,2.5,0,0,10,37,0.884382622,1867,-35.51,0,159.6146925,159.900988,4161.670089,119.1092275,121,34.5,98.5,118.5,0,0,-11.91445,192.895972,0,0,292.99,210,4717.2795,88.5,93.9926375,10,328.5,1223.5521,1784.335,30,-7.399261,1,4,Medium
0,10,2.5,0,0,10,0,0,10,32.5,0.883419128,1550,-31.375,0,124.913845,137.75763,3495.3012175,105.7149125,92.5,32.5,72.5,95,0,0,-2.32175,159.25717,0,0,241.125,177.5,3901.8775,72.5,78.1525575,0,272.5,1014.8475,1557.925,22.5,-8.005505,1,4,Medium
0,1.25,5,7.75,0,1.25,0,0,0,15.25,0.881384617,572.5,-12.0975,0,44.5440985,50.07181025,1121.1723375,48.59391375,28,6.25,26.75,31.75,0,0,5.338,60.172485,0,0,88.4025,68.75,1436.6605,26.75,28.68959725,0,100.5,385.18425,510.3125,5,-8.085333,1,4,Medium
0,3.75,8.5,0,0,0,0,0,0,12.25,0.881200804,410.5,-9.8275,0,29.17825225,39.89784,821.0435705,38.908705,19.75,12.25,19.75,28.25,0,0,-4.004925,40.27940475,0,0,62.6725,44.25,1039.6065,19.75,18.40042675,0,72.5,270.73365,540.7525,8.5,-8.018805,1,4,Medium
0,7.5,7.5,7.5,0,0,0,7.5,0,30,0.881129104,1320,-29.85,0,101.9466825,91.368855,3646.2315,89.4211275,67.5,15,60,67.5,0,0,15.12675,136.7648175,7.5,7.5,195.8690775,172.5,3371.25,60,68.69127,0,240,906.7365,1066.65,7.5,-8.82405,1,4,Medium
0,7.5,0,0,0,0,0,0,15,22.5,0.880623825,1095,-26.025,0,87.2983125,93.249765,2785.960605,74.13111,67.5,37.5,52.5,82.5,0,0,-20.58225,106.7490225,0,0,168.975,112.5,2792.835,52.5,51.8398725,0,195,697.83,1431.825,30,-8.674488,1,4,Medium
0,15.5,10,0,0,2.5,0,0,2.5,30.5,0.880050311,1248,-26.04,0,101.8097425,108.2576695,2556.5328935,96.922365,71.5,30.5,66.5,81.5,0,0,-7.5868,123.7945205,0,0,192.96,137.5,3151.343,66.5,59.4227675,0,219,802.64965,1398.34,15,-8.454037,1,4,Medium
2.5,15.5,0,0,0,2.5,0,0,10,30.5,0.878642729,1485.5,-30.115,0,126.48546,123.443387,3343.535806,98.25917,94,35.5,79,99,0,0,-13.0713,148.8904955,0,0,231.385,162.5,3759.5005,76.5,72.9189475,2.5,261.5,951.7564,1589.365,22.5,-8.349174,1,4,Medium
0,14,0,10,0,0,0,0,0,24,0.878445746,1044,-19.52,0,94.66844,77.376846,1988.937408,75.28902,62,14,62,62,0,0,3.2656,105.553934,0,0,162.48,120,2626.794,62,51.95059,0,182,663.6852,914.42,0,-8.386529,1,4,Medium
0,5,1.25,1.25,0,8.75,0,0,0,16.25,0.878444919,770,-13.0375,0,63.90913875,69.02110875,1528.93434625,52.163665,45,6.25,36.25,37.5,0,0,11.0325,82.65689625,0,0,120.7125,96.25,1916.07125,36.25,41.03568625,0,133.75,513.93325,549.5125,1.25,-8.388878,1,4,Medium
0,1.25,7.75,5,0,1.25,0,0,0,15.25,0.872014853,539.5,-12.0975,0,39.37296275,50.56986,1071.02351075,48.6816525,25.25,9,24,31.75,0,0,2.37405,55.942974,0,0,82.9025,63.25,1356.806,24,26.183712,0,95,364.7281,556.485,7.75,-8.064698,1,4,Medium
10,0,0,12.5,0,0,0,2.5,10,35,0.871893362,1725,-35.3,0,139.854525,142.755725,4239.6133125,111.557695,102.5,20,80,100,0,0,2.87525,184.0657,2.5,2.5,267.4396925,207.5,4370.1025,70,89.961695,10,307.5,1175.5235,1438.4,30,-7.569635,1,4,Medium
0,17.5,10,0,0,2.5,0,0,2.5,32.5,0.868876035,1340,-27.7,0,110.4738925,114.9845175,2731.8820375,103.145225,77.5,32.5,72.5,87.5,0,0,-8.171,132.7192825,0,0,207.3,147.5,3383.575,72.5,63.8429175,0,235,859.13325,1491.4,15,-8.278398,1,4,Medium
0,10,2.5,0,0,2.5,0,0,15.5,30.5,0.865334961,1435,-32.71,0,114.071935,124.6380445,3484.586698,99.7961295,86.5,43.5,68.5,102,0,0,-19.3523,141.986348,0,0,221.79,152.5,3645.3155,68.5,68.9068345,0,254.5,923.09855,1757.72,33.5,-8.45134,1,4,Medium
0,7.5,7.5,0,0,7.5,0,0,7.5,30,0.86469191,1320,-27.975,0,102.2439675,121.3744725,2947.238805,97.3132125,75,30,60,82.5,0,0,-3.66675,135.0244425,0,0,204.525,150,3326.2275,60,65.30661,0,232.5,870.21225,1410.825,22.5,-8.46189,1,4,Medium
0,7.5,7.5,0,0,7.5,0,0,7.5,30,0.864495057,1320,-27.975,0,102.2439675,121.3744725,2947.238805,97.3132125,75,30,60,82.5,0,0,-3.66675,135.0244425,0,0,204.525,150,3326.2275,60,65.30661,0,232.5,870.21225,1410.825,22.5,-8.46189,1,4,Medium
0,10,13.5,0,0,10,0,0,2.5,36,0.863704771,1483,-30.165,0,114.246756,139.0555875,3068.147993,115.570075,81,28.5,68.5,87,0,0,3.1087,153.0872035,0,0,229.835,173,3722.764,68.5,73.6073555,0,260,985.14465,1490.49,18.5,-7.712868,1,4,Medium
0,1.25,1.25,10.75,0,1.25,0,0,0,14.5,0.863148839,587.5,-11.505,0,49.044193,47.12098325,1132.44509625,46.094595,30.25,2.5,29,30.25,0,0,8.828125,62.708955,0,0,91.245,72.5,1470.46525,29,30.530998,0,102.75,392.9565,427.625,1.25,-8.073239,1,4,Medium
10,15.5,0,0,0,2.5,0,0,2.5,30.5,0.863039849,1538,-26.44,0,136.5428925,129.2523695,3185.1440035,96.822965,101.5,20.5,86.5,91.5,0,0,-3.0108,160.7177705,0,0,242.56,177.5,3872.413,76.5,78.5705575,10,269,1008.78565,1289.44,15,-8.398347,1,4,Medium
0,0,0,0,0,22,0,0,0,22,0.862368613,1144,-17.38,0,90.751716,111.6478,2320.643116,71.995022,66,0,44,44,0,0,30.1752,129.479042,0,0,180.62,154,2819.762,44,65.049512,0,198,791.868,578.6,0,-8.308831,1,4,Medium
2.5,0,0,2.5,0,0,0,10,16.5,31.5,0.860831289,1687.5,-41.53,0,124.653985,121.474386,5477.8199315,96.131156,94.5,33,65.5,98.5,0,0,1.05435,174.483504,10,10,250.42877,212.5,4344.299,63,88.385221,2.5,311,1166.05565,1600.385,35.5,-8.674175,1,4,Medium
0,10,13.5,0,0,2.5,0,0,2.5,28.5,0.858655016,1093,-24.24,0,83.308671,100.9938375,2277.019658,91.0263175,58.5,28.5,53.5,72,0,0,-7.1783,108.946621,0,0,168.26,120.5,2761.4815,53.5,51.4313855,0,192.5,715.18965,1293.24,18.5,-8.473496,1,4,Medium
2.5,0,0,10,0,0,0,2.5,19.5,34.5,0.857949361,1672.5,-39.64,0,128.599945,138.444393,4491.418607,111.834368,96,39,71.5,110.5,0,0,-11.4762,171.239097,2.5,2.5,256.0996925,190,4263.1595,69,83.759608,2.5,300.5,1116.22145,1816.955,41.5,-7.5837774,1,4,Medium
0,2.5,10,0,0,10,0,0,10,32.5,0.856962175,1415,-31.075,0,103.8347275,136.60695,3272.09245,106.415225,77.5,32.5,57.5,87.5,0,0,-2.69825,146.5647325,0,0,218.925,162.5,3564.1,57.5,70.4999175,0,250,948.4695,1532.125,30,-8.038627,1,4,Medium
7.5,10,0,0,0,0,0,0,7.5,25,0.853907604,1262.5,-24.425,0,108.1859325,107.4673075,2846.7552325,80.47348,82.5,25,67.5,82.5,0,0,-11.252,129.73225,0,0,198.075,140,3196.0375,60,63.01667,7.5,222.5,825.46375,1248.225,22.5,-8.554451,1,4,Medium
0,12.5,10,0,0,2.5,0,0,10,35,0.852647614,1485,-33.45,0,116.2173925,132.17944,3357.709835,112.9857675,85,42.5,72.5,102.5,0,0,-15.90625,147.04796,0,0,229.05,160,3763.9775,72.5,70.4246975,0,262.5,960.9325,1800.175,30,-7.8489866,1,4,Medium
0,22,0,0,0,0,0,0,0,22,0.847082416,1012,-18.26,0,95.30565,73.995328,1928.840584,68.45146,66,22,66,66,0,0,-6.4262,98.172382,0,0,157.74,110,2554.552,66,48.62165,0,176,621.3196,1023.66,0,-8.511949,1,4,Medium
0,0,0,0,0,17,0,0,7.5,24.5,0.84632534,1259,-23.33,0,97.530201,120.2853425,2857.4248835,81.0302095,73.5,15,49,64,0,0,14.12145,136.6925695,0,0,197.17,156.5,3139.8895,49,67.897687,0,220.5,854.90625,988.525,15,-8.627428,1,4,Medium
7.5,0,7.5,7.5,7.5,0,0,0,0,30,0.845331549,1357.5,-27.975,0,108.501555,122.835465,3034.9804725,96.3916125,82.5,7.5,75,82.5,0,0,-4.76925,141.5412075,0,0,212.025,157.5,3431.25,67.5,67.88121,0,240,877.548,1260.15,15,-8.426405,1,4,Medium
2.5,0,10,0,0,17.5,2.5,0,0,32.5,0.844921253,1517.5,-28.225,0,114.40102,143.5777475,3458.6883575,102.7093375,85,10,60,70,0,0,25.35475,166.3766225,2.5,2.5,234.479415,197.5,3792.2825,57.5,82.14574,2.5,267.5,1056.554,1060.475,12.5,-8.214406,1,4,Medium
0,0,11,0,0,0,0,0,0,11,0.84347156,308,-8.69,0,16.736786,35.31,637.047433,35.252855,11,11,11,22,0,0,-3.7653,30.470616,0,0,46.31,33,781.869,11,13.086953,0,55,213.3054,473.99,11,-7.614669,1,4,Medium
0,2.5,2.5,0,0,2.5,24.5,0,0,32,0.842142508,2128,-49.39,0,167.142664,121.1753705,7797.868272,76.9443435,140,5,88.5,91,0,0,45.8107,224.1437115,24.5,24.5,301.613267,307,5497.658,88.5,121.17607,0,398,1509.8465,1160.285,2.5,-8.848793,1,4,Medium
0,7.5,7.5,7.5,0,0,0,7.5,0,30,0.840877798,1320,-29.85,0,101.9466825,91.368855,3646.2315,89.4211275,67.5,15,60,67.5,0,0,15.12675,136.7648175,7.5,7.5,195.8690775,172.5,3371.25,60,68.69127,0,240,906.7365,1066.65,7.5,-8.82405,1,4,Medium
2.5,0,10,0,0,10,10,0,0,32.5,0.838230768,1682.5,-35.575,0,126.9923125,133.695965,4862.515805,94.3816525,100,10,67.5,77.5,0,0,28.52725,180.8122925,10,10,250.24266,227.5,4272.605,65,92.199745,2.5,305,1184.7965,1129.7,12.5,-8.525174,1,4,Medium
0,0,0,0,0,14,10,0,0,24,0.837745594,1468,-28.76,0,115.790262,108.62189,4403.380602,67.436444,92,0,58,58,0,0,37.1484,160.497424,10,10,218.05766,208,3716.534,58,84.368444,0,266,1034.846,723.5,0,-8.876801,1,4,Medium
2.5,0,2.5,0,0,13.5,10,0,0,28.5,0.837446616,1654.5,-32.415,0,130.0186405,127.383115,4797.3585055,81.7993685,103,2.5,67,69.5,0,0,35.8951,180.635811,10,10,247.40266,229.5,4188.111,64.5,93.6256085,2.5,299,1165.34,898.575,5,-8.778276,1,4,Medium
0,1.25,1.25,9.75,0,5,0,0,0,17.25,0.836163299,742.5,-13.6775,0,61.1112965,63.12296725,1451.85992375,55.19357375,39.5,2.5,34.5,35.75,0,0,13.236125,80.47118625,0,0,115.8225,93.75,1850.9895,34.5,39.518029,0,129.5,501.104,499.95,1.25,-8.196033,1,4,Medium
0,0,0,0,0,17,7.5,0,0,24.5,0.835190143,1439,-26.705,0,113.6557035,114.4532675,3988.1800085,71.8485895,88.5,0,56.5,56.5,0,0,36.7767,158.6282395,7.5,7.5,216.908245,201.5,3620.512,56.5,82.495507,0,258,1010.0955,713.575,0,-8.750517,1,4,Medium
0,22,0,0,0,0,0,0,0,22,0.834913927,1012,-18.26,0,95.30565,73.995328,1928.840584,68.45146,66,22,66,66,0,0,-6.4262,98.172382,0,0,157.74,110,2554.552,66,48.62165,0,176,621.3196,1023.66,0,-8.511949,1,4,Medium
0,3.75,3.75,3.75,0,3.75,0,0,0,15,0.829399379,622.5,-12,0,50.1773175,55.03955625,1227.07909875,47.856135,33.75,7.5,30,33.75,0,0,5.522625,65.347155,0,0,96.75,75,1558.06125,30,31.715805,0,108.75,414.2145,533.325,3.75,-8.234225,1,4,Medium
7.5,0,0,0,0,0,17,0,0,24.5,0.827954184,1685.5,-36.315,0,136.1278965,103.695618,5881.041962,60.7179185,115,0,73.5,73.5,0,0,31.37295,181.2406965,17,17,244.075022,239.5,4341.533,66,96.338375,7.5,313,1202.6185,845.51,7.5,-8.89482,1,4,Medium
0,2.5,2.5,0,0,23.5,0,0,2.5,31,0.827644391,1532,-25.915,0,120.7079605,147.0310575,3197.572273,101.1602585,88,10,62,69.5,0,0,27.58135,168.6017785,0,0,240.585,197,3800.3335,62,83.861586,0,266.5,1045.94475,1022.575,7.5,-8.464045,1,4,Medium
10,0,0,2.5,0,0,0,19.5,2.5,34.5,0.825385681,2004,-44.19,0,152.166227,122.3181555,6909.1763,95.8035965,111,5,79,84,0,0,37.2846,218.1563215,19.5,19.5,292.6796015,290,5165.146,69,113.507428,10,374,1453.61025,1081.075,15,-8.525979,1,4,Medium
0,2.5,26.5,2.5,0,0,0,2.5,0,34,0.822841668,1112,-28.91,0,70.4988515,107.496285,2605.332172,106.7223625,46.5,29,44,70.5,0,0,-3.17295,112.0696165,2.5,2.5,166.3296925,129.5,2829.646,44,51.450442,0,200,767.6391,1389.71,26.5,-7.3623238,1,4,Medium
24,0,0,0,0,0,0,0,0,24,0.822212274,1368,-19.92,0,119.876184,127.42728,2898.588336,76.67676,96,0,72,72,0,0,2.7672,155.097144,0,0,220.08,168,3436.464,48,74.508048,24,240,960.12,772.8,24,-8.630882,1,4,Medium
24,0,0,0,0,0,0,0,0,24,0.822212274,1368,-19.92,0,119.876184,127.42728,2898.588336,76.67676,96,0,72,72,0,0,2.7672,155.097144,0,0,220.08,168,3436.464,48,74.508048,24,240,960.12,772.8,24,-8.630882,1,4,Medium
0,2.5,13.5,0,0,10,0,0,2.5,28.5,0.822086452,1138,-23.94,0,81.7561935,113.8299075,2410.588703,92.23435,58.5,21,46,64.5,0,0,5.29945,119.619346,0,0,176.06,135.5,2851.894,46,57.031793,0,200,773.33115,1141.515,18.5,-8.395257,1,4,Medium
0,2.5,2.5,2.5,0,0,0,21.5,0,29,0.821747487,1618,-39.78,0,116.3918965,79.480066,6239.521315,76.0470005,79.5,5,58,60.5,0,0,41.44245,172.7897005,21.5,21.5,227.2813555,247.5,4205.322,58,92.400686,0,308,1184.5105,855.25,2.5,-9.238459,1,4,Medium
23.5,0,2.5,2.5,2.5,0,0,0,0,31,0.821062754,1649.5,-26.755,0,141.058846,152.444025,3547.9249515,99.2227025,111.5,2.5,88,90.5,0,0,0.83155,182.8904035,0,0,263.245,199.5,4150.656,64.5,87.821612,21,290,1132.621,1096.25,26,-8.326174,1,4,Medium
23.5,2.5,0,0,2.5,2.5,0,0,0,31,0.821062754,1724.5,-26.855,0,149.893066,157.9426075,3695.663969,99.2382675,119,2.5,93,93,0,0,2.5473,191.0645935,0,0,275.645,209.5,4333.3835,69.5,92.512097,21,302.5,1177.657,1104.85,23.5,-8.3399725,1,4,Medium
0,0,0,0,0,0,0,0,22,22,0.820564211,1100,-29.04,0,80.3847,99.768658,3121.655262,74.499898,66,44,44,88,0,0,-26.9742,107.479042,0,0,168.96,110,2818.882,44,51.720988,0,198,712.8242,1588.18,44,-8.944286,1,4,Medium
2.5,2.5,0,0,0,10,0,0,15.5,30.5,0.818558636,1552.5,-32.51,0,121.202745,142.7227895,3775.3085205,100.979312,94,33.5,66,97,0,0,-5.73055,161.8898855,0,0,241.99,177.5,3915.9955,63.5,79.2941895,2.5,274.5,1032.77405,1578.77,33.5,-8.198894,1,4,Medium
10,0,0,10,0,0,0,2.5,10,32.5,0.818210512,1625,-33.325,0,131.3496775,135.1834975,4049.2399625,103.625445,97.5,20,75,95,0,0,1.0365,173.29555,2.5,2.5,251.9146925,195,4119.81,65,84.70931,10,290,1108.4485,1372.65,30,-7.8270345,1,4,Medium
0,7.5,7.5,0,0,7.5,0,0,7.5,30,0.816686188,1320,-27.975,0,102.2439675,121.3744725,2947.238805,97.3132125,75,30,60,82.5,0,0,-3.66675,135.0244425,0,0,204.525,150,3326.2275,60,65.30661,0,232.5,870.21225,1410.825,22.5,-8.46189,1,4,Medium
0,10,2.5,0,0,10,0,0,14.5,37,0.815242604,1775,-37.315,0,141.35617,158.1648555,4133.821612,120.953528,106,41.5,81.5,113,0,0,-7.8392,181.2415195,0,0,275.685,200,4478.467,81.5,88.7318505,0,313,1160.65245,1882.78,31.5,-7.4499903,1,4,Medium
0,2.5,10,0,0,13.5,0,0,2.5,28.5,0.814350207,1222,-23.94,0,90.8686255,120.3570575,2577.0850155,92.471286,65.5,17.5,49.5,64.5,0,0,11.2981,130.5230885,0,0,190.06,149.5,3051.716,49.5,63.2165485,0,214,831.44025,1082.75,15,-8.449824,1,4,Medium
0,17,7.5,0,0,0,0,0,0,24.5,0.808377239,992,-20.035,0,85.05672,81.253208,1924.8182465,76.9303475,58.5,24.5,58.5,66,0,0,-7.53295,96.635897,0,0,153.465,107.5,2507.0645,58.5,46.4941975,0,173.5,625.5461,1114.185,7.5,-8.472698,1,4,Medium
0,0,0,0,0,12,0,0,0,12,0.807377032,624,-9.48,0,49.500936,60.8988,1265.805336,39.270012,36,0,24,24,0,0,16.4592,70.624932,0,0,98.52,84,1538.052,24,35.481552,0,108,431.928,315.6,0,-8.317777,1,4,Medium
24,0,0,0,0,0,0,0,0,24,0.806802807,1368,-19.92,0,119.876184,127.42728,2898.588336,76.67676,96,0,72,72,0,0,2.7672,155.097144,0,0,220.08,168,3436.464,48,74.508048,24,240,960.12,772.8,24,-8.630882,1,4,Medium
0,10,2.5,13.5,0,0,0,2.5,0,28.5,0.805614981,1225,-24.865,0,103.894119,88.999766,2710.61253,88.0446675,67,12.5,64.5,67,0,0,10.942,126.44479,2.5,2.5,187.3746925,150,3095.907,64.5,62.5831465,0,217,809.189,993.825,2.5,-8.281726,1,4,Medium
12.5,0,0,10,0,0,0,10,2.5,35,0.805299808,1857.5,-37.275,0,148.9630375,133.7966225,5270.1772275,104.46753,107.5,5,82.5,87.5,0,0,24.889,203.02201,10,10,281.18377,250,4733.2025,70,102.27404,12.5,337.5,1313.71525,1108.975,17.5,-8.019478,1,4,Medium
0,0,0,0,0,15,0,0,7.5,22.5,0.805032188,1155,-21.75,0,89.280045,110.1355425,2646.4573275,74.4852075,67.5,15,45,60,0,0,11.37825,124.9217475,0,0,180.75,142.5,2883.5475,45,61.984095,0,202.5,782.91825,935.925,15,-8.678058,1,4,Medium
2.5,0,2.5,0,0,10,13.5,0,0,28.5,0.803931186,1731.5,-35.845,0,135.894577,122.7716165,5452.477981,77.9131155,110,2.5,70.5,73,0,0,37.3756,187.372457,13.5,13.5,254.758841,243.5,4412.2615,68,98.3174775,2.5,316.5,1225.1865,930.88,5,-8.850022,1,4,Medium
0,1.25,1.25,12.25,0,1.25,0,0,0,16,0.801745496,647.5,-12.69,0,54.1471015,51.66431975,1246.66910625,50.853945,33.25,2.5,32,33.25,0,0,9.931375,69.171045,0,0,100.56,80,1620.64075,32,33.682429,0,113.25,433.2015,467.075,1.25,-8.078006,1,4,Medium
0,10,15.5,0,0,2.5,0,0,2.5,30.5,0.801287557,1149,-25.82,0,86.351723,107.4138375,2392.846464,97.4359275,60.5,30.5,55.5,76,0,0,-7.8629,114.486733,0,0,176.68,126.5,2903.6395,55.5,53.8108315,0,202.5,753.97245,1379.42,20.5,-8.412827,1,4,Medium
0,2.5,10,0,0,13.5,0,0,10,36,0.801134854,1597,-33.84,0,118.2725005,154.3691,3641.285673,117.8689785,88,32.5,64.5,94.5,0,0,2.10235,167.163671,0,0,247.66,187,4012.6985,64.5,80.8487035,0,281.5,1074.4485,1624.175,30,-7.688177,1,4,Medium
0,7.5,7.5,7.5,0,0,0,7.5,0,30,0.800980444,1320,-29.85,0,101.9466825,91.368855,3646.2315,89.4211275,67.5,15,60,67.5,0,0,15.12675,136.7648175,7.5,7.5,195.8690775,172.5,3371.25,60,68.69127,0,240,906.7365,1066.65,7.5,-8.82405,1,4,Medium
0,14.5,10,0,0,2.5,0,0,10,37,0.799986802,1577,-35.11,0,124.8815425,138.906288,3533.058979,119.2086275,91,44.5,78.5,108.5,0,0,-16.49045,155.972722,0,0,243.39,170,3996.2095,78.5,74.8448475,0,278.5,1017.4161,1893.235,30,-7.6129336,1,4,Medium
0,0,0,10,0,3.75,0,0,0,13.75,0.799164742,595,-10.8625,0,49.4884325,49.319785,1157.0575675,44.00087875,31.25,0,27.5,27.5,0,0,12.4985,65.15089125,0,0,92.8875,76.25,1481.81125,27.5,32.097525,0,103.75,403.2775,361.625,0,-8.078818,1,4,Medium
0,10,2.5,16.5,0,0,0,2.5,0,31.5,0.796810691,1345,-27.235,0,114.099936,98.086439,2939.06055,97.5633675,73,12.5,70.5,73,0,0,13.1485,139.36897,2.5,2.5,206.0046925,165,3396.258,70.5,68.8860085,0,238,889.679,1072.725,2.5,-8.107692,1,4,Medium
0,0,22,0,0,0,0,0,0,22,0.795790986,616,-17.38,0,33.473572,70.62,1274.094866,70.50571,22,22,22,44,0,0,-7.5306,60.941232,0,0,92.62,66,1563.738,22,26.173906,0,110,426.6108,947.98,22,-7.2593713,1,4,Medium
0,22,0,0,0,0,0,0,0,22,0.795790986,1012,-18.26,0,95.30565,73.995328,1928.840584,68.45146,66,22,66,66,0,0,-6.4262,98.172382,0,0,157.74,110,2554.552,66,48.62165,0,176,621.3196,1023.66,0,-8.511949,1,4,Medium
0,5,1.25,1.25,0,7.75,0,0,0,15.25,0.792332464,718,-12.2475,0,59.78406075,63.94620875,1423.45056825,48.891164,42,6.25,34.25,35.5,0,0,9.6609,76.77148525,0,0,112.5025,89.25,1787.90025,34.25,38.07889025,0,124.75,477.93925,523.2125,1.25,-8.368775,1,4,Medium
2.5,24.5,0,0,0,2.5,0,0,2.5,32,0.791648399,1524.5,-27.685,0,138.07026,119.7021605,3068.4062965,100.8643475,98.5,29.5,91,96,0,0,-6.50445,152.411342,0,0,238.315,170,3843.562,88.5,75.1774675,2.5,266,962.92435,1466.71,7.5,-8.348635,1,4,Medium
0,13,11,0,0,0,0,0,0,24,0.789634648,906,-19.48,0,73.053761,79.034512,1776.816869,75.701445,50,24,50,61,0,0,-7.5626,88.481569,0,0,139.52,98,2291.377,50,41.817928,0,159,580.4488,1078.88,11,-8.401036,1,4,Medium
2.5,0,0,2.5,0,0,0,2.5,21.5,29,0.789393139,1472.5,-36.355,0,110.3931025,124.7975885,4204.085399,94.810336,87,43,60.5,103.5,0,0,-19.44465,148.699469,2.5,2.5,224.8846925,162.5,3768.544,58,72.704361,2.5,266,979.79865,1764.085,45.5,-8.766931,1,4,Medium
0,10,16.5,0,0,2.5,0,0,2.5,31.5,0.789371861,1177,-26.61,0,87.873249,110.6238375,2450.759867,100.6407325,61.5,31.5,56.5,78,0,0,-8.2052,117.256789,0,0,180.89,129.5,2974.7185,56.5,55.0005545,0,207.5,773.36385,1422.51,21.5,-8.211857,1,4,Medium
0,17,7.5,0,0,0,0,0,0,24.5,0.789340363,992,-20.035,0,85.05672,81.253208,1924.8182465,76.9303475,58.5,24.5,58.5,66,0,0,-7.53295,96.635897,0,0,153.465,107.5,2507.0645,58.5,46.4941975,0,173.5,625.5461,1114.185,7.5,-8.472698,1,4,Medium
0,0,0,6.5,0,5.5,0,0,0,12,0.785495253,546,-9.48,0,44.8005325,47.5997415,1075.131489,38.6226055,29.5,0,24,24,0,0,12.32455,60.3721505,0,0,85.52,71,1355.701,24,29.918579,0,95,372.362,315.6,0,-8.123647,1,4,Medium
2.5,0,0,2.5,0,0,0,10,13.5,28.5,0.782829916,1537.5,-37.57,0,113.692435,107.869569,5052.1396685,85.972079,85.5,27,59.5,86.5,0,0,4.73265,159.827271,10,10,227.38877,197.5,3959.906,57,81.332359,2.5,284,1068.85235,1383.815,29.5,-8.771797,1,4,Medium
2.5,0,10,0,0,19.5,2.5,0,0,34.5,0.782494467,1621.5,-29.805,0,122.651176,153.7275475,3669.6559135,109.2543395,91,10,64,74,0,0,28.09795,178.1474445,2.5,2.5,250.899415,211.5,4048.6245,61.5,88.059332,2.5,285.5,1128.542,1113.075,12.5,-7.950794,1,4,Medium
0,0,0,17,0,0,0,0,7.5,24.5,0.77962106,1055,-23.33,0,85.236838,85.5031895,2358.7394375,79.3369925,56.5,15,49,64,0,0,3.30775,109.8776025,0,0,163.17,122.5,2662.9715,49,53.348373,0,186.5,699.11825,988.525,15,-8.360155,1,4,Medium
2.5,0,10,0,0,13.5,2.5,0,0,28.5,0.77683888,1309.5,-25.065,0,97.900708,123.2781475,3036.7532455,89.6193335,73,10,52,62,0,0,19.86835,142.8349785,2.5,2.5,201.639415,169.5,3279.5985,49.5,70.318556,2.5,231.5,912.578,955.275,12.5,-8.60308,1,4,Medium
2.5,2.5,0,0,0,24.5,0,0,2.5,32,0.77445322,1656.5,-26.805,0,133.516326,157.3546325,3460.2088285,104.4079095,98.5,7.5,69,74,0,0,30.09695,183.718002,0,0,261.195,214,4108.772,66.5,91.6053295,2.5,288,1133.47275,1021.65,7.5,-8.302621,1,4,Medium
0,10,2.5,2.5,0,0,0,19.5,0,34.5,0.772586587,1839,-42.865,0,140.207757,99.545348,6368.226835,94.5153615,96,12.5,76.5,79,0,0,35.4201,192.867934,19.5,19.5,264.0046015,265,4751.816,76.5,101.6600805,0,344,1303.454,1151.625,2.5,-8.913602,1,4,Medium
0,2.5,10,0,0,19.5,0,0,2.5,34.5,0.77077921,1534,-28.68,0,115.6190935,150.8064575,3209.9876835,112.106292,83.5,17.5,61.5,76.5,0,0,19.5277,165.8355545,0,0,239.32,191.5,3820.742,61.5,80.9573245,0,268,1047.40425,1240.55,15,-7.965042,1,4,Medium
0,2.5,23.5,2.5,0,0,0,2.5,0,31,0.764154959,1028,-26.54,0,65.9342735,97.866285,2431.591963,97.1079475,43.5,26,41,64.5,0,0,-2.14605,103.7594485,2.5,2.5,153.6996925,120.5,2616.409,41,47.881273,0,185,709.4649,1260.44,23.5,-7.7108583,1,4,Medium
0,0,0,20,0,0,0,0,7.5,27.5,0.762983598,1175,-25.7,0,95.442655,94.5898625,2587.1874575,88.8556925,62.5,15,55,70,0,0,5.51425,122.8017825,0,0,181.8,137.5,2963.3225,55,59.651235,0,207.5,779.60825,1067.425,15,-8.280006,1,4,Medium
0,0,0,12,0,0,0,0,0,12,0.760375934,480,-9.48,0,40.823268,36.346692,913.79208,38.0748,24,0,24,24,0,0,8.826,51.69672,0,0,74.52,60,1201.404,24,25.211448,0,84,321.96,315.6,0,-7.9721456,1,4,Medium
7.5,15,0,0,0,0,0,0,0,22.5,0.759164844,1117.5,-18.675,0,102.4424325,90.272385,2220.927435,70.6329375,75,15,67.5,67.5,0,0,-3.51675,115.4035725,0,0,176.325,127.5,2815.635,60,56.43489,7.5,195,723.6645,939.45,7.5,-8.621034,1,4,Medium
10,0,0,13.5,0,0,0,2.5,10,36,0.755425973,1765,-36.09,0,143.256464,145.784616,4315.7626525,114.730595,104.5,20,82,102,0,0,3.61075,188.37376,2.5,2.5,273.6496925,212.5,4470.2195,72,92.062649,10,314.5,1202.3535,1464.7,30,-7.4740105,1,4,Medium
0,0,3.75,8.5,0,0,0,0,0,12.25,0.753362173,445,-9.6775,0,34.622204,37.7830735,864.44465125,38.98766875,20.75,3.75,20.75,24.5,0,0,4.968125,47.00622,0,0,68.5725,53.75,1117.54075,20.75,22.31957025,0,78.25,300.77275,385.1375,3.75,-7.978528,1,4,Medium
0,0,7,5,0,0,0,0,0,12,0.753199423,396,-9.48,0,27.660377,37.614455,786.140521,38.298135,17,7,17,24,0,0,1.2814,40.930692,0,0,60.52,46,998.138,17,18.832831,0,70,269.8898,433.13,7,-7.915395,1,4,Medium
15,0,0,0,0,0,0,7.5,0,22.5,0.751574161,1320,-24.225,0,107.4527475,98.9935425,3794.8193475,66.17559,82.5,0,60,60,0,0,16.098,147.146805,7.5,7.5,201.4940775,180,3364.2,45,74.00316,15,240,948.3375,680.25,15,-8.74906,1,4,Medium
2.5,0,0,2.5,0,0,0,13.5,10,28.5,0.751465287,1579.5,-38.445,0,116.0846885,101.027979,5481.0067925,82.6377095,85.5,20,59.5,79.5,0,0,15.7293,166.1601745,13.5,13.5,230.3493395,215,4079.1055,57,85.907314,2.5,294.5,1117.971,1223.2,22.5,-8.892564,1,4,Medium
0,13.5,10,0,0,2.5,10,0,0,36,0.74772736,1771,-38.78,0,142.0501375,127.766764,4953.057907,103.8550375,108,23.5,85.5,95.5,0,0,14.00865,180.757901,10,10,262.53766,225,4520.9235,85.5,92.0985325,0,320.5,1196.0933,1480.105,10,-7.8708057,1,4,Medium
7.5,0,0,0,0,0,0,20,0,27.5,0.745596251,1667.5,-37.625,0,124.2083275,91.425005,6194.346555,72.6351275,90,0,62.5,62.5,0,0,39.18075,182.3640975,20,20,239.29254,252.5,4317.655,55,96.445445,7.5,315,1228.7375,767.5,7.5,-9.067415,1,4,Medium
0,0,0,0,0,24,0,0,0,24,0.742401522,1248,-18.96,0,99.001872,121.7976,2531.610672,78.540024,72,0,48,48,0,0,32.9184,141.249864,0,0,197.04,168,3076.104,48,70.963104,0,216,863.856,631.2,0,-8.284046,1,4,Medium
0,5,1.25,5,0,6.25,0,0,0,17.5,0.738291385,790,-14.025,0,66.353715,67.6922,1550.78492625,55.8807875,45,6.25,38.75,40,0,0,10.361625,84.09859375,0,0,123.475,97.5,1971.0825,38.75,41.52227375,0,137.5,524.56075,582.3875,1.25,-8.3547,1,4,Medium
0,0,7.5,20,0,0,0,0,0,27.5,0.737181219,1010,-21.725,0,79.450225,84.65282,1957.3373225,87.4940375,47.5,7.5,47.5,55,0,0,12.14275,106.93662,0,0,155.775,122.5,2535.4325,47.5,50.9420025,0,177.5,682.0355,849.175,7.5,-8.047181,1,4,Medium
0,0,0,0,0,14,0,0,10,24,0.735946378,1228,-24.26,0,94.289592,116.39799,2895.707102,79.678604,72,20,48,68,0,0,6.9414,131.249864,0,0,191.74,148,3075.704,48,64.904684,0,216,827.927,1090.1,20,-8.656889,1,4,Medium
0,7.5,15,0,0,0,0,0,0,22.5,0.731242214,765,-18.075,0,55.3134525,73.37568,1526.260335,71.4078,37.5,22.5,37.5,52.5,0,0,-7.32525,75.0186975,0,0,116.925,82.5,1937.055,37.5,34.4214075,0,135,502.6845,995.325,15,-8.226909,1,4,Medium
2.5,10,0,0,0,10,0,0,12.5,35,0.728655623,1747.5,-34.775,0,142.7317575,154.3436525,4007.1875475,114.15596,107.5,35,82.5,107.5,0,0,-4.243,180.70151,0,0,272.725,200,4402.4725,80,88.81689,2.5,307.5,1147.38425,1711.175,27.5,-7.591512,1,4,Medium
0,17,0,0,0,0,0,0,7.5,24.5,0.728613878,1157,-24.01,0,101.04915,91.1902505,2554.6683815,78.2920025,73.5,32,66,81,0,0,-14.16145,112.5010595,0,0,179.49,122.5,2934.9545,66,55.20343,0,203.5,723.11885,1332.435,15,-8.552902,1,4,Medium
0,0,0,22,0,0,0,0,0,22,0.726840597,880,-17.38,0,74.842658,66.635602,1675.28548,69.8038,44,0,44,44,0,0,16.181,94.77732,0,0,136.62,110,2202.574,44,46.220988,0,154,590.26,578.6,0,-7.9283147,1,4,Medium
0,2.5,10,0,0,13.5,10,0,0,36,0.726722369,1837,-38.34,0,139.7731705,146.593,5148.959173,105.6268185,108,12.5,74.5,84.5,0,0,32.30935,196.411231,10,10,273.97766,247,4653.5285,74.5,100.3124635,0,331.5,1281.3675,1257.575,10,-7.785493,1,4,Medium
0,0,0,0,0,22,0,0,0,22,0.725318229,1144,-17.38,0,90.751716,111.6478,2320.643116,71.995022,66,0,44,44,0,0,30.1752,129.479042,0,0,180.62,154,2819.762,44,65.049512,0,198,791.868,578.6,0,-8.308831,1,4,Medium
0,0,0,24,0,0,0,0,0,24,0.723808058,960,-18.96,0,81.646536,72.693384,1827.58416,76.1496,48,0,48,48,0,0,17.652,103.39344,0,0,149.04,120,2402.808,48,50.422896,0,168,643.92,631.2,0,-7.912944,1,4,Medium
0,0,0,0,0,7.5,17,0,0,24.5,0.721293678,1648,-36.015,0,129.604674,101.936343,5766.361442,61.3001885,107.5,0,66,66,0,0,40.7952,176.9134215,17,17,236.875022,239.5,4228.9205,66,95.23058,0,305.5,1172.536,801.26,0,-9.253264,1,4,Medium
14,0,10,0,0,0,0,0,0,24,0.720559286,1078,-19.52,0,85.143034,106.43258,2269.977226,76.77616,66,10,52,62,0,0,-1.8088,118.173894,0,0,170.48,128,2715.394,38,55.360258,14,190,753.984,881.7,24,-8.350314,1,4,Medium
14,10,0,0,0,0,0,0,0,24,0.720559286,1258,-19.92,0,113.248524,107.96682,2567.588916,75.84241,86,10,72,72,0,0,-1.3068,135.097144,0,0,200.08,148,3165.764,58,65.563778,14,220,842.488,916.1,14,-8.632979,1,4,Medium
0,0,0,0,0,14,10,0,0,24,0.720252644,1468,-28.76,0,115.790262,108.62189,4403.380602,67.436444,92,0,58,58,0,0,37.1484,160.497424,10,10,218.05766,208,3716.534,58,84.368444,0,266,1034.846,723.5,0,-8.876801,1,4,Medium
0,1.25,11.75,1.25,0,1.25,0,0,0,15.5,0.715146865,501.5,-12.295,0,32.7017955,52.05151875,1017.11709775,49.6024975,21.75,13,20.5,32.25,0,0,-1.753275,50.867973,0,0,76.455,56.5,1265.68325,20.5,23.0640265,0,88.75,341.6812,630.22,11.75,-7.86319,1,4,Medium
0,10,15.5,0,0,2.5,2.5,0,0,30.5,0.713226756,1209,-26.945,0,91.7268905,105.4698125,2769.764839,94.3753875,65.5,25.5,58,73.5,0,0,-0.31115,121.798623,2.5,2.5,183.259415,141.5,3063.847,58,58.6767715,0,215,805.7022,1287.77,15.5,-8.617491,1,4,Medium
11,13,0,0,0,0,0,0,0,24,0.713030144,1225,-19.92,0,111.260226,102.128682,2468.28909,75.592105,83,13,72,72,0,0,-2.529,129.097144,0,0,194.08,142,3084.554,61,62.880497,11,214,807.1984,959.09,11,-8.643093,1,4,Medium
0,7.5,0,0,0,0,0,15,0,22.5,0.712237855,1275,-29.775,0,97.5508275,63.928665,4623.962565,59.840955,67.5,7.5,52.5,52.5,0,0,26.54625,133.8900375,15,15,181.663155,187.5,3303.69,52.5,71.4468225,0,240,908.3385,743.475,0,-9.379866,1,4,Medium
0,0,0,0,0,24,0,0,0,24,0.709875208,1248,-18.96,0,99.001872,121.7976,2531.610672,78.540024,72,0,48,48,0,0,32.9184,141.249864,0,0,197.04,168,3076.104,48,70.963104,0,216,863.856,631.2,0,-8.284046,1,4,Medium
2.5,2.5,0,0,0,19.5,0,0,10,34.5,0.709504675,1771.5,-32.755,0,140.294811,165.992175,3996.990596,113.443097,106,22.5,74,94,0,0,14.0432,190.9315295,0,0,277.745,216.5,4428.8995,71.5,94.4535045,2.5,310.5,1196.511,1431.575,22.5,-7.730594,1,4,Medium
2.5,0,10,0,0,13.5,10,0,0,36,0.709050888,1864.5,-38.34,0,141.4300855,151.458115,5231.709028,105.835406,110.5,10,74.5,84.5,0,0,33.32785,201.411231,10,10,278.97766,252,4721.2035,72,102.548531,2.5,336.5,1310.7755,1221.75,12.5,-7.786528,1,4,Medium
7.5,17,0,0,0,0,0,0,0,24.5,0.70666299,1209.5,-20.335,0,111.1065825,96.999233,2396.276579,76.8557975,81,17,73.5,73.5,0,0,-4.10095,124.3283345,0,0,190.665,137.5,3047.867,66,60.85504,7.5,211,780.1481,1032.51,7.5,-8.629964,1,4,Medium
7.5,0,0,7.5,0,0,0,7.5,7.5,30,0.705637733,1567.5,-33.825,0,122.9098575,115.9012425,4524.3312,91.408545,90,15,67.5,82.5,0,0,11.55375,167.62998,7.5,7.5,236.8940775,202.5,4002.165,60,84.108705,7.5,285,1092.53325,1177.425,22.5,-8.370072,1,4,Medium
13.5,0,0,2.5,0,0,0,10,2.5,28.5,0.703726093,1614.5,-32.18,0,128.443336,116.38941,4819.8316915,83.865645,96.5,5,70.5,75.5,0,0,19.48805,177.173941,10,10,243.77877,219.5,4125.511,57,89.621387,13.5,295,1152.49525,943.925,18.5,-8.714232,1,4,Medium
0,0,13,0,0,11,0,0,0,24,0.702716079,936,-18.96,0,65.155696,97.5539,1913.195797,77.659976,46,13,35,48,0,0,10.6377,100.750249,0,0,145.04,116,2333.908,35,47.991155,0,164,648.0222,849.47,13,-8.358276,1,4,Medium
0,0,0,0,0,7.5,0,0,20,27.5,0.700994208,1390,-32.325,0,104.015085,128.76053,3628.996755,92.2709375,82.5,40,55,95,0,0,-14.235,141.8488025,0,0,215.175,152.5,3523.9025,55,69.19505,0,247.5,917.977,1641.05,40,-8.613385,1,4,Medium
0,7.5,0,0,0,0,0,20,0,27.5,0.698259528,1585,-37.625,0,119.2375825,76.82966,5946.09699,72.009365,82.5,7.5,62.5,62.5,0,0,36.12525,167.3640975,20,20,224.29254,237.5,4114.63,62.5,89.7372425,0,300,1140.5135,874.975,0,-9.361438,0,8,Low
0,2.5,17.5,0,0,10,2.5,0,0,32.5,0.697788533,1310,-28.225,0,93.217465,124.7258825,3019.16069,101.99303,67.5,20,52.5,70,0,0,11.482,138.01146,2.5,2.5,199.479415,162.5,3296.4175,52.5,66.656625,0,232.5,902.6265,1222.225,17.5,-8.133035,0,8,Low
0,0,0,7.5,0,0,0,0,20,27.5,0.697718386,1300,-32.325,0,98.5915425,113.4154625,3408.98847,91.52393,75,40,55,95,0,0,-19.00575,130.01867,0,0,200.175,137.5,3313.4975,55,62.776235,0,232.5,849.247,1641.05,40,-8.725942,0,8,Low
0,2.5,2.5,0,0,13.5,0,0,10,28.5,0.697451831,1387,-27.915,0,106.8610555,130.2941,3206.9351505,93.832941,80.5,25,57,79.5,0,0,4.6696,146.388251,0,0,216.085,164.5,3479.606,57,71.925781,0,244,929.013,1301,22.5,-8.441285,0,8,Low
10,0,13.5,2.5,10,0,0,0,0,36,0.696982037,1608,-34.14,0,124.4795385,152.2989375,3678.2174905,115.9422175,98.5,13.5,88.5,102,0,0,-13.0733,166.106356,0,0,250.86,183,4072.899,78.5,78.9151555,0,285,1036.7089,1633.765,23.5,-7.6573453,0,8,Low
0,2.5,10,0,0,14.5,0,0,10,37,0.695989462,1649,-34.63,0,122.3975785,159.444,3746.769451,121.1414795,91,32.5,66.5,96.5,0,0,3.47395,173.049082,0,0,255.87,194,4140.8695,66.5,83.8054995,0,290.5,1110.4425,1650.475,30,-7.5790977,0,8,Low
0,0,8.5,3.75,0,0,0,0,0,12.25,0.694136583,388,-9.6775,0,25.69024225,38.64334125,777.8239505,39.1392175,16,8.5,16,24.5,0,0,-0.151425,39.700701,0,0,59.0725,44.25,979.61025,16,17.991223,0,68.75,265.4394,464.89,8.5,-7.8281574,0,8,Low
7.5,15,0,0,0,0,0,0,0,22.5,0.694027733,1117.5,-18.675,0,102.4424325,90.272385,2220.927435,70.6329375,75,15,67.5,67.5,0,0,-3.51675,115.4035725,0,0,176.325,127.5,2815.635,60,56.43489,7.5,195,723.6645,939.45,7.5,-8.621034,0,8,Low
0,2.5,10,0,0,12.5,0,0,10,35,0.693679728,1545,-33.05,0,114.1474225,149.2942,3535.801895,114.5964775,85,32.5,62.5,92.5,0,0,0.73075,161.27826,0,0,239.45,180,3884.5275,62.5,77.8919075,0,272.5,1038.4545,1597.875,30,-7.793665,0,8,Low
10,0,0,14,0,0,0,0,0,24,0.691220709,1130,-19.36,0,97.575556,95.499174,2273.8359,76.36925,68,0,58,58,0,0,11.45,124.93665,0,0,178.64,140,2833.498,48,60.458376,10,198,775.67,690.2,10,-8.136492,0,8,Low
0,20,0,0,0,0,7.5,0,0,27.5,0.689783318,1475,-29.875,0,130.1708775,95.4484475,3948.4472225,78.4446725,97.5,20,82.5,82.5,0,0,7.6175,147.8238725,7.5,7.5,220.738245,182.5,3763.925,82.5,76.431475,0,265,963.0335,1197.075,0,-8.993629,0,8,Low
7.5,0,0,0,0,0,0,15,0,22.5,0.689535279,1357.5,-29.775,0,102.5215725,78.52401,4872.21213,60.4667175,75,0,52.5,52.5,0,0,29.60175,148.8900375,15,15,196.663155,202.5,3506.715,45,78.155025,7.5,255,996.5625,636,7.5,-9.054531,0,8,Low
0,0,14,0,0,0,0,10,0,24,0.688540628,1012,-26.76,0,64.674874,70.74199,3455.056492,69.20409,44,14,34,48,0,0,14.3658,105.728904,10,10,144.19877,142,2616.986,34,53.236962,0,190,735.8296,866.26,14,-9.110513,0,8,Low
0,7.5,0,0,20,0,0,0,0,27.5,0.686341521,1465,-32.625,0,123.4619225,121.8197,3654.09541,88.928625,102.5,7.5,102.5,102.5,0,0,-25.07875,140.1011375,0,0,227.375,157.5,3733.23,102.5,69.6885425,-20,260,827.4135,1677.575,0,-8.748494,0,8,Low
0,1.25,1.25,11.75,0,1.25,0,0,0,15.5,0.684929569,627.5,-12.295,0,52.446132,50.14987425,1208.59443625,49.267495,32.25,2.5,31,32.25,0,0,9.563625,67.017015,0,0,97.455,77.5,1570.58225,31,32.631952,0,109.75,419.7865,453.925,1.25,-8.07675,0,8,Low
0,0,0,0,0,0,24,0,0,24,0.682561083,1776,-42.48,0,139.294008,90.175896,7023.858504,51.891432,120,0,72,72,0,0,43.0704,187.444008,24,24,247.482384,264,4613.136,72,103.13592,0,336,1274.232,852.72,0,-9.826573,0,8,Low
0,2.5,10,0,0,17.5,0,0,2.5,32.5,0.681383019,1430,-27.1,0,107.3689375,140.6566575,2999.0201275,105.56129,77.5,17.5,57.5,72.5,0,0,16.7845,154.0647325,0,0,222.9,177.5,3564.4,57.5,75.0437325,0,250,975.41625,1187.95,15,-8.155025,0,8,Low
2.5,2.5,0,0,2.5,21.5,0,0,0,29,0.678358525,1515.5,-24.435,0,123.377887,142.8668375,3163.590957,94.3236215,92,2.5,68,68,0,0,26.1864,167.1774015,0,0,239.065,195.5,3761.7265,65.5,83.496679,0,263.5,1021.438,928.35,2.5,-8.349856,0,8,Low
24,0,0,0,0,0,0,0,0,24,0.677614414,1368,-19.92,0,119.876184,127.42728,2898.588336,76.67676,96,0,72,72,0,0,2.7672,155.097144,0,0,220.08,168,3436.464,48,74.508048,24,240,960.12,772.8,24,-8.630882,0,8,Low
0,11,0,0,0,0,0,0,13,24,0.674873768,1156,-26.29,0,95.152875,95.951871,2809.034765,78.248397,72,37,59,85,0,0,-19.1524,112.596534,0,0,178.71,120,2942.979,59,54.873227,0,205,731.8741,1450.3,26,-8.598214,0,8,Low
2.5,2.5,0,0,0,13.5,0,0,10,28.5,0.67251003,1459.5,-28.015,0,115.544343,135.542775,3364.087928,93.808091,88,22.5,62,82,0,0,5.8136,155.6190635,0,0,228.485,174.5,3659.8735,59.5,76.7127285,2.5,256.5,980.547,1273.775,22.5,-8.372366,0,8,Low
0,0,15,0,0,7.5,0,0,0,22.5,0.671858003,810,-17.775,0,53.760975,86.21175,1659.82938,72.6158325,37.5,15,30,45,0,0,5.1525,85.6914225,0,0,124.725,97.5,2027.4675,30,40.021815,0,142.5,560.826,843.6,15,-8.223414,0,8,Low
2.5,0,10,0,0,15.5,2.5,0,0,30.5,0.671557411,1413.5,-26.645,0,106.150864,133.4279475,3247.7208015,96.1643355,79,10,56,66,0,0,22.61155,154.6058005,2.5,2.5,218.059415,183.5,3535.9405,53.5,76.232148,2.5,249.5,984.566,1007.875,12.5,-8.527593,0,8,Low
0,0,5,7,0,0,0,0,0,12,0.671188799,420,-9.48,0,31.421203,37.252237,822.612395,38.234325,19,5,19,24,0,0,3.437,44.0067,0,0,64.52,50,1056.214,19,20.655293,0,74,284.767,399.55,5,-7.963612,0,8,Low
0,2.5,2.5,0,0,16.5,0,0,10,31.5,0.66800296,1543,-30.285,0,119.2362895,145.5188,3523.3864845,103.650444,89.5,25,63,85.5,0,0,8.7844,164.044484,0,0,240.715,185.5,3864.119,63,80.796169,0,271,1036.995,1379.9,22.5,-8.142105,0,8,Low
0,0,17,0,0,7.5,0,0,0,24.5,0.666941271,866,-19.355,0,56.804027,92.63175,1775.656186,79.0254425,39.5,17,32,49,0,0,4.4679,91.2315345,0,0,133.145,103.5,2169.6255,32,42.401261,0,152.5,599.6088,929.78,17,-8.21041,0,8,Low
7.5,0,0,17,0,0,0,0,0,24.5,0.666059846,1107.5,-19.655,0,95.2942705,91.312172,2200.347635,77.9007875,64,0,56.5,56.5,0,0,13.36825,121.7048775,0,0,174.345,137.5,2775.884,49,58.999983,7.5,194,756.1475,688.6,7.5,-8.067014,0,8,Low
2.5,26.5,2.5,2.5,0,0,0,0,0,34,0.664183548,1531.5,-28.02,0,139.5957525,118.0016385,2960.4693005,106.38432,97,29,94.5,97,0,0,-6.4694,152.104339,0,0,238.98,170,3863.029,92,74.554935,2.5,267,963.9737,1487.02,5,-8.152897,0,8,Low
22,0,0,0,0,0,0,0,0,22,0.663705429,1254,-18.26,0,109.886502,116.80834,2657.039308,70.28703,88,0,66,66,0,0,2.5366,142.172382,0,0,201.74,154,3150.092,44,68.299044,22,220,880.11,708.4,22,-8.615679,0,8,Low
0,0,20,0,0,7.5,0,0,0,27.5,0.663118437,950,-21.725,0,61.368605,102.26175,1949.396395,88.6398575,42.5,20,35,55,0,0,3.441,99.5417025,0,0,145.775,112.5,2382.8625,35,45.97043,0,167.5,657.783,1059.05,20,-8.072196,0,8,Low
0,0,0,22,0,0,0,0,0,22,0.66159883,880,-17.38,0,74.842658,66.635602,1675.28548,69.8038,44,0,44,44,0,0,16.181,94.77732,0,0,136.62,110,2202.574,44,46.220988,0,154,590.26,578.6,0,-7.9283147,0,8,Low
0,10,2.5,2.5,0,0,0,13.5,0,28.5,0.659966375,1467,-33.445,0,114.183651,84.064154,4781.665525,79.9132695,78,12.5,64.5,67,0,0,23.9253,152.699062,13.5,13.5,212.8493395,205,3778.688,64.5,79.7115765,0,272,1024.844,993.825,2.5,-9.146779,0,8,Low
0,0,0,0,0,24,0,0,0,24,0.659872985,1248,-18.96,0,99.001872,121.7976,2531.610672,78.540024,72,0,48,48,0,0,32.9184,141.249864,0,0,197.04,168,3076.104,48,70.963104,0,216,863.856,631.2,0,-8.284046,0,8,Low
0,2.5,2.5,0,0,21.5,2.5,0,0,29,0.653336127,1488,-25.46,0,117.832972,134.9372325,3363.523092,91.5547165,87,5,60.5,63,0,0,32.3899,164.1428465,2.5,2.5,230.744415,198,3704.199,60.5,82.813934,0,261,1025.6865,878.325,2.5,-8.566081,0,8,Low
0,0,0,24,0,0,0,0,0,24,0.652836737,960,-18.96,0,81.646536,72.693384,1827.58416,76.1496,48,0,48,48,0,0,17.652,103.39344,0,0,149.04,120,2402.808,48,50.422896,0,168,643.92,631.2,0,-7.912944,0,8,Low
0,2.5,15.5,0,0,10,2.5,0,0,30.5,0.652400298,1254,-26.645,0,90.174413,118.3058825,2903.333884,95.58342,65.5,18,50.5,66,0,0,12.1666,132.471348,2.5,2.5,191.059415,156.5,3154.2595,50.5,64.277179,0,222.5,863.8437,1136.045,15.5,-8.443921,0,8,Low
0,1.25,13.25,1.25,0,1.25,0,0,0,17,0.651116268,543.5,-13.48,0,34.9840845,56.86651875,1103.98720225,54.409705,23.25,14.5,22,35.25,0,0,-2.266725,55.023057,0,0,82.77,61,1372.30175,22,24.848611,0,96.25,370.7683,694.855,13.25,-7.819767,0,8,Low
0,10,17.5,0,0,2.5,0,0,2.5,32.5,0.649918493,1205,-27.4,0,89.394775,113.8338375,2508.67327,103.8455375,62.5,32.5,57.5,80,0,0,-8.5475,120.026845,0,0,185.1,132.5,3045.7975,57.5,56.1902775,0,212.5,792.75525,1465.6,22.5,-8.036482,0,8,Low
2.5,10,0,0,0,10,0,0,14.5,37,0.647919058,1847.5,-37.415,0,150.0394575,163.4135305,4290.9743895,120.928678,113.5,39,86.5,115.5,0,0,-6.6952,190.472332,0,0,288.085,210,4658.7345,84,93.518798,2.5,325.5,1212.18645,1855.555,31.5,-7.353883,0,8,Low
0,10,2.5,2.5,0,0,0,17.5,0,32.5,0.646360499,1715,-39.725,0,131.533055,94.38495,5839.373065,89.6479975,90,12.5,72.5,75,0,0,31.5885,179.47831,17.5,17.5,246.9528475,245,4427.44,72.5,94.3439125,0,320,1210.584,1099.025,2.5,-9.042485,0,8,Low
0,2.5,2.5,2.5,0,0,0,24.5,0,32,0.643679215,1804,-44.49,0,129.4039495,87.220663,7032.80197,83.3480465,88.5,5,64,66.5,0,0,47.18985,192.8741365,24.5,24.5,252.8589865,277.5,4691.886,64,103.374938,0,344,1323.8155,934.15,2.5,-9.219081,0,8,Low
2.5,0,0,15.5,0,0,0,2.5,10,30.5,0.639172574,1417.5,-31.445,0,112.5990345,112.021373,3562.2524775,97.1149075,78.5,20,63.5,83.5,0,0,4.217,148.5220225,2.5,2.5,217.2946925,170,3596.5585,61,72.980792,2.5,253.5,955.976,1275.8,22.5,-8.117212,0,8,Low
7.5,0,0,0,0,15,0,0,0,22.5,0.637635674,1207.5,-18.075,0,99.3374775,115.944525,2488.065525,73.0490025,75,0,52.5,52.5,0,0,21.43875,136.7490225,0,0,191.925,157.5,2996.46,45,67.635705,7.5,210,839.9475,636,7.5,-8.356317,0,8,Low
0,10,2.5,2.5,0,0,0,15.5,0,30.5,0.636648084,1591,-36.585,0,122.858353,89.224552,5310.519295,84.7806335,84,12.5,68.5,71,0,0,27.7569,166.088686,15.5,15.5,229.9010935,225,4103.064,68.5,87.0277445,0,296,1117.714,1046.425,2.5,-9.122229,0,8,Low
0,10,2.5,0,0,2.5,0,0,13.5,28.5,0.635162091,1335,-30.07,0,106.764235,115.5681665,3200.799856,93.0234115,80.5,39.5,64.5,94,0,0,-16.9001,132.215526,0,0,206.43,142.5,3389.0535,64.5,64.2049265,0,236.5,858.29635,1613.34,29.5,-8.499989,0,8,Low
2.5,0,2.5,0,0,16.5,10,0,0,31.5,0.633274565,1810.5,-34.785,0,142.3938745,142.607815,5113.8098395,91.6168715,112,2.5,73,75.5,0,0,40.0099,198.292044,10,10,272.03266,250.5,4572.624,70.5,102.4959965,2.5,326,1273.322,977.475,5,-8.660635,0,8,Low
0,0,0,0,0,13,0,0,11,24,0.632417056,1226,-24.79,0,93.818364,115.858029,2932.116745,79.792462,72,22,48,70,0,0,4.3437,130.249864,0,0,191.21,146,3075.664,48,64.298842,0,216,824.3341,1135.99,22,-8.650152,0,8,Low
0,0,0,0,0,20,0,0,7.5,27.5,0.63203185,1415,-25.7,0,109.905435,135.5100425,3173.8762175,90.8477125,82.5,15,55,70,0,0,18.23625,154.3488025,0,0,221.8,177.5,3524.4025,55,76.768075,0,247.5,962.88825,1067.425,15,-8.48976,0,8,Low
2.5,0,0,13.5,0,0,0,2.5,10,28.5,0.629899692,1337.5,-29.865,0,105.7951565,105.963591,3409.9537975,90.7691075,74.5,20,59.5,79.5,0,0,2.746,139.9059025,2.5,2.5,204.8746925,160,3396.3245,57,68.778884,2.5,239.5,902.316,1223.2,22.5,-8.4075775,0,8,Low
0,20,0,0,0,0,0,7.5,0,27.5,0.623099229,1385,-28.375,0,119.1716325,86.6199725,3736.6930775,80.481215,82.5,20,75,75,0,0,8.5265,139.45871,7.5,7.5,207.3440775,175,3538.73,75,71.63713,0,250,913.0985,1127.85,0,-9.0849495,0,8,Low
0,0,7.5,0,0,17,0,0,0,24.5,0.621921395,1094,-19.355,0,81.537771,110.3483,2227.5747485,79.6685545,58.5,7.5,41.5,49,0,0,20.74995,120.827407,0,0,171.145,141.5,2711.9995,41.5,59.1884545,0,190.5,757.3335,770.275,7.5,-8.409014,0,8,Low
0,0,11,0,0,13,0,0,0,24,0.620555649,984,-18.96,0,70.3628,101.2837,2008.336547,77.795368,50,11,37,48,0,0,14.0655,106.980959,0,0,153.04,124,2448.092,37,51.525301,0,172,681.2274,815.89,11,-8.388793,0,8,Low
7.5,17,0,0,0,0,0,0,0,24.5,0.619341042,1209.5,-20.335,0,111.1065825,96.999233,2396.276579,76.8557975,81,17,73.5,73.5,0,0,-4.10095,124.3283345,0,0,190.665,137.5,3047.867,66,60.85504,7.5,211,780.1481,1032.51,7.5,-8.629964,0,8,Low
0,0,7.5,0,0,15,0,0,0,22.5,0.619308917,990,-17.775,0,73.287615,100.1985,2016.6071925,73.1235525,52.5,7.5,37.5,45,0,0,18.00675,109.056585,0,0,154.725,127.5,2455.6575,37.5,53.2748625,0,172.5,685.3455,717.675,7.5,-8.413053,0,8,Low
15.5,0,0,2.5,0,0,0,10,2.5,30.5,0.618486915,1728.5,-33.84,0,138.433018,127.00835,5061.3807195,90.255375,104.5,5,76.5,81.5,0,0,19.71865,190.098703,10,10,262.11877,233.5,4411.883,61,95.830391,15.5,315,1232.50525,1008.325,20.5,-8.44838,0,8,Low
0,0,7.5,0,0,17,0,0,0,24.5,0.61758974,1094,-19.355,0,81.537771,110.3483,2227.5747485,79.6685545,58.5,7.5,41.5,49,0,0,20.74995,120.827407,0,0,171.145,141.5,2711.9995,41.5,59.1884545,0,190.5,757.3335,770.275,7.5,-8.409014,0,8,Low
10,0,14.5,2.5,10,0,0,0,0,37,0.617303322,1636,-34.93,0,126.0010645,155.5089375,3736.1308935,119.1470225,99.5,14.5,89.5,104,0,0,-13.4156,168.876412,0,0,255.07,186,4143.978,79.5,80.1048785,0,290,1056.1003,1676.855,24.5,-7.5479326,0,8,Low
2.5,2.5,0,0,24.5,2.5,0,0,0,32,0.615248253,1759.5,-38.465,0,145.069901,152.6971595,4455.588907,104.2982925,123,2.5,118,118,0,0,-25.0508,172.6512005,0,0,274.035,194.5,4475.0735,115.5,85.741833,-22,312.5,1014.712,1890.11,2.5,-8.6309595,0,8,Low
13,11,0,0,0,0,0,0,0,24,0.605099718,1247,-19.92,0,112.585758,106.020774,2534.488974,75.758975,85,11,72,72,0,0,-1.7142,133.097144,0,0,198.08,146,3138.694,59,64.669351,13,218,830.7248,930.43,13,-8.63545,0,8,Low
0,10,2.5,10,0,0,0,10,0,32.5,0.602944931,1550,-33.875,0,124.517465,97.75014,4427.2914775,95.1921325,82.5,12.5,72.5,75,0,0,22.73625,161.57767,10,10,229.58377,207.5,3961.9075,72.5,82.6654375,0,282.5,1063.5465,1099.025,2.5,-8.730609,0,8,Low
17,0,7.5,0,0,0,0,0,0,24.5,0.599276023,1179,-20.035,0,96.323742,114.33599,2487.5172605,78.3487425,75.5,7.5,58.5,66,0,0,-0.60715,130.635897,0,0,187.465,141.5,2967.2545,41.5,61.6994565,17,207.5,825.5205,870.575,24.5,-8.434763,0,8,Low
17,7.5,0,0,0,0,0,0,0,24.5,0.599276023,1314,-20.335,0,117.4028595,115.48667,2710.726028,77.64843,90.5,7.5,73.5,73.5,0,0,-0.23065,143.3283345,0,0,209.665,156.5,3305.032,56.5,69.3520965,17,230,891.8985,896.375,17,-8.620229,0,8,Low
0,2.5,2.5,0,0,2.5,23.5,0,0,31,0.59632673,2054,-47.62,0,161.338747,117.4180415,7505.207501,74.7822005,135,5,85.5,88,0,0,44.0161,216.3335445,23.5,23.5,291.301501,296,5305.444,85.5,116.87874,0,384,1456.7535,1124.755,2.5,-8.923587,0,8,Low
0,10,14.5,0,0,10,0,0,2.5,37,0.59457884,1511,-30.955,0,115.768282,142.2655875,3126.061396,118.77488,82,29.5,69.5,89,0,0,2.7664,155.8572595,0,0,234.045,176,3793.843,69.5,74.7970785,0,265,1004.53605,1533.58,19.5,-7.574013,0,8,Low
0,7.5,0,0,0,0,0,0,20,27.5,0.594148045,1345,-32.625,0,105.5675625,115.92446,3495.42771,91.062905,82.5,47.5,62.5,102.5,0,0,-26.71275,131.1760775,0,0,207.375,137.5,3433.49,62.5,63.5946425,0,240,859.8355,1792.775,40,-8.795563,0,8,Low
2.5,0,0,2.5,0,0,0,10,15.5,30.5,0.583850687,1637.5,-40.21,0,121.000135,116.939447,5335.9265105,92.744797,91.5,31,63.5,94.5,0,0,2.28045000000001,169.598093,10,10,242.74877,207.5,4216.168,61,86.034267,2.5,302,1133.65455,1528.195,33.5,-8.77843,0,8,Low
0,7.5,0,0,0,0,0,17,0,24.5,0.583314751,1399,-32.915,0,106.2255295,69.089063,5152.816335,64.708319,73.5,7.5,56.5,56.5,0,0,30.37785,147.2796615,17,17,198.714909,207.5,3628.066,56.5,78.7629905,0,264,1001.2085,796.075,0,-9.368187,0,8,Low
0,0,0,22,0,0,0,0,0,22,0.579295093,880,-17.38,0,74.842658,66.635602,1675.28548,69.8038,44,0,44,44,0,0,16.181,94.77732,0,0,136.62,110,2202.574,44,46.220988,0,154,590.26,578.6,0,-7.9283147,0,8,Low
0,13.5,2.5,10,0,0,0,10,0,36,0.577226142,1711,-36.78,0,139.6797275,109.522124,4734.1524795,106.0821375,93,16,83,85.5,0,0,21.7139,177.1960035,10,10,254.67877,225,4368.3135,83,90.4007,0,310.5,1162.3928,1261.88,2.5,-7.967558,0,8,Low
2.5,0,0,2.5,0,0,0,17.5,10,32.5,0.575394227,1827.5,-44.725,0,133.4340925,111.348775,6538.7143325,92.3724375,97.5,20,67.5,87.5,0,0,23.3925,192.9394225,17.5,17.5,264.4528475,255,4727.8575,65,100.53965,2.5,342.5,1303.711,1328.4,22.5,-8.525858,0,8,Low
0,0,0,17,7.5,0,0,0,0,24.5,0.573441734,1100,-23.33,0,91.947223,87.7139045,2418.239825,78.5366375,64,0,64,64,0,0,3.9205,113.2245,0,0,170.67,130,2775.374,64,55.6335855,-7.5,194,686.96,945.325,0,-8.279063,0,8,Low
0,2.5,10,0,0,15.5,0,0,2.5,30.5,0.569793994,1326,-25.52,0,99.1187815,130.5068575,2788.0525715,99.016288,71.5,17.5,53.5,68.5,0,0,14.0413,142.2939105,0,0,206.48,163.5,3308.058,53.5,69.1301405,0,232,903.42825,1135.35,15,-8.366502,0,8,Low
7.5,0,0,7.5,0,0,0,7.5,7.5,30,0.568912666,1567.5,-33.825,0,122.9098575,115.9012425,4524.3312,91.408545,90,15,67.5,82.5,0,0,11.55375,167.62998,7.5,7.5,236.8940775,202.5,4002.165,60,84.108705,7.5,285,1092.53325,1177.425,22.5,-8.370072,0,8,Low
0,2.5,21.5,0,0,2.5,0,0,2.5,29,0.562258686,972,-24.335,0,62.9903165,101.4481575,2082.767592,93.3290325,44,29,39,65.5,0,0,-7.72595,97.6392115,0,0,148.165,107,2459.2435,39,44.373607,0,172.5,658.50735,1288.985,26.5,-7.711311,0,8,Low
0,19.5,2.5,0,0,2.5,10,0,0,34.5,0.560880892,1837,-37.835,0,156.6311425,123.872308,5044.7548165,98.48758,118.5,22,96,98.5,0,0,14.8233,186.756767,10,10,273.98266,232.5,4684.527,96,96.43606,0,331,1220.1086,1436.11,2.5,-8.18705,0,8,Low
2.5,0,0,2.5,0,0,0,24.5,2.5,32,0.560374545,1886.5,-45.815,0,136.3916745,95.3981255,7325.50187,84.010519,96,5,66.5,71.5,0,0,45.99885,203.162524,24.5,24.5,266.5339865,287.5,4902.191,64,108.514083,2.5,359,1385.74775,971.075,7.5,-9.144486,0,8,Low
0,17.5,2.5,2.5,0,0,0,10,0,32.5,0.559649141,1595,-34.175,0,131.493485,100.2591375,4513.7307175,94.7311075,90,20,80,82.5,0,0,15.02925,162.7350775,10,10,236.78377,207.5,4081.9,80,83.483845,0,290,1074.135,1250.75,2.5,-8.942683,0,8,Low
0,0,0,0,0,10,14,0,0,24,0.559131575,1556,-32.68,0,122.505618,103.351606,5152.088574,62.995012,100,0,62,62,0,0,38.8404,168.196448,14,14,226.464724,224,3972.706,62,89.73058,0,286,1103.242,760.42,0,-9.078376,0,8,Low
0,0,17,0,0,7.5,0,0,0,24.5,0.558430441,866,-19.355,0,56.804027,92.63175,1775.656186,79.0254425,39.5,17,32,49,0,0,4.4679,91.2315345,0,0,133.145,103.5,2169.6255,32,42.401261,0,152.5,599.6088,929.78,17,-8.21041,0,8,Low
10,0,0,10,0,0,0,10,2.5,32.5,0.55767108,1715,-35.2,0,136.475935,120.5229475,4968.2409425,96.4803675,97.5,5,75,80,0,0,24.60075,186.8660575,10,10,258.25877,232.5,4375.2375,65,94.512785,10,312.5,1213.70275,1028.475,15,-8.438419,0,8,Low
0,0,0,0,0,7.5,0,0,17,24.5,0.55611777,1240,-28.365,0,93.053535,115.155713,3203.316492,82.1118605,73.5,34,49,83,0,0,-10.5567,127.1925695,0,0,192.135,137.5,3139.5095,49,62.142188,0,220.5,820.7737,1424.48,34,-8.5636215,0,8,Low
0,15,0,0,0,0,7.5,0,0,22.5,0.552025741,1245,-25.725,0,108.5105025,78.6313275,3510.0743625,62.8875225,82.5,15,67.5,67.5,0,0,9.078,125.5119675,7.5,7.5,184.888245,157.5,3183.345,67.5,65.3811,0,225,821.8245,964.425,0,-9.07903,0,8,Low
0,15.5,2.5,2.5,0,0,0,10,0,30.5,0.550472612,1503,-32.515,0,122.829335,93.5322895,4338.3815735,88.5082475,84,18,74,76.5,0,0,15.61345,153.8103155,10,10,222.44377,197.5,3849.668,74,79.063695,0,274,1017.6514,1157.69,2.5,-9.062008,0,8,Low
0,7.5,17,0,0,0,0,0,0,24.5,0.548187338,821,-19.655,0,58.3565045,79.79568,1642.087141,77.81741,39.5,24.5,39.5,56.5,0,0,-8.00985,80.5588095,0,0,125.345,88.5,2079.213,39.5,36.8008535,0,145,541.4673,1081.505,17,-8.1469,0,8,Low
0,0,10,0,0,0,0,14,0,24,0.545434651,1148,-29.88,0,75.938174,68.222786,4281.11042,66.119598,52,10,38,48,0,0,23.3982,121.427928,14,14,161.462278,170,2981.422,38,63.110406,0,218,844.004,799.1,10,-9.264466,0,8,Low
7.5,0,0,7.5,0,0,0,7.5,7.5,30,0.54481744,1567.5,-33.825,0,122.9098575,115.9012425,4524.3312,91.408545,90,15,67.5,82.5,0,0,11.55375,167.62998,7.5,7.5,236.8940775,202.5,4002.165,60,84.108705,7.5,285,1092.53325,1177.425,22.5,-8.370072,0,8,Low
10,0,0,2.5,0,0,0,17.5,2.5,32.5,0.543815046,1880,-41.05,0,143.491525,117.1577575,6380.32253,90.9362325,105,5,75,80,0,0,33.453,204.7666975,17.5,17.5,275.6278475,270,4840.77,65,106.19126,10,350,1360.74025,1028.475,15,-8.743625,0,8,Low
0,0,7.5,0,0,17,0,0,0,24.5,0.542270483,1094,-19.355,0,81.537771,110.3483,2227.5747485,79.6685545,58.5,7.5,41.5,49,0,0,20.74995,120.827407,0,0,171.145,141.5,2711.9995,41.5,59.1884545,0,190.5,757.3335,770.275,7.5,-8.409014,0,8,Low
2.5,0,0,2.5,0,0,0,10,17.5,32.5,0.540158979,1737.5,-42.85,0,128.307835,126.009325,5619.7133525,99.517515,97.5,35,67.5,102.5,0,0,-0.171749999999996,179.368915,10,10,258.10877,217.5,4472.43,65,90.736175,2.5,320,1198.45675,1672.575,37.5,-8.473015,0,8,Low
7.5,0,0,7.5,0,0,0,7.5,7.5,30,0.538540413,1567.5,-33.825,0,122.9098575,115.9012425,4524.3312,91.408545,90,15,67.5,82.5,0,0,11.55375,167.62998,7.5,7.5,236.8940775,202.5,4002.165,60,84.108705,7.5,285,1092.53325,1177.425,22.5,-8.370072,0,8,Low
2.5,0,24.5,0,0,2.5,2.5,0,0,32,0.537137453,1143.5,-27.83,0,74.586977,113.9992475,2716.176031,100.091495,54.5,24.5,44.5,69,0,0,-0.182600000000001,118.2612695,2.5,2.5,172.374415,136,2900.363,42,55.0447835,2.5,205,797.8193,1290.78,27,-7.802562,0,8,Low
2.5,2.5,0,0,10,17.5,0,0,0,32.5,0.533557134,1727.5,-31.175,0,140.991835,158.789995,3865.35689,105.830955,110,2.5,90,90,0,0,12.117,183.6232375,0,0,271.325,212.5,4322.4275,87.5,91.5868625,-7.5,302.5,1108.312,1321.375,2.5,-8.212948,0,8,Low
2.5,23.5,2.5,2.5,0,0,0,0,0,31,0.528765296,1393.5,-25.53,0,126.5995275,107.9113665,2697.4455845,97.05003,88,26,85.5,88,0,0,-5.5931,138.717196,0,0,217.47,155,3514.681,83,67.92471,2.5,243,879.2483,1347.43,5,-8.452135,0,8,Low
0,0,13,0,0,11,0,0,0,24,0.526055982,936,-18.96,0,65.155696,97.5539,1913.195797,77.659976,46,13,35,48,0,0,10.6377,100.750249,0,0,145.04,116,2333.908,35,47.991155,0,164,648.0222,849.47,13,-8.358276,0,8,Low
0,0,0,0,0,10,14,0,0,24,0.524177507,1556,-32.68,0,122.505618,103.351606,5152.088574,62.995012,100,0,62,62,0,0,38.8404,168.196448,14,14,226.464724,224,3972.706,62,89.73058,0,286,1103.242,760.42,0,-9.078376,0,8,Low
0,15.5,2.5,0,0,2.5,10,0,0,30.5,0.522446891,1653,-34.515,0,139.3028425,110.418612,4694.0565285,86.04186,106.5,18,84,86.5,0,0,15.9917,168.907243,10,10,245.30266,212.5,4220.063,84,87.59576,0,299,1107.1414,1249.99,2.5,-9.01313,0,8,Low
0,23.5,2.5,0,0,2.5,0,0,2.5,31,0.520235997,1406,-26.755,0,125.0548975,111.0900615,2823.578947,97.7777675,88,31,83,90.5,0,0,-7.35635,138.7181485,0,0,218.745,155,3547.1785,83,68.180445,0,245.5,883.14855,1447.405,7.5,-8.451811,0,8,Low
0,13.5,2.5,0,0,2.5,10,0,0,28.5,0.51541178,1561,-32.855,0,130.6386925,103.691764,4518.7073845,79.819,100.5,16,78,80.5,0,0,16.5759,159.982481,10,10,230.96266,202.5,3987.831,78,83.17561,0,283,1050.6578,1156.93,2.5,-9.148592,0,8,Low
0,2.5,2.5,0,0,17.5,10,0,0,32.5,0.512699706,1835,-35.575,0,144.8620375,142.8176,5136.5437625,94.680785,112.5,5,75,77.5,0,0,40.363,199.177455,10,10,275.24266,252.5,4633.12,75,103.216725,0,330,1279.908,1039.6,2.5,-8.637996,0,8,Low
0,0,20,0,0,7.5,0,0,0,27.5,0.510946051,950,-21.725,0,61.368605,102.26175,1949.396395,88.6398575,42.5,20,35,55,0,0,3.441,99.5417025,0,0,145.775,112.5,2382.8625,35,45.97043,0,167.5,657.783,1059.05,20,-8.072196,0,8,Low
2.5,0,0,2.5,0,0,0,15.5,10,30.5,0.509425429,1703.5,-41.585,0,124.7593905,106.188377,6009.8605625,87.5050735,91.5,20,63.5,83.5,0,0,19.5609,179.5497985,15.5,15.5,247.4010935,235,4403.4815,61,93.223482,2.5,318.5,1210.841,1275.8,22.5,-8.745629,0,8,Low
0,20,7.5,0,0,0,0,0,0,27.5,0.507361786,1130,-22.525,0,98.052945,91.34348,2187.8419625,86.2646375,67.5,27.5,67.5,75,0,0,-8.40925,110.02304,0,0,174.975,122.5,2855.4125,67.5,53.1244225,0,197.5,710.2715,1253.775,7.5,-8.511728,0,8,Low
0,2.5,2.5,0,0,23.5,2.5,0,0,31,0.506417747,1592,-27.04,0,126.083128,145.0870325,3574.490648,98.0997185,93,5,64.5,67,0,0,35.1331,175.9136685,2.5,2.5,247.164415,212,3960.541,64.5,88.727526,0,279,1097.6745,930.925,2.5,-8.5515175,0,8,Low
0,0,0,24,0,0,0,0,0,24,0.504655376,960,-18.96,0,81.646536,72.693384,1827.58416,76.1496,48,0,48,48,0,0,17.652,103.39344,0,0,149.04,120,2402.808,48,50.422896,0,168,643.92,631.2,0,-7.912944,0,8,Low
0,0,7.5,0,0,15,0,0,0,22.5,0.503010718,990,-17.775,0,73.287615,100.1985,2016.6071925,73.1235525,52.5,7.5,37.5,45,0,0,18.00675,109.056585,0,0,154.725,127.5,2455.6575,37.5,53.2748625,0,172.5,685.3455,717.675,7.5,-8.413053,0,8,Low
0,0,0,0,0,24,0,0,0,24,0.501736308,1248,-18.96,0,99.001872,121.7976,2531.610672,78.540024,72,0,48,48,0,0,32.9184,141.249864,0,0,197.04,168,3076.104,48,70.963104,0,216,863.856,631.2,0,-8.284046,0,8,Low
0,0,7.5,0,0,20,0,0,0,27.5,0.501658729,1250,-21.725,0,93.913005,125.573,2544.0260825,89.4860575,67.5,7.5,47.5,55,0,0,24.86475,138.48364,0,0,195.775,162.5,3096.5125,47.5,68.0588425,0,217.5,865.3155,849.175,7.5,-8.411138,0,8,Low
0,2.5,24.5,0,0,2.5,0,0,2.5,32,0.487719385,1056,-26.705,0,67.5548945,111.0781575,2256.507801,102.9434475,47,32,42,71.5,0,0,-8.75285,105.9493795,0,0,160.795,116,2672.4805,42,47.942776,0,187.5,716.68155,1418.255,29.5,-7.539955,0,8,Low
2.5,0,0,2.5,0,0,0,21.5,2.5,29,0.486159647,1700.5,-41.105,0,123.3796215,87.6575285,6532.221215,76.709473,87,5,60.5,65.5,0,0,40.25145,183.078088,21.5,21.5,240.9563555,257.5,4415.627,58,97.539831,2.5,323,1246.44275,892.175,7.5,-9.145117,0,8,Low
0,2.5,2.5,24.5,0,0,0,2.5,0,32,0.486093698,1320,-27.33,0,108.8248855,97.091887,2890.69598,99.6108425,66.5,5,64,66.5,0,0,21.22325,140.3655925,2.5,2.5,201.9096925,167.5,3326.324,64,69.118078,0,234,892.5055,934.15,2.5,-7.973951,0,8,Low
0,0,0,0,0,22,0,0,0,22,0.485908328,1144,-17.38,0,90.751716,111.6478,2320.643116,71.995022,66,0,44,44,0,0,30.1752,129.479042,0,0,180.62,154,2819.762,44,65.049512,0,198,791.868,578.6,0,-8.308831,0,8,Low
2.5,2.5,0,0,10,16.5,0,0,0,31.5,0.475307414,1675.5,-30.385,0,136.866757,153.715095,3759.873112,102.558454,107,2.5,88,88,0,0,10.7454,177.7378265,0,0,263.115,205.5,4194.2565,85.5,88.6300665,-7.5,293.5,1072.318,1295.075,2.5,-8.400525,0,8,Low
0,0,0,15,0,0,0,0,7.5,22.5,0.473829967,975,-21.75,0,78.43296,79.4454075,2206.4407575,72.9911925,52.5,15,45,60,0,0,1.83675,101.2614825,0,0,150.75,112.5,2462.7375,45,49.146465,0,172.5,645.45825,935.925,15,-8.367612,0,8,Low
13,0,0,0,0,0,0,11,0,24,0.464328831,1423,-28.06,0,112.643794,97.405299,4478.764417,68.303747,85,0,61,61,0,0,22.5727,157.653885,11,11,212.994647,201,3645.486,48,80.59745,13,262,1030.85,707.9,13,-8.864191,0,8,Low
0,2.5,10,0,0,13.5,2.5,0,0,28.5,0.461939928,1282,-25.065,0,96.243793,118.4130325,2954.0033905,89.410746,70.5,12.5,52,62,0,0,18.84985,137.8349785,2.5,2.5,196.639415,164.5,3211.9235,52,68.0824885,0,226.5,883.17,991.1,10,-8.604996,0,8,Low
0,0,0,0,0,24,0,0,0,24,0.460532135,1248,-18.96,0,99.001872,121.7976,2531.610672,78.540024,72,0,48,48,0,0,32.9184,141.249864,0,0,197.04,168,3076.104,48,70.963104,0,216,863.856,631.2,0,-8.284046,0,8,Low
2.5,0,0,10,0,0,0,2.5,17.5,32.5,0.457361624,1572.5,-37,0,121.292245,129.374515,4207.631765,105.06165,90,35,67.5,102.5,0,0,-9.024,161.468275,2.5,2.5,240.7396925,180,4006.8975,65,79.0577,2.5,282.5,1051.41925,1672.575,37.5,-7.8000255,0,8,Low
0,10,14,0,0,0,0,0,0,24,0.454646708,852,-19.36,0,64.622114,78.57424,1687.533362,75.98157,44,24,44,58,0,0,-7.7132,83.404594,0,0,130.64,92,2156.266,44,38.756872,0,150,553.8976,1068.56,14,-8.33367,0,8,Low
0,17,0,0,0,0,0,7.5,0,24.5,0.452471638,1247,-25.885,0,106.1754075,76.5297005,3473.6693615,71.146925,73.5,17,66,66,0,0,9.4028,126.071567,7.5,7.5,185.8340775,160,3190.382,66,65.006905,0,226,828.3731,988.26,0,-9.105008,0,8,Low
0,0,7.5,0,0,0,0,17,0,24.5,0.450343903,1264,-32.615,0,85.146412,67.938383,4929.6075675,65.4086315,58.5,7.5,41.5,49,0,0,30.00135,134.587224,17,17,176.514909,192.5,3290.2885,41.5,71.1103505,0,241.5,934.8305,770.275,7.5,-9.321341,0,8,Low
0,0,13,0,0,11,0,0,0,24,0.450291001,936,-18.96,0,65.155696,97.5539,1913.195797,77.659976,46,13,35,48,0,0,10.6377,100.750249,0,0,145.04,116,2333.908,35,47.991155,0,164,648.0222,849.47,13,-8.358276,0,8,Low
0,0,7.5,0,0,15,0,0,0,22.5,0.447078262,990,-17.775,0,73.287615,100.1985,2016.6071925,73.1235525,52.5,7.5,37.5,45,0,0,18.00675,109.056585,0,0,154.725,127.5,2455.6575,37.5,53.2748625,0,172.5,685.3455,717.675,7.5,-8.413053,0,8,Low
0,10,10,0,0,2.5,10,0,0,32.5,0.442223089,1610,-35.875,0,126.887875,115.99478,4646.196905,92.9650325,97.5,20,75,85,0,0,15.031,165.1395675,10,10,237.44266,207.5,4114.5175,75,84.36327,0,292.5,1097.247,1317.25,10,-8.669518,0,8,Low
2.5,0,21.5,2.5,2.5,0,0,0,0,29,0.440040896,984.5,-24.335,0,65.076179,101.935155,2112.0148145,93.0218325,46.5,21.5,44,65.5,0,0,-8.09345,99.8114665,0,0,150.665,109.5,2494.251,41.5,45.231807,0,175,660.9526,1238.76,24,-7.7117696,0,8,Low
2.5,21.5,0,0,2.5,2.5,0,0,0,29,0.440040896,1401.5,-25.195,0,127.31083,110.3487935,2825.216043,91.2632725,92,21.5,87,87,0,0,-5.4239,140.1398315,0,0,219.305,157.5,3532.6815,84.5,69.30898,0,244.5,874.1462,1312.72,2.5,-8.531021,0,8,Low
2.5,2.5,0,0,10,15.5,0,0,0,30.5,0.438607167,1623.5,-29.595,0,132.741679,148.640195,3654.389334,99.285953,104,2.5,86,86,0,0,9.3738,171.8524155,0,0,254.905,198.5,4066.0855,83.5,85.6732705,-7.5,284.5,1036.324,1268.775,2.5,-8.490885,0,8,Low
0,19.5,2.5,2.5,0,0,0,10,0,34.5,0.433011274,1687,-35.835,0,140.157635,106.9859855,4689.0798615,100.9539675,96,22,86,88.5,0,0,14.44505,171.6598395,10,10,251.12377,217.5,4314.132,86,87.903995,0,306,1130.6186,1343.81,2.5,-8.459775,0,8,Low
10,0,0,2.5,0,0,0,14.5,10,37,0.416088951,2069,-46.24,0,157.883347,143.429203,6651.2425325,109.032879,118.5,20,84,104,0,0,18.50985,221.322844,14.5,14.5,307.6502165,277.5,5315.1885,74,112.849163,10,381.5,1464.4435,1491,30,-7.5891895,0,8,Low
0,26.5,2.5,0,0,2.5,0,0,2.5,34,0.414358414,1544,-29.245,0,138.0511225,121.1803335,3086.602663,107.1120575,97,34,92,99.5,0,0,-8.23265,152.1052915,0,0,240.255,170,3895.5265,92,74.81067,0,269.5,967.87395,1586.995,7.5,-8.163385,0,8,Low
0,0,15,0,0,7.5,0,0,0,22.5,0.408865523,810,-17.775,0,53.760975,86.21175,1659.82938,72.6158325,37.5,15,30,45,0,0,5.1525,85.6914225,0,0,124.725,97.5,2027.4675,30,40.021815,0,142.5,560.826,843.6,15,-8.223414,0,8,Low
0,2.5,10,0,0,15.5,2.5,0,0,30.5,0.403740477,1386,-26.645,0,104.493949,128.5628325,3164.9709465,95.955748,76.5,12.5,56,66,0,0,21.59305,149.6058005,2.5,2.5,213.059415,178.5,3468.2655,56,73.9960805,0,244.5,955.158,1043.7,10,-8.552952,0,8,Low
0,2.5,2.5,2.5,0,0,0,23.5,0,31,0.403487219,1742,-42.92,0,125.0665985,84.640464,6768.375085,80.9143645,85.5,5,62,64.5,0,0,45.27405,186.1793245,23.5,23.5,244.3331095,267.5,4529.698,62,99.716854,0,332,1277.3805,907.85,2.5,-9.2173395,0,8,Low
7.5,0,0,0,0,0,0,10,7.5,25,0.394815428,1422.5,-31.825,0,108.2386925,99.6350575,4614.2783625,73.696,82.5,15,57.5,72.5,0,0,10.827,152.05656,10,10,211.63377,190,3656.7575,50,77.49676,7.5,262.5,1007.39575,1045.925,22.5,-8.822358,0,8,Low
0,7.5,7.5,0,0,7.5,7.5,0,0,30,0.394415717,1500,-31.35,0,118.36947,115.5423975,4077.99393,88.1315925,90,15,67.5,75,0,0,18.9885,156.9601125,7.5,7.5,224.263245,195,3806.85,67.5,79.90443,0,270,1025.4015,1135.875,7.5,-8.858853,0,8,Low
2.5,2.5,0,0,10,13.5,0,0,0,28.5,0.388601928,1519.5,-28.015,0,124.491523,138.490395,3443.421778,92.740951,98,2.5,82,82,0,0,6.6306,160.0815935,0,0,238.485,184.5,3809.7435,79.5,79.7596785,-7.5,266.5,964.336,1216.175,2.5,-8.578154,0,8,Low
20,7.5,0,0,0,0,0,0,0,27.5,0.387534026,1485,-22.825,0,132.3873825,131.41508,3073.04957,87.233025,102.5,7.5,82.5,82.5,0,0,0.11525,162.7154775,0,0,237.175,177.5,3734.59,62.5,78.6656025,20,260,1011.9135,992.975,20,-8.496294,0,8,Low
2.5,0,0,10,0,0,0,10,14.5,37,0.385181173,1887.5,-44.815,0,142.8608275,135.1211905,5765.1531395,113.155188,103.5,29,76.5,105.5,0,0,9.0228,197.023132,10,10,281.64377,240,4838.9145,74,99.440468,2.5,345.5,1302.47845,1653.255,31.5,-7.461422,0,8,Low
0,14,10,0,0,0,0,0,0,24,0.384608892,924,-19.52,0,75.86431,79.187936,1806.578038,75.60807,52,24,52,62,0,0,-7.5124,90.173894,0,0,142.48,100,2336.414,52,42.83828,0,162,589.2992,1082.32,10,-8.429169,0,8,Low
13.5,0,0,10,0,0,0,10,2.5,36,0.382927199,1914.5,-38.105,0,153.9578785,139.1060925,5390.9517415,107.662395,111.5,5,85.5,90.5,0,0,25.0043,209.484391,10,10,290.35377,257,4876.3885,72,105.378542,13.5,347.5,1353.72025,1141.175,18.5,-7.892076,0,8,Low
0,2.5,2.5,0,0,15.5,10,0,0,30.5,0.370697642,1731,-33.995,0,136.6118815,132.6678,4925.5762065,88.135783,106.5,5,71,73.5,0,0,37.6198,187.406633,10,10,258.82266,238.5,4376.778,71,97.303133,0,312,1207.92,987,2.5,-8.735107,0,8,Low
0,17.5,2.5,0,0,2.5,10,0,0,32.5,0.36643219,1745,-36.175,0,147.9669925,117.14546,4869.4056725,92.26472,112.5,20,90,92.5,0,0,15.4075,177.832005,10,10,259.64266,222.5,4452.295,90,92.01591,0,315,1163.625,1343.05,2.5,-8.735971,0,8,Low
0,0,0,0,0,22,0,0,0,22,0.36101399,1144,-17.38,0,90.751716,111.6478,2320.643116,71.995022,66,0,44,44,0,0,30.1752,129.479042,0,0,180.62,154,2819.762,44,65.049512,0,198,791.868,578.6,0,-8.308831,0,8,Low
10,0,14,0,0,0,0,0,0,24,0.359362237,962,-19.36,0,71.249774,98.0347,2018.532782,76.81592,54,14,44,58,0,0,-3.6392,103.404594,0,0,150.64,112,2426.966,34,47.701142,10,170,671.5296,925.26,24,-8.189695,0,8,Low
10,14,0,0,0,0,0,0,0,24,0.359362237,1214,-19.92,0,110.59746,100.182636,2435.189148,75.50867,82,14,72,72,0,0,-2.9364,127.097144,0,0,192.08,140,3057.484,62,61.98607,10,212,795.4352,973.42,10,-8.640918,0,8,Low
0,15,0,0,0,0,0,7.5,0,22.5,0.357928882,1155,-24.225,0,97.5112575,69.8028525,3298.3202175,64.924065,67.5,15,60,60,0,0,9.987,117.146805,7.5,7.5,171.4940775,150,2958.15,60,60.586755,0,210,771.8895,895.2,0,-9.114914,0,8,Low
0,0,0,13,0,0,0,0,11,24,0.35187018,1070,-24.79,0,84.417557,89.259912,2550.769051,78.497649,59,22,48,70,0,0,-3.9256,109.744301,0,0,165.21,120,2710.962,48,53.172896,0,190,705.2021,1135.99,22,-8.520013,0,8,Low
0,2.5,23.5,0,0,2.5,0,0,2.5,31,0.351867206,1028,-25.915,0,66.0333685,107.8681575,2198.594398,99.7386425,46,31,41,69.5,0,0,-8.41055,103.1793235,0,0,156.585,113,2601.4015,41,46.753053,0,182.5,697.29015,1375.165,28.5,-7.6393166,0,8,Low
0,2.5,2.5,0,0,2.5,21.5,0,0,29,0.347556197,1906,-44.08,0,149.730913,109.9033835,6919.885959,70.4579145,125,5,79.5,82,0,0,40.4269,200.7132105,21.5,21.5,270.677969,274,4921.016,79.5,108.28408,0,356,1350.5675,1053.695,2.5,-9.163004,0,8,Low
0,0,7.5,0,0,20,0,0,0,27.5,0.343938642,1250,-21.725,0,93.913005,125.573,2544.0260825,89.4860575,67.5,7.5,47.5,55,0,0,24.86475,138.48364,0,0,195.775,162.5,3096.5125,47.5,68.0588425,0,217.5,865.3155,849.175,7.5,-8.411138,0,8,Low
0,2.5,2.5,0,0,10,17.5,0,0,32.5,0.341870155,2000,-42.925,0,157.45333,132.9358175,6540.37121,86.3531,127.5,5,82.5,85,0,0,43.5355,213.613125,17.5,17.5,291.005905,282.5,5113.4425,82.5,113.27073,0,367.5,1408.1505,1108.825,2.5,-8.696101,0,8,Low
0,0,0,0,0,0,0,0,22,22,0.324939982,1100,-29.04,0,80.3847,99.768658,3121.655262,74.499898,66,44,44,88,0,0,-26.9742,107.479042,0,0,168.96,110,2818.882,44,51.720988,0,198,712.8242,1588.18,44,-8.944286,0,8,Low
2.5,0,0,10,0,0,0,10,12.5,35,0.322499044,1787.5,-42.175,0,135.5531275,126.0513125,5481.3662975,106.38247,97.5,25,72.5,97.5,0,0,11.475,187.25231,10,10,266.28377,230,4582.6525,70,94.73856,2.5,327.5,1237.67625,1508.875,27.5,-7.702574,0,8,Low
0,7.5,0,0,0,0,17,0,0,24.5,0.319419463,1603,-36.315,0,131.1571515,89.100273,5632.792397,60.092156,107.5,7.5,73.5,73.5,0,0,28.31745,166.2406965,17,17,229.075022,224.5,4138.508,73.5,89.6301725,0,298,1114.3945,952.985,0,-9.576585,0,8,Low
0,7.5,7.5,0,0,7.5,7.5,0,0,30,0.318781736,1500,-31.35,0,118.36947,115.5423975,4077.99393,88.1315925,90,15,67.5,75,0,0,18.9885,156.9601125,7.5,7.5,224.263245,195,3806.85,67.5,79.90443,0,270,1025.4015,1135.875,7.5,-8.858853,0,8,Low
0,0,15,0,0,7.5,0,0,0,22.5,0.313232478,810,-17.775,0,53.760975,86.21175,1659.82938,72.6158325,37.5,15,30,45,0,0,5.1525,85.6914225,0,0,124.725,97.5,2027.4675,30,40.021815,0,142.5,560.826,843.6,15,-8.223414,0,8,Low
0,2.5,10,0,0,14.5,10,0,0,37,0.310397557,1889,-39.13,0,143.8982485,151.6679,5254.442951,108.8993195,111,12.5,76.5,86.5,0,0,33.68095,202.296642,10,10,282.18766,254,4781.6995,76.5,103.2692595,0,340.5,1317.3615,1283.875,10,-7.673168,0,8,Low
0,0,11,0,0,13,0,0,0,24,0.306714195,984,-18.96,0,70.3628,101.2837,2008.336547,77.795368,50,11,37,48,0,0,14.0655,106.980959,0,0,153.04,124,2448.092,37,51.525301,0,172,681.2274,815.89,11,-8.388793,0,8,Low
0,7.5,0,0,0,0,20,0,0,27.5,0.303930104,1825,-41.625,0,148.5689025,100.37226,6510.77471,66.578585,122.5,7.5,82.5,82.5,0,0,33.70125,189.6711975,20,20,260.01032,257.5,4715.15,82.5,102.5221625,0,340,1273.6735,1059.575,0,-9.404897,0,8,Low
0,7.5,17,0,0,0,0,0,0,24.5,0.303927201,821,-19.655,0,58.3565045,79.79568,1642.087141,77.81741,39.5,24.5,39.5,56.5,0,0,-8.00985,80.5588095,0,0,125.345,88.5,2079.213,39.5,36.8008535,0,145,541.4673,1081.505,17,-8.1469,0,8,Low
0,10,2.5,0,0,10,12.5,0,0,35,0.302646178,1975,-40.3,0,160.9243075,139.3748525,5734.626645,98.87811,125,12.5,90,92.5,0,0,32.37175,208.0301475,12.5,12.5,293.222075,265,5023.2425,90,108.3596425,0,357.5,1354.499,1280.15,2.5,-8.089658,0,8,Low
0,17,7.5,0,0,0,0,0,0,24.5,0.302112554,992,-20.035,0,85.05672,81.253208,1924.8182465,76.9303475,58.5,24.5,58.5,66,0,0,-7.53295,96.635897,0,0,153.465,107.5,2507.0645,58.5,46.4941975,0,173.5,625.5461,1114.185,7.5,-8.472698,0,8,Low
0,2.5,10,0,0,17.5,2.5,0,0,32.5,0.301294058,1490,-28.225,0,112.744105,138.7126325,3375.9385025,102.50075,82.5,12.5,60,70,0,0,24.33625,161.3766225,2.5,2.5,229.479415,192.5,3724.6075,60,79.9096725,0,262.5,1027.146,1096.3,10,-8.3560295,0,8,Low
0,0,0,0,0,0,0,24,0,24,0.299089497,1488,-37.68,0,104.096424,61.924776,6346.24524,58.408368,72,0,48,48,0,0,45.9792,160.675488,24,24,204.621048,240,3892.512,48,87.794016,0,288,1114.44,631.2,0,-9.529008,0,8,Low
0,2.5,10,0,0,12.5,10,0,0,35,0.29750579,1785,-37.55,0,135.6480925,141.5181,5043.475395,102.3543175,105,12.5,72.5,82.5,0,0,30.93775,190.52582,10,10,265.76766,240,4525.3575,72.5,97.3556675,0,322.5,1245.3735,1231.275,10,-7.898824,0,8,Low
0,14,0,0,0,0,0,0,10,24,0.294560767,1144,-24.82,0,97.18755,92.437326,2646.378218,77.42361,72,34,62,82,0,0,-16.3504,111.327444,0,0,177.18,120,2906.934,62,54.45059,0,202,719.3962,1373.32,20,-8.549103,0,8,Low
0,17,0,0,0,0,7.5,0,0,24.5,0.288666753,1337,-27.385,0,117.1746525,85.3581755,3685.4235065,69.1103825,88.5,17,73.5,73.5,0,0,8.4938,134.4367295,7.5,7.5,199.228245,167.5,3415.577,73.5,69.80125,0,241,878.3081,1057.485,0,-9.052718,0,8,Low
0,0,11,0,0,13,0,0,0,24,0.282599387,984,-18.96,0,70.3628,101.2837,2008.336547,77.795368,50,11,37,48,0,0,14.0655,106.980959,0,0,153.04,124,2448.092,37,51.525301,0,172,681.2274,815.89,11,-8.388793,0,8,Low
0,7.5,17,0,0,0,0,0,0,24.5,0.281008531,821,-19.655,0,58.3565045,79.79568,1642.087141,77.81741,39.5,24.5,39.5,56.5,0,0,-8.00985,80.5588095,0,0,125.345,88.5,2079.213,39.5,36.8008535,0,145,541.4673,1081.505,17,-8.1469,0,8,Low
0,0,17,0,0,7.5,0,0,0,24.5,0.279745099,866,-19.355,0,56.804027,92.63175,1775.656186,79.0254425,39.5,17,32,49,0,0,4.4679,91.2315345,0,0,133.145,103.5,2169.6255,32,42.401261,0,152.5,599.6088,929.78,17,-8.21041,0,8,Low
0,2.5,10,0,0,10,10,0,0,32.5,0.277049143,1655,-35.575,0,125.3353975,128.83085,4779.76595,94.173065,97.5,12.5,67.5,77.5,0,0,27.50875,175.8122925,10,10,245.24266,222.5,4204.93,67.5,89.9636775,0,300,1155.3885,1165.525,10,-8.598021,0,8,Low
0,12.5,2.5,10,0,0,0,10,0,35,0.276102562,1665,-35.95,0,135.3476525,106.1587,4646.4779075,102.9707075,90,15,80,82.5,0,0,22.006,172.7336225,10,10,247.50877,220,4252.1975,80,88.190625,0,302.5,1134.151,1215.35,2.5,-8.168887,0,8,Low
0,13,0,0,0,0,0,11,0,24,0.269417583,1280,-28.06,0,104.027836,72.106701,4048.465171,67.219092,72,13,61,61,0,0,17.2765,131.653885,11,11,186.994647,175,3293.576,61,68.969899,0,236,877.9284,894.19,0,-9.281886,0,8,Low
7.5,0,0,0,0,0,0,17,0,24.5,0.268295739,1481.5,-32.915,0,111.1962745,83.684408,5401.0659,65.3340815,81,0,56.5,56.5,0,0,33.43335,162.2796615,17,17,213.714909,222.5,3831.091,49,85.471193,7.5,279,1089.4325,688.6,7.5,-9.07071,0,8,Low
0,7.5,7.5,0,0,7.5,7.5,0,0,30,0.266293008,1500,-31.35,0,118.36947,115.5423975,4077.99393,88.1315925,90,15,67.5,75,0,0,18.9885,156.9601125,7.5,7.5,224.263245,195,3806.85,67.5,79.90443,0,270,1025.4015,1135.875,7.5,-8.858853,0,8,Low
0,17,0,0,0,0,0,0,7.5,24.5,0.258964256,1157,-24.01,0,101.04915,91.1902505,2554.6683815,78.2920025,73.5,32,66,81,0,0,-14.16145,112.5010595,0,0,179.49,122.5,2934.9545,66,55.20343,0,203.5,723.11885,1332.435,15,-8.552902,0,8,Low
10,0,14,0,0,0,0,0,0,24,0.253069873,962,-19.36,0,71.249774,98.0347,2018.532782,76.81592,54,14,44,58,0,0,-3.6392,103.404594,0,0,150.64,112,2426.966,34,47.701142,10,170,671.5296,925.26,24,-8.189695,0,8,Low
0,2.5,2.5,0,0,16.5,10,0,0,31.5,0.248584309,1783,-34.785,0,140.7369595,137.7427,5031.0599845,91.408284,109.5,5,73,75.5,0,0,38.9914,193.292044,10,10,267.03266,245.5,4504.949,73,100.259929,0,321,1243.914,1013.3,2.5,-8.692431,0,8,Low
0,0,7.5,0,0,20,0,0,0,27.5,0.242178201,1250,-21.725,0,93.913005,125.573,2544.0260825,89.4860575,67.5,7.5,47.5,55,0,0,24.86475,138.48364,0,0,195.775,162.5,3096.5125,47.5,68.0588425,0,217.5,865.3155,849.175,7.5,-8.411138,0,8,Low
2.5,23.5,0,0,0,2.5,0,0,2.5,31,0.240345436,1478.5,-26.855,0,133.738185,116.3387365,2980.7317245,97.7529175,95.5,28.5,88,93,0,0,-6.21235,147.948961,0,0,231.145,165,3727.446,85.5,72.9673925,2.5,258,934.68255,1420.18,7.5,-8.44104,0,8,Low
0,14.5,2.5,10,0,0,0,10,0,37,0.235026022,1757,-37.61,0,144.0118025,112.885548,4821.8270515,109.1935675,96,17,86,88.5,0,0,21.4218,181.6583845,10,10,261.84877,230,4484.4295,86,92.610775,0,318.5,1190.6346,1308.41,2.5,-7.8333273,0,8,Low
7.5,0,17,0,0,0,0,0,0,24.5,0.234966426,903.5,-19.655,0,63.3272495,94.391025,1890.336706,78.4431725,47,17,39.5,56.5,0,0,-4.95435,95.5588095,0,0,140.345,103.5,2282.238,32,43.509056,7.5,160,629.6913,974.03,24.5,-7.9454465,0,8,Low
7.5,17,0,0,0,0,0,0,0,24.5,0.234966426,1209.5,-20.335,0,111.1065825,96.999233,2396.276579,76.8557975,81,17,73.5,73.5,0,0,-4.10095,124.3283345,0,0,190.665,137.5,3047.867,66,60.85504,7.5,211,780.1481,1032.51,7.5,-8.629964,0,8,Low
0,13.5,2.5,2.5,0,0,0,10,0,28.5,0.234862641,1411,-30.855,0,114.165185,86.8054415,4163.0324295,82.2853875,78,16,68,70.5,0,0,16.19765,144.8855535,10,10,208.10377,187.5,3617.436,68,74.643545,0,258,961.1678,1064.63,2.5,-9.086643,0,8,Low
0,13,0,0,0,0,11,0,0,24,0.233379673,1412,-30.26,0,120.160062,85.055131,4359.037917,64.232163,94,13,72,72,0,0,15.9433,143.92279,11,11,206.639426,186,3623.862,72,76.001605,0,258,951.1664,995.72,0,-9.341041,0,8,Low
0,0,17,0,7.5,0,0,0,0,24.5,0.231263037,896,-23.33,0,59.980202,90.7927575,2108.228896,79.0790225,47,17,47,64,0,0,-14.4021,87.078432,0,0,136.67,96,2281.728,47,40.1426585,-7.5,160,560.5038,1230.755,17,-8.50127,0,8,Low
2.5,10,0,0,19.5,2.5,0,0,0,34.5,0.223066282,1824.5,-38.09,0,154.8176235,153.7743345,4364.014167,111.2357925,125.5,10,120.5,120.5,0,0,-21.51955,179.460738,0,0,284.41,202,4630.3535,118,89.0391505,-17,322.5,1072.6255,1906.935,2.5,-7.814799,0,8,Low
0,7.5,7.5,0,0,7.5,7.5,0,0,30,0.220912841,1500,-31.35,0,118.36947,115.5423975,4077.99393,88.1315925,90,15,67.5,75,0,0,18.9885,156.9601125,7.5,7.5,224.263245,195,3806.85,67.5,79.90443,0,270,1025.4015,1135.875,7.5,-8.858853,0,8,Low
0,12.5,10,0,0,2.5,10,0,0,35,0.220250953,1725,-37.95,0,137.7180625,124.40334,4865.383335,100.7436075,105,22.5,82.5,92.5,0,0,14.30075,176.29552,10,10,255.36766,220,4404.8075,82.5,89.8884575,0,312.5,1167.8515,1433.575,10,-7.999659,0,8,Low
0,2.5,2.5,0,0,10,15.5,0,0,30.5,0.217621453,1852,-39.385,0,145.845496,125.4211595,5955.049668,82.028814,117.5,5,76.5,79,0,0,39.9463,197.992791,15.5,15.5,270.382373,260.5,4729.0145,76.5,104.67607,0,339.5,1301.9645,1037.765,2.5,-8.8785305,0,8,Low
0,23.5,2.5,0,0,2.5,2.5,0,0,31,0.216768198,1466,-27.88,0,130.430065,109.1460365,3200.497322,94.7172275,93,26,85.5,88,0,0,0.195399999999999,146.0300385,2.5,2.5,225.324415,170,3707.386,85.5,73.046385,0,258,934.8783,1355.755,2.5,-8.537487,0,8,Low
0,7.5,7.5,0,0,7.5,7.5,0,0,30,0.210234419,1500,-31.35,0,118.36947,115.5423975,4077.99393,88.1315925,90,15,67.5,75,0,0,18.9885,156.9601125,7.5,7.5,224.263245,195,3806.85,67.5,79.90443,0,270,1025.4015,1135.875,7.5,-8.858853,0,8,Low
0,14.5,10,0,0,2.5,10,0,0,37,0.199681753,1817,-39.61,0,146.3822125,131.130188,5040.732479,106.9664675,111,24.5,88.5,98.5,0,0,13.71655,185.220282,10,10,269.70766,230,4637.0395,88.5,94.3086075,0,328.5,1224.3351,1526.635,10,-7.750138,0,8,Low
0,7.5,0,0,0,0,0,0,17,24.5,0.198198934,1195,-28.665,0,94.6060125,102.319643,3069.747447,80.903828,73.5,41.5,56.5,90.5,0,0,-23.03445,116.5198445,0,0,184.335,122.5,3049.097,56.5,56.5417805,0,213,762.6322,1576.205,34,-8.745682,0,8,Low
0,2.5,10,0,0,19.5,2.5,0,0,34.5,0.196938166,1594,-29.805,0,120.994261,148.8624325,3586.9060585,109.045752,88.5,12.5,64,74,0,0,27.07945,173.1474445,2.5,2.5,245.899415,206.5,3980.9495,64,85.8232645,0,280.5,1099.134,1148.9,10,-8.03466,0,8,Low
7.5,0,17,0,0,0,0,0,0,24.5,0.196358213,903.5,-19.655,0,63.3272495,94.391025,1890.336706,78.4431725,47,17,39.5,56.5,0,0,-4.95435,95.5588095,0,0,140.345,103.5,2282.238,32,43.509056,7.5,160,629.6913,974.03,24.5,-7.9454465,0,8,Low
0,0,0,7.5,0,0,0,0,17,24.5,0.192326154,1150,-28.365,0,87.6299925,99.8106455,2983.308207,81.364853,66,34,49,83,0,0,-15.32745,115.362437,0,0,177.135,122.5,2929.1045,49,55.723373,0,205.5,752.0437,1424.48,34,-8.645598,0,8,Low
0,0,24,0,0,0,0,0,0,24,0.191667287,672,-18.96,0,36.516624,77.04,1389.921672,76.91532,24,24,24,48,0,0,-8.2152,66.481344,0,0,101.04,72,1705.896,24,28.553352,0,120,465.3936,1034.16,24,-7.2060823,0,8,Low
0,10,2.5,0,0,2.5,15.5,0,0,30.5,0.181619761,1807,-39.685,0,147.3979735,112.5850895,5821.480623,80.8207815,117.5,12.5,84,86.5,0,0,27.46855,187.320066,15.5,15.5,262.582373,245.5,4638.602,84,99.0756625,0,332,1243.823,1189.49,2.5,-8.98388,0,8,Low
0,7.5,7.5,0,0,7.5,7.5,0,0,30,0.175523564,1500,-31.35,0,118.36947,115.5423975,4077.99393,88.1315925,90,15,67.5,75,0,0,18.9885,156.9601125,7.5,7.5,224.263245,195,3806.85,67.5,79.90443,0,270,1025.4015,1135.875,7.5,-8.858853,0,8,Low
2.5,2.5,0,0,0,2.5,0,0,23.5,31,0.168077692,1562.5,-37.145,0,119.49546,140.9405515,4119.3275535,103.5264265,95.5,49.5,67,114,0,0,-25.82635,156.832591,0,0,241.855,165,3979.761,64.5,75.9258515,2.5,279,1022.02785,1959.04,49.5,-8.42041,0,8,Low
0,26.5,2.5,0,0,2.5,2.5,0,0,34,0.167230562,1604,-30.37,0,143.42629,119.2363085,3463.521038,104.0515175,102,29,94.5,97,0,0,-0.680900000000001,159.4171815,2.5,2.5,246.834415,185,4055.734,94.5,79.67661,0,282,1019.6037,1495.345,2.5,-8.244577,0,8,Low
0,10,2.5,0,0,10,13.5,0,0,36,0.166105347,2049,-42.07,0,166.7282245,143.1321815,6027.287416,101.040253,130,12.5,93,95.5,0,0,34.16635,215.8403145,13.5,13.5,303.533841,276,5215.4565,93,112.6569725,0,371.5,1407.592,1315.68,2.5,-7.956223,0,8,Low
0,10,0,0,0,0,0,0,14,24,0.162224818,1160,-26.78,0,94.47465,97.123386,2863.253614,78.523326,72,38,58,86,0,0,-20.0864,113.019564,0,0,179.22,120,2954.994,58,55.014106,0,206,736.0334,1475.96,28,-8.6317,0,8,Low
2.5,0,2.5,16.5,10,0,0,0,0,31.5,0.159055509,1432.5,-30.285,0,117.908591,119.5723865,3201.4519625,101.148475,85.5,2.5,83,85.5,0,0,0.12425,147.4807225,0,0,222.715,167.5,3618.773,80.5,71.9577935,-7.5,253,898.986,1286.475,5,-8.180926,0,8,Low
0,10,2.5,0,0,10,14.5,0,0,37,0.153668173,2123,-43.84,0,172.5321415,146.8895105,6319.948187,103.202396,135,12.5,96,98.5,0,0,35.96095,223.6504815,14.5,14.5,313.845607,287,5407.6705,96,116.9543025,0,385.5,1460.685,1351.21,2.5,-7.83544,0,8,Low
0,7.5,0,0,0,0,15,0,0,22.5,0.149483594,1455,-32.775,0,119.5493175,81.585615,5047.470855,55.76787,97.5,7.5,67.5,67.5,0,0,24.72825,150.6203625,15,15,208.45149,202.5,3754.08,67.5,81.0355125,0,270,1008.2085,881.925,0,-9.557834,0,8,Low
0,0,15,0,7.5,0,0,0,0,22.5,0.135664519,840,-21.75,0,56.93715,84.3727575,1992.40209,72.6694125,45,15,45,60,0,0,-13.7175,81.53832,0,0,128.25,90,2139.57,45,37.7632125,-7.5,150,521.721,1144.575,15,-8.541796,0,8,Low
0,17,7.5,0,0,0,0,0,0,24.5,0.134241949,992,-20.035,0,85.05672,81.253208,1924.8182465,76.9303475,58.5,24.5,58.5,66,0,0,-7.53295,96.635897,0,0,153.465,107.5,2507.0645,58.5,46.4941975,0,173.5,625.5461,1114.185,7.5,-8.472698,0,8,Low
0,10,2.5,0,0,2.5,13.5,0,0,28.5,0.130192568,1659,-36.145,0,135.7901395,105.0704315,5236.159081,76.4964955,107.5,12.5,78,80.5,0,0,23.87935,171.699732,13.5,13.5,241.958841,223.5,4254.174,78,90.4810025,0,304,1137.637,1118.43,2.5,-9.212098,0,8,Low
0,2.5,2.5,0,0,10,13.5,0,0,28.5,0.127588321,1704,-35.845,0,134.237662,117.9065015,5369.728126,77.704528,107.5,5,70.5,73,0,0,36.3571,182.372457,13.5,13.5,249.758841,238.5,4344.5865,70.5,96.08141,0,311.5,1195.7785,966.705,2.5,-8.979691,0,8,Low
0,7.5,7.5,0,0,7.5,7.5,0,0,30,0.126928829,1500,-31.35,0,118.36947,115.5423975,4077.99393,88.1315925,90,15,67.5,75,0,0,18.9885,156.9601125,7.5,7.5,224.263245,195,3806.85,67.5,79.90443,0,270,1025.4015,1135.875,7.5,-8.858853,0,8,Low
0,0,24,0,0,0,0,0,0,24,0.12207033,672,-18.96,0,36.516624,77.04,1389.921672,76.91532,24,24,24,48,0,0,-8.2152,66.481344,0,0,101.04,72,1705.896,24,28.553352,0,120,465.3936,1034.16,24,-7.2060823,0,8,Low
0,10,2.5,0,0,2.5,17.5,0,0,32.5,0.120890913,1955,-43.225,0,159.0058075,120.0997475,6406.802165,85.1450675,127.5,12.5,90,92.5,0,0,31.05775,202.9404,17.5,17.5,283.205905,267.5,5023.03,90,107.6703225,0,360,1350.009,1260.55,2.5,-8.721578,0,8,Low
0,2.5,2.5,0,0,13.5,10,0,0,28.5,0.112168967,1627,-32.415,0,128.3617255,122.518,4714.6086505,81.590781,100.5,5,67,69.5,0,0,34.8766,175.635811,10,10,242.40266,224.5,4120.436,67,91.389541,0,294,1135.932,934.4,2.5,-8.850907,0,8,Low
0,24,0,0,0,0,0,0,0,24,0.111887198,1104,-19.92,0,103.9698,80.722176,2104.189728,74.67432,72,24,72,72,0,0,-7.0104,107.097144,0,0,172.08,120,2786.784,72,53.0418,0,192,677.8032,1116.72,0,-8.527592,0,8,Low
0,14,10,0,0,0,0,0,0,24,0.10409865,924,-19.52,0,75.86431,79.187936,1806.578038,75.60807,52,24,52,62,0,0,-7.5124,90.173894,0,0,142.48,100,2336.414,52,42.83828,0,162,589.2992,1082.32,10,-8.429169,0,8,Low
0,2.5,2.5,0,0,10,16.5,0,0,31.5,0.10360266,1926,-41.155,0,151.649413,129.1784885,6247.710439,84.190957,122.5,5,79.5,82,0,0,41.7409,205.802958,16.5,16.5,280.694139,271.5,4921.2285,79.5,108.9734,0,353.5,1355.0575,1073.295,2.5,-8.782645,0,8,Low
0,0,20,0,7.5,0,0,0,0,27.5,0.103496643,980,-25.7,0,64.54478,100.4227575,2281.969105,88.6934375,50,20,50,70,0,0,-15.429,95.3886,0,0,149.3,105,2494.965,50,43.7118275,-7.5,175,618.678,1360.025,20,-8.344638,0,8,Low
0,20,0,0,7.5,0,0,0,0,27.5,0.103496643,1340,-26.5,0,120.75576,103.4912375,2877.192485,86.8259375,90,20,90,90,0,0,-14.425,129.2351,0,0,208.5,145,3395.705,90,64.1188675,-7.5,235,795.686,1428.825,0,-8.495986,0,8,Low
2.5,10,0,0,13.5,2.5,0,0,0,28.5,0.102175145,1488.5,-30.17,0,127.5262155,124.7961285,3465.053331,91.5579225,101.5,10,96.5,96.5,0,0,-14.65315,147.470754,0,0,232.33,166,3771.6455,94,73.1052565,-11,262.5,887.9455,1508.355,2.5,-8.540237,0,8,Low
0,10,2.5,0,0,2.5,19.5,0,0,34.5,0.099356751,2103,-46.765,0,170.6136415,127.6144055,6992.123707,89.4693535,137.5,12.5,96,98.5,0,0,34.64695,218.560734,19.5,19.5,303.829437,289.5,5407.458,96,116.2649825,0,388,1456.195,1331.61,2.5,-8.510574,0,8,Low
2.5,0,23.5,0,0,2.5,2.5,0,0,31,0.096357986,1115.5,-27.04,0,73.065451,110.7892475,2658.262628,96.88669,53.5,23.5,43.5,67,0,0,0.159699999999999,115.4912135,2.5,2.5,168.164415,133,2829.284,41,53.8550605,2.5,200,778.4279,1247.69,26,-7.898342,0,8,Low
0,7.5,7.5,0,0,7.5,7.5,0,0,30,0.095760127,1500,-31.35,0,118.36947,115.5423975,4077.99393,88.1315925,90,15,67.5,75,0,0,18.9885,156.9601125,7.5,7.5,224.263245,195,3806.85,67.5,79.90443,0,270,1025.4015,1135.875,7.5,-8.858853,0,8,Low
0,10,2.5,0,0,10,10,0,0,32.5,0.09482763,1790,-35.875,0,146.414515,129.98153,5002.9747175,93.4727525,112.5,12.5,82.5,85,0,0,27.88525,188.50473,10,10,267.44266,237.5,4542.7075,82.5,97.6163175,0,322.5,1221.7665,1191.325,2.5,-8.678448,0,8,Low
0,2.5,23.5,0,0,2.5,2.5,0,0,31,0.087488828,1088,-27.04,0,71.408536,105.9241325,2575.512773,96.6781025,51,26,43.5,67,0,0,-0.8588,110.4912135,2.5,2.5,163.164415,128,2761.609,43.5,51.618993,0,195,749.0199,1283.515,23.5,-7.932303,0,8,Low
2.5,0,2.5,17.5,10,0,0,0,0,32.5,0.084439999,1472.5,-31.075,0,121.31053,122.6012775,3277.6013025,104.321375,87.5,2.5,85,87.5,0,0,0.859749999999998,151.7887825,0,0,228.925,172.5,3718.89,82.5,74.0587475,-7.5,260,925.816,1312.775,5,-8.114767,0,8,Low
2.5,2.5,0,0,0,2.5,0,0,26.5,34,0.084423712,1712.5,-41.105,0,130.45701,154.5453685,4545.0078165,113.6855035,104.5,55.5,73,126,0,0,-29.50465,171.488824,0,0,264.895,180,4364.154,70.5,82.9787135,2.5,306,1119.23115,2175.61,55.5,-7.857804,0,8,Low
2.5,0,10,10,10,0,0,0,0,32.5,0.084200219,1382.5,-31.075,0,107.2074325,123.959595,3140.831775,104.5606625,80,10,77.5,87.5,0,0,-7.22375,140.2537525,0,0,213.925,157.5,3501.105,75,67.224515,-7.5,245,870.0265,1438.7,12.5,-8.109323,0,8,Low
0,11,0,0,0,0,13,0,0,24,0.070466154,1468,-32.14,0,123.103746,85.842941,4769.010315,62.333589,98,11,72,72,0,0,20.1167,150.618362,13,13,212.922958,198,3776.058,72,80.176115,0,270,1000.8688,973.72,0,-9.44708,0,8,Low
2.5,0,26.5,2.5,2.5,0,0,0,0,34,0.067826135,1124.5,-28.285,0,72.683809,117.985155,2401.5818295,109.0458575,51.5,26.5,49,75.5,0,0,-9.80495,113.6617465,0,0,171.715,124.5,2849.646,46.5,51.180422,0,200,757.9096,1454.21,29,-7.2226124,0,8,Low
2.5,26.5,0,0,2.5,2.5,0,0,0,34,0.067826135,1631.5,-29.345,0,148.971205,127.1659135,3263.588903,106.8204225,107,26.5,102,102,0,0,-6.8844,162.4517365,0,0,255.155,182.5,4113.2615,99.5,80.359355,0,284.5,1015.3552,1545.37,2.5,-8.13404,0,8,Low
0,0,13,0,11,0,0,0,0,24,0.067183463,980,-24.79,0,69.814086,94.856711,2400.969105,77.73856,57,13,57,70,0,0,-17.0383,94.659032,0,0,150.21,105,2498.325,57,44.678538,-11,175,590.6682,1290.9,13,-8.771834,0,8,Low
2.5,0,2.5,10,15.5,0,0,0,0,30.5,0.064004514,1480.5,-32.41,0,120.8131115,126.4479505,3530.5286855,98.5626725,94.5,2.5,92,94.5,0,0,-10.9507,148.8024845,0,0,230.09,168,3755.1615,89.5,72.907662,-13,262.5,893.881,1480.89,5,-8.441569,0,8,Low
2.5,0,0,2.5,0,0,0,23.5,2.5,31,0.060665105,1824.5,-44.245,0,132.0543235,92.8179265,7061.074985,81.576837,93,5,64.5,69.5,0,0,44.08305,196.467712,23.5,23.5,258.0081095,277.5,4740.003,62,104.855999,2.5,347,1339.31275,944.775,7.5,-9.151114,0,8,Low
0,15,0,0,7.5,0,0,0,0,22.5,0.056988664,1110,-22.35,0,99.095385,86.6741175,2438.819625,71.2687875,75,15,75,75,0,0,-12.9645,106.923195,0,0,172.65,120,2815.125,75,53.0684925,-7.5,195,654.477,1196.175,0,-8.492202,0,8,Low
2.5,0,2.5,13.5,10,0,0,0,0,28.5,0.056385662,1312.5,-27.915,0,107.702774,110.4857135,2973.0039425,91.629775,79.5,2.5,77,79.5,0,0,-2.08225,134.5565425,0,0,204.085,152.5,3318.422,74.5,65.6549315,-7.5,232,818.496,1207.575,5,-8.366854,0,8,Low
2.5,0,23.5,2.5,2.5,0,0,0,0,31,0.05618945,1040.5,-25.915,0,68.119231,108.355155,2227.8416205,99.4314425,48.5,23.5,46,69.5,0,0,-8.77805,105.3515785,0,0,159.085,115.5,2636.409,43.5,47.611253,0,185,699.7354,1324.94,26,-7.6461463,0,8,Low
2.5,23.5,0,0,2.5,2.5,0,0,0,31,0.05618945,1493.5,-26.855,0,135.97498,117.0756415,3000.565187,97.4861325,98,23.5,93,93,0,0,-6.0081,149.0645935,0,0,233.645,167.5,3764.9135,90.5,73.72913,0,260.5,930.6298,1405.78,2.5,-8.45613,0,8,Low
0,0,0,0,0,0,0,7.5,17,24.5,0.055953048,1315,-34.215,0,94.6455825,96.4454555,4395.3897945,75.820718,73.5,34,49,83,0,0,-6.4752,133.263077,7.5,7.5,194.5040775,160,3394.637,49,67.401848,0,243,899.0812,1424.48,34,-9.203898,0,8,Low
2.5,0,2.5,10,13.5,0,0,0,0,28.5,0.055291392,1368.5,-29.77,0,111.7159755,116.7885485,3230.8750735,92.0033825,86.5,2.5,84,86.5,0,0,-8.6619,138.1391565,0,0,212.73,156,3468.9255,81.5,67.596364,-11,242.5,832.321,1348.03,5,-8.534707,0,8,Low
0,0,0,0,0,0,0,24,0,24,0.054143954,1488,-37.68,0,104.096424,61.924776,6346.24524,58.408368,72,0,48,48,0,0,45.9792,160.675488,24,24,204.621048,240,3892.512,48,87.794016,0,288,1114.44,631.2,0,-9.529008,0,8,Low
0,11,0,0,13,0,0,0,0,24,0.053673917,1234,-26.29,0,106.784209,99.783777,2912.16877,76.861115,85,11,85,85,0,0,-18.0903,118.397823,0,0,191.71,133,3137.81,85,58.834262,-13,218,710.7998,1375.42,0,-8.55823,0,8,Low
0,10,14,0,0,0,0,0,0,24,0.051667062,852,-19.36,0,64.622114,78.57424,1687.533362,75.98157,44,24,44,58,0,0,-7.7132,83.404594,0,0,130.64,92,2156.266,44,38.756872,0,150,553.8976,1068.56,14,-8.33367,0,8,Low
2.5,0,10,10,13.5,0,0,0,0,36,0.049452995,1578.5,-35.695,0,123.1274205,140.8635485,3665.225596,116.03942,94,10,91.5,101.5,0,0,-11.22915,158.9145765,0,0,244.305,178.5,4002.018,89,76.5192865,-11,280,977.7565,1671.205,12.5,-7.7535405,0,8,Low
0,0,0,14,10,0,0,0,0,24,0.047426329,1120,-24.26,0,93.112826,90.701484,2564.35882,77.21705,68,0,68,68,0,0,-1.147,113.62948,0,0,173.74,130,2832.818,68,55.969846,-10,198,683.42,1032.5,0,-8.381813,0,8,Low
2.5,0,0,2.5,0,0,0,2.5,23.5,31,0.043583898,1572.5,-38.995,0,117.7008025,133.8674665,4487.872241,101.583054,93,47,64.5,111.5,0,0,-21.89685,158.470291,2.5,2.5,240.2446925,172.5,4024.806,62,77.406269,2.5,284,1044.60085,1908.465,49.5,-8.516105,0,8,Low
0,0,24,0,0,0,0,0,0,24,0.042556481,672,-18.96,0,36.516624,77.04,1389.921672,76.91532,24,24,24,48,0,0,-8.2152,66.481344,0,0,101.04,72,1705.896,24,28.553352,0,120,465.3936,1034.16,24,-7.2060823,0,8,Low
2.5,0,10,10,12.5,0,0,0,0,35,0.041549568,1522.5,-34.375,0,118.5788525,136.0338475,3515.39879,112.759775,90,10,87.5,97.5,0,0,-10.08475,153.5829125,0,0,235.625,172.5,3858.9,85,73.8636375,-10,270,946.9765,1604.775,12.5,-7.860691,0,8,Low
2.5,0,2.5,15.5,10,0,0,0,0,30.5,0.041353133,1392.5,-29.495,0,114.506652,116.5434955,3125.3026225,97.975575,83.5,2.5,81,83.5,0,0,-0.611250000000002,143.1726625,0,0,216.505,162.5,3518.656,78.5,69.8568395,-7.5,246,872.156,1260.175,5,-8.258447,0,8,Low
2.5,0,19.5,2.5,10,0,0,0,0,34.5,0.034330874,1348.5,-32.655,0,96.147387,131.7379125,3119.8890535,111.20956,74.5,19.5,72,91.5,0,0,-15.99185,134.2588345,0,0,207.345,148.5,3425.478,69.5,62.7697285,-7.5,240,853.0198,1650.805,22,-7.879392,0,8,Low
2.5,19.5,0,0,10,2.5,0,0,0,34.5,0.034330874,1729.5,-33.435,0,152.76094,139.844703,3773.567944,109.63775,116,19.5,111,111,0,0,-13.4227,171.2025495,0,0,270.065,192.5,4373.8345,108.5,84.8061975,-7.5,303.5,1048.5126,1717.885,2.5,-7.8190618,0,8,Low
2.5,0,0,2.5,0,0,0,2.5,26.5,34,0.030478489,1722.5,-42.955,0,128.6623525,147.4722835,4913.552504,111.742131,102,53,70.5,123.5,0,0,-25.57515,173.126524,2.5,2.5,263.2846925,187.5,4409.199,68,84.459131,2.5,311,1141.80415,2125.035,55.5,-7.8491616,0,8,Low
2.5,13.5,0,0,10,2.5,0,0,0,28.5,0.027782657,1453.5,-28.455,0,126.76849,119.664159,3247.520512,90.96917,98,13.5,93,93,0,0,-11.6701,144.4282635,0,0,227.045,162.5,3677.1385,90.5,71.5457475,-7.5,255.5,879.0618,1438.705,2.5,-8.4882555,0,8,Low
2.5,0,10,10,14.5,0,0,0,0,37,0.023897421,1634.5,-37.015,0,127.6759885,145.6932495,3815.052402,119.319065,98,10,95.5,105.5,0,0,-12.37355,164.2462405,0,0,252.985,184.5,4145.136,93,79.1749355,-12,290,1008.5365,1737.635,12.5,-7.6457467,0,8,Low
2.5,0,15.5,2.5,10,0,0,0,0,30.5,0.023110115,1236.5,-29.495,0,90.061283,118.8979125,2888.2354415,98.39034,70.5,15.5,68,83.5,0,0,-14.62265,123.1786105,0,0,190.505,136.5,3141.162,65.5,58.0108365,-7.5,220,775.4542,1478.445,18,-8.482674,0,8,Low
0,0,0,0,7.5,17,0,0,0,24.5,0.02289151,1304,-23.33,0,104.240586,122.4960575,2916.925271,80.2298545,81,0,64,64,0,0,14.7342,140.039467,0,0,204.67,164,3252.292,64,70.1828995,-7.5,228,842.748,945.325,0,-8.549262,0,8,Low
0,17,0,0,7.5,0,0,0,0,24.5,0.020226149,1202,-24.01,0,107.759535,93.4009655,2614.168769,77.4916475,81,17,81,81,0,0,-13.5487,115.847957,0,0,186.99,130,3047.357,81,57.4886425,-7.5,211,710.9606,1289.235,0,-8.497252,0,8,Low
0,0,0,0,0,0,0,17,7.5,24.5,0.019918433,1429,-36.59,0,101.138842,77.8754255,5559.4577025,66.7702865,73.5,15,49,64,0,0,23.37285,150.4523865,17,17,202.539909,207.5,3718.1785,49,79.819583,0,271.5,1032.40325,988.525,15,-9.463744,0,8,Low
2.5,0,10,2.5,13.5,0,0,0,0,28.5,0.018065597,1278.5,-29.77,0,97.612878,118.146866,3094.105546,92.24267,79,10,76.5,86.5,0,0,-16.7454,126.6041265,0,0,197.73,141,3251.1405,74,60.7621315,-11,227.5,776.5315,1473.955,12.5,-8.724606,0,8,Low
0,0,11,0,13,0,0,0,0,24,0.017856696,1036,-25.85,0,75.86817,98.096113,2584.795911,77.88824,63,11,63,74,0,0,-18.6425,99.782248,0,0,159.15,111,2642.403,63,47.61039,-13,185,613.4454,1337.58,11,-8.861455,0,8,Low
2.5,17.5,0,0,10,2.5,0,0,0,32.5,0.017582412,1637.5,-31.775,0,144.09679,133.117855,3598.2188,103.41489,110,17.5,105,105,0,0,-12.8385,162.2777875,0,0,255.725,182.5,4141.6025,102.5,80.3860475,-7.5,287.5,992.029,1624.825,2.5,-8.098618,0,8,Low
2.5,0,17.5,2.5,10,0,0,0,0,32.5,0.015200025,1292.5,-31.075,0,93.104335,125.3179125,3004.0622475,104.79995,72.5,17.5,70,87.5,0,0,-15.30725,128.7187225,0,0,198.925,142.5,3283.32,67.5,60.3902825,-7.5,230,814.237,1564.625,20,-8.138858,0,8,Low
2.5,10,0,0,10,10,0,0,0,32.5,0.015111227,1682.5,-31.475,0,142.5443125,145.953925,3731.787845,104.6229225,110,10,97.5,97.5,0,0,-0.360750000000001,172.9505125,0,0,263.525,197.5,4232.015,95,85.986455,-7.5,295,1050.1705,1473.1,2.5,-8.063566,0,8,Low
2.5,0,13.5,2.5,10,0,0,0,0,28.5,0.013745525,1180.5,-27.915,0,87.018231,112.4779125,2772.4086355,91.98073,68.5,13.5,66,79.5,0,0,-13.93805,117.6384985,0,0,182.085,130.5,2999.004,63.5,55.6313905,-7.5,210,736.6714,1392.265,16,-8.624772,0,8,Low
2.5,10,0,0,12.5,10,0,0,0,35,0.012931723,1822.5,-34.775,0,153.9157325,158.0281775,4106.35486,112.822035,120,10,107.5,107.5,0,0,-3.22175,186.2796725,0,0,285.225,212.5,4589.81,105,92.6255775,-10,320,1127.1205,1639.175,2.5,-7.7622223,0,8,Low
2.5,15.5,0,0,10,2.5,0,0,0,30.5,0.012752908,1545.5,-30.115,0,135.43264,126.391007,3422.869656,97.19203,104,15.5,99,99,0,0,-12.2543,153.3530255,0,0,241.385,172.5,3909.3705,96.5,75.9658975,-7.5,271.5,935.5454,1531.765,2.5,-8.401134,0,8,Low
0,7.5,0,0,15,0,0,0,0,22.5,0.010083838,1185,-26.025,0,100.7190825,97.671195,2904.96138,72.5304,82.5,7.5,82.5,82.5,0,0,-19.35675,113.4428175,0,0,183.975,127.5,3017.64,82.5,56.4102975,-15,210,673.5135,1345.425,0,-8.635913,0,8,Low
0,13,0,0,11,0,0,0,0,24,0.008735261,1214,-25.31,0,106.351223,96.851223,2787.864302,76.524685,83,13,83,83,0,0,-16.3857,116.659257,0,0,188.69,131,3083.806,83,57.943114,-11,214,705.7234,1335.62,0,-8.526076,0,8,Low
2.5,2.5,0,0,16.5,10,0,0,0,31.5,0.005941102,1701.5,-33.83,0,139.619442,152.1213015,4048.102794,102.60489,113.5,2.5,101,101,0,0,-5.6086,174.138471,0,0,266.17,199,4291.412,98.5,86.672611,-14,300,1038.427,1555.92,2.5,-8.271109,0,8,Low
0,0,7.5,0,15,0,0,0,0,22.5,0.005653387,1050,-25.725,0,79.639965,96.520515,2681.7526125,73.2307125,67.5,7.5,67.5,75,0,0,-19.73325,100.75038,0,0,161.775,112.5,2679.8625,67.5,48.7576575,-15,187.5,607.1355,1319.625,7.5,-8.914284,0,8,Low
0,0,0,10,14,0,0,0,0,24,0.005009703,1184,-26.38,0,97.699342,97.904724,2859.068684,77.64403,76,0,76,76,0,0,-8.6666,117.723896,0,0,183.62,134,3004.822,76,58.188626,-14,210,699.22,1193.02,0,-8.54955,0,8,Low
2.5,2.5,0,0,13.5,10,0,0,0,28.5,0.004695201,1533.5,-29.87,0,125.973738,137.6321985,3598.622376,92.765955,101.5,2.5,89,89,0,0,-2.1754,158.143479,0,0,240.13,181,3862.058,86.5,78.705664,-11,270,946.087,1356.63,2.5,-8.674161,0,8,Low
2.5,0,2.5,10,16.5,0,0,0,0,31.5,0.002109889,1536.5,-33.73,0,125.3616795,131.2776515,3680.3554915,101.8423175,98.5,2.5,96,98.5,0,0,-12.0951,154.1341485,0,0,238.77,174,3898.2795,93.5,75.563311,-14,272.5,924.661,1547.32,5,-8.289654,0,8,Low
2.5,0,2.5,10,17.5,0,0,0,0,32.5,0.001316543,1592.5,-35.05,0,129.9102475,136.1073525,3830.1822975,105.1219625,102.5,2.5,100,102.5,0,0,-13.2395,159.4658125,0,0,247.45,180,4041.3975,97.5,78.21896,-15,282.5,955.441,1613.75,5,-8.111205,0,8,Low
2.5,0,10,2.5,15.5,0,0,0,0,30.5,-0.000161028,1390.5,-32.41,0,106.710014,127.806268,3393.759158,98.80196,87,10,84.5,94.5,0,0,-19.0342,137.2674545,0,0,215.09,153,3537.3765,82,66.0734295,-13,247.5,838.0915,1606.815,12.5,-8.667185,0,8,Low
0,7.5,0,0,17,0,0,0,0,24.5,-0.001249582,1297,-28.665,0,109.8162185,107.330597,3204.614992,79.08969,90.5,7.5,90.5,90.5,0,0,-21.64555,124.1061455,0,0,201.335,139.5,3303.876,90.5,61.7215955,-17,230,735.0735,1478.285,0,-8.698394,0,8,Low
2.5,10,0,0,13.5,10,0,0,0,36,-0.001947024,1878.5,-36.095,0,158.4643005,162.8578785,4256.181666,116.10168,124,10,111.5,111.5,0,0,-4.36615,191.6113365,0,0,293.905,218.5,4732.928,109,95.2812265,-11,330,1157.9005,1705.605,2.5,-7.6487346,0,8,Low
2.5,0,10,2.5,19.5,0,0,0,0,34.5,-0.002472365,1614.5,-37.69,0,124.904286,147.125072,3993.066382,111.92054,103,10,100.5,110.5,0,0,-23.6118,158.5941105,0,0,249.81,177,4109.8485,98,76.6960255,-17,287.5,961.2115,1872.535,12.5,-8.022625,0,8,Low
0,0,7.5,0,20,0,0,0,0,27.5,-0.003156284,1330,-32.325,0,102.382805,120.66902,3430.8866425,89.6289375,87.5,7.5,87.5,95,0,0,-25.45525,127.4087,0,0,205.175,142.5,3395.4525,87.5,62.0359025,-20,237.5,761.0355,1651.775,7.5,-9.082879,0,8,Low
0,0,7.5,0,17,0,0,0,0,24.5,-0.003416404,1162,-28.365,0,88.737101,106.179917,2981.4062245,79.7900025,75.5,7.5,75.5,83,0,0,-22.02205,111.413708,0,0,179.135,124.5,2966.0985,75.5,54.0689555,-17,207.5,668.6955,1452.485,7.5,-9.024749,0,8,Low
2.5,0,2.5,2.5,24.5,0,0,0,0,32,-0.004387337,1684.5,-38.365,0,136.235681,147.198577,4307.8498895,104.2827275,115.5,2.5,113,115.5,0,0,-26.76655,164.4770105,0,0,261.635,184.5,4292.346,110.5,81.051348,-22,300,969.676,1881.51,5,-8.735727,0,8,Low
0,0,0,0,14,10,0,0,0,24,-0.004718274,1304,-26.38,0,104.930732,118.364814,3152.413064,78.64004,86,0,76,76,0,0,-2.3056,133.497406,0,0,203.62,154,3285.362,76,66.747046,-14,230,790.86,1193.02,0,-8.696761,0,8,Low
2.5,2.5,0,0,17.5,10,0,0,0,32.5,-0.004733655,1757.5,-35.15,0,144.16801,156.9510025,4197.9296,105.884535,117.5,2.5,105,105,0,0,-6.753,179.470135,0,0,274.85,205,4434.53,102.5,89.32826,-15,310,1069.207,1622.35,2.5,-8.070709,0,8,Low
2.5,0,10,2.5,17.5,0,0,0,0,32.5,-0.005400965,1502.5,-35.05,0,115.80715,137.46567,3693.41277,105.36125,95,10,92.5,102.5,0,0,-21.323,147.9307825,0,0,232.45,165,3823.6125,90,71.3847275,-15,267.5,899.6515,1739.675,12.5,-8.399619,0,8,Low
2.5,2.5,0,0,15.5,10,0,0,0,30.5,-0.005564256,1645.5,-32.51,0,135.070874,147.2916005,3898.275988,99.325245,109.5,2.5,97,97,0,0,-4.4642,168.806807,0,0,257.49,193,4148.294,94.5,84.016962,-13,290,1007.647,1489.49,2.5,-8.515452,0,8,Low
0,0,0,0,17,7.5,0,0,0,24.5,-0.005718071,1342,-28.365,0,108.263741,120.166667,3338.184037,80.2977225,90.5,0,83,83,0,0,-9.1678,134.7788705,0,0,209.135,154.5,3394.2885,83,67.322003,-17,237.5,793.215,1326.56,0,-8.743915,0,8,Low
0,0,0,0,24,0,0,0,0,24,-0.00596035,1344,-31.68,0,109.165632,115.912824,3595.843344,78.71148,96,0,96,96,0,0,-27.4656,127.959936,0,0,208.32,144,3434.832,96,63.735576,-24,240,738.72,1594.32,0,-9.130458,0,8,Low
2.5,0,2.5,2.5,21.5,0,0,0,0,29,-0.006999906,1516.5,-34.405,0,122.589977,132.709474,3858.3694715,94.4437925,103.5,2.5,101,103.5,0,0,-23.33335,148.4820185,0,0,235.595,166.5,3862.992,98.5,73.084401,-19,270,877.336,1682.22,5,-8.780536,0,8,Low
2.5,0,2.5,2.5,23.5,0,0,0,0,31,-0.007054619,1628.5,-37.045,0,131.687113,142.368876,4158.0230835,101.0030825,111.5,2.5,109,111.5,0,0,-25.62215,159.1453465,0,0,252.955,178.5,4149.228,106.5,78.395699,-21,290,938.896,1815.08,5,-8.794729,0,8,Low
0,0,0,7.5,17,0,0,0,0,24.5,-0.007109333,1252,-28.365,0,102.8401985,104.8215995,3118.175752,79.550715,83,0,83,83,0,0,-13.93855,122.948738,0,0,194.135,139.5,3183.8835,83,60.903188,-17,222.5,724.485,1326.56,0,-8.703191,0,8,Low
2.5,2.5,0,0,21.5,2.5,0,0,0,29,-0.008425214,1591.5,-34.505,0,131.424197,138.2080565,4006.108489,94.4593575,111,2.5,106,106,0,0,-21.6176,156.6562085,0,0,247.995,176.5,4045.7195,103.5,77.774886,-19,282.5,922.372,1690.82,2.5,-8.720734,0,8,Low
0,0,0,0,24,0,0,0,0,24,-0.008502121,1344,-31.68,0,109.165632,115.912824,3595.843344,78.71148,96,0,96,96,0,0,-27.4656,127.959936,0,0,208.32,144,3434.832,96,63.735576,-24,240,738.72,1594.32,0,-9.130458,0,8,Low
0,0,0,0,10,14,0,0,0,24,-0.008855896,1288,-24.26,0,103.236772,119.34561,2975.040952,78.611464,82,0,68,68,0,0,7.7584,135.712394,0,0,201.74,158,3225.574,68,67.951634,-10,226,811.716,1032.5,0,-8.610645,0,8,Low
0,0,0,0,0,0,0,14,10,24,-0.009658139,1368,-35.18,0,97.261414,81.472176,5120.9106,67.935138,72,20,48,68,0,0,14.5602,142.581478,14,14,196.162278,190,3551.942,48,74.722716,0,258,974.101,1090.1,20,-9.44664,0,8,Low
0,0,0,0,0,0,0,10,14,24,-0.022469044,1320,-34.18,0,94.52741,89.291136,4630.776744,71.745846,72,28,48,76,0,0,1.9926,135.343874,10,10,192.77877,170,3415.714,48,69.494196,0,246,917.9654,1273.66,28,-9.348159,0,8,Low
